FREQ,REP_CTY,INDICATOR_CT,MEASURE,UNIT_MEASURE,INSTRUMENT_TYPE_CT,WITH_AND_DEP,TERMINAL_TYPE_CT,CARD_TYPE,UNIT_MULT,TABLE,TITLE_TS,DECIMALS,COLLECTION,AVAILABILITY,TIME_FORMAT,TIME_PERIOD,OBS_VALUE,OBS_PRE_BREAK,OBS_CONF,OBS_STATUS
A,HK,N,N,Q,A,Z,Z,Z,0,6e,"Hong Kong SAR - Number of Fast payments, All",2,S,A,,2012,NaN,,F,L
A,HK,N,N,Q,A,Z,Z,Z,0,6e,"Hong Kong SAR - Number of Fast payments, All",2,S,A,,2013,NaN,,F,L
A,HK,N,N,Q,A,Z,Z,Z,0,6e,"Hong Kong SAR - Number of Fast payments, All",2,S,A,,2014,NaN,,F,L
A,HK,N,N,Q,A,Z,Z,Z,0,6e,"Hong Kong SAR - Number of Fast payments, All",2,S,A,,2015,NaN,,F,L
A,HK,N,N,Q,A,Z,Z,Z,0,6e,"Hong Kong SAR - Number of Fast payments, All",2,S,A,,2016,NaN,,F,L
A,HK,N,N,Q,A,Z,Z,Z,0,6e,"Hong Kong SAR - Number of Fast payments, All",2,S,A,,2017,NaN,,F,L
A,HK,N,N,Q,A,Z,Z,Z,0,6e,"Hong Kong SAR - Number of Fast payments, All",2,S,A,,2018,0.72626,,F,A
A,HK,N,N,Q,A,Z,Z,Z,0,6e,"Hong Kong SAR - Number of Fast payments, All",2,S,A,,2019,5.8484,,F,A
A,HK,N,N,Q,A,Z,Z,Z,0,6e,"Hong Kong SAR - Number of Fast payments, All",2,S,A,,2020,18.6099,,F,A
A,HK,N,N,Q,A,Z,Z,Z,0,6e,"Hong Kong SAR - Number of Fast payments, All",2,S,A,,2021,35.6582,,F,A
A,HK,N,N,Q,A,Z,Z,Z,0,6e,"Hong Kong SAR - Number of Fast payments, All",2,S,A,,2022,52.4206,,F,A
A,HK,N,N,Q,A,Z,Z,Z,0,6e,"Hong Kong SAR - Number of Fast payments, All",2,S,A,,2023,70.5199,,F,A
A,HK,N,N,Q,A,Z,Z,Z,0,6e,"Hong Kong SAR - Number of Fast payments, All",2,S,A,,2024,95.462,,F,A
A,HK,N,V,H,A,Z,Z,Z,0,8g,"Hong Kong SAR - Value of Fast payments, All",2,S,A,,2013,NaN,,F,L
A,HK,N,V,H,A,Z,Z,Z,0,8g,"Hong Kong SAR - Value of Fast payments, All",2,S,A,,2014,NaN,,F,L
A,HK,N,V,H,A,Z,Z,Z,0,8g,"Hong Kong SAR - Value of Fast payments, All",2,S,A,,2015,NaN,,F,L
A,HK,N,V,H,A,Z,Z,Z,0,8g,"Hong Kong SAR - Value of Fast payments, All",2,S,A,,2016,NaN,,F,L
A,HK,N,V,H,A,Z,Z,Z,0,8g,"Hong Kong SAR - Value of Fast payments, All",2,S,A,,2017,NaN,,F,L
A,HK,N,V,H,A,Z,Z,Z,0,8g,"Hong Kong SAR - Value of Fast payments, All",2,S,A,,2018,NaN,,F,L
A,HK,N,V,H,A,Z,Z,Z,0,8g,"Hong Kong SAR - Value of Fast payments, All",2,S,A,,2019,519.2908,,F,A
A,HK,N,V,H,A,Z,Z,Z,0,8g,"Hong Kong SAR - Value of Fast payments, All",2,S,A,,2020,86.5449,,F,A
A,HK,N,V,H,A,Z,Z,Z,0,8g,"Hong Kong SAR - Value of Fast payments, All",2,S,A,,2021,45.0597,,F,A
A,HK,N,V,H,A,Z,Z,Z,0,8g,"Hong Kong SAR - Value of Fast payments, All",2,S,A,,2022,27.5735,,F,A
A,HK,N,V,H,A,Z,Z,Z,0,8g,"Hong Kong SAR - Value of Fast payments, All",2,S,A,,2023,50.5648,,F,A
A,HK,N,V,H,A,Z,Z,Z,0,8g,"Hong Kong SAR - Value of Fast payments, All",2,S,A,,2024,45.1673,,F,A
A,SG,M,N,L,D,Z,Z,Z,0,6a,"Singapore - Number of Cashless payments, Cheques",2,S,A,,2012,2.1793,,F,A
A,SG,M,N,L,D,Z,Z,Z,0,6a,"Singapore - Number of Cashless payments, Cheques",2,S,A,,2013,1.9176,,F,A
A,SG,M,N,L,D,Z,Z,Z,0,6a,"Singapore - Number of Cashless payments, Cheques",2,S,A,,2014,1.786,,F,A
A,SG,M,N,L,D,Z,Z,Z,0,6a,"Singapore - Number of Cashless payments, Cheques",2,S,A,,2015,1.6316,,F,A
A,SG,M,N,L,D,Z,Z,Z,0,6a,"Singapore - Number of Cashless payments, Cheques",2,S,A,,2016,1.455,,F,A
A,SG,M,N,L,D,Z,Z,Z,0,6a,"Singapore - Number of Cashless payments, Cheques",2,S,A,,2017,1.2986,,F,A
A,SG,M,N,L,D,Z,Z,Z,0,6a,"Singapore - Number of Cashless payments, Cheques",2,S,A,,2018,1.104,,F,A
A,SG,M,N,L,D,Z,Z,Z,0,6a,"Singapore - Number of Cashless payments, Cheques",2,S,A,,2019,0.95243,,F,A
A,SG,M,N,L,D,Z,Z,Z,0,6a,"Singapore - Number of Cashless payments, Cheques",2,S,A,,2020,0.82951,,F,A
A,SG,M,N,L,D,Z,Z,Z,0,6a,"Singapore - Number of Cashless payments, Cheques",2,S,A,,2021,0.59337,,F,A
A,SG,M,N,L,D,Z,Z,Z,0,6a,"Singapore - Number of Cashless payments, Cheques",2,S,A,,2022,0.42302,,F,A
A,SG,M,N,L,D,Z,Z,Z,0,6a,"Singapore - Number of Cashless payments, Cheques",2,S,A,,2023,0.29877,,F,A
A,SG,M,N,L,D,Z,Z,Z,0,6a,"Singapore - Number of Cashless payments, Cheques",2,S,A,,2024,0.17448,,F,A
A,HK,N,N,K,C,Z,Z,Z,0,6e,"Hong Kong SAR - Number of Fast payments, Direct debits",3,S,A,,2012,NaN,,F,L
A,HK,N,N,K,C,Z,Z,Z,0,6e,"Hong Kong SAR - Number of Fast payments, Direct debits",3,S,A,,2013,NaN,,F,L
A,HK,N,N,K,C,Z,Z,Z,0,6e,"Hong Kong SAR - Number of Fast payments, Direct debits",3,S,A,,2014,NaN,,F,L
A,HK,N,N,K,C,Z,Z,Z,0,6e,"Hong Kong SAR - Number of Fast payments, Direct debits",3,S,A,,2015,NaN,,F,L
A,HK,N,N,K,C,Z,Z,Z,0,6e,"Hong Kong SAR - Number of Fast payments, Direct debits",3,S,A,,2016,NaN,,F,L
A,HK,N,N,K,C,Z,Z,Z,0,6e,"Hong Kong SAR - Number of Fast payments, Direct debits",3,S,A,,2017,NaN,,F,L
A,HK,N,N,K,C,Z,Z,Z,0,6e,"Hong Kong SAR - Number of Fast payments, Direct debits",3,S,A,,2018,0.6804,,F,A
A,HK,N,N,K,C,Z,Z,Z,0,6e,"Hong Kong SAR - Number of Fast payments, Direct debits",3,S,A,,2019,2.3645,,F,A
A,HK,N,N,K,C,Z,Z,Z,0,6e,"Hong Kong SAR - Number of Fast payments, Direct debits",3,S,A,,2020,23.4013,,F,A
A,HK,N,N,K,C,Z,Z,Z,0,6e,"Hong Kong SAR - Number of Fast payments, Direct debits",3,S,A,,2021,30.4349,,F,A
A,HK,N,N,K,C,Z,Z,Z,0,6e,"Hong Kong SAR - Number of Fast payments, Direct debits",3,S,A,,2022,31.7882,,F,A
A,HK,N,N,K,C,Z,Z,Z,0,6e,"Hong Kong SAR - Number of Fast payments, Direct debits",3,S,A,,2023,34.2933,,F,A
A,HK,N,N,K,C,Z,Z,Z,0,6e,"Hong Kong SAR - Number of Fast payments, Direct debits",3,S,A,,2024,37.2913,,F,A
A,HK,A,V,A,Z,Z,Z,Z,9,1,Hong Kong SAR - Value of GDP,2,S,A,,2012,262.605,,F,A
A,HK,A,V,A,Z,Z,Z,Z,9,1,Hong Kong SAR - Value of GDP,2,S,A,,2013,275.677,,F,A
A,HK,A,V,A,Z,Z,Z,Z,9,1,Hong Kong SAR - Value of GDP,2,S,A,,2014,291.4276,,F,A
A,HK,A,V,A,Z,Z,Z,Z,9,1,Hong Kong SAR - Value of GDP,2,S,A,,2015,309.3588,,F,A
A,HK,A,V,A,Z,Z,Z,Z,9,1,Hong Kong SAR - Value of GDP,2,S,A,,2016,320.8544,,F,A
A,HK,A,V,A,Z,Z,Z,Z,9,1,Hong Kong SAR - Value of GDP,2,S,A,,2017,341.2884,,F,A
A,HK,A,V,A,Z,Z,Z,Z,9,1,Hong Kong SAR - Value of GDP,2,S,A,,2018,361.7674,,F,A
A,HK,A,V,A,Z,Z,Z,Z,9,1,Hong Kong SAR - Value of GDP,2,S,A,,2019,363.1011,,F,A
A,HK,A,V,A,Z,Z,Z,Z,9,1,Hong Kong SAR - Value of GDP,2,S,A,,2020,344.9959,,F,A
A,HK,A,V,A,Z,Z,Z,Z,9,1,Hong Kong SAR - Value of GDP,2,S,A,,2021,368.9617,,F,A
A,HK,A,V,A,Z,Z,Z,Z,9,1,Hong Kong SAR - Value of GDP,2,S,A,,2022,358.7207,,F,A
A,HK,A,V,A,Z,Z,Z,Z,9,1,Hong Kong SAR - Value of GDP,2,S,A,,2023,381.082,,F,A
A,HK,A,V,A,Z,Z,Z,Z,9,1,Hong Kong SAR - Value of GDP,2,S,A,,2024,406.93,,F,A
A,SG,M,N,T,F,Z,Z,Z,3,6d,"Singapore - Number of Cashless payments, Card and e-money payments, by card with a debit function",0,S,A,,2012,645,,F,A
A,SG,M,N,T,F,Z,Z,Z,3,6d,"Singapore - Number of Cashless payments, Card and e-money payments, by card with a debit function",0,S,A,,2013,707,,F,A
A,SG,M,N,T,F,Z,Z,Z,3,6d,"Singapore - Number of Cashless payments, Card and e-money payments, by card with a debit function",0,S,A,,2014,805,,F,A
A,SG,M,N,T,F,Z,Z,Z,3,6d,"Singapore - Number of Cashless payments, Card and e-money payments, by card with a debit function",0,S,A,,2015,827,,F,A
A,SG,M,N,T,F,Z,Z,Z,3,6d,"Singapore - Number of Cashless payments, Card and e-money payments, by card with a debit function",0,S,A,,2016,953,,F,A
A,SG,M,N,T,F,Z,Z,Z,3,6d,"Singapore - Number of Cashless payments, Card and e-money payments, by card with a debit function",0,S,A,,2017,1117,,F,A
A,SG,M,N,T,F,Z,Z,Z,3,6d,"Singapore - Number of Cashless payments, Card and e-money payments, by card with a debit function",0,S,A,,2018,1355,,F,A
A,SG,M,N,T,F,Z,Z,Z,3,6d,"Singapore - Number of Cashless payments, Card and e-money payments, by card with a debit function",0,S,A,,2019,1578,,F,A
A,SG,M,N,T,F,Z,Z,Z,3,6d,"Singapore - Number of Cashless payments, Card and e-money payments, by card with a debit function",0,S,A,,2020,1680,,F,A
A,SG,M,N,T,F,Z,Z,Z,3,6d,"Singapore - Number of Cashless payments, Card and e-money payments, by card with a debit function",0,S,A,,2021,2108,,F,A
A,SG,M,N,T,F,Z,Z,Z,3,6d,"Singapore - Number of Cashless payments, Card and e-money payments, by card with a debit function",0,S,A,,2022,2378,,F,A
A,SG,M,N,T,F,Z,Z,Z,3,6d,"Singapore - Number of Cashless payments, Card and e-money payments, by card with a debit function",0,S,A,,2023,2854,,F,A
A,SG,M,N,T,F,Z,Z,Z,3,6d,"Singapore - Number of Cashless payments, Card and e-money payments, by card with a debit function",0,S,A,,2024,3309,,F,A
A,SG,C,V,B,Z,Z,Z,Z,0,1,Singapore - Value of GDP per capita,2,S,A,,2012,55548.4356,,F,A
A,SG,C,V,B,Z,Z,Z,Z,0,1,Singapore - Value of GDP per capita,2,S,A,,2013,56968.1791,,F,A
A,SG,C,V,B,Z,Z,Z,Z,0,1,Singapore - Value of GDP per capita,2,S,A,,2014,57567.1227,,F,A
A,SG,C,V,B,Z,Z,Z,Z,0,1,Singapore - Value of GDP per capita,2,S,A,,2015,55629.6036,,F,A
A,SG,C,V,B,Z,Z,Z,Z,0,1,Singapore - Value of GDP per capita,2,S,A,,2016,56899.3214,,F,A
A,SG,C,V,B,Z,Z,Z,Z,0,1,Singapore - Value of GDP per capita,2,S,A,,2017,61146.4877,,F,A
A,SG,C,V,B,Z,Z,Z,Z,0,1,Singapore - Value of GDP per capita,2,S,A,,2018,66829.7816,,F,A
A,SG,C,V,B,Z,Z,Z,Z,0,1,Singapore - Value of GDP per capita,2,S,A,,2019,65936.5658,,F,A
A,SG,C,V,B,Z,Z,Z,Z,0,1,Singapore - Value of GDP per capita,2,S,A,,2020,61432.0379,,F,A
A,SG,C,V,B,Z,Z,Z,Z,0,1,Singapore - Value of GDP per capita,2,S,A,,2021,80026.8252,,F,A
A,SG,C,V,B,Z,Z,Z,Z,0,1,Singapore - Value of GDP per capita,2,S,A,,2022,90267.8631,,F,A
A,SG,C,V,B,Z,Z,Z,Z,0,1,Singapore - Value of GDP per capita,2,S,A,,2023,85372.4992,,F,A
A,SG,C,V,B,Z,Z,Z,Z,0,1,Singapore - Value of GDP per capita,2,S,A,,2024,90687.8451,,F,A
A,SG,M,V,S,D,Z,Z,Z,0,8c,"Singapore - Value of Cashless payments, Cheques",2,S,A,,2012,7444.5013,,F,A
A,SG,M,V,S,D,Z,Z,Z,0,8c,"Singapore - Value of Cashless payments, Cheques",2,S,A,,2013,8015.3155,,F,A
A,SG,M,V,S,D,Z,Z,Z,0,8c,"Singapore - Value of Cashless payments, Cheques",2,S,A,,2014,7966.9383,,F,A
A,SG,M,V,S,D,Z,Z,Z,0,8c,"Singapore - Value of Cashless payments, Cheques",2,S,A,,2015,7656.801,,F,A
A,SG,M,V,S,D,Z,Z,Z,0,8c,"Singapore - Value of Cashless payments, Cheques",2,S,A,,2016,7651.7054,,F,A
A,SG,M,V,S,D,Z,Z,Z,0,8c,"Singapore - Value of Cashless payments, Cheques",2,S,A,,2017,8370.2259,,F,A
A,SG,M,V,S,D,Z,Z,Z,0,8c,"Singapore - Value of Cashless payments, Cheques",2,S,A,,2018,9374.1721,,F,A
A,SG,M,V,S,D,Z,Z,Z,0,8c,"Singapore - Value of Cashless payments, Cheques",2,S,A,,2019,9077.1566,,F,A
A,SG,M,V,S,D,Z,Z,Z,0,8c,"Singapore - Value of Cashless payments, Cheques",2,S,A,,2020,10016.0878,,F,A
A,SG,M,V,S,D,Z,Z,Z,0,8c,"Singapore - Value of Cashless payments, Cheques",2,S,A,,2021,13666.6257,,F,A
A,SG,M,V,S,D,Z,Z,Z,0,8c,"Singapore - Value of Cashless payments, Cheques",2,S,A,,2022,16295.4916,,F,A
A,SG,M,V,S,D,Z,Z,Z,0,8c,"Singapore - Value of Cashless payments, Cheques",2,S,A,,2023,20685.7666,,F,A
A,SG,M,V,S,D,Z,Z,Z,0,8c,"Singapore - Value of Cashless payments, Cheques",2,S,A,,2024,29612.4785,,F,A
A,HK,M,V,T,H,Z,Z,Z,6,8f,"Hong Kong SAR - Value of Cashless payments, Card and e-money payments, by card with a credit function",3,S,A,,2012,158.6731,,F,A
A,HK,M,V,T,H,Z,Z,Z,6,8f,"Hong Kong SAR - Value of Cashless payments, Card and e-money payments, by card with a credit function",3,S,A,,2013,169.5074,,F,A
A,HK,M,V,T,H,Z,Z,Z,6,8f,"Hong Kong SAR - Value of Cashless payments, Card and e-money payments, by card with a credit function",3,S,A,,2014,183.292,,F,A
A,HK,M,V,T,H,Z,Z,Z,6,8f,"Hong Kong SAR - Value of Cashless payments, Card and e-money payments, by card with a credit function",3,S,A,,2015,197.0824,,F,A
A,HK,M,V,T,H,Z,Z,Z,6,8f,"Hong Kong SAR - Value of Cashless payments, Card and e-money payments, by card with a credit function",3,S,A,,2016,201.2234,,F,A
A,HK,M,V,T,H,Z,Z,Z,6,8f,"Hong Kong SAR - Value of Cashless payments, Card and e-money payments, by card with a credit function",3,S,A,,2017,231.3886,,F,A
A,HK,M,V,T,H,Z,Z,Z,6,8f,"Hong Kong SAR - Value of Cashless payments, Card and e-money payments, by card with a credit function",3,S,A,,2018,257.8024,,F,A
A,HK,M,V,T,H,Z,Z,Z,6,8f,"Hong Kong SAR - Value of Cashless payments, Card and e-money payments, by card with a credit function",3,S,A,,2019,267.0299,,F,A
A,HK,M,V,T,H,Z,Z,Z,6,8f,"Hong Kong SAR - Value of Cashless payments, Card and e-money payments, by card with a credit function",3,S,A,,2020,224.1453,,F,A
A,HK,M,V,T,H,Z,Z,Z,6,8f,"Hong Kong SAR - Value of Cashless payments, Card and e-money payments, by card with a credit function",3,S,A,,2021,254.3703,,F,A
A,HK,M,V,T,H,Z,Z,Z,6,8f,"Hong Kong SAR - Value of Cashless payments, Card and e-money payments, by card with a credit function",3,S,A,,2022,265.3356,,F,A
A,HK,M,V,T,H,Z,Z,Z,6,8f,"Hong Kong SAR - Value of Cashless payments, Card and e-money payments, by card with a credit function",3,S,A,,2023,322.2164,,F,A
A,HK,M,V,T,H,Z,Z,Z,6,8f,"Hong Kong SAR - Value of Cashless payments, Card and e-money payments, by card with a credit function",3,S,A,,2024,355.4115,,F,A
A,HK,T,N,N,Z,Z,Z,E,3,13,"Hong Kong SAR - Number of Cards, Cards, with a credit function",0,E,A,,2012,17437,,F,A
A,HK,T,N,N,Z,Z,Z,E,3,13,"Hong Kong SAR - Number of Cards, Cards, with a credit function",0,E,A,,2013,18123,,F,A
A,HK,T,N,N,Z,Z,Z,E,3,13,"Hong Kong SAR - Number of Cards, Cards, with a credit function",0,E,A,,2014,18820,,F,A
A,HK,T,N,N,Z,Z,Z,E,3,13,"Hong Kong SAR - Number of Cards, Cards, with a credit function",0,E,A,,2015,19044,,F,A
A,HK,T,N,N,Z,Z,Z,E,3,13,"Hong Kong SAR - Number of Cards, Cards, with a credit function",0,E,A,,2016,19184,,F,A
A,HK,T,N,N,Z,Z,Z,E,3,13,"Hong Kong SAR - Number of Cards, Cards, with a credit function",0,E,A,,2017,18876,,F,A
A,HK,T,N,N,Z,Z,Z,E,3,13,"Hong Kong SAR - Number of Cards, Cards, with a credit function",0,E,A,,2018,19460,,F,A
A,HK,T,N,N,Z,Z,Z,E,3,13,"Hong Kong SAR - Number of Cards, Cards, with a credit function",0,E,A,,2019,19708,,F,A
A,HK,T,N,N,Z,Z,Z,E,3,13,"Hong Kong SAR - Number of Cards, Cards, with a credit function",0,E,A,,2020,19369,,F,A
A,HK,T,N,N,Z,Z,Z,E,3,13,"Hong Kong SAR - Number of Cards, Cards, with a credit function",0,E,A,,2021,19049,,F,A
A,HK,T,N,N,Z,Z,Z,E,3,13,"Hong Kong SAR - Number of Cards, Cards, with a credit function",0,E,A,,2022,19489,,F,A
A,HK,T,N,N,Z,Z,Z,E,3,13,"Hong Kong SAR - Number of Cards, Cards, with a credit function",0,E,A,,2023,19691,,F,A
A,HK,T,N,N,Z,Z,Z,E,3,13,"Hong Kong SAR - Number of Cards, Cards, with a credit function",0,E,A,,2024,20945,,F,A
A,HK,T,N,N,Z,Z,Z,F,3,13,"Hong Kong SAR - Number of Cards, Cards, with an e-money function,all",0,E,A,,2012,NaN,,F,L
A,HK,T,N,N,Z,Z,Z,F,3,13,"Hong Kong SAR - Number of Cards, Cards, with an e-money function,all",0,E,A,,2013,NaN,,F,L
A,HK,T,N,N,Z,Z,Z,F,3,13,"Hong Kong SAR - Number of Cards, Cards, with an e-money function,all",0,E,A,,2014,NaN,,F,L
A,HK,T,N,N,Z,Z,Z,F,3,13,"Hong Kong SAR - Number of Cards, Cards, with an e-money function,all",0,E,A,,2015,NaN,,F,L
A,HK,T,N,N,Z,Z,Z,F,3,13,"Hong Kong SAR - Number of Cards, Cards, with an e-money function,all",0,E,A,,2016,40491,,F,A
A,HK,T,N,N,Z,Z,Z,F,3,13,"Hong Kong SAR - Number of Cards, Cards, with an e-money function,all",0,E,A,,2017,46730,,F,A
A,HK,T,N,N,Z,Z,Z,F,3,13,"Hong Kong SAR - Number of Cards, Cards, with an e-money function,all",0,E,A,,2018,56102,,F,A
A,HK,T,N,N,Z,Z,Z,F,3,13,"Hong Kong SAR - Number of Cards, Cards, with an e-money function,all",0,E,A,,2019,63123,,F,A
A,HK,T,N,N,Z,Z,Z,F,3,13,"Hong Kong SAR - Number of Cards, Cards, with an e-money function,all",0,E,A,,2020,63911,,F,A
A,HK,T,N,N,Z,Z,Z,F,3,13,"Hong Kong SAR - Number of Cards, Cards, with an e-money function,all",0,E,A,,2021,66443,,F,A
A,HK,T,N,N,Z,Z,Z,F,3,13,"Hong Kong SAR - Number of Cards, Cards, with an e-money function,all",0,E,A,,2022,61467,,F,A
A,HK,T,N,N,Z,Z,Z,F,3,13,"Hong Kong SAR - Number of Cards, Cards, with an e-money function,all",0,E,A,,2023,71428,,F,A
A,HK,T,N,N,Z,Z,Z,F,3,13,"Hong Kong SAR - Number of Cards, Cards, with an e-money function,all",0,E,A,,2024,79780,,F,A
A,HK,M,V,A,I,Z,Z,Z,6,8,"Hong Kong SAR - Value of Cashless payments, Card and e-money payments, e-money payments",3,S,A,,2012,NaN,,F,L
A,HK,M,V,A,I,Z,Z,Z,6,8,"Hong Kong SAR - Value of Cashless payments, Card and e-money payments, e-money payments",3,S,A,,2013,NaN,,F,L
A,HK,M,V,A,I,Z,Z,Z,6,8,"Hong Kong SAR - Value of Cashless payments, Card and e-money payments, e-money payments",3,S,A,,2014,NaN,,F,L
A,HK,M,V,A,I,Z,Z,Z,6,8,"Hong Kong SAR - Value of Cashless payments, Card and e-money payments, e-money payments",3,S,A,,2015,NaN,,F,L
A,HK,M,V,A,I,Z,Z,Z,6,8,"Hong Kong SAR - Value of Cashless payments, Card and e-money payments, e-money payments",3,S,A,,2016,NaN,,F,L
A,HK,M,V,A,I,Z,Z,Z,6,8,"Hong Kong SAR - Value of Cashless payments, Card and e-money payments, e-money payments",3,S,A,,2017,17315.3463,,F,A
A,HK,M,V,A,I,Z,Z,Z,6,8,"Hong Kong SAR - Value of Cashless payments, Card and e-money payments, e-money payments",3,S,A,,2018,22057.5852,,F,A
A,HK,M,V,A,I,Z,Z,Z,6,8,"Hong Kong SAR - Value of Cashless payments, Card and e-money payments, e-money payments",3,S,A,,2019,25707.997,,F,A
A,HK,M,V,A,I,Z,Z,Z,6,8,"Hong Kong SAR - Value of Cashless payments, Card and e-money payments, e-money payments",3,S,A,,2020,28516.3193,,F,A
A,HK,M,V,A,I,Z,Z,Z,6,8,"Hong Kong SAR - Value of Cashless payments, Card and e-money payments, e-money payments",3,S,A,,2021,60506.8177,,F,A
A,HK,M,V,A,I,Z,Z,Z,6,8,"Hong Kong SAR - Value of Cashless payments, Card and e-money payments, e-money payments",3,S,A,,2022,74326.8741,,F,A
A,HK,M,V,A,I,Z,Z,Z,6,8,"Hong Kong SAR - Value of Cashless payments, Card and e-money payments, e-money payments",3,S,A,,2023,81764.5708,,F,A
A,HK,M,V,A,I,Z,Z,Z,6,8,"Hong Kong SAR - Value of Cashless payments, Card and e-money payments, e-money payments",3,S,A,,2024,96415.0845,,F,A
A,HK,M,V,I,H,Z,Z,Z,0,8e,"Hong Kong SAR - Value of Cashless payments, Card and e-money payments, by card with a credit function",4,S,A,,2012,22.0543,,F,A
A,HK,M,V,I,H,Z,Z,Z,0,8e,"Hong Kong SAR - Value of Cashless payments, Card and e-money payments, by card with a credit function",4,S,A,,2013,22.443,,F,A
A,HK,M,V,I,H,Z,Z,Z,0,8e,"Hong Kong SAR - Value of Cashless payments, Card and e-money payments, by card with a credit function",4,S,A,,2014,22.9565,,F,A
A,HK,M,V,I,H,Z,Z,Z,0,8e,"Hong Kong SAR - Value of Cashless payments, Card and e-money payments, by card with a credit function",4,S,A,,2015,23.253,,F,A
A,HK,M,V,I,H,Z,Z,Z,0,8e,"Hong Kong SAR - Value of Cashless payments, Card and e-money payments, by card with a credit function",4,S,A,,2016,22.8909,,F,A
A,HK,M,V,I,H,Z,Z,Z,0,8e,"Hong Kong SAR - Value of Cashless payments, Card and e-money payments, by card with a credit function",4,S,A,,2017,24.7465,,F,A
A,HK,M,V,I,H,Z,Z,Z,0,8e,"Hong Kong SAR - Value of Cashless payments, Card and e-money payments, by card with a credit function",4,S,A,,2018,26.0106,,F,A
A,HK,M,V,I,H,Z,Z,Z,0,8e,"Hong Kong SAR - Value of Cashless payments, Card and e-money payments, by card with a credit function",4,S,A,,2019,26.8426,,F,A
A,HK,M,V,I,H,Z,Z,Z,0,8e,"Hong Kong SAR - Value of Cashless payments, Card and e-money payments, by card with a credit function",4,S,A,,2020,23.7142,,F,A
A,HK,M,V,I,H,Z,Z,Z,0,8e,"Hong Kong SAR - Value of Cashless payments, Card and e-money payments, by card with a credit function",4,S,A,,2021,25.1639,,F,A
A,HK,M,V,I,H,Z,Z,Z,0,8e,"Hong Kong SAR - Value of Cashless payments, Card and e-money payments, by card with a credit function",4,S,A,,2022,26.998,,F,A
A,HK,M,V,I,H,Z,Z,Z,0,8e,"Hong Kong SAR - Value of Cashless payments, Card and e-money payments, by card with a credit function",4,S,A,,2023,30.8619,,F,A
A,HK,M,V,I,H,Z,Z,Z,0,8e,"Hong Kong SAR - Value of Cashless payments, Card and e-money payments, by card with a credit function",4,S,A,,2024,31.879,,F,A
A,SG,N,N,N,A,Z,Z,Z,3,6e,"Singapore - Number of Fast payments, All",3,S,A,,2012,NaN,,F,L
A,SG,N,N,N,A,Z,Z,Z,3,6e,"Singapore - Number of Fast payments, All",3,S,A,,2013,NaN,,F,L
A,SG,N,N,N,A,Z,Z,Z,3,6e,"Singapore - Number of Fast payments, All",3,S,A,,2014,NaN,,F,L
A,SG,N,N,N,A,Z,Z,Z,3,6e,"Singapore - Number of Fast payments, All",3,S,A,,2015,18849,,F,A
A,SG,N,N,N,A,Z,Z,Z,3,6e,"Singapore - Number of Fast payments, All",3,S,A,,2016,26858,,F,A
A,SG,N,N,N,A,Z,Z,Z,3,6e,"Singapore - Number of Fast payments, All",3,S,A,,2017,38563,,F,A
A,SG,N,N,N,A,Z,Z,Z,3,6e,"Singapore - Number of Fast payments, All",3,S,A,,2018,59633,,F,A
A,SG,N,N,N,A,Z,Z,Z,3,6e,"Singapore - Number of Fast payments, All",3,S,A,,2019,93240,,F,A
A,SG,N,N,N,A,Z,Z,Z,3,6e,"Singapore - Number of Fast payments, All",3,S,A,,2020,146972,,F,A
A,SG,N,N,N,A,Z,Z,Z,3,6e,"Singapore - Number of Fast payments, All",3,S,A,,2021,225910,,F,A
A,SG,N,N,N,A,Z,Z,Z,3,6e,"Singapore - Number of Fast payments, All",3,S,A,,2022,291909,,F,A
A,SG,N,N,N,A,Z,Z,Z,3,6e,"Singapore - Number of Fast payments, All",3,S,A,,2023,380258,,F,A
A,SG,N,N,N,A,Z,Z,Z,3,6e,"Singapore - Number of Fast payments, All",3,S,A,,2024,500021,,F,A
A,HK,F,V,A,Z,Z,Z,Z,9,2,Hong Kong SAR - Value of Banknotes and coins,2,E,A,,2012,38.9556,,F,A
A,HK,F,V,A,Z,Z,Z,Z,9,2,Hong Kong SAR - Value of Banknotes and coins,2,E,A,,2013,43.8772,,F,A
A,HK,F,V,A,Z,Z,Z,Z,9,2,Hong Kong SAR - Value of Banknotes and coins,2,E,A,,2014,45.5768,,F,A
A,HK,F,V,A,Z,Z,Z,Z,9,2,Hong Kong SAR - Value of Banknotes and coins,2,E,A,,2015,47.9766,,F,A
A,HK,F,V,A,Z,Z,Z,Z,9,2,Hong Kong SAR - Value of Banknotes and coins,2,E,A,,2016,54.1611,,F,A
A,HK,F,V,A,Z,Z,Z,Z,9,2,Hong Kong SAR - Value of Banknotes and coins,2,E,A,,2017,59.9079,,F,A
A,HK,F,V,A,Z,Z,Z,Z,9,2,Hong Kong SAR - Value of Banknotes and coins,2,E,A,,2018,63.419,,F,A
A,HK,F,V,A,Z,Z,Z,Z,9,2,Hong Kong SAR - Value of Banknotes and coins,2,E,A,,2019,68.0488,,F,A
A,HK,F,V,A,Z,Z,Z,Z,9,2,Hong Kong SAR - Value of Banknotes and coins,2,E,A,,2020,73.8628,,F,A
A,HK,F,V,A,Z,Z,Z,Z,9,2,Hong Kong SAR - Value of Banknotes and coins,2,E,A,,2021,77.7048,,F,A
A,HK,F,V,A,Z,Z,Z,Z,9,2,Hong Kong SAR - Value of Banknotes and coins,2,E,A,,2022,79.3866,,F,A
A,HK,F,V,A,Z,Z,Z,Z,9,2,Hong Kong SAR - Value of Banknotes and coins,2,E,A,,2023,77.5506,,F,A
A,HK,F,V,A,Z,Z,Z,Z,9,2,Hong Kong SAR - Value of Banknotes and coins,2,E,A,,2024,79.1497,,F,A
A,SG,M,V,L,H,Z,Z,Z,0,8a,"Singapore - Value of Cashless payments, Card and e-money payments, by card with a credit function",3,S,A,,2012,3.6385,,F,A
A,SG,M,V,L,H,Z,Z,Z,0,8a,"Singapore - Value of Cashless payments, Card and e-money payments, by card with a credit function",3,S,A,,2013,3.8056,,F,A
A,SG,M,V,L,H,Z,Z,Z,0,8a,"Singapore - Value of Cashless payments, Card and e-money payments, by card with a credit function",3,S,A,,2014,4.0811,,F,A
A,SG,M,V,L,H,Z,Z,Z,0,8a,"Singapore - Value of Cashless payments, Card and e-money payments, by card with a credit function",3,S,A,,2015,4.1098,,F,A
A,SG,M,V,L,H,Z,Z,Z,0,8a,"Singapore - Value of Cashless payments, Card and e-money payments, by card with a credit function",3,S,A,,2016,4.3277,,F,A
A,SG,M,V,L,H,Z,Z,Z,0,8a,"Singapore - Value of Cashless payments, Card and e-money payments, by card with a credit function",3,S,A,,2017,4.4597,,F,A
A,SG,M,V,L,H,Z,Z,Z,0,8a,"Singapore - Value of Cashless payments, Card and e-money payments, by card with a credit function",3,S,A,,2018,4.8575,,F,A
A,SG,M,V,L,H,Z,Z,Z,0,8a,"Singapore - Value of Cashless payments, Card and e-money payments, by card with a credit function",3,S,A,,2019,5.2547,,F,A
A,SG,M,V,L,H,Z,Z,Z,0,8a,"Singapore - Value of Cashless payments, Card and e-money payments, by card with a credit function",3,S,A,,2020,4.7736,,F,A
A,SG,M,V,L,H,Z,Z,Z,0,8a,"Singapore - Value of Cashless payments, Card and e-money payments, by card with a credit function",3,S,A,,2021,4.7817,,F,A
A,SG,M,V,L,H,Z,Z,Z,0,8a,"Singapore - Value of Cashless payments, Card and e-money payments, by card with a credit function",3,S,A,,2022,5.2501,,F,A
A,SG,M,V,L,H,Z,Z,Z,0,8a,"Singapore - Value of Cashless payments, Card and e-money payments, by card with a credit function",3,S,A,,2023,5.6596,,F,A
A,SG,M,V,L,H,Z,Z,Z,0,8a,"Singapore - Value of Cashless payments, Card and e-money payments, by card with a credit function",3,S,A,,2024,5.4374,,F,A
A,SG,M,V,S,I,Z,Z,Z,0,8c,"Singapore - Value of Cashless payments, Card and e-money payments, e-money payments",2,S,A,,2012,0.62389,,F,A
A,SG,M,V,S,I,Z,Z,Z,0,8c,"Singapore - Value of Cashless payments, Card and e-money payments, e-money payments",2,S,A,,2013,0.63318,,F,A
A,SG,M,V,S,I,Z,Z,Z,0,8c,"Singapore - Value of Cashless payments, Card and e-money payments, e-money payments",2,S,A,,2014,0.65097,,F,A
A,SG,M,V,S,I,Z,Z,Z,0,8c,"Singapore - Value of Cashless payments, Card and e-money payments, e-money payments",2,S,A,,2015,0.61215,,F,A
A,SG,M,V,S,I,Z,Z,Z,0,8c,"Singapore - Value of Cashless payments, Card and e-money payments, e-money payments",2,S,A,,2016,0.60283,,F,A
A,SG,M,V,S,I,Z,Z,Z,0,8c,"Singapore - Value of Cashless payments, Card and e-money payments, e-money payments",2,S,A,,2017,0.6198,,F,A
A,SG,M,V,S,I,Z,Z,Z,0,8c,"Singapore - Value of Cashless payments, Card and e-money payments, e-money payments",2,S,A,,2018,0.62695,,F,A
A,SG,M,V,S,I,Z,Z,Z,0,8c,"Singapore - Value of Cashless payments, Card and e-money payments, e-money payments",2,S,A,,2019,0.64249,,F,A
A,SG,M,V,S,I,Z,Z,Z,0,8c,"Singapore - Value of Cashless payments, Card and e-money payments, e-money payments",2,S,A,,2020,0.60918,,F,A
A,SG,M,V,S,I,Z,Z,Z,0,8c,"Singapore - Value of Cashless payments, Card and e-money payments, e-money payments",2,S,A,,2021,0.60703,,F,A
A,SG,M,V,S,I,Z,Z,Z,0,8c,"Singapore - Value of Cashless payments, Card and e-money payments, e-money payments",2,S,A,,2022,0.66299,,F,A
A,SG,M,V,S,I,Z,Z,Z,0,8c,"Singapore - Value of Cashless payments, Card and e-money payments, e-money payments",2,S,A,,2023,0.81414,,F,A
A,SG,M,V,S,I,Z,Z,Z,0,8c,"Singapore - Value of Cashless payments, Card and e-money payments, e-money payments",2,S,A,,2024,0.92544,,F,A
A,SG,M,V,T,C,Z,Z,Z,6,8f,"Singapore - Value of Cashless payments, Direct debits",3,S,A,,2012,174.5884,,F,A
A,SG,M,V,T,C,Z,Z,Z,6,8f,"Singapore - Value of Cashless payments, Direct debits",3,S,A,,2013,186.7467,,F,A
A,SG,M,V,T,C,Z,Z,Z,6,8f,"Singapore - Value of Cashless payments, Direct debits",3,S,A,,2014,198.1278,,F,A
A,SG,M,V,T,C,Z,Z,Z,6,8f,"Singapore - Value of Cashless payments, Direct debits",3,S,A,,2015,193.4233,,F,A
A,SG,M,V,T,C,Z,Z,Z,6,8f,"Singapore - Value of Cashless payments, Direct debits",3,S,A,,2016,200.7092,,F,A
A,SG,M,V,T,C,Z,Z,Z,6,8f,"Singapore - Value of Cashless payments, Direct debits",3,S,A,,2017,209.5277,,F,A
A,SG,M,V,T,C,Z,Z,Z,6,8f,"Singapore - Value of Cashless payments, Direct debits",3,S,A,,2018,227.1462,,F,A
A,SG,M,V,T,C,Z,Z,Z,6,8f,"Singapore - Value of Cashless payments, Direct debits",3,S,A,,2019,226.4954,,F,A
A,SG,M,V,T,C,Z,Z,Z,6,8f,"Singapore - Value of Cashless payments, Direct debits",3,S,A,,2020,198.732,,F,A
A,SG,M,V,T,C,Z,Z,Z,6,8f,"Singapore - Value of Cashless payments, Direct debits",3,S,A,,2021,235.1505,,F,A
A,SG,M,V,T,C,Z,Z,Z,6,8f,"Singapore - Value of Cashless payments, Direct debits",3,S,A,,2022,257.0633,,F,A
A,SG,M,V,T,C,Z,Z,Z,6,8f,"Singapore - Value of Cashless payments, Direct debits",3,S,A,,2023,294.7181,,F,A
A,SG,M,V,T,C,Z,Z,Z,6,8f,"Singapore - Value of Cashless payments, Direct debits",3,S,A,,2024,330.7966,,F,A
A,SG,M,N,Q,I,Z,Z,Z,0,6c,"Singapore - Number of Cashless payments, Card and e-money payments, e-money payments",3,S,A,,2012,567.6092,,F,A
A,SG,M,N,Q,I,Z,Z,Z,0,6c,"Singapore - Number of Cashless payments, Card and e-money payments, e-money payments",3,S,A,,2013,571.4614,,F,A
A,SG,M,N,Q,I,Z,Z,Z,0,6c,"Singapore - Number of Cashless payments, Card and e-money payments, e-money payments",3,S,A,,2014,573.6984,,F,A
A,SG,M,N,Q,I,Z,Z,Z,0,6c,"Singapore - Number of Cashless payments, Card and e-money payments, e-money payments",3,S,A,,2015,584.1012,,F,A
A,SG,M,N,Q,I,Z,Z,Z,0,6c,"Singapore - Number of Cashless payments, Card and e-money payments, e-money payments",3,S,A,,2016,600.3781,,F,A
A,SG,M,N,Q,I,Z,Z,Z,0,6c,"Singapore - Number of Cashless payments, Card and e-money payments, e-money payments",3,S,A,,2017,599.2659,,F,A
A,SG,M,N,Q,I,Z,Z,Z,0,6c,"Singapore - Number of Cashless payments, Card and e-money payments, e-money payments",3,S,A,,2018,615.8752,,F,A
A,SG,M,N,Q,I,Z,Z,Z,0,6c,"Singapore - Number of Cashless payments, Card and e-money payments, e-money payments",3,S,A,,2019,598.9043,,F,A
A,SG,M,N,Q,I,Z,Z,Z,0,6c,"Singapore - Number of Cashless payments, Card and e-money payments, e-money payments",3,S,A,,2020,397.7508,,F,A
A,SG,M,N,Q,I,Z,Z,Z,0,6c,"Singapore - Number of Cashless payments, Card and e-money payments, e-money payments",3,S,A,,2021,412.4743,,F,A
A,SG,M,N,Q,I,Z,Z,Z,0,6c,"Singapore - Number of Cashless payments, Card and e-money payments, e-money payments",3,S,A,,2022,423.0321,,F,A
A,SG,M,N,Q,I,Z,Z,Z,0,6c,"Singapore - Number of Cashless payments, Card and e-money payments, e-money payments",3,S,A,,2023,375.5948,,F,A
A,SG,M,N,Q,I,Z,Z,Z,0,6c,"Singapore - Number of Cashless payments, Card and e-money payments, e-money payments",3,S,A,,2024,337.2024,,F,A
A,SG,M,V,T,E,Z,Z,Z,6,8f,"Singapore - Value of Cashless payments, All Card and e-money payments",3,S,A,,2012,152.5591,,F,A
A,SG,M,V,T,E,Z,Z,Z,6,8f,"Singapore - Value of Cashless payments, All Card and e-money payments",3,S,A,,2013,165.8391,,F,A
A,SG,M,V,T,E,Z,Z,Z,6,8f,"Singapore - Value of Cashless payments, All Card and e-money payments",3,S,A,,2014,173.7433,,F,A
A,SG,M,V,T,E,Z,Z,Z,6,8f,"Singapore - Value of Cashless payments, All Card and e-money payments",3,S,A,,2015,166.0396,,F,A
A,SG,M,V,T,E,Z,Z,Z,6,8f,"Singapore - Value of Cashless payments, All Card and e-money payments",3,S,A,,2016,174.7232,,F,A
A,SG,M,V,T,E,Z,Z,Z,6,8f,"Singapore - Value of Cashless payments, All Card and e-money payments",3,S,A,,2017,175.8847,,F,A
A,SG,M,V,T,E,Z,Z,Z,6,8f,"Singapore - Value of Cashless payments, All Card and e-money payments",3,S,A,,2018,204.8204,,F,A
A,SG,M,V,T,E,Z,Z,Z,6,8f,"Singapore - Value of Cashless payments, All Card and e-money payments",3,S,A,,2019,211.5759,,F,A
A,SG,M,V,T,E,Z,Z,Z,6,8f,"Singapore - Value of Cashless payments, All Card and e-money payments",3,S,A,,2020,185.7189,,F,A
A,SG,M,V,T,E,Z,Z,Z,6,8f,"Singapore - Value of Cashless payments, All Card and e-money payments",3,S,A,,2021,214.9583,,F,A
A,SG,M,V,T,E,Z,Z,Z,6,8f,"Singapore - Value of Cashless payments, All Card and e-money payments",3,S,A,,2022,253.0553,,F,A
A,SG,M,V,T,E,Z,Z,Z,6,8f,"Singapore - Value of Cashless payments, All Card and e-money payments",3,S,A,,2023,294.3302,,F,A
A,SG,M,V,T,E,Z,Z,Z,6,8f,"Singapore - Value of Cashless payments, All Card and e-money payments",3,S,A,,2024,310.5288,,F,A
A,HK,B,N,N,Z,Z,Z,Z,3,1,Hong Kong SAR - Population,2,E,A,,2012,7171,,F,A
A,HK,B,N,N,Z,Z,Z,Z,3,1,Hong Kong SAR - Population,2,E,A,,2013,7210.9,,F,A
A,HK,B,N,N,Z,Z,Z,Z,3,1,Hong Kong SAR - Population,2,E,A,,2014,7252.9,,F,A
A,HK,B,N,N,Z,Z,Z,Z,3,1,Hong Kong SAR - Population,2,E,A,,2015,7309.7,,F,A
A,HK,B,N,N,Z,Z,Z,Z,3,1,Hong Kong SAR - Population,2,E,A,,2016,7378.1,,F,A
A,HK,B,N,N,Z,Z,Z,Z,3,1,Hong Kong SAR - Population,2,E,A,,2017,7414.8,,F,A
A,HK,B,N,N,Z,Z,Z,Z,3,1,Hong Kong SAR - Population,2,E,A,,2018,7487.7,,F,A
A,HK,B,N,N,Z,Z,Z,Z,3,1,Hong Kong SAR - Population,2,E,A,,2019,7520.5,,F,A
A,HK,B,N,N,Z,Z,Z,Z,3,1,Hong Kong SAR - Population,2,E,A,,2020,7426.7,,F,A
A,HK,B,N,N,Z,Z,Z,Z,3,1,Hong Kong SAR - Population,2,E,A,,2021,7401.5,,F,A
A,HK,B,N,N,Z,Z,Z,Z,3,1,Hong Kong SAR - Population,2,E,A,,2022,7472.6,,F,A
A,HK,B,N,N,Z,Z,Z,Z,3,1,Hong Kong SAR - Population,2,E,A,,2023,7527.9,,F,A
A,HK,B,N,N,Z,Z,Z,Z,3,1,Hong Kong SAR - Population,2,E,A,,2024,7500.6,,F,A
A,HK,M,N,T,I,Z,Z,Z,3,6d,"Hong Kong SAR - Number of Cashless payments, Card and e-money payments, e-money payments",0,S,A,,2012,NaN,,F,L
A,HK,M,N,T,I,Z,Z,Z,3,6d,"Hong Kong SAR - Number of Cashless payments, Card and e-money payments, e-money payments",0,S,A,,2013,NaN,,F,L
A,HK,M,N,T,I,Z,Z,Z,3,6d,"Hong Kong SAR - Number of Cashless payments, Card and e-money payments, e-money payments",0,S,A,,2014,NaN,,F,L
A,HK,M,N,T,I,Z,Z,Z,3,6d,"Hong Kong SAR - Number of Cashless payments, Card and e-money payments, e-money payments",0,S,A,,2015,NaN,,F,L
A,HK,M,N,T,I,Z,Z,Z,3,6d,"Hong Kong SAR - Number of Cashless payments, Card and e-money payments, e-money payments",0,S,A,,2016,NaN,,F,L
A,HK,M,N,T,I,Z,Z,Z,3,6d,"Hong Kong SAR - Number of Cashless payments, Card and e-money payments, e-money payments",0,S,A,,2017,15451,,F,A
A,HK,M,N,T,I,Z,Z,Z,3,6d,"Hong Kong SAR - Number of Cashless payments, Card and e-money payments, e-money payments",0,S,A,,2018,16692,,F,A
A,HK,M,N,T,I,Z,Z,Z,3,6d,"Hong Kong SAR - Number of Cashless payments, Card and e-money payments, e-money payments",0,S,A,,2019,17152,,F,A
A,HK,M,N,T,I,Z,Z,Z,3,6d,"Hong Kong SAR - Number of Cashless payments, Card and e-money payments, e-money payments",0,S,A,,2020,14264,,F,A
A,HK,M,N,T,I,Z,Z,Z,3,6d,"Hong Kong SAR - Number of Cashless payments, Card and e-money payments, e-money payments",0,S,A,,2021,18701,,F,A
A,HK,M,N,T,I,Z,Z,Z,3,6d,"Hong Kong SAR - Number of Cashless payments, Card and e-money payments, e-money payments",0,S,A,,2022,18972,,F,A
A,HK,M,N,T,I,Z,Z,Z,3,6d,"Hong Kong SAR - Number of Cashless payments, Card and e-money payments, e-money payments",0,S,A,,2023,21319,,F,A
A,HK,M,N,T,I,Z,Z,Z,3,6d,"Hong Kong SAR - Number of Cashless payments, Card and e-money payments, e-money payments",0,S,A,,2024,22318,,F,A
A,SG,M,V,L,B,Z,Z,Z,0,8a,"Singapore - Value of Cashless payments, Credit transfers",3,S,A,,2012,20.1695,,F,A
A,SG,M,V,L,B,Z,Z,Z,0,8a,"Singapore - Value of Cashless payments, Credit transfers",3,S,A,,2013,20.7466,,F,A
A,SG,M,V,L,B,Z,Z,Z,0,8a,"Singapore - Value of Cashless payments, Credit transfers",3,S,A,,2014,21.8041,,F,A
A,SG,M,V,L,B,Z,Z,Z,0,8a,"Singapore - Value of Cashless payments, Credit transfers",3,S,A,,2015,25.3114,,F,A
A,SG,M,V,L,B,Z,Z,Z,0,8a,"Singapore - Value of Cashless payments, Credit transfers",3,S,A,,2016,27.7971,,F,A
A,SG,M,V,L,B,Z,Z,Z,0,8a,"Singapore - Value of Cashless payments, Credit transfers",3,S,A,,2017,29.5318,,F,A
A,SG,M,V,L,B,Z,Z,Z,0,8a,"Singapore - Value of Cashless payments, Credit transfers",3,S,A,,2018,32.3641,,F,A
A,SG,M,V,L,B,Z,Z,Z,0,8a,"Singapore - Value of Cashless payments, Credit transfers",3,S,A,,2019,38.1622,,F,A
A,SG,M,V,L,B,Z,Z,Z,0,8a,"Singapore - Value of Cashless payments, Credit transfers",3,S,A,,2020,47.4658,,F,A
A,SG,M,V,L,B,Z,Z,Z,0,8a,"Singapore - Value of Cashless payments, Credit transfers",3,S,A,,2021,50.6419,,F,A
A,SG,M,V,L,B,Z,Z,Z,0,8a,"Singapore - Value of Cashless payments, Credit transfers",3,S,A,,2022,54.7471,,F,A
A,SG,M,V,L,B,Z,Z,Z,0,8a,"Singapore - Value of Cashless payments, Credit transfers",3,S,A,,2023,58.6141,,F,A
A,SG,M,V,L,B,Z,Z,Z,0,8a,"Singapore - Value of Cashless payments, Credit transfers",3,S,A,,2024,64.1873,,F,A
A,HK,M,V,H,H,Z,Z,Z,0,8b,"Hong Kong SAR - Value of Cashless payments, Card and e-money payments, by card with a credit function",3,S,A,,2012,5.7416,,F,A
A,HK,M,V,H,H,Z,Z,Z,0,8b,"Hong Kong SAR - Value of Cashless payments, Card and e-money payments, by card with a credit function",3,S,A,,2013,2.3791,,F,A
A,HK,M,V,H,H,Z,Z,Z,0,8b,"Hong Kong SAR - Value of Cashless payments, Card and e-money payments, by card with a credit function",3,S,A,,2014,3.5298,,F,A
A,HK,M,V,H,H,Z,Z,Z,0,8b,"Hong Kong SAR - Value of Cashless payments, Card and e-money payments, by card with a credit function",3,S,A,,2015,4.3673,,F,A
A,HK,M,V,H,H,Z,Z,Z,0,8b,"Hong Kong SAR - Value of Cashless payments, Card and e-money payments, by card with a credit function",3,S,A,,2016,-0.17265,,F,A
A,HK,M,V,H,H,Z,Z,Z,0,8b,"Hong Kong SAR - Value of Cashless payments, Card and e-money payments, by card with a credit function",3,S,A,,2017,13.743,,F,A
A,HK,M,V,H,H,Z,Z,Z,0,8b,"Hong Kong SAR - Value of Cashless payments, Card and e-money payments, by card with a credit function",3,S,A,,2018,9.4238,,F,A
A,HK,M,V,H,H,Z,Z,Z,0,8b,"Hong Kong SAR - Value of Cashless payments, Card and e-money payments, by card with a credit function",3,S,A,,2019,0.64617,,F,A
A,HK,M,V,H,H,Z,Z,Z,0,8b,"Hong Kong SAR - Value of Cashless payments, Card and e-money payments, by card with a credit function",3,S,A,,2020,-17.1177,,F,A
A,HK,M,V,H,H,Z,Z,Z,0,8b,"Hong Kong SAR - Value of Cashless payments, Card and e-money payments, by card with a credit function",3,S,A,,2021,11.9778,,F,A
A,HK,M,V,H,H,Z,Z,Z,0,8b,"Hong Kong SAR - Value of Cashless payments, Card and e-money payments, by card with a credit function",3,S,A,,2022,3.1409,,F,A
A,HK,M,V,H,H,Z,Z,Z,0,8b,"Hong Kong SAR - Value of Cashless payments, Card and e-money payments, by card with a credit function",3,S,A,,2023,18.9172,,F,A
A,HK,M,V,H,H,Z,Z,Z,0,8b,"Hong Kong SAR - Value of Cashless payments, Card and e-money payments, by card with a credit function",3,S,A,,2024,8.0634,,F,A
A,SG,R,V,H,Z,C,Z,Z,0,12b,"Singapore - Value of Withdrawals/deposits, Cash withdrawals with cards issued inside the country, at locations inside the country",2,S,A,,2013,6.32,,F,A
A,SG,R,V,H,Z,C,Z,Z,0,12b,"Singapore - Value of Withdrawals/deposits, Cash withdrawals with cards issued inside the country, at locations inside the country",2,S,A,,2014,0.34892,,F,A
A,SG,R,V,H,Z,C,Z,Z,0,12b,"Singapore - Value of Withdrawals/deposits, Cash withdrawals with cards issued inside the country, at locations inside the country",2,S,A,,2015,1.3955,,F,A
A,SG,R,V,H,Z,C,Z,Z,0,12b,"Singapore - Value of Withdrawals/deposits, Cash withdrawals with cards issued inside the country, at locations inside the country",2,S,A,,2016,-0.74514,,F,A
A,SG,R,V,H,Z,C,Z,Z,0,12b,"Singapore - Value of Withdrawals/deposits, Cash withdrawals with cards issued inside the country, at locations inside the country",2,S,A,,2017,-1.9082,,F,A
A,SG,R,V,H,Z,C,Z,Z,0,12b,"Singapore - Value of Withdrawals/deposits, Cash withdrawals with cards issued inside the country, at locations inside the country",2,S,A,,2018,-0.80847,,F,A
A,SG,R,V,H,Z,C,Z,Z,0,12b,"Singapore - Value of Withdrawals/deposits, Cash withdrawals with cards issued inside the country, at locations inside the country",2,S,A,,2019,-4.8947,,F,A
A,SG,R,V,H,Z,C,Z,Z,0,12b,"Singapore - Value of Withdrawals/deposits, Cash withdrawals with cards issued inside the country, at locations inside the country",2,S,A,,2020,-19.8713,,F,A
A,SG,R,V,H,Z,C,Z,Z,0,12b,"Singapore - Value of Withdrawals/deposits, Cash withdrawals with cards issued inside the country, at locations inside the country",2,S,A,,2021,-3.4735,,F,A
A,SG,R,V,H,Z,C,Z,Z,0,12b,"Singapore - Value of Withdrawals/deposits, Cash withdrawals with cards issued inside the country, at locations inside the country",2,S,A,,2022,9.9073,,F,A
A,SG,R,V,H,Z,C,Z,Z,0,12b,"Singapore - Value of Withdrawals/deposits, Cash withdrawals with cards issued inside the country, at locations inside the country",2,S,A,,2023,0.22685,,F,A
A,SG,R,V,H,Z,C,Z,Z,0,12b,"Singapore - Value of Withdrawals/deposits, Cash withdrawals with cards issued inside the country, at locations inside the country",2,S,A,,2024,-8.9057,,F,A
A,SG,K,V,A,Z,Z,Z,Z,9,4b,Singapore - Value of Accounts,0,E,A,,2012,450.9842,,F,A
A,SG,K,V,A,Z,Z,Z,Z,9,4b,Singapore - Value of Accounts,0,E,A,,2013,460.9854,,F,A
A,SG,K,V,A,Z,Z,Z,Z,9,4b,Singapore - Value of Accounts,0,E,A,,2014,441.5232,,F,A
A,SG,K,V,A,Z,Z,Z,Z,9,4b,Singapore - Value of Accounts,0,E,A,,2015,421.5119,,F,A
A,SG,K,V,A,Z,Z,Z,Z,9,4b,Singapore - Value of Accounts,0,E,A,,2016,437.43,,F,A
A,SG,K,V,A,Z,Z,Z,Z,9,4b,Singapore - Value of Accounts,0,E,A,,2017,482.5335,,F,A
A,SG,K,V,A,Z,Z,Z,Z,9,4b,Singapore - Value of Accounts,0,E,A,,2018,478.2432,,F,A
A,SG,K,V,A,Z,Z,Z,Z,9,4b,Singapore - Value of Accounts,0,E,A,,2019,513.1031,,F,A
A,SG,K,V,A,Z,Z,Z,Z,9,4b,Singapore - Value of Accounts,0,E,A,,2020,575.8588,,F,A
A,SG,K,V,A,Z,Z,Z,Z,9,4b,Singapore - Value of Accounts,0,E,A,,2021,610.9392,,F,A
A,SG,K,V,A,Z,Z,Z,Z,9,4b,Singapore - Value of Accounts,0,E,A,,2022,1376.7172,,F,A
A,SG,K,V,A,Z,Z,Z,Z,9,4b,Singapore - Value of Accounts,0,E,A,,2023,1517.6303,,F,A
A,SG,K,V,A,Z,Z,Z,Z,9,4b,Singapore - Value of Accounts,0,E,A,,2024,1540.7797,,F,A
A,SG,M,V,Q,F,Z,Z,Z,0,8d,"Singapore - Value of Cashless payments, Card and e-money payments, by card with a debit function",2,S,A,,2012,4341.4319,,F,A
A,SG,M,V,Q,F,Z,Z,Z,0,8d,"Singapore - Value of Cashless payments, Card and e-money payments, by card with a debit function",2,S,A,,2013,4556.0342,,F,A
A,SG,M,V,Q,F,Z,Z,Z,0,8d,"Singapore - Value of Cashless payments, Card and e-money payments, by card with a debit function",2,S,A,,2014,4648.7265,,F,A
A,SG,M,V,Q,F,Z,Z,Z,0,8d,"Singapore - Value of Cashless payments, Card and e-money payments, by card with a debit function",2,S,A,,2015,4283.2725,,F,A
A,SG,M,V,Q,F,Z,Z,Z,0,8d,"Singapore - Value of Cashless payments, Card and e-money payments, by card with a debit function",2,S,A,,2016,4482.4084,,F,A
A,SG,M,V,Q,F,Z,Z,Z,0,8d,"Singapore - Value of Cashless payments, Card and e-money payments, by card with a debit function",2,S,A,,2017,4099.4491,,F,A
A,SG,M,V,Q,F,Z,Z,Z,0,8d,"Singapore - Value of Cashless payments, Card and e-money payments, by card with a debit function",2,S,A,,2018,4686.2112,,F,A
A,SG,M,V,Q,F,Z,Z,Z,0,8d,"Singapore - Value of Cashless payments, Card and e-money payments, by card with a debit function",2,S,A,,2019,4542.7789,,F,A
A,SG,M,V,Q,F,Z,Z,Z,0,8d,"Singapore - Value of Cashless payments, Card and e-money payments, by card with a debit function",2,S,A,,2020,4443.3534,,F,A
A,SG,M,V,Q,F,Z,Z,Z,0,8d,"Singapore - Value of Cashless payments, Card and e-money payments, by card with a debit function",2,S,A,,2021,5354.4871,,F,A
A,SG,M,V,Q,F,Z,Z,Z,0,8d,"Singapore - Value of Cashless payments, Card and e-money payments, by card with a debit function",2,S,A,,2022,5975.2034,,F,A
A,SG,M,V,Q,F,Z,Z,Z,0,8d,"Singapore - Value of Cashless payments, Card and e-money payments, by card with a debit function",2,S,A,,2023,6142.2364,,F,A
A,SG,M,V,Q,F,Z,Z,Z,0,8d,"Singapore - Value of Cashless payments, Card and e-money payments, by card with a debit function",2,S,A,,2024,6139.4445,,F,A
A,SG,M,N,N,A,Z,Z,Z,6,5,"Singapore - Number of Cashless payments, All",2,S,A,,2012,3421.32,,F,A
A,SG,M,N,N,A,Z,Z,Z,6,5,"Singapore - Number of Cashless payments, All",2,S,A,,2013,3766.65,,F,A
A,SG,M,N,N,A,Z,Z,Z,6,5,"Singapore - Number of Cashless payments, All",2,S,A,,2014,3886.35,,F,A
A,SG,M,N,N,A,Z,Z,Z,6,5,"Singapore - Number of Cashless payments, All",2,S,A,,2015,4029.16,,F,A
A,SG,M,N,N,A,Z,Z,Z,6,5,"Singapore - Number of Cashless payments, All",2,S,A,,2016,4255.73,,F,A
A,SG,M,N,N,A,Z,Z,Z,6,5,"Singapore - Number of Cashless payments, All",2,S,A,,2017,4390.96,,F,A
A,SG,M,N,N,A,Z,Z,Z,6,5,"Singapore - Number of Cashless payments, All",2,S,A,,2018,4686.62,,F,A
A,SG,M,N,N,A,Z,Z,Z,6,5,"Singapore - Number of Cashless payments, All",2,S,A,,2019,4836.494,,F,A
A,SG,M,N,N,A,Z,Z,Z,6,5,"Singapore - Number of Cashless payments, All",2,S,A,,2020,3761.014,,F,A
A,SG,M,N,N,A,Z,Z,Z,6,5,"Singapore - Number of Cashless payments, All",2,S,A,,2021,4069.985,,F,A
A,SG,M,N,N,A,Z,Z,Z,6,5,"Singapore - Number of Cashless payments, All",2,S,A,,2022,4439.033,,F,A
A,SG,M,N,N,A,Z,Z,Z,6,5,"Singapore - Number of Cashless payments, All",2,S,A,,2023,4717.308,,F,A
A,SG,M,N,N,A,Z,Z,Z,6,5,"Singapore - Number of Cashless payments, All",2,S,A,,2024,4952.976,,F,A
A,HK,M,V,Q,I,Z,Z,Z,0,8d,"Hong Kong SAR - Value of Cashless payments, Card and e-money payments, e-money payments",2,S,A,,2012,NaN,,F,L
A,HK,M,V,Q,I,Z,Z,Z,0,8d,"Hong Kong SAR - Value of Cashless payments, Card and e-money payments, e-money payments",2,S,A,,2013,NaN,,F,L
A,HK,M,V,Q,I,Z,Z,Z,0,8d,"Hong Kong SAR - Value of Cashless payments, Card and e-money payments, e-money payments",2,S,A,,2014,NaN,,F,L
A,HK,M,V,Q,I,Z,Z,Z,0,8d,"Hong Kong SAR - Value of Cashless payments, Card and e-money payments, e-money payments",2,S,A,,2015,NaN,,F,L
A,HK,M,V,Q,I,Z,Z,Z,0,8d,"Hong Kong SAR - Value of Cashless payments, Card and e-money payments, e-money payments",2,S,A,,2016,NaN,,F,L
A,HK,M,V,Q,I,Z,Z,Z,0,8d,"Hong Kong SAR - Value of Cashless payments, Card and e-money payments, e-money payments",2,S,A,,2017,2335.2412,,F,A
A,HK,M,V,Q,I,Z,Z,Z,0,8d,"Hong Kong SAR - Value of Cashless payments, Card and e-money payments, e-money payments",2,S,A,,2018,2945.8425,,F,A
A,HK,M,V,Q,I,Z,Z,Z,0,8d,"Hong Kong SAR - Value of Cashless payments, Card and e-money payments, e-money payments",2,S,A,,2019,3418.3893,,F,A
A,HK,M,V,Q,I,Z,Z,Z,0,8d,"Hong Kong SAR - Value of Cashless payments, Card and e-money payments, e-money payments",2,S,A,,2020,3839.7026,,F,A
A,HK,M,V,Q,I,Z,Z,Z,0,8d,"Hong Kong SAR - Value of Cashless payments, Card and e-money payments, e-money payments",2,S,A,,2021,8174.9399,,F,A
A,HK,M,V,Q,I,Z,Z,Z,0,8d,"Hong Kong SAR - Value of Cashless payments, Card and e-money payments, e-money payments",2,S,A,,2022,9946.5881,,F,A
A,HK,M,V,Q,I,Z,Z,Z,0,8d,"Hong Kong SAR - Value of Cashless payments, Card and e-money payments, e-money payments",2,S,A,,2023,10861.5379,,F,A
A,HK,M,V,Q,I,Z,Z,Z,0,8d,"Hong Kong SAR - Value of Cashless payments, Card and e-money payments, e-money payments",2,S,A,,2024,12854.3163,,F,A
A,HK,F,V,J,Z,Z,Z,Z,0,2,Hong Kong SAR - Value of Banknotes and coins,2,E,A,,2012,32.7851,,F,A
A,HK,F,V,J,Z,Z,Z,Z,0,2,Hong Kong SAR - Value of Banknotes and coins,2,E,A,,2013,34.0099,,F,A
A,HK,F,V,J,Z,Z,Z,Z,0,2,Hong Kong SAR - Value of Banknotes and coins,2,E,A,,2014,31.6574,,F,A
A,HK,F,V,J,Z,Z,Z,Z,0,2,Hong Kong SAR - Value of Banknotes and coins,2,E,A,,2015,29.6659,,F,A
A,HK,F,V,J,Z,Z,Z,Z,0,2,Hong Kong SAR - Value of Banknotes and coins,2,E,A,,2016,29.3992,,F,A
A,HK,F,V,J,Z,Z,Z,Z,0,2,Hong Kong SAR - Value of Banknotes and coins,2,E,A,,2017,29.296,,F,A
A,HK,F,V,J,Z,Z,Z,Z,0,2,Hong Kong SAR - Value of Banknotes and coins,2,E,A,,2018,31.9265,,F,A
A,HK,F,V,J,Z,Z,Z,Z,0,2,Hong Kong SAR - Value of Banknotes and coins,2,E,A,,2019,34.5612,,F,A
A,HK,F,V,J,Z,Z,Z,Z,0,2,Hong Kong SAR - Value of Banknotes and coins,2,E,A,,2020,29.0304,,F,A
A,HK,F,V,J,Z,Z,Z,Z,0,2,Hong Kong SAR - Value of Banknotes and coins,2,E,A,,2021,29.1513,,F,A
A,HK,F,V,J,Z,Z,Z,Z,0,2,Hong Kong SAR - Value of Banknotes and coins,2,E,A,,2022,36.2311,,F,A
A,HK,F,V,J,Z,Z,Z,Z,0,2,Hong Kong SAR - Value of Banknotes and coins,2,E,A,,2023,39.5075,,F,A
A,HK,F,V,J,Z,Z,Z,Z,0,2,Hong Kong SAR - Value of Banknotes and coins,2,E,A,,2024,39.5843,,F,A
A,SG,M,V,I,C,Z,Z,Z,0,8e,"Singapore - Value of Cashless payments, Direct debits",4,S,A,,2012,21.5963,,F,A
A,SG,M,V,I,C,Z,Z,Z,0,8e,"Singapore - Value of Cashless payments, Direct debits",4,S,A,,2013,22.1616,,F,A
A,SG,M,V,I,C,Z,Z,Z,0,8e,"Singapore - Value of Cashless payments, Direct debits",4,S,A,,2014,22.9655,,F,A
A,SG,M,V,I,C,Z,Z,Z,0,8e,"Singapore - Value of Cashless payments, Direct debits",4,S,A,,2015,22.9286,,F,A
A,SG,M,V,I,C,Z,Z,Z,0,8e,"Singapore - Value of Cashless payments, Direct debits",4,S,A,,2016,22.9627,,F,A
A,SG,M,V,I,C,Z,Z,Z,0,8e,"Singapore - Value of Cashless payments, Direct debits",4,S,A,,2017,22.2867,,F,A
A,SG,M,V,I,C,Z,Z,Z,0,8e,"Singapore - Value of Cashless payments, Direct debits",4,S,A,,2018,22.0002,,F,A
A,SG,M,V,I,C,Z,Z,Z,0,8e,"Singapore - Value of Cashless payments, Direct debits",4,S,A,,2019,21.981,,F,A
A,SG,M,V,I,C,Z,Z,Z,0,8e,"Singapore - Value of Cashless payments, Direct debits",4,S,A,,2020,20.7663,,F,A
A,SG,M,V,I,C,Z,Z,Z,0,8e,"Singapore - Value of Cashless payments, Direct debits",4,S,A,,2021,19.6647,,F,A
A,SG,M,V,I,C,Z,Z,Z,0,8e,"Singapore - Value of Cashless payments, Direct debits",4,S,A,,2022,18.4396,,F,A
A,SG,M,V,I,C,Z,Z,Z,0,8e,"Singapore - Value of Cashless payments, Direct debits",4,S,A,,2023,21.2915,,F,A
A,SG,M,V,I,C,Z,Z,Z,0,8e,"Singapore - Value of Cashless payments, Direct debits",4,S,A,,2024,22.0538,,F,A
A,SG,M,N,N,C,Z,Z,Z,6,6,"Singapore - Number of Cashless payments, Direct debits",2,S,A,,2012,56.45,,F,A
A,SG,M,N,N,C,Z,Z,Z,6,6,"Singapore - Number of Cashless payments, Direct debits",2,S,A,,2013,57.13,,F,A
A,SG,M,N,N,C,Z,Z,Z,6,6,"Singapore - Number of Cashless payments, Direct debits",2,S,A,,2014,57.18,,F,A
A,SG,M,N,N,C,Z,Z,Z,6,6,"Singapore - Number of Cashless payments, Direct debits",2,S,A,,2015,57.02,,F,A
A,SG,M,N,N,C,Z,Z,Z,6,6,"Singapore - Number of Cashless payments, Direct debits",2,S,A,,2016,57.7,,F,A
A,SG,M,N,N,C,Z,Z,Z,6,6,"Singapore - Number of Cashless payments, Direct debits",2,S,A,,2017,58.42,,F,A
A,SG,M,N,N,C,Z,Z,Z,6,6,"Singapore - Number of Cashless payments, Direct debits",2,S,A,,2018,59.52,,F,A
A,SG,M,N,N,C,Z,Z,Z,6,6,"Singapore - Number of Cashless payments, Direct debits",2,S,A,,2019,59.82,,F,A
A,SG,M,N,N,C,Z,Z,Z,6,6,"Singapore - Number of Cashless payments, Direct debits",2,S,A,,2020,56.916,,F,A
A,SG,M,N,N,C,Z,Z,Z,6,6,"Singapore - Number of Cashless payments, Direct debits",2,S,A,,2021,57.925,,F,A
A,SG,M,N,N,C,Z,Z,Z,6,6,"Singapore - Number of Cashless payments, Direct debits",2,S,A,,2022,60.325,,F,A
A,SG,M,N,N,C,Z,Z,Z,6,6,"Singapore - Number of Cashless payments, Direct debits",2,S,A,,2023,61.453,,F,A
A,SG,M,N,N,C,Z,Z,Z,6,6,"Singapore - Number of Cashless payments, Direct debits",2,S,A,,2024,62.466,,F,A
A,SG,M,V,I,E,Z,Z,Z,0,8e,"Singapore - Value of Cashless payments, All Card and e-money payments",4,S,A,,2012,18.8713,,F,A
A,SG,M,V,I,E,Z,Z,Z,0,8e,"Singapore - Value of Cashless payments, All Card and e-money payments",4,S,A,,2013,19.6804,,F,A
A,SG,M,V,I,E,Z,Z,Z,0,8e,"Singapore - Value of Cashless payments, All Card and e-money payments",4,S,A,,2014,20.1391,,F,A
A,SG,M,V,I,E,Z,Z,Z,0,8e,"Singapore - Value of Cashless payments, All Card and e-money payments",4,S,A,,2015,19.6825,,F,A
A,SG,M,V,I,E,Z,Z,Z,0,8e,"Singapore - Value of Cashless payments, All Card and e-money payments",4,S,A,,2016,19.9897,,F,A
A,SG,M,V,I,E,Z,Z,Z,0,8e,"Singapore - Value of Cashless payments, All Card and e-money payments",4,S,A,,2017,18.7082,,F,A
A,SG,M,V,I,E,Z,Z,Z,0,8e,"Singapore - Value of Cashless payments, All Card and e-money payments",4,S,A,,2018,19.8378,,F,A
A,SG,M,V,I,E,Z,Z,Z,0,8e,"Singapore - Value of Cashless payments, All Card and e-money payments",4,S,A,,2019,20.533,,F,A
A,SG,M,V,I,E,Z,Z,Z,0,8e,"Singapore - Value of Cashless payments, All Card and e-money payments",4,S,A,,2020,19.4065,,F,A
A,SG,M,V,I,E,Z,Z,Z,0,8e,"Singapore - Value of Cashless payments, All Card and e-money payments",4,S,A,,2021,17.9761,,F,A
A,SG,M,V,I,E,Z,Z,Z,0,8e,"Singapore - Value of Cashless payments, All Card and e-money payments",4,S,A,,2022,18.1521,,F,A
A,SG,M,V,I,E,Z,Z,Z,0,8e,"Singapore - Value of Cashless payments, All Card and e-money payments",4,S,A,,2023,21.2635,,F,A
A,SG,M,V,I,E,Z,Z,Z,0,8e,"Singapore - Value of Cashless payments, All Card and e-money payments",4,S,A,,2024,20.7026,,F,A
A,SG,U,N,Q,Z,Z,B,Z,0,14b,"Singapore - Number of Terminals, POS, EFTPOS",4,E,A,,2012,0.025523,,F,A
A,SG,U,N,Q,Z,Z,B,Z,0,14b,"Singapore - Number of Terminals, POS, EFTPOS",4,E,A,,2013,0.02711,,F,A
A,SG,U,N,Q,Z,Z,B,Z,0,14b,"Singapore - Number of Terminals, POS, EFTPOS",4,E,A,,2014,0.026279,,F,A
A,SG,U,N,Q,Z,Z,B,Z,0,14b,"Singapore - Number of Terminals, POS, EFTPOS",4,E,A,,2015,0.031096,,F,A
A,SG,U,N,Q,Z,Z,B,Z,0,14b,"Singapore - Number of Terminals, POS, EFTPOS",4,E,A,,2016,0.033219,,F,A
A,SG,U,N,Q,Z,Z,B,Z,0,14b,"Singapore - Number of Terminals, POS, EFTPOS",4,E,A,,2017,0.045553,,F,A
A,SG,U,N,Q,Z,Z,B,Z,0,14b,"Singapore - Number of Terminals, POS, EFTPOS",4,E,A,,2018,0.048175,,F,A
A,SG,U,N,Q,Z,Z,B,Z,0,14b,"Singapore - Number of Terminals, POS, EFTPOS",4,E,A,,2019,0.048214,,F,A
A,SG,U,N,Q,Z,Z,B,Z,0,14b,"Singapore - Number of Terminals, POS, EFTPOS",4,E,A,,2020,0.056281,,F,A
A,SG,U,N,Q,Z,Z,B,Z,0,14b,"Singapore - Number of Terminals, POS, EFTPOS",4,E,A,,2021,0.060509,,F,A
A,SG,U,N,Q,Z,Z,B,Z,0,14b,"Singapore - Number of Terminals, POS, EFTPOS",4,E,A,,2022,0.055442,,F,A
A,SG,U,N,Q,Z,Z,B,Z,0,14b,"Singapore - Number of Terminals, POS, EFTPOS",4,E,A,,2023,0.057088,,F,A
A,SG,U,N,Q,Z,Z,B,Z,0,14b,"Singapore - Number of Terminals, POS, EFTPOS",4,E,A,,2024,0.05925,,F,A
A,SG,M,N,N,E,Z,Z,Z,6,6,"Singapore - Number of Cashless payments, All Card and e-money payments",2,S,A,,2012,3250.413,,F,A
A,SG,M,N,N,E,Z,Z,Z,6,6,"Singapore - Number of Cashless payments, All Card and e-money payments",2,S,A,,2013,3594.608,,F,A
A,SG,M,N,N,E,Z,Z,Z,6,6,"Singapore - Number of Cashless payments, All Card and e-money payments",2,S,A,,2014,3719.119,,F,A
A,SG,M,N,N,E,Z,Z,Z,6,6,"Singapore - Number of Cashless payments, All Card and e-money payments",2,S,A,,2015,3845.603,,F,A
A,SG,M,N,N,E,Z,Z,Z,6,6,"Singapore - Number of Cashless payments, All Card and e-money payments",2,S,A,,2016,4064.116,,F,A
A,SG,M,N,N,E,Z,Z,Z,6,6,"Singapore - Number of Cashless payments, All Card and e-money payments",2,S,A,,2017,4189.006,,F,A
A,SG,M,N,N,E,Z,Z,Z,6,6,"Singapore - Number of Cashless payments, All Card and e-money payments",2,S,A,,2018,4466.03,,F,A
A,SG,M,N,N,E,Z,Z,Z,6,6,"Singapore - Number of Cashless payments, All Card and e-money payments",2,S,A,,2019,4586.095,,F,A
A,SG,M,N,N,E,Z,Z,Z,6,6,"Singapore - Number of Cashless payments, All Card and e-money payments",2,S,A,,2020,3474.463,,F,A
A,SG,M,N,N,E,Z,Z,Z,6,6,"Singapore - Number of Cashless payments, All Card and e-money payments",2,S,A,,2021,3712.591,,F,A
A,SG,M,N,N,E,Z,Z,Z,6,6,"Singapore - Number of Cashless payments, All Card and e-money payments",2,S,A,,2022,4014.199,,F,A
A,SG,M,N,N,E,Z,Z,Z,6,6,"Singapore - Number of Cashless payments, All Card and e-money payments",2,S,A,,2023,4205.238,,F,A
A,SG,M,N,N,E,Z,Z,Z,6,6,"Singapore - Number of Cashless payments, All Card and e-money payments",2,S,A,,2024,4321.343,,F,A
A,SG,M,V,A,D,Z,Z,Z,6,8,"Singapore - Value of Cashless payments, Cheques",3,S,A,,2012,555062.016,,F,A
A,SG,M,V,A,D,Z,Z,Z,6,8,"Singapore - Value of Cashless payments, Cheques",3,S,A,,2013,578946.2416,,F,A
A,SG,M,V,A,D,Z,Z,Z,6,8,"Singapore - Value of Cashless payments, Cheques",3,S,A,,2014,552985.1887,,F,A
A,SG,M,V,A,D,Z,Z,Z,6,8,"Singapore - Value of Cashless payments, Cheques",3,S,A,,2015,503358.0995,,F,A
A,SG,M,V,A,D,Z,Z,Z,6,8,"Singapore - Value of Cashless payments, Cheques",3,S,A,,2016,473793.5957,,F,A
A,SG,M,V,A,D,Z,Z,Z,6,8,"Singapore - Value of Cashless payments, Cheques",3,S,A,,2017,477270.2812,,F,A
A,SG,M,V,A,D,Z,Z,Z,6,8,"Singapore - Value of Cashless payments, Cheques",3,S,A,,2018,485019.6655,,F,A
A,SG,M,V,A,D,Z,Z,Z,6,8,"Singapore - Value of Cashless payments, Cheques",3,S,A,,2019,418130.1402,,F,A
A,SG,M,V,A,D,Z,Z,Z,6,8,"Singapore - Value of Cashless payments, Cheques",3,S,A,,2020,312481.9084,,F,A
A,SG,M,V,A,D,Z,Z,Z,6,8,"Singapore - Value of Cashless payments, Cheques",3,S,A,,2021,330049.01,,F,A
A,SG,M,V,A,D,Z,Z,Z,6,8,"Singapore - Value of Cashless payments, Cheques",3,S,A,,2022,305996.7415,,F,A
A,SG,M,V,A,D,Z,Z,Z,6,8,"Singapore - Value of Cashless payments, Cheques",3,S,A,,2023,291545.195,,F,A
A,SG,M,V,A,D,Z,Z,Z,6,8,"Singapore - Value of Cashless payments, Cheques",3,S,A,,2024,255911.0389,,F,A
A,SG,U,N,Q,Z,Z,E,Z,0,14b,"Singapore - Number of Terminals, ATMs, Cash withdrawal",4,E,A,,2012,0.00051224,,F,A
A,SG,U,N,Q,Z,Z,E,Z,0,14b,"Singapore - Number of Terminals, ATMs, Cash withdrawal",4,E,A,,2013,0.00050509,,F,A
A,SG,U,N,Q,Z,Z,E,Z,0,14b,"Singapore - Number of Terminals, ATMs, Cash withdrawal",4,E,A,,2014,0.00050073,,F,A
A,SG,U,N,Q,Z,Z,E,Z,0,14b,"Singapore - Number of Terminals, ATMs, Cash withdrawal",4,E,A,,2015,0.00050714,,F,A
A,SG,U,N,Q,Z,Z,E,Z,0,14b,"Singapore - Number of Terminals, ATMs, Cash withdrawal",4,E,A,,2016,0.00048939,,F,A
A,SG,U,N,Q,Z,Z,E,Z,0,14b,"Singapore - Number of Terminals, ATMs, Cash withdrawal",4,E,A,,2017,0.00055542,,F,A
A,SG,U,N,Q,Z,Z,E,Z,0,14b,"Singapore - Number of Terminals, ATMs, Cash withdrawal",4,E,A,,2018,0.00056659,,F,A
A,SG,U,N,Q,Z,Z,E,Z,0,14b,"Singapore - Number of Terminals, ATMs, Cash withdrawal",4,E,A,,2019,0.00051525,,F,A
A,SG,U,N,Q,Z,Z,E,Z,0,14b,"Singapore - Number of Terminals, ATMs, Cash withdrawal",4,E,A,,2020,0.00047362,,F,A
A,SG,U,N,Q,Z,Z,E,Z,0,14b,"Singapore - Number of Terminals, ATMs, Cash withdrawal",4,E,A,,2021,0.0004758,,F,A
A,SG,U,N,Q,Z,Z,E,Z,0,14b,"Singapore - Number of Terminals, ATMs, Cash withdrawal",4,E,A,,2022,0.00044953,,F,A
A,SG,U,N,Q,Z,Z,E,Z,0,14b,"Singapore - Number of Terminals, ATMs, Cash withdrawal",4,E,A,,2023,0.00041991,,F,A
A,SG,U,N,Q,Z,Z,E,Z,0,14b,"Singapore - Number of Terminals, ATMs, Cash withdrawal",4,E,A,,2024,0.00041511,,F,A
A,SG,U,N,Q,Z,Z,D,Z,0,14b,"Singapore - Number of Terminals, All ATMs",4,E,A,,2012,0.00051224,,F,A
A,SG,U,N,Q,Z,Z,D,Z,0,14b,"Singapore - Number of Terminals, All ATMs",4,E,A,,2013,0.00050509,,F,A
A,SG,U,N,Q,Z,Z,D,Z,0,14b,"Singapore - Number of Terminals, All ATMs",4,E,A,,2014,0.00050073,,F,A
A,SG,U,N,Q,Z,Z,D,Z,0,14b,"Singapore - Number of Terminals, All ATMs",4,E,A,,2015,0.00050714,,F,A
A,SG,U,N,Q,Z,Z,D,Z,0,14b,"Singapore - Number of Terminals, All ATMs",4,E,A,,2016,0.00048939,,F,A
A,SG,U,N,Q,Z,Z,D,Z,0,14b,"Singapore - Number of Terminals, All ATMs",4,E,A,,2017,0.00055542,,F,A
A,SG,U,N,Q,Z,Z,D,Z,0,14b,"Singapore - Number of Terminals, All ATMs",4,E,A,,2018,0.00056659,,F,A
A,SG,U,N,Q,Z,Z,D,Z,0,14b,"Singapore - Number of Terminals, All ATMs",4,E,A,,2019,0.00051525,,F,A
A,SG,U,N,Q,Z,Z,D,Z,0,14b,"Singapore - Number of Terminals, All ATMs",4,E,A,,2020,0.00047362,,F,A
A,SG,U,N,Q,Z,Z,D,Z,0,14b,"Singapore - Number of Terminals, All ATMs",4,E,A,,2021,0.0004758,,F,A
A,SG,U,N,Q,Z,Z,D,Z,0,14b,"Singapore - Number of Terminals, All ATMs",4,E,A,,2022,0.00044953,,F,A
A,SG,U,N,Q,Z,Z,D,Z,0,14b,"Singapore - Number of Terminals, All ATMs",4,E,A,,2023,0.00041991,,F,A
A,SG,U,N,Q,Z,Z,D,Z,0,14b,"Singapore - Number of Terminals, All ATMs",4,E,A,,2024,0.00041511,,F,A
A,SG,R,N,G,Z,C,Z,Z,0,10b,"Singapore - Number of Withdrawals/deposits, Cash withdrawals with cards issued inside the country, at locations inside the country",2,S,A,,2013,4.8482,,F,A
A,SG,R,N,G,Z,C,Z,Z,0,10b,"Singapore - Number of Withdrawals/deposits, Cash withdrawals with cards issued inside the country, at locations inside the country",2,S,A,,2014,-0.10885,,F,A
A,SG,R,N,G,Z,C,Z,Z,0,10b,"Singapore - Number of Withdrawals/deposits, Cash withdrawals with cards issued inside the country, at locations inside the country",2,S,A,,2015,0.11333,,F,A
A,SG,R,N,G,Z,C,Z,Z,0,10b,"Singapore - Number of Withdrawals/deposits, Cash withdrawals with cards issued inside the country, at locations inside the country",2,S,A,,2016,-1.4803,,F,A
A,SG,R,N,G,Z,C,Z,Z,0,10b,"Singapore - Number of Withdrawals/deposits, Cash withdrawals with cards issued inside the country, at locations inside the country",2,S,A,,2017,-3.836,,F,A
A,SG,R,N,G,Z,C,Z,Z,0,10b,"Singapore - Number of Withdrawals/deposits, Cash withdrawals with cards issued inside the country, at locations inside the country",2,S,A,,2018,-2.0358,,F,A
A,SG,R,N,G,Z,C,Z,Z,0,10b,"Singapore - Number of Withdrawals/deposits, Cash withdrawals with cards issued inside the country, at locations inside the country",2,S,A,,2019,-3.6966,,F,A
A,SG,R,N,G,Z,C,Z,Z,0,10b,"Singapore - Number of Withdrawals/deposits, Cash withdrawals with cards issued inside the country, at locations inside the country",2,S,A,,2020,-16.0753,,F,A
A,SG,R,N,G,Z,C,Z,Z,0,10b,"Singapore - Number of Withdrawals/deposits, Cash withdrawals with cards issued inside the country, at locations inside the country",2,S,A,,2021,-1.3936,,F,A
A,SG,R,N,G,Z,C,Z,Z,0,10b,"Singapore - Number of Withdrawals/deposits, Cash withdrawals with cards issued inside the country, at locations inside the country",2,S,A,,2022,2.0213,,F,A
A,SG,R,N,G,Z,C,Z,Z,0,10b,"Singapore - Number of Withdrawals/deposits, Cash withdrawals with cards issued inside the country, at locations inside the country",2,S,A,,2023,-1.2364,,F,A
A,SG,R,N,G,Z,C,Z,Z,0,10b,"Singapore - Number of Withdrawals/deposits, Cash withdrawals with cards issued inside the country, at locations inside the country",2,S,A,,2024,-7.8882,,F,A
A,SG,U,N,Q,Z,Z,G,Z,0,14b,"Singapore - Number of Terminals, ATMs, Credit transfer",4,E,A,,2012,0.00051224,,F,A
A,SG,U,N,Q,Z,Z,G,Z,0,14b,"Singapore - Number of Terminals, ATMs, Credit transfer",4,E,A,,2013,0.00050509,,F,A
A,SG,U,N,Q,Z,Z,G,Z,0,14b,"Singapore - Number of Terminals, ATMs, Credit transfer",4,E,A,,2014,0.00050073,,F,A
A,SG,U,N,Q,Z,Z,G,Z,0,14b,"Singapore - Number of Terminals, ATMs, Credit transfer",4,E,A,,2015,0.00050714,,F,A
A,SG,U,N,Q,Z,Z,G,Z,0,14b,"Singapore - Number of Terminals, ATMs, Credit transfer",4,E,A,,2016,0.00048939,,F,A
A,SG,U,N,Q,Z,Z,G,Z,0,14b,"Singapore - Number of Terminals, ATMs, Credit transfer",4,E,A,,2017,0.00055542,,F,A
A,SG,U,N,Q,Z,Z,G,Z,0,14b,"Singapore - Number of Terminals, ATMs, Credit transfer",4,E,A,,2018,0.00056659,,F,A
A,SG,U,N,Q,Z,Z,G,Z,0,14b,"Singapore - Number of Terminals, ATMs, Credit transfer",4,E,A,,2019,0.00051525,,F,A
A,SG,U,N,Q,Z,Z,G,Z,0,14b,"Singapore - Number of Terminals, ATMs, Credit transfer",4,E,A,,2020,0.00047362,,F,A
A,SG,U,N,Q,Z,Z,G,Z,0,14b,"Singapore - Number of Terminals, ATMs, Credit transfer",4,E,A,,2021,0.0004758,,F,A
A,SG,U,N,Q,Z,Z,G,Z,0,14b,"Singapore - Number of Terminals, ATMs, Credit transfer",4,E,A,,2022,0.00044953,,F,A
A,SG,U,N,Q,Z,Z,G,Z,0,14b,"Singapore - Number of Terminals, ATMs, Credit transfer",4,E,A,,2023,0.00041991,,F,A
A,SG,U,N,Q,Z,Z,G,Z,0,14b,"Singapore - Number of Terminals, ATMs, Credit transfer",4,E,A,,2024,0.00041511,,F,A
A,HK,N,V,S,A,Z,Z,Z,0,8g,"Hong Kong SAR - Value of Fast payments, All",2,S,A,,2012,NaN,,F,L
A,HK,N,V,S,A,Z,Z,Z,0,8g,"Hong Kong SAR - Value of Fast payments, All",2,S,A,,2013,NaN,,F,L
A,HK,N,V,S,A,Z,Z,Z,0,8g,"Hong Kong SAR - Value of Fast payments, All",2,S,A,,2014,NaN,,F,L
A,HK,N,V,S,A,Z,Z,Z,0,8g,"Hong Kong SAR - Value of Fast payments, All",2,S,A,,2015,NaN,,F,L
A,HK,N,V,S,A,Z,Z,Z,0,8g,"Hong Kong SAR - Value of Fast payments, All",2,S,A,,2016,NaN,,F,L
A,HK,N,V,S,A,Z,Z,Z,0,8g,"Hong Kong SAR - Value of Fast payments, All",2,S,A,,2017,NaN,,F,L
A,HK,N,V,S,A,Z,Z,Z,0,8g,"Hong Kong SAR - Value of Fast payments, All",2,S,A,,2018,3073.5802,,F,A
A,HK,N,V,S,A,Z,Z,Z,0,8g,"Hong Kong SAR - Value of Fast payments, All",2,S,A,,2019,2421.9726,,F,A
A,HK,N,V,S,A,Z,Z,Z,0,8g,"Hong Kong SAR - Value of Fast payments, All",2,S,A,,2020,1456.1497,,F,A
A,HK,N,V,S,A,Z,Z,Z,0,8g,"Hong Kong SAR - Value of Fast payments, All",2,S,A,,2021,1121.0329,,F,A
A,HK,N,V,S,A,Z,Z,Z,0,8g,"Hong Kong SAR - Value of Fast payments, All",2,S,A,,2022,974.5003,,F,A
A,HK,N,V,S,A,Z,Z,Z,0,8g,"Hong Kong SAR - Value of Fast payments, All",2,S,A,,2023,1105.6075,,F,A
A,HK,N,V,S,A,Z,Z,Z,0,8g,"Hong Kong SAR - Value of Fast payments, All",2,S,A,,2024,1214.6027,,F,A
A,SG,M,V,H,E,Z,Z,Z,0,8b,"Singapore - Value of Cashless payments, All Card and e-money payments",3,S,A,,2013,6.3267,,F,A
A,SG,M,V,H,E,Z,Z,Z,0,8b,"Singapore - Value of Cashless payments, All Card and e-money payments",3,S,A,,2014,4.9887,,F,A
A,SG,M,V,H,E,Z,Z,Z,0,8b,"Singapore - Value of Cashless payments, All Card and e-money payments",3,S,A,,2015,4.2785,,F,A
A,SG,M,V,H,E,Z,Z,Z,0,8b,"Singapore - Value of Cashless payments, All Card and e-money payments",3,S,A,,2016,6.206,,F,A
A,SG,M,V,H,E,Z,Z,Z,0,8b,"Singapore - Value of Cashless payments, All Card and e-money payments",3,S,A,,2017,0.11889,,F,A
A,SG,M,V,H,E,Z,Z,Z,0,8b,"Singapore - Value of Cashless payments, All Card and e-money payments",3,S,A,,2018,13.2783,,F,A
A,SG,M,V,H,E,Z,Z,Z,0,8b,"Singapore - Value of Cashless payments, All Card and e-money payments",3,S,A,,2019,3.8611,,F,A
A,SG,M,V,H,E,Z,Z,Z,0,8b,"Singapore - Value of Cashless payments, All Card and e-money payments",3,S,A,,2020,-11.1142,,F,A
A,SG,M,V,H,E,Z,Z,Z,0,8b,"Singapore - Value of Cashless payments, All Card and e-money payments",3,S,A,,2021,10.2257,,F,A
A,SG,M,V,H,E,Z,Z,Z,0,8b,"Singapore - Value of Cashless payments, All Card and e-money payments",3,S,A,,2022,13.8345,,F,A
A,SG,M,V,H,E,Z,Z,Z,0,8b,"Singapore - Value of Cashless payments, All Card and e-money payments",3,S,A,,2023,8.0647,,F,A
A,SG,M,V,H,E,Z,Z,Z,0,8b,"Singapore - Value of Cashless payments, All Card and e-money payments",3,S,A,,2024,2.4804,,F,A
A,SG,M,V,H,C,Z,Z,Z,0,8b,"Singapore - Value of Cashless payments, Direct debits",3,S,A,,2012,3.7508,,F,A
A,SG,M,V,H,C,Z,Z,Z,0,8b,"Singapore - Value of Cashless payments, Direct debits",3,S,A,,2013,4.6239,,F,A
A,SG,M,V,H,C,Z,Z,Z,0,8b,"Singapore - Value of Cashless payments, Direct debits",3,S,A,,2014,6.3198,,F,A
A,SG,M,V,H,C,Z,Z,Z,0,8b,"Singapore - Value of Cashless payments, Direct debits",3,S,A,,2015,6.5257,,F,A
A,SG,M,V,H,C,Z,Z,Z,0,8b,"Singapore - Value of Cashless payments, Direct debits",3,S,A,,2016,4.7295,,F,A
A,SG,M,V,H,C,Z,Z,Z,0,8b,"Singapore - Value of Cashless payments, Direct debits",3,S,A,,2017,3.8276,,F,A
A,SG,M,V,H,C,Z,Z,Z,0,8b,"Singapore - Value of Cashless payments, Direct debits",3,S,A,,2018,5.4545,,F,A
A,SG,M,V,H,C,Z,Z,Z,0,8b,"Singapore - Value of Cashless payments, Direct debits",3,S,A,,2019,0.25686,,F,A
A,SG,M,V,H,C,Z,Z,Z,0,8b,"Singapore - Value of Cashless payments, Direct debits",3,S,A,,2020,-11.1514,,F,A
A,SG,M,V,H,C,Z,Z,Z,0,8b,"Singapore - Value of Cashless payments, Direct debits",3,S,A,,2021,12.6842,,F,A
A,SG,M,V,H,C,Z,Z,Z,0,8b,"Singapore - Value of Cashless payments, Direct debits",3,S,A,,2022,5.7077,,F,A
A,SG,M,V,H,C,Z,Z,Z,0,8b,"Singapore - Value of Cashless payments, Direct debits",3,S,A,,2023,6.5201,,F,A
A,SG,M,V,H,C,Z,Z,Z,0,8b,"Singapore - Value of Cashless payments, Direct debits",3,S,A,,2024,9.0255,,F,A
A,HK,M,N,N,F,Z,Z,Z,6,6,"Hong Kong SAR - Number of Cashless payments, Card and e-money payments, by card with a debit function",2,S,A,,2012,112.229,,F,A
A,HK,M,N,N,F,Z,Z,Z,6,6,"Hong Kong SAR - Number of Cashless payments, Card and e-money payments, by card with a debit function",2,S,A,,2013,114.098,,F,A
A,HK,M,N,N,F,Z,Z,Z,6,6,"Hong Kong SAR - Number of Cashless payments, Card and e-money payments, by card with a debit function",2,S,A,,2014,118.339,,F,A
A,HK,M,N,N,F,Z,Z,Z,6,6,"Hong Kong SAR - Number of Cashless payments, Card and e-money payments, by card with a debit function",2,S,A,,2015,126.081,,F,A
A,HK,M,N,N,F,Z,Z,Z,6,6,"Hong Kong SAR - Number of Cashless payments, Card and e-money payments, by card with a debit function",2,S,A,,2016,133.263,,F,A
A,HK,M,N,N,F,Z,Z,Z,6,6,"Hong Kong SAR - Number of Cashless payments, Card and e-money payments, by card with a debit function",2,S,A,,2017,136.299,,F,A
A,HK,M,N,N,F,Z,Z,Z,6,6,"Hong Kong SAR - Number of Cashless payments, Card and e-money payments, by card with a debit function",2,S,A,,2018,141.835,,F,A
A,HK,M,N,N,F,Z,Z,Z,6,6,"Hong Kong SAR - Number of Cashless payments, Card and e-money payments, by card with a debit function",2,S,A,,2019,161.501,,F,A
A,HK,M,N,N,F,Z,Z,Z,6,6,"Hong Kong SAR - Number of Cashless payments, Card and e-money payments, by card with a debit function",2,S,A,,2020,148.322,,F,A
A,HK,M,N,N,F,Z,Z,Z,6,6,"Hong Kong SAR - Number of Cashless payments, Card and e-money payments, by card with a debit function",2,S,A,,2021,169.776,,F,A
A,HK,M,N,N,F,Z,Z,Z,6,6,"Hong Kong SAR - Number of Cashless payments, Card and e-money payments, by card with a debit function",2,S,A,,2022,181.378,,F,A
A,HK,M,N,N,F,Z,Z,Z,6,6,"Hong Kong SAR - Number of Cashless payments, Card and e-money payments, by card with a debit function",2,S,A,,2023,185.292,,F,A
A,HK,M,N,N,F,Z,Z,Z,6,6,"Hong Kong SAR - Number of Cashless payments, Card and e-money payments, by card with a debit function",2,S,A,,2024,209.598,,F,A
A,SG,U,N,Q,Z,Z,A,Z,0,14b,"Singapore - Number of Terminals, All POS",4,E,A,,2012,0.025523,,F,A
A,SG,U,N,Q,Z,Z,A,Z,0,14b,"Singapore - Number of Terminals, All POS",4,E,A,,2013,0.02711,,F,A
A,SG,U,N,Q,Z,Z,A,Z,0,14b,"Singapore - Number of Terminals, All POS",4,E,A,,2014,0.026279,,F,A
A,SG,U,N,Q,Z,Z,A,Z,0,14b,"Singapore - Number of Terminals, All POS",4,E,A,,2015,0.031096,,F,A
A,SG,U,N,Q,Z,Z,A,Z,0,14b,"Singapore - Number of Terminals, All POS",4,E,A,,2016,0.033219,,F,A
A,SG,U,N,Q,Z,Z,A,Z,0,14b,"Singapore - Number of Terminals, All POS",4,E,A,,2017,0.045553,,F,A
A,SG,U,N,Q,Z,Z,A,Z,0,14b,"Singapore - Number of Terminals, All POS",4,E,A,,2018,0.048175,,F,A
A,SG,U,N,Q,Z,Z,A,Z,0,14b,"Singapore - Number of Terminals, All POS",4,E,A,,2019,0.048214,,F,A
A,SG,U,N,Q,Z,Z,A,Z,0,14b,"Singapore - Number of Terminals, All POS",4,E,A,,2020,0.056281,,F,A
A,SG,U,N,Q,Z,Z,A,Z,0,14b,"Singapore - Number of Terminals, All POS",4,E,A,,2021,0.060509,,F,A
A,SG,U,N,Q,Z,Z,A,Z,0,14b,"Singapore - Number of Terminals, All POS",4,E,A,,2022,0.055442,,F,A
A,SG,U,N,Q,Z,Z,A,Z,0,14b,"Singapore - Number of Terminals, All POS",4,E,A,,2023,0.057088,,F,A
A,SG,U,N,Q,Z,Z,A,Z,0,14b,"Singapore - Number of Terminals, All POS",4,E,A,,2024,0.05925,,F,A
A,HK,M,V,S,I,Z,Z,Z,0,8c,"Hong Kong SAR - Value of Cashless payments, Card and e-money payments, e-money payments",2,S,A,,2012,NaN,,F,L
A,HK,M,V,S,I,Z,Z,Z,0,8c,"Hong Kong SAR - Value of Cashless payments, Card and e-money payments, e-money payments",2,S,A,,2013,NaN,,F,L
A,HK,M,V,S,I,Z,Z,Z,0,8c,"Hong Kong SAR - Value of Cashless payments, Card and e-money payments, e-money payments",2,S,A,,2014,NaN,,F,L
A,HK,M,V,S,I,Z,Z,Z,0,8c,"Hong Kong SAR - Value of Cashless payments, Card and e-money payments, e-money payments",2,S,A,,2015,NaN,,F,L
A,HK,M,V,S,I,Z,Z,Z,0,8c,"Hong Kong SAR - Value of Cashless payments, Card and e-money payments, e-money payments",2,S,A,,2016,NaN,,F,L
A,HK,M,V,S,I,Z,Z,Z,0,8c,"Hong Kong SAR - Value of Cashless payments, Card and e-money payments, e-money payments",2,S,A,,2017,3.0704,,F,A
A,HK,M,V,S,I,Z,Z,Z,0,8c,"Hong Kong SAR - Value of Cashless payments, Card and e-money payments, e-money payments",2,S,A,,2018,3.6203,,F,A
A,HK,M,V,S,I,Z,Z,Z,0,8c,"Hong Kong SAR - Value of Cashless payments, Card and e-money payments, e-money payments",2,S,A,,2019,4.1063,,F,A
A,HK,M,V,S,I,Z,Z,Z,0,8c,"Hong Kong SAR - Value of Cashless payments, Card and e-money payments, e-money payments",2,S,A,,2020,5.4774,,F,A
A,HK,M,V,S,I,Z,Z,Z,0,8c,"Hong Kong SAR - Value of Cashless payments, Card and e-money payments, e-money payments",2,S,A,,2021,8.8641,,F,A
A,HK,M,V,S,I,Z,Z,Z,0,8c,"Hong Kong SAR - Value of Cashless payments, Card and e-money payments, e-money payments",2,S,A,,2022,10.7333,,F,A
A,HK,M,V,S,I,Z,Z,Z,0,8c,"Hong Kong SAR - Value of Cashless payments, Card and e-money payments, e-money payments",2,S,A,,2023,10.5078,,F,A
A,HK,M,V,S,I,Z,Z,Z,0,8c,"Hong Kong SAR - Value of Cashless payments, Card and e-money payments, e-money payments",2,S,A,,2024,11.8356,,F,A
A,SG,M,V,T,A,Z,Z,Z,6,7,"Singapore - Value of Cashless payments, All",3,S,A,,2012,2314.7369,,F,A
A,SG,M,V,T,A,Z,Z,Z,6,7,"Singapore - Value of Cashless payments, All",3,S,A,,2013,2446.2538,,F,A
A,SG,M,V,T,A,Z,Z,Z,6,7,"Singapore - Value of Cashless payments, All",3,S,A,,2014,2413.0423,,F,A
A,SG,M,V,T,A,Z,Z,Z,6,7,"Singapore - Value of Cashless payments, All",3,S,A,,2015,2327.6979,,F,A
A,SG,M,V,T,A,Z,Z,Z,6,7,"Singapore - Value of Cashless payments, All",3,S,A,,2016,2317.769,,F,A
A,SG,M,V,T,A,Z,Z,Z,6,7,"Singapore - Value of Cashless payments, All",3,S,A,,2017,2402.5039,,F,A
A,SG,M,V,T,A,Z,Z,Z,6,7,"Singapore - Value of Cashless payments, All",3,S,A,,2018,2603.3318,,F,A
A,SG,M,V,T,A,Z,Z,Z,6,7,"Singapore - Value of Cashless payments, All",3,S,A,,2019,2560.9474,,F,A
A,SG,M,V,T,A,Z,Z,Z,6,7,"Singapore - Value of Cashless payments, All",3,S,A,,2020,2361.4447,,F,A
A,SG,M,V,T,A,Z,Z,Z,6,7,"Singapore - Value of Cashless payments, All",3,S,A,,2021,2743.9315,,F,A
A,SG,M,V,T,A,Z,Z,Z,6,7,"Singapore - Value of Cashless payments, All",3,S,A,,2022,2979.8429,,F,A
A,SG,M,V,T,A,Z,Z,Z,6,7,"Singapore - Value of Cashless payments, All",3,S,A,,2023,3353.318,,F,A
A,SG,M,V,T,A,Z,Z,Z,6,7,"Singapore - Value of Cashless payments, All",3,S,A,,2024,3748.5347,,F,A
A,SG,M,N,Q,D,Z,Z,Z,0,6c,"Singapore - Number of Cashless payments, Cheques",3,S,A,,2012,14.0361,,F,A
A,SG,M,N,Q,D,Z,Z,Z,0,6c,"Singapore - Number of Cashless payments, Cheques",3,S,A,,2013,13.3784,,F,A
A,SG,M,N,Q,D,Z,Z,Z,0,6c,"Singapore - Number of Cashless payments, Cheques",3,S,A,,2014,12.6892,,F,A
A,SG,M,N,Q,D,Z,Z,Z,0,6c,"Singapore - Number of Cashless payments, Cheques",3,S,A,,2015,11.8771,,F,A
A,SG,M,N,Q,D,Z,Z,Z,0,6c,"Singapore - Number of Cashless payments, Cheques",3,S,A,,2016,11.0433,,F,A
A,SG,M,N,Q,D,Z,Z,Z,0,6c,"Singapore - Number of Cashless payments, Cheques",3,S,A,,2017,10.1604,,F,A
A,SG,M,N,Q,D,Z,Z,Z,0,6c,"Singapore - Number of Cashless payments, Cheques",3,S,A,,2018,9.1754,,F,A
A,SG,M,N,Q,D,Z,Z,Z,0,6c,"Singapore - Number of Cashless payments, Cheques",3,S,A,,2019,8.0757,,F,A
A,SG,M,N,Q,D,Z,Z,Z,0,6c,"Singapore - Number of Cashless payments, Cheques",3,S,A,,2020,5.4868,,F,A
A,SG,M,N,Q,D,Z,Z,Z,0,6c,"Singapore - Number of Cashless payments, Cheques",3,S,A,,2021,4.4279,,F,A
A,SG,M,N,Q,D,Z,Z,Z,0,6c,"Singapore - Number of Cashless payments, Cheques",3,S,A,,2022,3.3312,,F,A
A,SG,M,N,Q,D,Z,Z,Z,0,6c,"Singapore - Number of Cashless payments, Cheques",3,S,A,,2023,2.3815,,F,A
A,SG,M,N,Q,D,Z,Z,Z,0,6c,"Singapore - Number of Cashless payments, Cheques",3,S,A,,2024,1.4315,,F,A
A,SG,M,N,G,F,Z,Z,Z,0,6b,"Singapore - Number of Cashless payments, Card and e-money payments, by card with a debit function",3,S,A,,2012,6.1027,,F,A
A,SG,M,N,G,F,Z,Z,Z,0,6b,"Singapore - Number of Cashless payments, Card and e-money payments, by card with a debit function",3,S,A,,2013,9.7292,,F,A
A,SG,M,N,G,F,Z,Z,Z,0,6b,"Singapore - Number of Cashless payments, Card and e-money payments, by card with a debit function",3,S,A,,2014,13.8403,,F,A
A,SG,M,N,G,F,Z,Z,Z,0,6b,"Singapore - Number of Cashless payments, Card and e-money payments, by card with a debit function",3,S,A,,2015,2.7357,,F,A
A,SG,M,N,G,F,Z,Z,Z,0,6b,"Singapore - Number of Cashless payments, Card and e-money payments, by card with a debit function",3,S,A,,2016,15.1923,,F,A
A,SG,M,N,G,F,Z,Z,Z,0,6b,"Singapore - Number of Cashless payments, Card and e-money payments, by card with a debit function",3,S,A,,2017,17.1765,,F,A
A,SG,M,N,G,F,Z,Z,Z,0,6b,"Singapore - Number of Cashless payments, Card and e-money payments, by card with a debit function",3,S,A,,2018,21.382,,F,A
A,SG,M,N,G,F,Z,Z,Z,0,6b,"Singapore - Number of Cashless payments, Card and e-money payments, by card with a debit function",3,S,A,,2019,16.4043,,F,A
A,SG,M,N,G,F,Z,Z,Z,0,6b,"Singapore - Number of Cashless payments, Card and e-money payments, by card with a debit function",3,S,A,,2020,6.5052,,F,A
A,SG,M,N,G,F,Z,Z,Z,0,6b,"Singapore - Number of Cashless payments, Card and e-money payments, by card with a debit function",3,S,A,,2021,25.4784,,F,A
A,SG,M,N,G,F,Z,Z,Z,0,6b,"Singapore - Number of Cashless payments, Card and e-money payments, by card with a debit function",3,S,A,,2022,12.7707,,F,A
A,SG,M,N,G,F,Z,Z,Z,0,6b,"Singapore - Number of Cashless payments, Card and e-money payments, by card with a debit function",3,S,A,,2023,20.0583,,F,A
A,SG,M,N,G,F,Z,Z,Z,0,6b,"Singapore - Number of Cashless payments, Card and e-money payments, by card with a debit function",3,S,A,,2024,15.922,,F,A
A,SG,R,V,S,Z,C,Z,Z,0,12c,"Singapore - Value of Withdrawals/deposits, Cash withdrawals with cards issued inside the country, at locations inside the country",3,S,A,,2012,215.9015,,F,A
A,SG,R,V,S,Z,C,Z,Z,0,12c,"Singapore - Value of Withdrawals/deposits, Cash withdrawals with cards issued inside the country, at locations inside the country",3,S,A,,2013,223.8289,,F,A
A,SG,R,V,S,Z,C,Z,Z,0,12c,"Singapore - Value of Withdrawals/deposits, Cash withdrawals with cards issued inside the country, at locations inside the country",3,S,A,,2014,224.378,,F,A
A,SG,R,V,S,Z,C,Z,Z,0,12c,"Singapore - Value of Withdrawals/deposits, Cash withdrawals with cards issued inside the country, at locations inside the country",3,S,A,,2015,208.265,,F,A
A,SG,R,V,S,Z,C,Z,Z,0,12c,"Singapore - Value of Withdrawals/deposits, Cash withdrawals with cards issued inside the country, at locations inside the country",3,S,A,,2016,207.8905,,F,A
A,SG,R,V,S,Z,C,Z,Z,0,12c,"Singapore - Value of Withdrawals/deposits, Cash withdrawals with cards issued inside the country, at locations inside the country",3,S,A,,2017,213.2141,,F,A
A,SG,R,V,S,Z,C,Z,Z,0,12c,"Singapore - Value of Withdrawals/deposits, Cash withdrawals with cards issued inside the country, at locations inside the country",3,S,A,,2018,221.9331,,F,A
A,SG,R,V,S,Z,C,Z,Z,0,12c,"Singapore - Value of Withdrawals/deposits, Cash withdrawals with cards issued inside the country, at locations inside the country",3,S,A,,2019,217.9843,,F,A
A,SG,R,V,S,Z,C,Z,Z,0,12c,"Singapore - Value of Withdrawals/deposits, Cash withdrawals with cards issued inside the country, at locations inside the country",3,S,A,,2020,205.5329,,F,A
A,SG,R,V,S,Z,C,Z,Z,0,12c,"Singapore - Value of Withdrawals/deposits, Cash withdrawals with cards issued inside the country, at locations inside the country",3,S,A,,2021,211.2702,,F,A
A,SG,R,V,S,Z,C,Z,Z,0,12c,"Singapore - Value of Withdrawals/deposits, Cash withdrawals with cards issued inside the country, at locations inside the country",3,S,A,,2022,235.3755,,F,A
A,SG,R,V,S,Z,C,Z,Z,0,12c,"Singapore - Value of Withdrawals/deposits, Cash withdrawals with cards issued inside the country, at locations inside the country",3,S,A,,2023,257.0893,,F,A
A,SG,R,V,S,Z,C,Z,Z,0,12c,"Singapore - Value of Withdrawals/deposits, Cash withdrawals with cards issued inside the country, at locations inside the country",3,S,A,,2024,261.7497,,F,A
A,HK,M,N,G,I,Z,Z,Z,0,6b,"Hong Kong SAR - Number of Cashless payments, Card and e-money payments, e-money payments",3,S,A,,2012,NaN,,F,L
A,HK,M,N,G,I,Z,Z,Z,0,6b,"Hong Kong SAR - Number of Cashless payments, Card and e-money payments, e-money payments",3,S,A,,2013,NaN,,F,L
A,HK,M,N,G,I,Z,Z,Z,0,6b,"Hong Kong SAR - Number of Cashless payments, Card and e-money payments, e-money payments",3,S,A,,2014,NaN,,F,L
A,HK,M,N,G,I,Z,Z,Z,0,6b,"Hong Kong SAR - Number of Cashless payments, Card and e-money payments, e-money payments",3,S,A,,2015,NaN,,F,L
A,HK,M,N,G,I,Z,Z,Z,0,6b,"Hong Kong SAR - Number of Cashless payments, Card and e-money payments, e-money payments",3,S,A,,2016,NaN,,F,L
A,HK,M,N,G,I,Z,Z,Z,0,6b,"Hong Kong SAR - Number of Cashless payments, Card and e-money payments, e-money payments",3,S,A,,2017,NaN,,F,L
A,HK,M,N,G,I,Z,Z,Z,0,6b,"Hong Kong SAR - Number of Cashless payments, Card and e-money payments, e-money payments",3,S,A,,2018,8.0379,,F,A
A,HK,M,N,G,I,Z,Z,Z,0,6b,"Hong Kong SAR - Number of Cashless payments, Card and e-money payments, e-money payments",3,S,A,,2019,2.7561,,F,A
A,HK,M,N,G,I,Z,Z,Z,0,6b,"Hong Kong SAR - Number of Cashless payments, Card and e-money payments, e-money payments",3,S,A,,2020,-16.8425,,F,A
A,HK,M,N,G,I,Z,Z,Z,0,6b,"Hong Kong SAR - Number of Cashless payments, Card and e-money payments, e-money payments",3,S,A,,2021,31.1131,,F,A
A,HK,M,N,G,I,Z,Z,Z,0,6b,"Hong Kong SAR - Number of Cashless payments, Card and e-money payments, e-money payments",3,S,A,,2022,1.4483,,F,A
A,HK,M,N,G,I,Z,Z,Z,0,6b,"Hong Kong SAR - Number of Cashless payments, Card and e-money payments, e-money payments",3,S,A,,2023,12.3678,,F,A
A,HK,M,N,G,I,Z,Z,Z,0,6b,"Hong Kong SAR - Number of Cashless payments, Card and e-money payments, e-money payments",3,S,A,,2024,4.6891,,F,A
A,SG,F,V,J,Z,Z,Z,Z,0,2,Singapore - Value of Banknotes and coins,2,E,A,,2012,20.6902,,F,A
A,SG,F,V,J,Z,Z,Z,Z,0,2,Singapore - Value of Banknotes and coins,2,E,A,,2013,20.4751,,F,A
A,SG,F,V,J,Z,Z,Z,Z,0,2,Singapore - Value of Banknotes and coins,2,E,A,,2014,21.4826,,F,A
A,SG,F,V,J,Z,Z,Z,Z,0,2,Singapore - Value of Banknotes and coins,2,E,A,,2015,23.9533,,F,A
A,SG,F,V,J,Z,Z,Z,Z,0,2,Singapore - Value of Banknotes and coins,2,E,A,,2016,24.6062,,F,A
A,SG,F,V,J,Z,Z,Z,Z,0,2,Singapore - Value of Banknotes and coins,2,E,A,,2017,24.9244,,F,A
A,SG,F,V,J,Z,Z,Z,Z,0,2,Singapore - Value of Banknotes and coins,2,E,A,,2018,25.9373,,F,A
A,SG,F,V,J,Z,Z,Z,Z,0,2,Singapore - Value of Banknotes and coins,2,E,A,,2019,26.7328,,F,A
A,SG,F,V,J,Z,Z,Z,Z,0,2,Singapore - Value of Banknotes and coins,2,E,A,,2020,22.0403,,F,A
A,SG,F,V,J,Z,Z,Z,Z,0,2,Singapore - Value of Banknotes and coins,2,E,A,,2021,21.0648,,F,A
A,SG,F,V,J,Z,Z,Z,Z,0,2,Singapore - Value of Banknotes and coins,2,E,A,,2022,24.7263,,F,A
A,SG,F,V,J,Z,Z,Z,Z,0,2,Singapore - Value of Banknotes and coins,2,E,A,,2023,24.7314,,F,A
A,SG,F,V,J,Z,Z,Z,Z,0,2,Singapore - Value of Banknotes and coins,2,E,A,,2024,23.4264,,F,A
A,HK,M,V,I,F,Z,Z,Z,0,8e,"Hong Kong SAR - Value of Cashless payments, Card and e-money payments, by card with a debit function",4,S,A,,2012,10.8709,,F,A
A,HK,M,V,I,F,Z,Z,Z,0,8e,"Hong Kong SAR - Value of Cashless payments, Card and e-money payments, by card with a debit function",4,S,A,,2013,10.9306,,F,A
A,HK,M,V,I,F,Z,Z,Z,0,8e,"Hong Kong SAR - Value of Cashless payments, Card and e-money payments, by card with a debit function",4,S,A,,2014,10.9656,,F,A
A,HK,M,V,I,F,Z,Z,Z,0,8e,"Hong Kong SAR - Value of Cashless payments, Card and e-money payments, by card with a debit function",4,S,A,,2015,11.39,,F,A
A,HK,M,V,I,F,Z,Z,Z,0,8e,"Hong Kong SAR - Value of Cashless payments, Card and e-money payments, by card with a debit function",4,S,A,,2016,11.4143,,F,A
A,HK,M,V,I,F,Z,Z,Z,0,8e,"Hong Kong SAR - Value of Cashless payments, Card and e-money payments, by card with a debit function",4,S,A,,2017,11.3979,,F,A
A,HK,M,V,I,F,Z,Z,Z,0,8e,"Hong Kong SAR - Value of Cashless payments, Card and e-money payments, by card with a debit function",4,S,A,,2018,11.749,,F,A
A,HK,M,V,I,F,Z,Z,Z,0,8e,"Hong Kong SAR - Value of Cashless payments, Card and e-money payments, by card with a debit function",4,S,A,,2019,11.9401,,F,A
A,HK,M,V,I,F,Z,Z,Z,0,8e,"Hong Kong SAR - Value of Cashless payments, Card and e-money payments, by card with a debit function",4,S,A,,2020,11.4293,,F,A
A,HK,M,V,I,F,Z,Z,Z,0,8e,"Hong Kong SAR - Value of Cashless payments, Card and e-money payments, by card with a debit function",4,S,A,,2021,10.4728,,F,A
A,HK,M,V,I,F,Z,Z,Z,0,8e,"Hong Kong SAR - Value of Cashless payments, Card and e-money payments, by card with a debit function",4,S,A,,2022,10.2182,,F,A
A,HK,M,V,I,F,Z,Z,Z,0,8e,"Hong Kong SAR - Value of Cashless payments, Card and e-money payments, by card with a debit function",4,S,A,,2023,9.6758,,F,A
A,HK,M,V,I,F,Z,Z,Z,0,8e,"Hong Kong SAR - Value of Cashless payments, Card and e-money payments, by card with a debit function",4,S,A,,2024,8.9277,,F,A
A,SG,M,V,L,F,Z,Z,Z,0,8a,"Singapore - Value of Cashless payments, Card and e-money payments, by card with a debit function",3,S,A,,2012,2.7296,,F,A
A,SG,M,V,L,F,Z,Z,Z,0,8a,"Singapore - Value of Cashless payments, Card and e-money payments, by card with a debit function",3,S,A,,2013,2.7549,,F,A
A,SG,M,V,L,F,Z,Z,Z,0,8a,"Singapore - Value of Cashless payments, Card and e-money payments, by card with a debit function",3,S,A,,2014,2.8871,,F,A
A,SG,M,V,L,F,Z,Z,Z,0,8a,"Singapore - Value of Cashless payments, Card and e-money payments, by card with a debit function",3,S,A,,2015,2.7904,,F,A
A,SG,M,V,L,F,Z,Z,Z,0,8a,"Singapore - Value of Cashless payments, Card and e-money payments, by card with a debit function",3,S,A,,2016,2.9708,,F,A
A,SG,M,V,L,F,Z,Z,Z,0,8a,"Singapore - Value of Cashless payments, Card and e-money payments, by card with a debit function",3,S,A,,2017,2.6235,,F,A
A,SG,M,V,L,F,Z,Z,Z,0,8a,"Singapore - Value of Cashless payments, Card and e-money payments, by card with a debit function",3,S,A,,2018,2.781,,F,A
A,SG,M,V,L,F,Z,Z,Z,0,8a,"Singapore - Value of Cashless payments, Card and e-money payments, by card with a debit function",3,S,A,,2019,2.7721,,F,A
A,SG,M,V,L,F,Z,Z,Z,0,8a,"Singapore - Value of Cashless payments, Card and e-money payments, by card with a debit function",3,S,A,,2020,2.9312,,F,A
A,SG,M,V,L,F,Z,Z,Z,0,8a,"Singapore - Value of Cashless payments, Card and e-money payments, by card with a debit function",3,S,A,,2021,2.9159,,F,A
A,SG,M,V,L,F,Z,Z,Z,0,8a,"Singapore - Value of Cashless payments, Card and e-money payments, by card with a debit function",3,S,A,,2022,3.0968,,F,A
A,SG,M,V,L,F,Z,Z,Z,0,8a,"Singapore - Value of Cashless payments, Card and e-money payments, by card with a debit function",3,S,A,,2023,2.9698,,F,A
A,SG,M,V,L,F,Z,Z,Z,0,8a,"Singapore - Value of Cashless payments, Card and e-money payments, by card with a debit function",3,S,A,,2024,2.7089,,F,A
A,SG,M,N,T,B,Z,Z,Z,3,6d,"Singapore - Number of Cashless payments, Credit transfers",0,S,A,,2012,109,,F,A
A,SG,M,N,T,B,Z,Z,Z,3,6d,"Singapore - Number of Cashless payments, Credit transfers",0,S,A,,2013,117,,F,A
A,SG,M,N,T,B,Z,Z,Z,3,6d,"Singapore - Number of Cashless payments, Credit transfers",0,S,A,,2014,111,,F,A
A,SG,M,N,T,B,Z,Z,Z,3,6d,"Singapore - Number of Cashless payments, Credit transfers",0,S,A,,2015,167,,F,A
A,SG,M,N,T,B,Z,Z,Z,3,6d,"Singapore - Number of Cashless payments, Credit transfers",0,S,A,,2016,197,,F,A
A,SG,M,N,T,B,Z,Z,Z,3,6d,"Singapore - Number of Cashless payments, Credit transfers",0,S,A,,2017,237,,F,A
A,SG,M,N,T,B,Z,Z,Z,3,6d,"Singapore - Number of Cashless payments, Credit transfers",0,S,A,,2018,300,,F,A
A,SG,M,N,T,B,Z,Z,Z,3,6d,"Singapore - Number of Cashless payments, Credit transfers",0,S,A,,2019,399,,F,A
A,SG,M,N,T,B,Z,Z,Z,3,6d,"Singapore - Number of Cashless payments, Credit transfers",0,S,A,,2020,544,,F,A
A,SG,M,N,T,B,Z,Z,Z,3,6d,"Singapore - Number of Cashless payments, Credit transfers",0,S,A,,2021,754,,F,A
A,SG,M,N,T,B,Z,Z,Z,3,6d,"Singapore - Number of Cashless payments, Credit transfers",0,S,A,,2022,947,,F,A
A,SG,M,N,T,B,Z,Z,Z,3,6d,"Singapore - Number of Cashless payments, Credit transfers",0,S,A,,2023,1196,,F,A
A,SG,M,N,T,B,Z,Z,Z,3,6d,"Singapore - Number of Cashless payments, Credit transfers",0,S,A,,2024,1536,,F,A
A,SG,M,V,T,H,Z,Z,Z,6,8f,"Singapore - Value of Cashless payments, Card and e-money payments, by card with a credit function",3,S,A,,2012,84.2227,,F,A
A,SG,M,V,T,H,Z,Z,Z,6,8f,"Singapore - Value of Cashless payments, Card and e-money payments, by card with a credit function",3,S,A,,2013,93.095,,F,A
A,SG,M,V,T,H,Z,Z,Z,6,8f,"Singapore - Value of Cashless payments, Card and e-money payments, by card with a credit function",3,S,A,,2014,98.4793,,F,A
A,SG,M,V,T,H,Z,Z,Z,6,8f,"Singapore - Value of Cashless payments, Card and e-money payments, by card with a credit function",3,S,A,,2015,95.6642,,F,A
A,SG,M,V,T,H,Z,Z,Z,6,8f,"Singapore - Value of Cashless payments, Card and e-money payments, by card with a credit function",3,S,A,,2016,100.3062,,F,A
A,SG,M,V,T,H,Z,Z,Z,6,8f,"Singapore - Value of Cashless payments, Card and e-money payments, by card with a credit function",3,S,A,,2017,107.1435,,F,A
A,SG,M,V,T,H,Z,Z,Z,6,8f,"Singapore - Value of Cashless payments, Card and e-money payments, by card with a credit function",3,S,A,,2018,126.4563,,F,A
A,SG,M,V,T,H,Z,Z,Z,6,8f,"Singapore - Value of Cashless payments, Card and e-money payments, by card with a credit function",3,S,A,,2019,134.5708,,F,A
A,SG,M,V,T,H,Z,Z,Z,6,8f,"Singapore - Value of Cashless payments, Card and e-money payments, by card with a credit function",3,S,A,,2020,112.7254,,F,A
A,SG,M,V,T,H,Z,Z,Z,6,8f,"Singapore - Value of Cashless payments, Card and e-money payments, by card with a credit function",3,S,A,,2021,131.2077,,F,A
A,SG,M,V,T,H,Z,Z,Z,6,8f,"Singapore - Value of Cashless payments, Card and e-money payments, by card with a credit function",3,S,A,,2022,156.4438,,F,A
A,SG,M,V,T,H,Z,Z,Z,6,8f,"Singapore - Value of Cashless payments, Card and e-money payments, by card with a credit function",3,S,A,,2023,189.7838,,F,A
A,SG,M,V,T,H,Z,Z,Z,6,8f,"Singapore - Value of Cashless payments, Card and e-money payments, by card with a credit function",3,S,A,,2024,203.8227,,F,A
A,SG,J,N,N,Z,Z,Z,Z,0,4a,Singapore - Number of Branches or offices,0,E,A,,2012,517,,F,A
A,SG,J,N,N,Z,Z,Z,Z,0,4a,Singapore - Number of Branches or offices,0,E,A,,2013,506,,F,A
A,SG,J,N,N,Z,Z,Z,Z,0,4a,Singapore - Number of Branches or offices,0,E,A,,2014,503,,F,A
A,SG,J,N,N,Z,Z,Z,Z,0,4a,Singapore - Number of Branches or offices,0,E,A,,2015,506,,F,A
A,SG,J,N,N,Z,Z,Z,Z,0,4a,Singapore - Number of Branches or offices,0,E,A,,2016,501,,F,A
A,SG,J,N,N,Z,Z,Z,Z,0,4a,Singapore - Number of Branches or offices,0,E,A,,2017,499,,F,A
A,SG,J,N,N,Z,Z,Z,Z,0,4a,Singapore - Number of Branches or offices,0,E,A,,2018,474,,F,A
A,SG,J,N,N,Z,Z,Z,Z,0,4a,Singapore - Number of Branches or offices,0,E,A,,2019,463,,F,A
A,SG,J,N,N,Z,Z,Z,Z,0,4a,Singapore - Number of Branches or offices,0,E,A,,2020,434,,F,A
A,SG,J,N,N,Z,Z,Z,Z,0,4a,Singapore - Number of Branches or offices,0,E,A,,2021,407,,F,A
A,SG,J,N,N,Z,Z,Z,Z,0,4a,Singapore - Number of Branches or offices,0,E,A,,2022,394,,F,A
A,SG,J,N,N,Z,Z,Z,Z,0,4a,Singapore - Number of Branches or offices,0,E,A,,2023,380,,F,A
A,SG,J,N,N,Z,Z,Z,Z,0,4a,Singapore - Number of Branches or offices,0,E,A,,2024,378,,F,A
A,SG,M,N,T,D,Z,Z,Z,3,6d,"Singapore - Number of Cashless payments, Cheques",0,S,A,,2012,204,,F,A
A,SG,M,N,T,D,Z,Z,Z,3,6d,"Singapore - Number of Cashless payments, Cheques",0,S,A,,2013,198,,F,A
A,SG,M,N,T,D,Z,Z,Z,3,6d,"Singapore - Number of Cashless payments, Cheques",0,S,A,,2014,190,,F,A
A,SG,M,N,T,D,Z,Z,Z,3,6d,"Singapore - Number of Cashless payments, Cheques",0,S,A,,2015,180,,F,A
A,SG,M,N,T,D,Z,Z,Z,3,6d,"Singapore - Number of Cashless payments, Cheques",0,S,A,,2016,170,,F,A
A,SG,M,N,T,D,Z,Z,Z,3,6d,"Singapore - Number of Cashless payments, Cheques",0,S,A,,2017,156,,F,A
A,SG,M,N,T,D,Z,Z,Z,3,6d,"Singapore - Number of Cashless payments, Cheques",0,S,A,,2018,142,,F,A
A,SG,M,N,T,D,Z,Z,Z,3,6d,"Singapore - Number of Cashless payments, Cheques",0,S,A,,2019,126,,F,A
A,SG,M,N,T,D,Z,Z,Z,3,6d,"Singapore - Number of Cashless payments, Cheques",0,S,A,,2020,85,,F,A
A,SG,M,N,T,D,Z,Z,Z,3,6d,"Singapore - Number of Cashless payments, Cheques",0,S,A,,2021,66,,F,A
A,SG,M,N,T,D,Z,Z,Z,3,6d,"Singapore - Number of Cashless payments, Cheques",0,S,A,,2022,51,,F,A
A,SG,M,N,T,D,Z,Z,Z,3,6d,"Singapore - Number of Cashless payments, Cheques",0,S,A,,2023,39,,F,A
A,SG,M,N,T,D,Z,Z,Z,3,6d,"Singapore - Number of Cashless payments, Cheques",0,S,A,,2024,24,,F,A
A,SG,T,N,N,Z,Z,Z,C,3,13,"Singapore - Number of Cards, Cards, with a debit function",0,E,A,,2012,10585.599,,F,A
A,SG,T,N,N,Z,Z,Z,C,3,13,"Singapore - Number of Cards, Cards, with a debit function",0,E,A,,2013,10907.054,,F,A
A,SG,T,N,N,Z,Z,Z,C,3,13,"Singapore - Number of Cards, Cards, with a debit function",0,E,A,,2014,10741.177,,F,A
A,SG,T,N,N,Z,Z,Z,C,3,13,"Singapore - Number of Cards, Cards, with a debit function",0,E,A,,2015,10298.38,,F,A
A,SG,T,N,N,Z,Z,Z,C,3,13,"Singapore - Number of Cards, Cards, with a debit function",0,E,A,,2016,10656.559,,F,A
A,SG,T,N,N,Z,Z,Z,C,3,13,"Singapore - Number of Cards, Cards, with a debit function",0,E,A,,2017,10992.163,,F,A
A,SG,T,N,N,Z,Z,Z,C,3,13,"Singapore - Number of Cards, Cards, with a debit function",0,E,A,,2018,9479.221,,F,A
A,SG,T,N,N,Z,Z,Z,C,3,13,"Singapore - Number of Cards, Cards, with a debit function",0,E,A,,2019,9534.643,,F,A
A,SG,T,N,N,Z,Z,Z,C,3,13,"Singapore - Number of Cards, Cards, with a debit function",0,E,A,,2020,10056.134,,F,A
A,SG,T,N,N,Z,Z,Z,C,3,13,"Singapore - Number of Cards, Cards, with a debit function",0,E,A,,2021,10413.635,,F,A
A,SG,T,N,N,Z,Z,Z,C,3,13,"Singapore - Number of Cards, Cards, with a debit function",0,E,A,,2022,11404.932,,F,A
A,SG,T,N,N,Z,Z,Z,C,3,13,"Singapore - Number of Cards, Cards, with a debit function",0,E,A,,2023,12494.069,,F,A
A,SG,T,N,N,Z,Z,Z,C,3,13,"Singapore - Number of Cards, Cards, with a debit function",0,E,A,,2024,13474.457,,F,A
A,HK,M,V,Q,F,Z,Z,Z,0,8d,"Hong Kong SAR - Value of Cashless payments, Card and e-money payments, by card with a debit function",2,S,A,,2012,3980.9751,,F,A
A,HK,M,V,Q,F,Z,Z,Z,0,8d,"Hong Kong SAR - Value of Cashless payments, Card and e-money payments, by card with a debit function",2,S,A,,2013,4178.823,,F,A
A,HK,M,V,Q,F,Z,Z,Z,0,8d,"Hong Kong SAR - Value of Cashless payments, Card and e-money payments, by card with a debit function",2,S,A,,2014,4406.0864,,F,A
A,HK,M,V,Q,F,Z,Z,Z,0,8d,"Hong Kong SAR - Value of Cashless payments, Card and e-money payments, by card with a debit function",2,S,A,,2015,4820.421,,F,A
A,HK,M,V,Q,F,Z,Z,Z,0,8d,"Hong Kong SAR - Value of Cashless payments, Card and e-money payments, by card with a debit function",2,S,A,,2016,4963.7763,,F,A
A,HK,M,V,Q,F,Z,Z,Z,0,8d,"Hong Kong SAR - Value of Cashless payments, Card and e-money payments, by card with a debit function",2,S,A,,2017,5246.2279,,F,A
A,HK,M,V,Q,F,Z,Z,Z,0,8d,"Hong Kong SAR - Value of Cashless payments, Card and e-money payments, by card with a debit function",2,S,A,,2018,5676.5246,,F,A
A,HK,M,V,Q,F,Z,Z,Z,0,8d,"Hong Kong SAR - Value of Cashless payments, Card and e-money payments, by card with a debit function",2,S,A,,2019,5764.8526,,F,A
A,HK,M,V,Q,F,Z,Z,Z,0,8d,"Hong Kong SAR - Value of Cashless payments, Card and e-money payments, by card with a debit function",2,S,A,,2020,5309.2973,,F,A
A,HK,M,V,Q,F,Z,Z,Z,0,8d,"Hong Kong SAR - Value of Cashless payments, Card and e-money payments, by card with a debit function",2,S,A,,2021,5220.6288,,F,A
A,HK,M,V,Q,F,Z,Z,Z,0,8d,"Hong Kong SAR - Value of Cashless payments, Card and e-money payments, by card with a debit function",2,S,A,,2022,4905.2082,,F,A
A,HK,M,V,Q,F,Z,Z,Z,0,8d,"Hong Kong SAR - Value of Cashless payments, Card and e-money payments, by card with a debit function",2,S,A,,2023,4898.1333,,F,A
A,HK,M,V,Q,F,Z,Z,Z,0,8d,"Hong Kong SAR - Value of Cashless payments, Card and e-money payments, by card with a debit function",2,S,A,,2024,4843.5472,,F,A
A,SG,T,N,N,Z,Z,Z,F,3,13,"Singapore - Number of Cards, Cards, with an e-money function,all",0,E,A,,2012,19820.348,,F,A
A,SG,T,N,N,Z,Z,Z,F,3,13,"Singapore - Number of Cards, Cards, with an e-money function,all",0,E,A,,2013,23091.602,,F,A
A,SG,T,N,N,Z,Z,Z,F,3,13,"Singapore - Number of Cards, Cards, with an e-money function,all",0,E,A,,2014,29381.617,,F,A
A,SG,T,N,N,Z,Z,Z,F,3,13,"Singapore - Number of Cards, Cards, with an e-money function,all",0,E,A,,2015,34711.263,,F,A
A,SG,T,N,N,Z,Z,Z,F,3,13,"Singapore - Number of Cards, Cards, with an e-money function,all",0,E,A,,2016,39817.34,,F,A
A,SG,T,N,N,Z,Z,Z,F,3,13,"Singapore - Number of Cards, Cards, with an e-money function,all",0,E,A,,2017,45213.874,,F,A
A,SG,T,N,N,Z,Z,Z,F,3,13,"Singapore - Number of Cards, Cards, with an e-money function,all",0,E,A,,2018,47145.524,,F,A
A,SG,T,N,N,Z,Z,Z,F,3,13,"Singapore - Number of Cards, Cards, with an e-money function,all",0,E,A,,2019,52129.41,,F,A
A,SG,T,N,N,Z,Z,Z,F,3,13,"Singapore - Number of Cards, Cards, with an e-money function,all",0,E,A,,2020,NaN,,F,L
A,SG,T,N,N,Z,Z,Z,F,3,13,"Singapore - Number of Cards, Cards, with an e-money function,all",0,E,A,,2021,NaN,,F,L
A,SG,T,N,N,Z,Z,Z,F,3,13,"Singapore - Number of Cards, Cards, with an e-money function,all",0,E,A,,2022,NaN,,F,L
A,SG,T,N,N,Z,Z,Z,F,3,13,"Singapore - Number of Cards, Cards, with an e-money function,all",0,E,A,,2023,NaN,,F,L
A,SG,T,N,N,Z,Z,Z,F,3,13,"Singapore - Number of Cards, Cards, with an e-money function,all",0,E,A,,2024,NaN,,F,L
A,SG,T,N,N,Z,Z,Z,B,3,13,"Singapore - Number of Cards, Cards, with a cash function",0,E,A,,2012,10585.599,,F,A
A,SG,T,N,N,Z,Z,Z,B,3,13,"Singapore - Number of Cards, Cards, with a cash function",0,E,A,,2013,10907.054,,F,A
A,SG,T,N,N,Z,Z,Z,B,3,13,"Singapore - Number of Cards, Cards, with a cash function",0,E,A,,2014,10741.177,,F,A
A,SG,T,N,N,Z,Z,Z,B,3,13,"Singapore - Number of Cards, Cards, with a cash function",0,E,A,,2015,10298.38,,F,A
A,SG,T,N,N,Z,Z,Z,B,3,13,"Singapore - Number of Cards, Cards, with a cash function",0,E,A,,2016,10656.559,,F,A
A,SG,T,N,N,Z,Z,Z,B,3,13,"Singapore - Number of Cards, Cards, with a cash function",0,E,A,,2017,10992.163,,F,A
A,SG,T,N,N,Z,Z,Z,B,3,13,"Singapore - Number of Cards, Cards, with a cash function",0,E,A,,2018,9479.221,,F,A
A,SG,T,N,N,Z,Z,Z,B,3,13,"Singapore - Number of Cards, Cards, with a cash function",0,E,A,,2019,9534.643,,F,A
A,SG,T,N,N,Z,Z,Z,B,3,13,"Singapore - Number of Cards, Cards, with a cash function",0,E,A,,2020,10056.134,,F,A
A,SG,T,N,N,Z,Z,Z,B,3,13,"Singapore - Number of Cards, Cards, with a cash function",0,E,A,,2021,10413.635,,F,A
A,SG,T,N,N,Z,Z,Z,B,3,13,"Singapore - Number of Cards, Cards, with a cash function",0,E,A,,2022,11404.932,,F,A
A,SG,T,N,N,Z,Z,Z,B,3,13,"Singapore - Number of Cards, Cards, with a cash function",0,E,A,,2023,12494.069,,F,A
A,SG,T,N,N,Z,Z,Z,B,3,13,"Singapore - Number of Cards, Cards, with a cash function",0,E,A,,2024,13474.457,,F,A
A,SG,T,N,N,Z,Z,Z,A,3,13,"Singapore - Number of Cards, All Cards",0,E,A,,2012,39752.303,,F,A
A,SG,T,N,N,Z,Z,Z,A,3,13,"Singapore - Number of Cards, All Cards",0,E,A,,2013,43557.2,,F,A
A,SG,T,N,N,Z,Z,Z,A,3,13,"Singapore - Number of Cards, All Cards",0,E,A,,2014,49834.1,,F,A
A,SG,T,N,N,Z,Z,Z,A,3,13,"Singapore - Number of Cards, All Cards",0,E,A,,2015,54544.797,,F,A
A,SG,T,N,N,Z,Z,Z,A,3,13,"Singapore - Number of Cards, All Cards",0,E,A,,2016,59730.642,,F,A
A,SG,T,N,N,Z,Z,Z,A,3,13,"Singapore - Number of Cards, All Cards",0,E,A,,2017,64838.337,,F,A
A,SG,T,N,N,Z,Z,Z,A,3,13,"Singapore - Number of Cards, All Cards",0,E,A,,2018,65652.054,,F,A
A,SG,T,N,N,Z,Z,Z,A,3,13,"Singapore - Number of Cards, All Cards",0,E,A,,2019,70276.561,,F,A
A,SG,T,N,N,Z,Z,Z,A,3,13,"Singapore - Number of Cards, All Cards",0,E,A,,2020,NaN,,F,L
A,SG,T,N,N,Z,Z,Z,A,3,13,"Singapore - Number of Cards, All Cards",0,E,A,,2021,NaN,,F,L
A,SG,T,N,N,Z,Z,Z,A,3,13,"Singapore - Number of Cards, All Cards",0,E,A,,2022,NaN,,F,L
A,SG,T,N,N,Z,Z,Z,A,3,13,"Singapore - Number of Cards, All Cards",0,E,A,,2023,NaN,,F,L
A,SG,T,N,N,Z,Z,Z,A,3,13,"Singapore - Number of Cards, All Cards",0,E,A,,2024,NaN,,F,L
A,SG,T,N,N,Z,Z,Z,E,3,13,"Singapore - Number of Cards, Cards, with a credit function",0,E,A,,2012,9346.356,,F,A
A,SG,T,N,N,Z,Z,Z,E,3,13,"Singapore - Number of Cards, Cards, with a credit function",0,E,A,,2013,9558.544,,F,A
A,SG,T,N,N,Z,Z,Z,E,3,13,"Singapore - Number of Cards, Cards, with a credit function",0,E,A,,2014,9711.306,,F,A
A,SG,T,N,N,Z,Z,Z,E,3,13,"Singapore - Number of Cards, Cards, with a credit function",0,E,A,,2015,9535.154,,F,A
A,SG,T,N,N,Z,Z,Z,E,3,13,"Singapore - Number of Cards, Cards, with a credit function",0,E,A,,2016,9256.743,,F,A
A,SG,T,N,N,Z,Z,Z,E,3,13,"Singapore - Number of Cards, Cards, with a credit function",0,E,A,,2017,8632.3,,F,A
A,SG,T,N,N,Z,Z,Z,E,3,13,"Singapore - Number of Cards, Cards, with a credit function",0,E,A,,2018,9027.309,,F,A
A,SG,T,N,N,Z,Z,Z,E,3,13,"Singapore - Number of Cards, Cards, with a credit function",0,E,A,,2019,8612.508,,F,A
A,SG,T,N,N,Z,Z,Z,E,3,13,"Singapore - Number of Cards, Cards, with a credit function",0,E,A,,2020,16283.307,,F,A
A,SG,T,N,N,Z,Z,Z,E,3,13,"Singapore - Number of Cards, Cards, with a credit function",0,E,A,,2021,14242.831,,F,A
A,SG,T,N,N,Z,Z,Z,E,3,13,"Singapore - Number of Cards, Cards, with a credit function",0,E,A,,2022,12986.209,,F,A
A,SG,T,N,N,Z,Z,Z,E,3,13,"Singapore - Number of Cards, Cards, with a credit function",0,E,A,,2023,13678.565,,F,A
A,SG,T,N,N,Z,Z,Z,E,3,13,"Singapore - Number of Cards, Cards, with a credit function",0,E,A,,2024,12010.831,,F,A
A,HK,M,N,N,H,Z,Z,Z,6,6,"Hong Kong SAR - Number of Cashless payments, Card and e-money payments, by card with a credit function",2,S,A,,2012,431.619,,F,A
A,HK,M,N,N,H,Z,Z,Z,6,6,"Hong Kong SAR - Number of Cashless payments, Card and e-money payments, by card with a credit function",2,S,A,,2013,462.106,,F,A
A,HK,M,N,N,H,Z,Z,Z,6,6,"Hong Kong SAR - Number of Cashless payments, Card and e-money payments, by card with a credit function",2,S,A,,2014,482.005,,F,A
A,HK,M,N,N,H,Z,Z,Z,6,6,"Hong Kong SAR - Number of Cashless payments, Card and e-money payments, by card with a credit function",2,S,A,,2015,515.878,,F,A
A,HK,M,N,N,H,Z,Z,Z,6,6,"Hong Kong SAR - Number of Cashless payments, Card and e-money payments, by card with a credit function",2,S,A,,2016,556.39,,F,A
A,HK,M,N,N,H,Z,Z,Z,6,6,"Hong Kong SAR - Number of Cashless payments, Card and e-money payments, by card with a credit function",2,S,A,,2017,625.328,,F,A
A,HK,M,N,N,H,Z,Z,Z,6,6,"Hong Kong SAR - Number of Cashless payments, Card and e-money payments, by card with a credit function",2,S,A,,2018,727.565,,F,A
A,HK,M,N,N,H,Z,Z,Z,6,6,"Hong Kong SAR - Number of Cashless payments, Card and e-money payments, by card with a credit function",2,S,A,,2019,825.181,,F,A
A,HK,M,N,N,H,Z,Z,Z,6,6,"Hong Kong SAR - Number of Cashless payments, Card and e-money payments, by card with a credit function",2,S,A,,2020,839.826,,F,A
A,HK,M,N,N,H,Z,Z,Z,6,6,"Hong Kong SAR - Number of Cashless payments, Card and e-money payments, by card with a credit function",2,S,A,,2021,921.11,,F,A
A,HK,M,N,N,H,Z,Z,Z,6,6,"Hong Kong SAR - Number of Cashless payments, Card and e-money payments, by card with a credit function",2,S,A,,2022,928.308,,F,A
A,HK,M,N,N,H,Z,Z,Z,6,6,"Hong Kong SAR - Number of Cashless payments, Card and e-money payments, by card with a credit function",2,S,A,,2023,1092.037,,F,A
A,HK,M,N,N,H,Z,Z,Z,6,6,"Hong Kong SAR - Number of Cashless payments, Card and e-money payments, by card with a credit function",2,S,A,,2024,1292.768,,F,A
A,SG,M,N,N,F,Z,Z,Z,6,6,"Singapore - Number of Cashless payments, Card and e-money payments, by card with a debit function",2,S,A,,2012,235.27,,F,A
A,SG,M,N,N,F,Z,Z,Z,6,6,"Singapore - Number of Cashless payments, Card and e-money payments, by card with a debit function",2,S,A,,2013,258.16,,F,A
A,SG,M,N,N,F,Z,Z,Z,6,6,"Singapore - Number of Cashless payments, Card and e-money payments, by card with a debit function",2,S,A,,2014,293.89,,F,A
A,SG,M,N,N,F,Z,Z,Z,6,6,"Singapore - Number of Cashless payments, Card and e-money payments, by card with a debit function",2,S,A,,2015,301.93,,F,A
A,SG,M,N,N,F,Z,Z,Z,6,6,"Singapore - Number of Cashless payments, Card and e-money payments, by card with a debit function",2,S,A,,2016,347.8,,F,A
A,SG,M,N,N,F,Z,Z,Z,6,6,"Singapore - Number of Cashless payments, Card and e-money payments, by card with a debit function",2,S,A,,2017,407.54,,F,A
A,SG,M,N,N,F,Z,Z,Z,6,6,"Singapore - Number of Cashless payments, Card and e-money payments, by card with a debit function",2,S,A,,2018,494.68,,F,A
A,SG,M,N,N,F,Z,Z,Z,6,6,"Singapore - Number of Cashless payments, Card and e-money payments, by card with a debit function",2,S,A,,2019,575.829,,F,A
A,SG,M,N,N,F,Z,Z,Z,6,6,"Singapore - Number of Cashless payments, Card and e-money payments, by card with a debit function",2,S,A,,2020,613.288,,F,A
A,SG,M,N,N,F,Z,Z,Z,6,6,"Singapore - Number of Cashless payments, Card and e-money payments, by card with a debit function",2,S,A,,2021,769.544,,F,A
A,SG,M,N,N,F,Z,Z,Z,6,6,"Singapore - Number of Cashless payments, Card and e-money payments, by card with a debit function",2,S,A,,2022,867.82,,F,A
A,SG,M,N,N,F,Z,Z,Z,6,6,"Singapore - Number of Cashless payments, Card and e-money payments, by card with a debit function",2,S,A,,2023,1041.89,,F,A
A,SG,M,N,N,F,Z,Z,Z,6,6,"Singapore - Number of Cashless payments, Card and e-money payments, by card with a debit function",2,S,A,,2024,1207.78,,F,A
A,SG,U,N,N,Z,Z,D,Z,3,14,"Singapore - Number of Terminals, All ATMs",0,E,A,,2012,2.721,,F,A
A,SG,U,N,N,Z,Z,D,Z,3,14,"Singapore - Number of Terminals, All ATMs",0,E,A,,2013,2.727,,F,A
A,SG,U,N,N,Z,Z,D,Z,3,14,"Singapore - Number of Terminals, All ATMs",0,E,A,,2014,2.739,,F,A
A,SG,U,N,N,Z,Z,D,Z,3,14,"Singapore - Number of Terminals, All ATMs",0,E,A,,2015,2.807,,F,A
A,SG,U,N,N,Z,Z,D,Z,3,14,"Singapore - Number of Terminals, All ATMs",0,E,A,,2016,2.744,,F,A
A,SG,U,N,N,Z,Z,D,Z,3,14,"Singapore - Number of Terminals, All ATMs",0,E,A,,2017,3.117,,F,A
A,SG,U,N,N,Z,Z,D,Z,3,14,"Singapore - Number of Terminals, All ATMs",0,E,A,,2018,3.195,,F,A
A,SG,U,N,N,Z,Z,D,Z,3,14,"Singapore - Number of Terminals, All ATMs",0,E,A,,2019,2.939,,F,A
A,SG,U,N,N,Z,Z,D,Z,3,14,"Singapore - Number of Terminals, All ATMs",0,E,A,,2020,2.693,,F,A
A,SG,U,N,N,Z,Z,D,Z,3,14,"Singapore - Number of Terminals, All ATMs",0,E,A,,2021,2.595,,F,A
A,SG,U,N,N,Z,Z,D,Z,3,14,"Singapore - Number of Terminals, All ATMs",0,E,A,,2022,2.534,,F,A
A,SG,U,N,N,Z,Z,D,Z,3,14,"Singapore - Number of Terminals, All ATMs",0,E,A,,2023,2.485,,F,A
A,SG,U,N,N,Z,Z,D,Z,3,14,"Singapore - Number of Terminals, All ATMs",0,E,A,,2024,2.506,,F,A
A,HK,M,V,S,H,Z,Z,Z,0,8c,"Hong Kong SAR - Value of Cashless payments, Card and e-money payments, by card with a credit function",2,S,A,,2012,134.1824,,F,A
A,HK,M,V,S,H,Z,Z,Z,0,8c,"Hong Kong SAR - Value of Cashless payments, Card and e-money payments, by card with a credit function",2,S,A,,2013,133.8875,,F,A
A,HK,M,V,S,H,Z,Z,Z,0,8c,"Hong Kong SAR - Value of Cashless payments, Card and e-money payments, by card with a credit function",2,S,A,,2014,138.7985,,F,A
A,HK,M,V,S,H,Z,Z,Z,0,8c,"Hong Kong SAR - Value of Cashless payments, Card and e-money payments, by card with a credit function",2,S,A,,2015,139.442,,F,A
A,HK,M,V,S,H,Z,Z,Z,0,8c,"Hong Kong SAR - Value of Cashless payments, Card and e-money payments, by card with a credit function",2,S,A,,2016,132.0055,,F,A
A,HK,M,V,S,H,Z,Z,Z,0,8c,"Hong Kong SAR - Value of Cashless payments, Card and e-money payments, by card with a credit function",2,S,A,,2017,135.0601,,F,A
A,HK,M,V,S,H,Z,Z,Z,0,8c,"Hong Kong SAR - Value of Cashless payments, Card and e-money payments, by card with a credit function",2,S,A,,2018,129.3326,,F,A
A,HK,M,V,S,H,Z,Z,Z,0,8c,"Hong Kong SAR - Value of Cashless payments, Card and e-money payments, by card with a credit function",2,S,A,,2019,118.1146,,F,A
A,HK,M,V,S,H,Z,Z,Z,0,8c,"Hong Kong SAR - Value of Cashless payments, Card and e-money payments, by card with a credit function",2,S,A,,2020,97.4166,,F,A
A,HK,M,V,S,H,Z,Z,Z,0,8c,"Hong Kong SAR - Value of Cashless payments, Card and e-money payments, by card with a credit function",2,S,A,,2021,100.7971,,F,A
A,HK,M,V,S,H,Z,Z,Z,0,8c,"Hong Kong SAR - Value of Cashless payments, Card and e-money payments, by card with a credit function",2,S,A,,2022,104.3269,,F,A
A,HK,M,V,S,H,Z,Z,Z,0,8c,"Hong Kong SAR - Value of Cashless payments, Card and e-money payments, by card with a credit function",2,S,A,,2023,107.6969,,F,A
A,HK,M,V,S,H,Z,Z,Z,0,8c,"Hong Kong SAR - Value of Cashless payments, Card and e-money payments, by card with a credit function",2,S,A,,2024,100.3469,,F,A
A,SG,R,V,T,Z,C,Z,Z,6,12f,"Singapore - Value of Withdrawals/deposits, Cash withdrawals with cards issued inside the country, at locations inside the country",2,S,A,,2012,129.5705,,F,A
A,SG,R,V,T,Z,C,Z,Z,6,12f,"Singapore - Value of Withdrawals/deposits, Cash withdrawals with cards issued inside the country, at locations inside the country",2,S,A,,2013,140.8405,,F,A
A,SG,R,V,T,Z,C,Z,Z,6,12f,"Singapore - Value of Withdrawals/deposits, Cash withdrawals with cards issued inside the country, at locations inside the country",2,S,A,,2014,141.0324,,F,A
A,SG,R,V,T,Z,C,Z,Z,6,12f,"Singapore - Value of Withdrawals/deposits, Cash withdrawals with cards issued inside the country, at locations inside the country",2,S,A,,2015,131.0529,,F,A
A,SG,R,V,T,Z,C,Z,Z,6,12f,"Singapore - Value of Withdrawals/deposits, Cash withdrawals with cards issued inside the country, at locations inside the country",2,S,A,,2016,128.8807,,F,A
A,SG,R,V,T,Z,C,Z,Z,6,12f,"Singapore - Value of Withdrawals/deposits, Cash withdrawals with cards issued inside the country, at locations inside the country",2,S,A,,2017,127.1107,,F,A
A,SG,R,V,T,Z,C,Z,Z,6,12f,"Singapore - Value of Withdrawals/deposits, Cash withdrawals with cards issued inside the country, at locations inside the country",2,S,A,,2018,129.615,,F,A
A,SG,R,V,T,Z,C,Z,Z,6,12f,"Singapore - Value of Withdrawals/deposits, Cash withdrawals with cards issued inside the country, at locations inside the country",2,S,A,,2019,122.6027,,F,A
A,SG,R,V,T,Z,C,Z,Z,6,12f,"Singapore - Value of Withdrawals/deposits, Cash withdrawals with cards issued inside the country, at locations inside the country",2,S,A,,2020,97.0166,,F,A
A,SG,R,V,T,Z,C,Z,Z,6,12f,"Singapore - Value of Withdrawals/deposits, Cash withdrawals with cards issued inside the country, at locations inside the country",2,S,A,,2021,98.335,,F,A
A,SG,R,V,T,Z,C,Z,Z,6,12f,"Singapore - Value of Withdrawals/deposits, Cash withdrawals with cards issued inside the country, at locations inside the country",2,S,A,,2022,111.7692,,F,A
A,SG,R,V,T,Z,C,Z,Z,6,12f,"Singapore - Value of Withdrawals/deposits, Cash withdrawals with cards issued inside the country, at locations inside the country",2,S,A,,2023,120.5706,,F,A
A,SG,R,V,T,Z,C,Z,Z,6,12f,"Singapore - Value of Withdrawals/deposits, Cash withdrawals with cards issued inside the country, at locations inside the country",2,S,A,,2024,113.073,,F,A
A,SG,M,V,I,A,Z,Z,Z,0,7,"Singapore - Value of Cashless payments, All",3,S,A,,2012,286.3285,,F,A
A,SG,M,V,I,A,Z,Z,Z,0,7,"Singapore - Value of Cashless payments, All",3,S,A,,2013,290.3011,,F,A
A,SG,M,V,I,A,Z,Z,Z,0,7,"Singapore - Value of Cashless payments, All",3,S,A,,2014,279.7022,,F,A
A,SG,M,V,I,A,Z,Z,Z,0,7,"Singapore - Value of Cashless payments, All",3,S,A,,2015,275.9281,,F,A
A,SG,M,V,I,A,Z,Z,Z,0,7,"Singapore - Value of Cashless payments, All",3,S,A,,2016,265.1706,,F,A
A,SG,M,V,I,A,Z,Z,Z,0,7,"Singapore - Value of Cashless payments, All",3,S,A,,2017,255.5452,,F,A
A,SG,M,V,I,A,Z,Z,Z,0,7,"Singapore - Value of Cashless payments, All",3,S,A,,2018,252.1449,,F,A
A,SG,M,V,I,A,Z,Z,Z,0,7,"Singapore - Value of Cashless payments, All",3,S,A,,2019,248.5351,,F,A
A,SG,M,V,I,A,Z,Z,Z,0,7,"Singapore - Value of Cashless payments, All",3,S,A,,2020,246.7567,,F,A
A,SG,M,V,I,A,Z,Z,Z,0,7,"Singapore - Value of Cashless payments, All",3,S,A,,2021,229.4644,,F,A
A,SG,M,V,I,A,Z,Z,Z,0,7,"Singapore - Value of Cashless payments, All",3,S,A,,2022,213.7495,,F,A
A,SG,M,V,I,A,Z,Z,Z,0,7,"Singapore - Value of Cashless payments, All",3,S,A,,2023,242.2561,,F,A
A,SG,M,V,I,A,Z,Z,Z,0,7,"Singapore - Value of Cashless payments, All",3,S,A,,2024,249.9103,,F,A
A,SG,U,N,N,Z,Z,E,Z,3,14,"Singapore - Number of Terminals, ATMs, Cash withdrawal",0,E,A,,2012,2.721,,F,A
A,SG,U,N,N,Z,Z,E,Z,3,14,"Singapore - Number of Terminals, ATMs, Cash withdrawal",0,E,A,,2013,2.727,,F,A
A,SG,U,N,N,Z,Z,E,Z,3,14,"Singapore - Number of Terminals, ATMs, Cash withdrawal",0,E,A,,2014,2.739,,F,A
A,SG,U,N,N,Z,Z,E,Z,3,14,"Singapore - Number of Terminals, ATMs, Cash withdrawal",0,E,A,,2015,2.807,,F,A
A,SG,U,N,N,Z,Z,E,Z,3,14,"Singapore - Number of Terminals, ATMs, Cash withdrawal",0,E,A,,2016,2.744,,F,A
A,SG,U,N,N,Z,Z,E,Z,3,14,"Singapore - Number of Terminals, ATMs, Cash withdrawal",0,E,A,,2017,3.117,,F,A
A,SG,U,N,N,Z,Z,E,Z,3,14,"Singapore - Number of Terminals, ATMs, Cash withdrawal",0,E,A,,2018,3.195,,F,A
A,SG,U,N,N,Z,Z,E,Z,3,14,"Singapore - Number of Terminals, ATMs, Cash withdrawal",0,E,A,,2019,2.939,,F,A
A,SG,U,N,N,Z,Z,E,Z,3,14,"Singapore - Number of Terminals, ATMs, Cash withdrawal",0,E,A,,2020,2.693,,F,A
A,SG,U,N,N,Z,Z,E,Z,3,14,"Singapore - Number of Terminals, ATMs, Cash withdrawal",0,E,A,,2021,2.595,,F,A
A,SG,U,N,N,Z,Z,E,Z,3,14,"Singapore - Number of Terminals, ATMs, Cash withdrawal",0,E,A,,2022,2.534,,F,A
A,SG,U,N,N,Z,Z,E,Z,3,14,"Singapore - Number of Terminals, ATMs, Cash withdrawal",0,E,A,,2023,2.485,,F,A
A,SG,U,N,N,Z,Z,E,Z,3,14,"Singapore - Number of Terminals, ATMs, Cash withdrawal",0,E,A,,2024,2.506,,F,A
A,SG,N,V,H,A,Z,Z,Z,0,8g,"Singapore - Value of Fast payments, All",2,S,A,,2013,NaN,,F,L
A,SG,N,V,H,A,Z,Z,Z,0,8g,"Singapore - Value of Fast payments, All",2,S,A,,2014,NaN,,F,L
A,SG,N,V,H,A,Z,Z,Z,0,8g,"Singapore - Value of Fast payments, All",2,S,A,,2015,NaN,,F,L
A,SG,N,V,H,A,Z,Z,Z,0,8g,"Singapore - Value of Fast payments, All",2,S,A,,2016,46.1587,,F,A
A,SG,N,V,H,A,Z,Z,Z,0,8g,"Singapore - Value of Fast payments, All",2,S,A,,2017,34.8414,,F,A
A,SG,N,V,H,A,Z,Z,Z,0,8g,"Singapore - Value of Fast payments, All",2,S,A,,2018,46.9687,,F,A
A,SG,N,V,H,A,Z,Z,Z,0,8g,"Singapore - Value of Fast payments, All",2,S,A,,2019,36.022,,F,A
A,SG,N,V,H,A,Z,Z,Z,0,8g,"Singapore - Value of Fast payments, All",2,S,A,,2020,42.6211,,F,A
A,SG,N,V,H,A,Z,Z,Z,0,8g,"Singapore - Value of Fast payments, All",2,S,A,,2021,37.3882,,F,A
A,SG,N,V,H,A,Z,Z,Z,0,8g,"Singapore - Value of Fast payments, All",2,S,A,,2022,21.028,,F,A
A,SG,N,V,H,A,Z,Z,Z,0,8g,"Singapore - Value of Fast payments, All",2,S,A,,2023,22.0388,,F,A
A,SG,N,V,H,A,Z,Z,Z,0,8g,"Singapore - Value of Fast payments, All",2,S,A,,2024,32.7263,,F,A
A,SG,M,V,A,I,Z,Z,Z,6,8,"Singapore - Value of Cashless payments, Card and e-money payments, e-money payments",3,S,A,,2012,1881.1067,,F,A
A,SG,M,V,A,I,Z,Z,Z,6,8,"Singapore - Value of Cashless payments, Card and e-money payments, e-money payments",3,S,A,,2013,1953.5755,,F,A
A,SG,M,V,A,I,Z,Z,Z,6,8,"Singapore - Value of Cashless payments, Card and e-money payments, e-money payments",3,S,A,,2014,2042.8199,,F,A
A,SG,M,V,A,I,Z,Z,Z,6,8,"Singapore - Value of Cashless payments, Card and e-money payments, e-money payments",3,S,A,,2015,1979.0928,,F,A
A,SG,M,V,A,I,Z,Z,Z,6,8,"Singapore - Value of Cashless payments, Card and e-money payments, e-money payments",3,S,A,,2016,2029.3273,,F,A
A,SG,M,V,A,I,Z,Z,Z,6,8,"Singapore - Value of Cashless payments, Card and e-money payments, e-money payments",3,S,A,,2017,2084.4237,,F,A
A,SG,M,V,A,I,Z,Z,Z,6,8,"Singapore - Value of Cashless payments, Card and e-money payments, e-money payments",3,S,A,,2018,2177.3502,,F,A
A,SG,M,V,A,I,Z,Z,Z,6,8,"Singapore - Value of Cashless payments, Card and e-money payments, e-money payments",3,S,A,,2019,2194.8511,,F,A
A,SG,M,V,A,I,Z,Z,Z,6,8,"Singapore - Value of Cashless payments, Card and e-money payments, e-money payments",3,S,A,,2020,1377.7307,,F,A
A,SG,M,V,A,I,Z,Z,Z,6,8,"Singapore - Value of Cashless payments, Card and e-money payments, e-money payments",3,S,A,,2021,1365.5902,,F,A
A,SG,M,V,A,I,Z,Z,Z,6,8,"Singapore - Value of Cashless payments, Card and e-money payments, e-money payments",3,S,A,,2022,1580.9945,,F,A
A,SG,M,V,A,I,Z,Z,Z,6,8,"Singapore - Value of Cashless payments, Card and e-money payments, e-money payments",3,S,A,,2023,1809.6533,,F,A
A,SG,M,V,A,I,Z,Z,Z,6,8,"Singapore - Value of Cashless payments, Card and e-money payments, e-money payments",3,S,A,,2024,1883.9147,,F,A
A,SG,U,N,N,Z,Z,B,Z,3,14,"Singapore - Number of Terminals, POS, EFTPOS",0,E,A,,2012,135.577,,F,A
A,SG,U,N,N,Z,Z,B,Z,3,14,"Singapore - Number of Terminals, POS, EFTPOS",0,E,A,,2013,146.365,,F,A
A,SG,U,N,N,Z,Z,B,Z,3,14,"Singapore - Number of Terminals, POS, EFTPOS",0,E,A,,2014,143.744,,F,A
A,SG,U,N,N,Z,Z,B,Z,3,14,"Singapore - Number of Terminals, POS, EFTPOS",0,E,A,,2015,172.119,,F,A
A,SG,U,N,N,Z,Z,B,Z,3,14,"Singapore - Number of Terminals, POS, EFTPOS",0,E,A,,2016,186.259,,F,A
A,SG,U,N,N,Z,Z,B,Z,3,14,"Singapore - Number of Terminals, POS, EFTPOS",0,E,A,,2017,255.645,,F,A
A,SG,U,N,N,Z,Z,B,Z,3,14,"Singapore - Number of Terminals, POS, EFTPOS",0,E,A,,2018,271.661,,F,A
A,SG,U,N,N,Z,Z,B,Z,3,14,"Singapore - Number of Terminals, POS, EFTPOS",0,E,A,,2019,275.014,,F,A
A,SG,U,N,N,Z,Z,B,Z,3,14,"Singapore - Number of Terminals, POS, EFTPOS",0,E,A,,2020,320.011,,F,A
A,SG,U,N,N,Z,Z,B,Z,3,14,"Singapore - Number of Terminals, POS, EFTPOS",0,E,A,,2021,330.015,,F,A
A,SG,U,N,N,Z,Z,B,Z,3,14,"Singapore - Number of Terminals, POS, EFTPOS",0,E,A,,2022,312.529,,F,A
A,SG,U,N,N,Z,Z,B,Z,3,14,"Singapore - Number of Terminals, POS, EFTPOS",0,E,A,,2023,337.845,,F,A
A,SG,U,N,N,Z,Z,B,Z,3,14,"Singapore - Number of Terminals, POS, EFTPOS",0,E,A,,2024,357.69,,F,A
A,SG,M,V,I,H,Z,Z,Z,0,8e,"Singapore - Value of Cashless payments, Card and e-money payments, by card with a credit function",4,S,A,,2012,10.4182,,F,A
A,SG,M,V,I,H,Z,Z,Z,0,8e,"Singapore - Value of Cashless payments, Card and e-money payments, by card with a credit function",4,S,A,,2013,11.0477,,F,A
A,SG,M,V,I,H,Z,Z,Z,0,8e,"Singapore - Value of Cashless payments, Card and e-money payments, by card with a credit function",4,S,A,,2014,11.415,,F,A
A,SG,M,V,I,H,Z,Z,Z,0,8e,"Singapore - Value of Cashless payments, Card and e-money payments, by card with a credit function",4,S,A,,2015,11.3402,,F,A
A,SG,M,V,I,H,Z,Z,Z,0,8e,"Singapore - Value of Cashless payments, Card and e-money payments, by card with a credit function",4,S,A,,2016,11.4758,,F,A
A,SG,M,V,I,H,Z,Z,Z,0,8e,"Singapore - Value of Cashless payments, Card and e-money payments, by card with a credit function",4,S,A,,2017,11.3964,,F,A
A,SG,M,V,I,H,Z,Z,Z,0,8e,"Singapore - Value of Cashless payments, Card and e-money payments, by card with a credit function",4,S,A,,2018,12.2479,,F,A
A,SG,M,V,I,H,Z,Z,Z,0,8e,"Singapore - Value of Cashless payments, Card and e-money payments, by card with a credit function",4,S,A,,2019,13.0598,,F,A
A,SG,M,V,I,H,Z,Z,Z,0,8e,"Singapore - Value of Cashless payments, Card and e-money payments, by card with a credit function",4,S,A,,2020,11.7791,,F,A
A,SG,M,V,I,H,Z,Z,Z,0,8e,"Singapore - Value of Cashless payments, Card and e-money payments, by card with a credit function",4,S,A,,2021,10.9724,,F,A
A,SG,M,V,I,H,Z,Z,Z,0,8e,"Singapore - Value of Cashless payments, Card and e-money payments, by card with a credit function",4,S,A,,2022,11.222,,F,A
A,SG,M,V,I,H,Z,Z,Z,0,8e,"Singapore - Value of Cashless payments, Card and e-money payments, by card with a credit function",4,S,A,,2023,13.7107,,F,A
A,SG,M,V,I,H,Z,Z,Z,0,8e,"Singapore - Value of Cashless payments, Card and e-money payments, by card with a credit function",4,S,A,,2024,13.5886,,F,A
A,SG,M,N,Q,E,Z,Z,Z,0,6c,"Singapore - Number of Cashless payments, All Card and e-money payments",3,S,A,,2012,611.9,,F,A
A,SG,M,N,Q,E,Z,Z,Z,0,6c,"Singapore - Number of Cashless payments, All Card and e-money payments",3,S,A,,2013,665.7914,,F,A
A,SG,M,N,Q,E,Z,Z,Z,0,6c,"Singapore - Number of Cashless payments, All Card and e-money payments",3,S,A,,2014,679.9121,,F,A
A,SG,M,N,Q,E,Z,Z,Z,0,6c,"Singapore - Number of Cashless payments, All Card and e-money payments",3,S,A,,2015,694.7792,,F,A
A,SG,M,N,Q,E,Z,Z,Z,0,6c,"Singapore - Number of Cashless payments, All Card and e-money payments",3,S,A,,2016,724.829,,F,A
A,SG,M,N,Q,E,Z,Z,Z,0,6c,"Singapore - Number of Cashless payments, All Card and e-money payments",3,S,A,,2017,746.4373,,F,A
A,SG,M,N,Q,E,Z,Z,Z,0,6c,"Singapore - Number of Cashless payments, All Card and e-money payments",3,S,A,,2018,791.9897,,F,A
A,SG,M,N,Q,E,Z,Z,Z,0,6c,"Singapore - Number of Cashless payments, All Card and e-money payments",3,S,A,,2019,804.0138,,F,A
A,SG,M,N,Q,E,Z,Z,Z,0,6c,"Singapore - Number of Cashless payments, All Card and e-money payments",3,S,A,,2020,611.0558,,F,A
A,SG,M,N,Q,E,Z,Z,Z,0,6c,"Singapore - Number of Cashless payments, All Card and e-money payments",3,S,A,,2021,680.7098,,F,A
A,SG,M,N,Q,E,Z,Z,Z,0,6c,"Singapore - Number of Cashless payments, All Card and e-money payments",3,S,A,,2022,712.1162,,F,A
A,SG,M,N,Q,E,Z,Z,Z,0,6c,"Singapore - Number of Cashless payments, All Card and e-money payments",3,S,A,,2023,710.5843,,F,A
A,SG,M,N,Q,E,Z,Z,Z,0,6c,"Singapore - Number of Cashless payments, All Card and e-money payments",3,S,A,,2024,715.8097,,F,A
A,SG,M,N,G,I,Z,Z,Z,0,6b,"Singapore - Number of Cashless payments, Card and e-money payments, e-money payments",3,S,A,,2012,4.3948,,F,A
A,SG,M,N,G,I,Z,Z,Z,0,6b,"Singapore - Number of Cashless payments, Card and e-money payments, e-money payments",3,S,A,,2013,2.3276,,F,A
A,SG,M,N,G,I,Z,Z,Z,0,6b,"Singapore - Number of Cashless payments, Card and e-money payments, e-money payments",3,S,A,,2014,1.7117,,F,A
A,SG,M,N,G,I,Z,Z,Z,0,6b,"Singapore - Number of Cashless payments, Card and e-money payments, e-money payments",3,S,A,,2015,3.0231,,F,A
A,SG,M,N,G,I,Z,Z,Z,0,6b,"Singapore - Number of Cashless payments, Card and e-money payments, e-money payments",3,S,A,,2016,4.1237,,F,A
A,SG,M,N,G,I,Z,Z,Z,0,6b,"Singapore - Number of Cashless payments, Card and e-money payments, e-money payments",3,S,A,,2017,-0.096248,,F,A
A,SG,M,N,G,I,Z,Z,Z,0,6b,"Singapore - Number of Cashless payments, Card and e-money payments, e-money payments",3,S,A,,2018,3.2661,,F,A
A,SG,M,N,G,I,Z,Z,Z,0,6b,"Singapore - Number of Cashless payments, Card and e-money payments, e-money payments",3,S,A,,2019,-1.6346,,F,A
A,SG,M,N,G,I,Z,Z,Z,0,6b,"Singapore - Number of Cashless payments, Card and e-money payments, e-money payments",3,S,A,,2020,-33.7965,,F,A
A,SG,M,N,G,I,Z,Z,Z,0,6b,"Singapore - Number of Cashless payments, Card and e-money payments, e-money payments",3,S,A,,2021,-0.52953,,F,A
A,SG,M,N,G,I,Z,Z,Z,0,6b,"Singapore - Number of Cashless payments, Card and e-money payments, e-money payments",3,S,A,,2022,6.0008,,F,A
A,SG,M,N,G,I,Z,Z,Z,0,6b,"Singapore - Number of Cashless payments, Card and e-money payments, e-money payments",3,S,A,,2023,-6.7877,,F,A
A,SG,M,N,G,I,Z,Z,Z,0,6b,"Singapore - Number of Cashless payments, Card and e-money payments, e-money payments",3,S,A,,2024,-8.4165,,F,A
A,HK,G,V,I,Z,Z,Z,Z,0,3,Hong Kong SAR - Value of Bank deposits held at the central bank,2,E,A,,2012,12.5598,,F,A
A,HK,G,V,I,Z,Z,Z,Z,0,3,Hong Kong SAR - Value of Bank deposits held at the central bank,2,E,A,,2013,7.674,,F,A
A,HK,G,V,I,Z,Z,Z,Z,0,3,Hong Kong SAR - Value of Bank deposits held at the central bank,2,E,A,,2014,10.5833,,F,A
A,HK,G,V,I,Z,Z,Z,Z,0,3,Hong Kong SAR - Value of Bank deposits held at the central bank,2,E,A,,2015,16.3177,,F,A
A,HK,G,V,I,Z,Z,Z,Z,0,3,Hong Kong SAR - Value of Bank deposits held at the central bank,2,E,A,,2016,10.4229,,F,A
A,HK,G,V,I,Z,Z,Z,Z,0,3,Hong Kong SAR - Value of Bank deposits held at the central bank,2,E,A,,2017,6.76,,F,A
A,HK,G,V,I,Z,Z,Z,Z,0,3,Hong Kong SAR - Value of Bank deposits held at the central bank,2,E,A,,2018,2.7715,,F,A
A,HK,G,V,I,Z,Z,Z,Z,0,3,Hong Kong SAR - Value of Bank deposits held at the central bank,2,E,A,,2019,2.3792,,F,A
A,HK,G,V,I,Z,Z,Z,Z,0,3,Hong Kong SAR - Value of Bank deposits held at the central bank,2,E,A,,2020,17.0965,,F,A
A,HK,G,V,I,Z,Z,Z,Z,0,3,Hong Kong SAR - Value of Bank deposits held at the central bank,2,E,A,,2021,13.1632,,F,A
A,HK,G,V,I,Z,Z,Z,Z,0,3,Hong Kong SAR - Value of Bank deposits held at the central bank,2,E,A,,2022,3.4266,,F,A
A,HK,G,V,I,Z,Z,Z,Z,0,3,Hong Kong SAR - Value of Bank deposits held at the central bank,2,E,A,,2023,1.5067,,F,A
A,HK,G,V,I,Z,Z,Z,Z,0,3,Hong Kong SAR - Value of Bank deposits held at the central bank,2,E,A,,2024,1.411,,F,A
A,SG,M,V,H,A,Z,Z,Z,0,7,"Singapore - Value of Cashless payments, All",4,S,A,,2012,-1.0155,,F,A
A,SG,M,V,H,A,Z,Z,Z,0,7,"Singapore - Value of Cashless payments, All",4,S,A,,2013,3.3697,,F,A
A,SG,M,V,H,A,Z,Z,Z,0,7,"Singapore - Value of Cashless payments, All",4,S,A,,2014,-1.1481,,F,A
A,SG,M,V,H,A,Z,Z,Z,0,7,"Singapore - Value of Cashless payments, All",4,S,A,,2015,5.2574,,F,A
A,SG,M,V,H,A,Z,Z,Z,0,7,"Singapore - Value of Cashless payments, All",4,S,A,,2016,0.49717,,F,A
A,SG,M,V,H,A,Z,Z,Z,0,7,"Singapore - Value of Cashless payments, All",4,S,A,,2017,3.0938,,F,A
A,SG,M,V,H,A,Z,Z,Z,0,7,"Singapore - Value of Cashless payments, All",4,S,A,,2018,5.4063,,F,A
A,SG,M,V,H,A,Z,Z,Z,0,7,"Singapore - Value of Cashless payments, All",4,S,A,,2019,-1.0921,,F,A
A,SG,M,V,H,A,Z,Z,Z,0,7,"Singapore - Value of Cashless payments, All",4,S,A,,2020,-6.6274,,F,A
A,SG,M,V,H,A,Z,Z,Z,0,7,"Singapore - Value of Cashless payments, All",4,S,A,,2021,10.6573,,F,A
A,SG,M,V,H,A,Z,Z,Z,0,7,"Singapore - Value of Cashless payments, All",4,S,A,,2022,5.0105,,F,A
A,SG,M,V,H,A,Z,Z,Z,0,7,"Singapore - Value of Cashless payments, All",4,S,A,,2023,4.5553,,F,A
A,SG,M,V,H,A,Z,Z,Z,0,7,"Singapore - Value of Cashless payments, All",4,S,A,,2024,8.5827,,F,A
A,SG,M,V,S,C,Z,Z,Z,0,8c,"Singapore - Value of Cashless payments, Direct debits",2,S,A,,2012,1128.8711,,F,A
A,SG,M,V,S,C,Z,Z,Z,0,8c,"Singapore - Value of Cashless payments, Direct debits",2,S,A,,2013,1193.1131,,F,A
A,SG,M,V,S,C,Z,Z,Z,0,8c,"Singapore - Value of Cashless payments, Direct debits",2,S,A,,2014,1264.7195,,F,A
A,SG,M,V,S,C,Z,Z,Z,0,8c,"Singapore - Value of Cashless payments, Direct debits",2,S,A,,2015,1238.1531,,F,A
A,SG,M,V,S,C,Z,Z,Z,0,8c,"Singapore - Value of Cashless payments, Direct debits",2,S,A,,2016,1269.6508,,F,A
A,SG,M,V,S,C,Z,Z,Z,0,8c,"Singapore - Value of Cashless payments, Direct debits",2,S,A,,2017,1309.0996,,F,A
A,SG,M,V,S,C,Z,Z,Z,0,8c,"Singapore - Value of Cashless payments, Direct debits",2,S,A,,2018,1392.9494,,F,A
A,SG,M,V,S,C,Z,Z,Z,0,8c,"Singapore - Value of Cashless payments, Direct debits",2,S,A,,2019,1381.9932,,F,A
A,SG,M,V,S,C,Z,Z,Z,0,8c,"Singapore - Value of Cashless payments, Direct debits",2,S,A,,2020,1274.46,,F,A
A,SG,M,V,S,C,Z,Z,Z,0,8c,"Singapore - Value of Cashless payments, Direct debits",2,S,A,,2021,1481.7423,,F,A
A,SG,M,V,S,C,Z,Z,Z,0,8c,"Singapore - Value of Cashless payments, Direct debits",2,S,A,,2022,1555.3769,,F,A
A,SG,M,V,S,C,Z,Z,Z,0,8c,"Singapore - Value of Cashless payments, Direct debits",2,S,A,,2023,1750.4776,,F,A
A,SG,M,V,S,C,Z,Z,Z,0,8c,"Singapore - Value of Cashless payments, Direct debits",2,S,A,,2024,1932.9037,,F,A
A,SG,M,V,S,E,Z,Z,Z,0,8c,"Singapore - Value of Cashless payments, All Card and e-money payments",2,S,A,,2012,17.1314,,F,A
A,SG,M,V,S,E,Z,Z,Z,0,8c,"Singapore - Value of Cashless payments, All Card and e-money payments",2,S,A,,2013,16.8395,,F,A
A,SG,M,V,S,E,Z,Z,Z,0,8c,"Singapore - Value of Cashless payments, All Card and e-money payments",2,S,A,,2014,17.0514,,F,A
A,SG,M,V,S,E,Z,Z,Z,0,8c,"Singapore - Value of Cashless payments, All Card and e-money payments",2,S,A,,2015,15.7594,,F,A
A,SG,M,V,S,E,Z,Z,Z,0,8c,"Singapore - Value of Cashless payments, All Card and e-money payments",2,S,A,,2016,15.692,,F,A
A,SG,M,V,S,E,Z,Z,Z,0,8c,"Singapore - Value of Cashless payments, All Card and e-money payments",2,S,A,,2017,15.3253,,F,A
A,SG,M,V,S,E,Z,Z,Z,0,8c,"Singapore - Value of Cashless payments, All Card and e-money payments",2,S,A,,2018,16.7396,,F,A
A,SG,M,V,S,E,Z,Z,Z,0,8c,"Singapore - Value of Cashless payments, All Card and e-money payments",2,S,A,,2019,16.839,,F,A
A,SG,M,V,S,E,Z,Z,Z,0,8c,"Singapore - Value of Cashless payments, All Card and e-money payments",2,S,A,,2020,19.5102,,F,A
A,SG,M,V,S,E,Z,Z,Z,0,8c,"Singapore - Value of Cashless payments, All Card and e-money payments",2,S,A,,2021,21.1334,,F,A
A,SG,M,V,S,E,Z,Z,Z,0,8c,"Singapore - Value of Cashless payments, All Card and e-money payments",2,S,A,,2022,23.0096,,F,A
A,SG,M,V,S,E,Z,Z,Z,0,8c,"Singapore - Value of Cashless payments, All Card and e-money payments",2,S,A,,2023,25.5468,,F,A
A,SG,M,V,S,E,Z,Z,Z,0,8c,"Singapore - Value of Cashless payments, All Card and e-money payments",2,S,A,,2024,26.2287,,F,A
A,SG,M,V,Q,D,Z,Z,Z,0,8d,"Singapore - Value of Cashless payments, Cheques",2,S,A,,2012,104492.0964,,F,A
A,SG,M,V,Q,D,Z,Z,Z,0,8d,"Singapore - Value of Cashless payments, Cheques",2,S,A,,2013,107232.1248,,F,A
A,SG,M,V,Q,D,Z,Z,Z,0,8d,"Singapore - Value of Cashless payments, Cheques",2,S,A,,2014,101094.1844,,F,A
A,SG,M,V,Q,D,Z,Z,Z,0,8d,"Singapore - Value of Cashless payments, Cheques",2,S,A,,2015,90940.9394,,F,A
A,SG,M,V,Q,D,Z,Z,Z,0,8d,"Singapore - Value of Cashless payments, Cheques",2,S,A,,2016,84500.3738,,F,A
A,SG,M,V,Q,D,Z,Z,Z,0,8d,"Singapore - Value of Cashless payments, Cheques",2,S,A,,2017,85044.5975,,F,A
A,SG,M,V,Q,D,Z,Z,Z,0,8d,"Singapore - Value of Cashless payments, Cheques",2,S,A,,2018,86011.6449,,F,A
A,SG,M,V,Q,D,Z,Z,Z,0,8d,"Singapore - Value of Cashless payments, Cheques",2,S,A,,2019,73304.723,,F,A
A,SG,M,V,Q,D,Z,Z,Z,0,8d,"Singapore - Value of Cashless payments, Cheques",2,S,A,,2020,54956.368,,F,A
A,SG,M,V,Q,D,Z,Z,Z,0,8d,"Singapore - Value of Cashless payments, Cheques",2,S,A,,2021,60515.0367,,F,A
A,SG,M,V,Q,D,Z,Z,Z,0,8d,"Singapore - Value of Cashless payments, Cheques",2,S,A,,2022,54283.6157,,F,A
A,SG,M,V,Q,D,Z,Z,Z,0,8d,"Singapore - Value of Cashless payments, Cheques",2,S,A,,2023,49264.1424,,F,A
A,SG,M,V,Q,D,Z,Z,Z,0,8d,"Singapore - Value of Cashless payments, Cheques",2,S,A,,2024,42390.4321,,F,A
A,SG,U,N,N,Z,Z,G,Z,3,14,"Singapore - Number of Terminals, ATMs, Credit transfer",0,E,A,,2012,2.721,,F,A
A,SG,U,N,N,Z,Z,G,Z,3,14,"Singapore - Number of Terminals, ATMs, Credit transfer",0,E,A,,2013,2.727,,F,A
A,SG,U,N,N,Z,Z,G,Z,3,14,"Singapore - Number of Terminals, ATMs, Credit transfer",0,E,A,,2014,2.739,,F,A
A,SG,U,N,N,Z,Z,G,Z,3,14,"Singapore - Number of Terminals, ATMs, Credit transfer",0,E,A,,2015,2.807,,F,A
A,SG,U,N,N,Z,Z,G,Z,3,14,"Singapore - Number of Terminals, ATMs, Credit transfer",0,E,A,,2016,2.744,,F,A
A,SG,U,N,N,Z,Z,G,Z,3,14,"Singapore - Number of Terminals, ATMs, Credit transfer",0,E,A,,2017,3.117,,F,A
A,SG,U,N,N,Z,Z,G,Z,3,14,"Singapore - Number of Terminals, ATMs, Credit transfer",0,E,A,,2018,3.195,,F,A
A,SG,U,N,N,Z,Z,G,Z,3,14,"Singapore - Number of Terminals, ATMs, Credit transfer",0,E,A,,2019,2.939,,F,A
A,SG,U,N,N,Z,Z,G,Z,3,14,"Singapore - Number of Terminals, ATMs, Credit transfer",0,E,A,,2020,2.693,,F,A
A,SG,U,N,N,Z,Z,G,Z,3,14,"Singapore - Number of Terminals, ATMs, Credit transfer",0,E,A,,2021,2.595,,F,A
A,SG,U,N,N,Z,Z,G,Z,3,14,"Singapore - Number of Terminals, ATMs, Credit transfer",0,E,A,,2022,2.534,,F,A
A,SG,U,N,N,Z,Z,G,Z,3,14,"Singapore - Number of Terminals, ATMs, Credit transfer",0,E,A,,2023,2.485,,F,A
A,SG,U,N,N,Z,Z,G,Z,3,14,"Singapore - Number of Terminals, ATMs, Credit transfer",0,E,A,,2024,2.506,,F,A
A,HK,M,V,T,F,Z,Z,Z,6,8f,"Hong Kong SAR - Value of Cashless payments, Card and e-money payments, by card with a debit function",3,S,A,,2012,78.2125,,F,A
A,HK,M,V,T,F,Z,Z,Z,6,8f,"Hong Kong SAR - Value of Cashless payments, Card and e-money payments, by card with a debit function",3,S,A,,2013,82.5564,,F,A
A,HK,M,V,T,F,Z,Z,Z,6,8f,"Hong Kong SAR - Value of Cashless payments, Card and e-money payments, by card with a debit function",3,S,A,,2014,87.5532,,F,A
A,HK,M,V,T,F,Z,Z,Z,6,8f,"Hong Kong SAR - Value of Cashless payments, Card and e-money payments, by card with a debit function",3,S,A,,2015,96.5365,,F,A
A,HK,M,V,T,F,Z,Z,Z,6,8f,"Hong Kong SAR - Value of Cashless payments, Card and e-money payments, by card with a debit function",3,S,A,,2016,100.3376,,F,A
A,HK,M,V,T,F,Z,Z,Z,6,8f,"Hong Kong SAR - Value of Cashless payments, Card and e-money payments, by card with a debit function",3,S,A,,2017,106.5746,,F,A
A,HK,M,V,T,F,Z,Z,Z,6,8f,"Hong Kong SAR - Value of Cashless payments, Card and e-money payments, by card with a debit function",3,S,A,,2018,116.4496,,F,A
A,HK,M,V,T,F,Z,Z,Z,6,8f,"Hong Kong SAR - Value of Cashless payments, Card and e-money payments, by card with a debit function",3,S,A,,2019,118.7797,,F,A
A,HK,M,V,T,F,Z,Z,Z,6,8f,"Hong Kong SAR - Value of Cashless payments, Card and e-money payments, by card with a debit function",3,S,A,,2020,108.0289,,F,A
A,HK,M,V,T,F,Z,Z,Z,6,8f,"Hong Kong SAR - Value of Cashless payments, Card and e-money payments, by card with a debit function",3,S,A,,2021,105.8643,,F,A
A,HK,M,V,T,F,Z,Z,Z,6,8f,"Hong Kong SAR - Value of Cashless payments, Card and e-money payments, by card with a debit function",3,S,A,,2022,100.4237,,F,A
A,HK,M,V,T,F,Z,Z,Z,6,8f,"Hong Kong SAR - Value of Cashless payments, Card and e-money payments, by card with a debit function",3,S,A,,2023,101.021,,F,A
A,HK,M,V,T,F,Z,Z,Z,6,8f,"Hong Kong SAR - Value of Cashless payments, Card and e-money payments, by card with a debit function",3,S,A,,2024,99.5329,,F,A
A,SG,N,V,I,A,Z,Z,Z,0,8g,"Singapore - Value of Fast payments, All",2,S,A,,2012,NaN,,F,L
A,SG,N,V,I,A,Z,Z,Z,0,8g,"Singapore - Value of Fast payments, All",2,S,A,,2013,NaN,,F,L
A,SG,N,V,I,A,Z,Z,Z,0,8g,"Singapore - Value of Fast payments, All",2,S,A,,2014,NaN,,F,L
A,SG,N,V,I,A,Z,Z,Z,0,8g,"Singapore - Value of Fast payments, All",2,S,A,,2015,0.08782,,F,A
A,SG,N,V,I,A,Z,Z,Z,0,8g,"Singapore - Value of Fast payments, All",2,S,A,,2016,0.12274,,F,A
A,SG,N,V,I,A,Z,Z,Z,0,8g,"Singapore - Value of Fast payments, All",2,S,A,,2017,0.15471,,F,A
A,SG,N,V,I,A,Z,Z,Z,0,8g,"Singapore - Value of Fast payments, All",2,S,A,,2018,0.21285,,F,A
A,SG,N,V,I,A,Z,Z,Z,0,8g,"Singapore - Value of Fast payments, All",2,S,A,,2019,0.28853,,F,A
A,SG,N,V,I,A,Z,Z,Z,0,8g,"Singapore - Value of Fast payments, All",2,S,A,,2020,0.43755,,F,A
A,SG,N,V,I,A,Z,Z,Z,0,8g,"Singapore - Value of Fast payments, All",2,S,A,,2021,0.50518,,F,A
A,SG,N,V,I,A,Z,Z,Z,0,8g,"Singapore - Value of Fast payments, All",2,S,A,,2022,0.54236,,F,A
A,SG,N,V,I,A,Z,Z,Z,0,8g,"Singapore - Value of Fast payments, All",2,S,A,,2023,0.71748,,F,A
A,SG,N,V,I,A,Z,Z,Z,0,8g,"Singapore - Value of Fast payments, All",2,S,A,,2024,0.90472,,F,A
A,SG,M,N,Q,C,Z,Z,Z,0,6c,"Singapore - Number of Cashless payments, Direct debits",3,S,A,,2012,10.6269,,F,A
A,SG,M,N,Q,C,Z,Z,Z,0,6c,"Singapore - Number of Cashless payments, Direct debits",3,S,A,,2013,10.5816,,F,A
A,SG,M,N,Q,C,Z,Z,Z,0,6c,"Singapore - Number of Cashless payments, Direct debits",3,S,A,,2014,10.4534,,F,A
A,SG,M,N,Q,C,Z,Z,Z,0,6c,"Singapore - Number of Cashless payments, Direct debits",3,S,A,,2015,10.3017,,F,A
A,SG,M,N,Q,C,Z,Z,Z,0,6c,"Singapore - Number of Cashless payments, Direct debits",3,S,A,,2016,10.2907,,F,A
A,SG,M,N,Q,C,Z,Z,Z,0,6c,"Singapore - Number of Cashless payments, Direct debits",3,S,A,,2017,10.4098,,F,A
A,SG,M,N,Q,C,Z,Z,Z,0,6c,"Singapore - Number of Cashless payments, Direct debits",3,S,A,,2018,10.5551,,F,A
A,SG,M,N,Q,C,Z,Z,Z,0,6c,"Singapore - Number of Cashless payments, Direct debits",3,S,A,,2019,10.4874,,F,A
A,SG,M,N,Q,C,Z,Z,Z,0,6c,"Singapore - Number of Cashless payments, Direct debits",3,S,A,,2020,10.0098,,F,A
A,SG,M,N,Q,C,Z,Z,Z,0,6c,"Singapore - Number of Cashless payments, Direct debits",3,S,A,,2021,10.6206,,F,A
A,SG,M,N,Q,C,Z,Z,Z,0,6c,"Singapore - Number of Cashless payments, Direct debits",3,S,A,,2022,10.7016,,F,A
A,SG,M,N,Q,C,Z,Z,Z,0,6c,"Singapore - Number of Cashless payments, Direct debits",3,S,A,,2023,10.3841,,F,A
A,SG,M,N,Q,C,Z,Z,Z,0,6c,"Singapore - Number of Cashless payments, Direct debits",3,S,A,,2024,10.3472,,F,A
A,SG,U,N,N,Z,Z,A,Z,3,14,"Singapore - Number of Terminals, All POS",0,E,A,,2012,135.577,,F,A
A,SG,U,N,N,Z,Z,A,Z,3,14,"Singapore - Number of Terminals, All POS",0,E,A,,2013,146.365,,F,A
A,SG,U,N,N,Z,Z,A,Z,3,14,"Singapore - Number of Terminals, All POS",0,E,A,,2014,143.744,,F,A
A,SG,U,N,N,Z,Z,A,Z,3,14,"Singapore - Number of Terminals, All POS",0,E,A,,2015,172.119,,F,A
A,SG,U,N,N,Z,Z,A,Z,3,14,"Singapore - Number of Terminals, All POS",0,E,A,,2016,186.259,,F,A
A,SG,U,N,N,Z,Z,A,Z,3,14,"Singapore - Number of Terminals, All POS",0,E,A,,2017,255.645,,F,A
A,SG,U,N,N,Z,Z,A,Z,3,14,"Singapore - Number of Terminals, All POS",0,E,A,,2018,271.661,,F,A
A,SG,U,N,N,Z,Z,A,Z,3,14,"Singapore - Number of Terminals, All POS",0,E,A,,2019,275.014,,F,A
A,SG,U,N,N,Z,Z,A,Z,3,14,"Singapore - Number of Terminals, All POS",0,E,A,,2020,320.011,,F,A
A,SG,U,N,N,Z,Z,A,Z,3,14,"Singapore - Number of Terminals, All POS",0,E,A,,2021,330.015,,F,A
A,SG,U,N,N,Z,Z,A,Z,3,14,"Singapore - Number of Terminals, All POS",0,E,A,,2022,312.529,,F,A
A,SG,U,N,N,Z,Z,A,Z,3,14,"Singapore - Number of Terminals, All POS",0,E,A,,2023,337.845,,F,A
A,SG,U,N,N,Z,Z,A,Z,3,14,"Singapore - Number of Terminals, All POS",0,E,A,,2024,357.69,,F,A
A,SG,M,V,H,H,Z,Z,Z,0,8b,"Singapore - Value of Cashless payments, Card and e-money payments, by card with a credit function",3,S,A,,2012,4.2755,,F,A
A,SG,M,V,H,H,Z,Z,Z,0,8b,"Singapore - Value of Cashless payments, Card and e-money payments, by card with a credit function",3,S,A,,2013,8.1162,,F,A
A,SG,M,V,H,H,Z,Z,Z,0,8b,"Singapore - Value of Cashless payments, Card and e-money payments, by card with a credit function",3,S,A,,2014,6.0084,,F,A
A,SG,M,V,H,H,Z,Z,Z,0,8b,"Singapore - Value of Cashless payments, Card and e-money payments, by card with a credit function",3,S,A,,2015,5.9975,,F,A
A,SG,M,V,H,H,Z,Z,Z,0,8b,"Singapore - Value of Cashless payments, Card and e-money payments, by card with a credit function",3,S,A,,2016,5.825,,F,A
A,SG,M,V,H,H,Z,Z,Z,0,8b,"Singapore - Value of Cashless payments, Card and e-money payments, by card with a credit function",3,S,A,,2017,6.2372,,F,A
A,SG,M,V,H,H,Z,Z,Z,0,8b,"Singapore - Value of Cashless payments, Card and e-money payments, by card with a credit function",3,S,A,,2018,14.8091,,F,A
A,SG,M,V,H,H,Z,Z,Z,0,8b,"Singapore - Value of Cashless payments, Card and e-money payments, by card with a credit function",3,S,A,,2019,6.9966,,F,A
A,SG,M,V,H,H,Z,Z,Z,0,8b,"Singapore - Value of Cashless payments, Card and e-money payments, by card with a credit function",3,S,A,,2020,-15.1771,,F,A
A,SG,M,V,H,H,Z,Z,Z,0,8b,"Singapore - Value of Cashless payments, Card and e-money payments, by card with a credit function",3,S,A,,2021,10.8466,,F,A
A,SG,M,V,H,H,Z,Z,Z,0,8b,"Singapore - Value of Cashless payments, Card and e-money payments, by card with a credit function",3,S,A,,2022,15.2953,,F,A
A,SG,M,V,H,H,Z,Z,Z,0,8b,"Singapore - Value of Cashless payments, Card and e-money payments, by card with a credit function",3,S,A,,2023,12.7108,,F,A
A,SG,M,V,H,H,Z,Z,Z,0,8b,"Singapore - Value of Cashless payments, Card and e-money payments, by card with a credit function",3,S,A,,2024,4.3199,,F,A
A,HK,F,V,I,Z,Z,Z,Z,0,2,Hong Kong SAR - Value of Banknotes and coins,2,E,A,,2012,14.8216,,F,A
A,HK,F,V,I,Z,Z,Z,Z,0,2,Hong Kong SAR - Value of Banknotes and coins,2,E,A,,2013,15.9105,,F,A
A,HK,F,V,I,Z,Z,Z,Z,0,2,Hong Kong SAR - Value of Banknotes and coins,2,E,A,,2014,15.642,,F,A
A,HK,F,V,I,Z,Z,Z,Z,0,2,Hong Kong SAR - Value of Banknotes and coins,2,E,A,,2015,15.5039,,F,A
A,HK,F,V,I,Z,Z,Z,Z,0,2,Hong Kong SAR - Value of Banknotes and coins,2,E,A,,2016,16.8653,,F,A
A,HK,F,V,I,Z,Z,Z,Z,0,2,Hong Kong SAR - Value of Banknotes and coins,2,E,A,,2017,17.6023,,F,A
A,HK,F,V,I,Z,Z,Z,Z,0,2,Hong Kong SAR - Value of Banknotes and coins,2,E,A,,2018,17.5173,,F,A
A,HK,F,V,I,Z,Z,Z,Z,0,2,Hong Kong SAR - Value of Banknotes and coins,2,E,A,,2019,18.6241,,F,A
A,HK,F,V,I,Z,Z,Z,Z,0,2,Hong Kong SAR - Value of Banknotes and coins,2,E,A,,2020,21.4026,,F,A
A,HK,F,V,I,Z,Z,Z,Z,0,2,Hong Kong SAR - Value of Banknotes and coins,2,E,A,,2021,21.131,,F,A
A,HK,F,V,I,Z,Z,Z,Z,0,2,Hong Kong SAR - Value of Banknotes and coins,2,E,A,,2022,22.0358,,F,A
A,HK,F,V,I,Z,Z,Z,Z,0,2,Hong Kong SAR - Value of Banknotes and coins,2,E,A,,2023,20.3045,,F,A
A,HK,F,V,I,Z,Z,Z,Z,0,2,Hong Kong SAR - Value of Banknotes and coins,2,E,A,,2024,19.3605,,F,A
A,SG,J,N,R,Z,Z,Z,Z,0,4a,Singapore - Number of Branches or offices,3,E,A,,2012,97.3268,,F,A
A,SG,J,N,R,Z,Z,Z,Z,0,4a,Singapore - Number of Branches or offices,3,E,A,,2013,93.7211,,F,A
A,SG,J,N,R,Z,Z,Z,Z,0,4a,Singapore - Number of Branches or offices,3,E,A,,2014,91.9561,,F,A
A,SG,J,N,R,Z,Z,Z,Z,0,4a,Singapore - Number of Branches or offices,3,E,A,,2015,91.4182,,F,A
A,SG,J,N,R,Z,Z,Z,Z,0,4a,Singapore - Number of Branches or offices,3,E,A,,2016,89.3526,,F,A
A,SG,J,N,R,Z,Z,Z,Z,0,4a,Singapore - Number of Branches or offices,3,E,A,,2017,88.9166,,F,A
A,SG,J,N,R,Z,Z,Z,Z,0,4a,Singapore - Number of Branches or offices,3,E,A,,2018,84.0575,,F,A
A,SG,J,N,R,Z,Z,Z,Z,0,4a,Singapore - Number of Branches or offices,3,E,A,,2019,81.1711,,F,A
A,SG,J,N,R,Z,Z,Z,Z,0,4a,Singapore - Number of Branches or offices,3,E,A,,2020,76.3278,,F,A
A,SG,J,N,R,Z,Z,Z,Z,0,4a,Singapore - Number of Branches or offices,3,E,A,,2021,74.6241,,F,A
A,SG,J,N,R,Z,Z,Z,Z,0,4a,Singapore - Number of Branches or offices,3,E,A,,2022,69.8953,,F,A
A,SG,J,N,R,Z,Z,Z,Z,0,4a,Singapore - Number of Branches or offices,3,E,A,,2023,64.2109,,F,A
A,SG,J,N,R,Z,Z,Z,Z,0,4a,Singapore - Number of Branches or offices,3,E,A,,2024,62.6139,,F,A
A,HK,M,N,Q,I,Z,Z,Z,0,6c,"Hong Kong SAR - Number of Cashless payments, Card and e-money payments, e-money payments",3,S,A,,2012,NaN,,F,L
A,HK,M,N,Q,I,Z,Z,Z,0,6c,"Hong Kong SAR - Number of Cashless payments, Card and e-money payments, e-money payments",3,S,A,,2013,NaN,,F,L
A,HK,M,N,Q,I,Z,Z,Z,0,6c,"Hong Kong SAR - Number of Cashless payments, Card and e-money payments, e-money payments",3,S,A,,2014,NaN,,F,L
A,HK,M,N,Q,I,Z,Z,Z,0,6c,"Hong Kong SAR - Number of Cashless payments, Card and e-money payments, e-money payments",3,S,A,,2015,NaN,,F,L
A,HK,M,N,Q,I,Z,Z,Z,0,6c,"Hong Kong SAR - Number of Cashless payments, Card and e-money payments, e-money payments",3,S,A,,2016,NaN,,F,L
A,HK,M,N,Q,I,Z,Z,Z,0,6c,"Hong Kong SAR - Number of Cashless payments, Card and e-money payments, e-money payments",3,S,A,,2017,760.5664,,F,A
A,HK,M,N,Q,I,Z,Z,Z,0,6c,"Hong Kong SAR - Number of Cashless payments, Card and e-money payments, e-money payments",3,S,A,,2018,813.6998,,F,A
A,HK,M,N,Q,I,Z,Z,Z,0,6c,"Hong Kong SAR - Number of Cashless payments, Card and e-money payments, e-money payments",3,S,A,,2019,832.4792,,F,A
A,HK,M,N,Q,I,Z,Z,Z,0,6c,"Hong Kong SAR - Number of Cashless payments, Card and e-money payments, e-money payments",3,S,A,,2020,701.012,,F,A
A,HK,M,N,Q,I,Z,Z,Z,0,6c,"Hong Kong SAR - Number of Cashless payments, Card and e-money payments, e-money payments",3,S,A,,2021,922.2478,,F,A
A,HK,M,N,Q,I,Z,Z,Z,0,6c,"Hong Kong SAR - Number of Cashless payments, Card and e-money payments, e-money payments",3,S,A,,2022,926.7024,,F,A
A,HK,M,N,Q,I,Z,Z,Z,0,6c,"Hong Kong SAR - Number of Cashless payments, Card and e-money payments, e-money payments",3,S,A,,2023,1033.666,,F,A
A,HK,M,N,Q,I,Z,Z,Z,0,6c,"Hong Kong SAR - Number of Cashless payments, Card and e-money payments, e-money payments",3,S,A,,2024,1086.0739,,F,A
A,SG,F,V,I,Z,Z,Z,Z,0,2,Singapore - Value of Banknotes and coins,2,E,A,,2012,7.8946,,F,A
A,SG,F,V,I,Z,Z,Z,Z,0,2,Singapore - Value of Banknotes and coins,2,E,A,,2013,8.2246,,F,A
A,SG,F,V,I,Z,Z,Z,Z,0,2,Singapore - Value of Banknotes and coins,2,E,A,,2014,8.6274,,F,A
A,SG,F,V,I,Z,Z,Z,Z,0,2,Singapore - Value of Banknotes and coins,2,E,A,,2015,9.0761,,F,A
A,SG,F,V,I,Z,Z,Z,Z,0,2,Singapore - Value of Banknotes and coins,2,E,A,,2016,9.6507,,F,A
A,SG,F,V,I,Z,Z,Z,Z,0,2,Singapore - Value of Banknotes and coins,2,E,A,,2017,9.6612,,F,A
A,SG,F,V,I,Z,Z,Z,Z,0,2,Singapore - Value of Banknotes and coins,2,E,A,,2018,9.6302,,F,A
A,SG,F,V,I,Z,Z,Z,Z,0,2,Singapore - Value of Banknotes and coins,2,E,A,,2019,10.1934,,F,A
A,SG,F,V,I,Z,Z,Z,Z,0,2,Singapore - Value of Banknotes and coins,2,E,A,,2020,11.8894,,F,A
A,SG,F,V,I,Z,Z,Z,Z,0,2,Singapore - Value of Banknotes and coins,2,E,A,,2021,10.2773,,F,A
A,SG,F,V,I,Z,Z,Z,Z,0,2,Singapore - Value of Banknotes and coins,2,E,A,,2022,9.005,,F,A
A,SG,F,V,I,Z,Z,Z,Z,0,2,Singapore - Value of Banknotes and coins,2,E,A,,2023,9.5117,,F,A
A,SG,F,V,I,Z,Z,Z,Z,0,2,Singapore - Value of Banknotes and coins,2,E,A,,2024,9.0989,,F,A
A,SG,M,V,T,B,Z,Z,Z,6,8f,"Singapore - Value of Cashless payments, Credit transfers",3,S,A,,2012,466.8715,,F,A
A,SG,M,V,T,B,Z,Z,Z,6,8f,"Singapore - Value of Cashless payments, Credit transfers",3,S,A,,2013,507.5139,,F,A
A,SG,M,V,T,B,Z,Z,Z,6,8f,"Singapore - Value of Cashless payments, Credit transfers",3,S,A,,2014,526.1433,,F,A
A,SG,M,V,T,B,Z,Z,Z,6,8f,"Singapore - Value of Cashless payments, Credit transfers",3,S,A,,2015,589.1718,,F,A
A,SG,M,V,T,B,Z,Z,Z,6,8f,"Singapore - Value of Cashless payments, Credit transfers",3,S,A,,2016,644.272,,F,A
A,SG,M,V,T,B,Z,Z,Z,6,8f,"Singapore - Value of Cashless payments, Credit transfers",3,S,A,,2017,709.5017,,F,A
A,SG,M,V,T,B,Z,Z,Z,6,8f,"Singapore - Value of Cashless payments, Credit transfers",3,S,A,,2018,842.5442,,F,A
A,SG,M,V,T,B,Z,Z,Z,6,8f,"Singapore - Value of Cashless payments, Credit transfers",3,S,A,,2019,977.3141,,F,A
A,SG,M,V,T,B,Z,Z,Z,6,8f,"Singapore - Value of Cashless payments, Credit transfers",3,S,A,,2020,1120.879,,F,A
A,SG,M,V,T,B,Z,Z,Z,6,8f,"Singapore - Value of Cashless payments, Credit transfers",3,S,A,,2021,1389.5789,,F,A
A,SG,M,V,T,B,Z,Z,Z,6,8f,"Singapore - Value of Cashless payments, Credit transfers",3,S,A,,2022,1631.3771,,F,A
A,SG,M,V,T,B,Z,Z,Z,6,8f,"Singapore - Value of Cashless payments, Credit transfers",3,S,A,,2023,1965.5158,,F,A
A,SG,M,V,T,B,Z,Z,Z,6,8f,"Singapore - Value of Cashless payments, Credit transfers",3,S,A,,2024,2406.0832,,F,A
A,SG,G,V,I,Z,Z,Z,Z,0,3,Singapore - Value of Bank deposits held at the central bank,2,E,A,,2012,5.2887,,F,A
A,SG,G,V,I,Z,Z,Z,Z,0,3,Singapore - Value of Bank deposits held at the central bank,2,E,A,,2013,8.3423,,F,A
A,SG,G,V,I,Z,Z,Z,Z,0,3,Singapore - Value of Bank deposits held at the central bank,2,E,A,,2014,5.0913,,F,A
A,SG,G,V,I,Z,Z,Z,Z,0,3,Singapore - Value of Bank deposits held at the central bank,2,E,A,,2015,5.2471,,F,A
A,SG,G,V,I,Z,Z,Z,Z,0,3,Singapore - Value of Bank deposits held at the central bank,2,E,A,,2016,4.9873,,F,A
A,SG,G,V,I,Z,Z,Z,Z,0,3,Singapore - Value of Bank deposits held at the central bank,2,E,A,,2017,4.7043,,F,A
A,SG,G,V,I,Z,Z,Z,Z,0,3,Singapore - Value of Bank deposits held at the central bank,2,E,A,,2018,4.4177,,F,A
A,SG,G,V,I,Z,Z,Z,Z,0,3,Singapore - Value of Bank deposits held at the central bank,2,E,A,,2019,4.1724,,F,A
A,SG,G,V,I,Z,Z,Z,Z,0,3,Singapore - Value of Bank deposits held at the central bank,2,E,A,,2020,5.8431,,F,A
A,SG,G,V,I,Z,Z,Z,Z,0,3,Singapore - Value of Bank deposits held at the central bank,2,E,A,,2021,27.19,,F,A
A,SG,G,V,I,Z,Z,Z,Z,0,3,Singapore - Value of Bank deposits held at the central bank,2,E,A,,2022,28.6843,,F,A
A,SG,G,V,I,Z,Z,Z,Z,0,3,Singapore - Value of Bank deposits held at the central bank,2,E,A,,2023,31.4819,,F,A
A,SG,G,V,I,Z,Z,Z,Z,0,3,Singapore - Value of Bank deposits held at the central bank,2,E,A,,2024,28.2016,,F,A
A,SG,N,V,S,A,Z,Z,Z,0,8g,"Singapore - Value of Fast payments, All",2,S,A,,2012,NaN,,F,L
A,SG,N,V,S,A,Z,Z,Z,0,8g,"Singapore - Value of Fast payments, All",2,S,A,,2013,NaN,,F,L
A,SG,N,V,S,A,Z,Z,Z,0,8g,"Singapore - Value of Fast payments, All",2,S,A,,2014,NaN,,F,L
A,SG,N,V,S,A,Z,Z,Z,0,8g,"Singapore - Value of Fast payments, All",2,S,A,,2015,1434.5979,,F,A
A,SG,N,V,S,A,Z,Z,Z,0,8g,"Singapore - Value of Fast payments, All",2,S,A,,2016,1458.0062,,F,A
A,SG,N,V,S,A,Z,Z,Z,0,8g,"Singapore - Value of Fast payments, All",2,S,A,,2017,1376.7238,,F,A
A,SG,N,V,S,A,Z,Z,Z,0,8g,"Singapore - Value of Fast payments, All",2,S,A,,2018,1345.1003,,F,A
A,SG,N,V,S,A,Z,Z,Z,0,8g,"Singapore - Value of Fast payments, All",2,S,A,,2019,1163.8265,,F,A
A,SG,N,V,S,A,Z,Z,Z,0,8g,"Singapore - Value of Fast payments, All",2,S,A,,2020,1039.9138,,F,A
A,SG,N,V,S,A,Z,Z,Z,0,8g,"Singapore - Value of Fast payments, All",2,S,A,,2021,976.0257,,F,A
A,SG,N,V,S,A,Z,Z,Z,0,8g,"Singapore - Value of Fast payments, All",2,S,A,,2022,945.4151,,F,A
A,SG,N,V,S,A,Z,Z,Z,0,8g,"Singapore - Value of Fast payments, All",2,S,A,,2023,953.2895,,F,A
A,SG,N,V,S,A,Z,Z,Z,0,8g,"Singapore - Value of Fast payments, All",2,S,A,,2024,990.5997,,F,A
A,HK,N,N,N,A,Z,Z,Z,3,6e,"Hong Kong SAR - Number of Fast payments, All",3,S,A,,2012,NaN,,F,L
A,HK,N,N,N,A,Z,Z,Z,3,6e,"Hong Kong SAR - Number of Fast payments, All",3,S,A,,2013,NaN,,F,L
A,HK,N,N,N,A,Z,Z,Z,3,6e,"Hong Kong SAR - Number of Fast payments, All",3,S,A,,2014,NaN,,F,L
A,HK,N,N,N,A,Z,Z,Z,3,6e,"Hong Kong SAR - Number of Fast payments, All",3,S,A,,2015,NaN,,F,L
A,HK,N,N,N,A,Z,Z,Z,3,6e,"Hong Kong SAR - Number of Fast payments, All",3,S,A,,2016,NaN,,F,L
A,HK,N,N,N,A,Z,Z,Z,3,6e,"Hong Kong SAR - Number of Fast payments, All",3,S,A,,2017,NaN,,F,L
A,HK,N,N,N,A,Z,Z,Z,3,6e,"Hong Kong SAR - Number of Fast payments, All",3,S,A,,2018,5438,,F,A
A,HK,N,N,N,A,Z,Z,Z,3,6e,"Hong Kong SAR - Number of Fast payments, All",3,S,A,,2019,43983,,F,A
A,HK,N,N,N,A,Z,Z,Z,3,6e,"Hong Kong SAR - Number of Fast payments, All",3,S,A,,2020,138210,,F,A
A,HK,N,N,N,A,Z,Z,Z,3,6e,"Hong Kong SAR - Number of Fast payments, All",3,S,A,,2021,263924,,F,A
A,HK,N,N,N,A,Z,Z,Z,3,6e,"Hong Kong SAR - Number of Fast payments, All",3,S,A,,2022,391718,,F,A
A,HK,N,N,N,A,Z,Z,Z,3,6e,"Hong Kong SAR - Number of Fast payments, All",3,S,A,,2023,530867,,F,A
A,HK,N,N,N,A,Z,Z,Z,3,6e,"Hong Kong SAR - Number of Fast payments, All",3,S,A,,2024,716022,,F,A
A,SG,R,V,I,Z,C,Z,Z,0,12e,"Singapore - Value of Withdrawals/deposits, Cash withdrawals with cards issued inside the country, at locations inside the country",3,S,A,,2012,16.0276,,F,A
A,SG,R,V,I,Z,C,Z,Z,0,12e,"Singapore - Value of Withdrawals/deposits, Cash withdrawals with cards issued inside the country, at locations inside the country",3,S,A,,2013,16.7138,,F,A
A,SG,R,V,I,Z,C,Z,Z,0,12e,"Singapore - Value of Withdrawals/deposits, Cash withdrawals with cards issued inside the country, at locations inside the country",3,S,A,,2014,16.3474,,F,A
A,SG,R,V,I,Z,C,Z,Z,0,12e,"Singapore - Value of Withdrawals/deposits, Cash withdrawals with cards issued inside the country, at locations inside the country",3,S,A,,2015,15.5352,,F,A
A,SG,R,V,I,Z,C,Z,Z,0,12e,"Singapore - Value of Withdrawals/deposits, Cash withdrawals with cards issued inside the country, at locations inside the country",3,S,A,,2016,14.7449,,F,A
A,SG,R,V,I,Z,C,Z,Z,0,12e,"Singapore - Value of Withdrawals/deposits, Cash withdrawals with cards issued inside the country, at locations inside the country",3,S,A,,2017,13.5203,,F,A
A,SG,R,V,I,Z,C,Z,Z,0,12e,"Singapore - Value of Withdrawals/deposits, Cash withdrawals with cards issued inside the country, at locations inside the country",3,S,A,,2018,12.5538,,F,A
A,SG,R,V,I,Z,C,Z,Z,0,12e,"Singapore - Value of Withdrawals/deposits, Cash withdrawals with cards issued inside the country, at locations inside the country",3,S,A,,2019,11.8984,,F,A
A,SG,R,V,I,Z,C,Z,Z,0,12e,"Singapore - Value of Withdrawals/deposits, Cash withdrawals with cards issued inside the country, at locations inside the country",3,S,A,,2020,10.1376,,F,A
A,SG,R,V,I,Z,C,Z,Z,0,12e,"Singapore - Value of Withdrawals/deposits, Cash withdrawals with cards issued inside the country, at locations inside the country",3,S,A,,2021,8.2234,,F,A
A,SG,R,V,I,Z,C,Z,Z,0,12e,"Singapore - Value of Withdrawals/deposits, Cash withdrawals with cards issued inside the country, at locations inside the country",3,S,A,,2022,8.0174,,F,A
A,SG,R,V,I,Z,C,Z,Z,0,12e,"Singapore - Value of Withdrawals/deposits, Cash withdrawals with cards issued inside the country, at locations inside the country",3,S,A,,2023,8.7105,,F,A
A,SG,R,V,I,Z,C,Z,Z,0,12e,"Singapore - Value of Withdrawals/deposits, Cash withdrawals with cards issued inside the country, at locations inside the country",3,S,A,,2024,7.5384,,F,A
A,SG,M,N,N,B,Z,Z,Z,6,6,"Singapore - Number of Cashless payments, Credit transfers",2,S,A,,2012,39.9,,F,A
A,SG,M,N,N,B,Z,Z,Z,6,6,"Singapore - Number of Cashless payments, Credit transfers",2,S,A,,2013,42.67,,F,A
A,SG,M,N,N,B,Z,Z,Z,6,6,"Singapore - Number of Cashless payments, Credit transfers",2,S,A,,2014,40.64,,F,A
A,SG,M,N,N,B,Z,Z,Z,6,6,"Singapore - Number of Cashless payments, Credit transfers",2,S,A,,2015,60.79,,F,A
A,SG,M,N,N,B,Z,Z,Z,6,6,"Singapore - Number of Cashless payments, Credit transfers",2,S,A,,2016,72,,F,A
A,SG,M,N,N,B,Z,Z,Z,6,6,"Singapore - Number of Cashless payments, Credit transfers",2,S,A,,2017,86.51,,F,A
A,SG,M,N,N,B,Z,Z,Z,6,6,"Singapore - Number of Cashless payments, Credit transfers",2,S,A,,2018,109.32,,F,A
A,SG,M,N,N,B,Z,Z,Z,6,6,"Singapore - Number of Cashless payments, Credit transfers",2,S,A,,2019,145.46,,F,A
A,SG,M,N,N,B,Z,Z,Z,6,6,"Singapore - Number of Cashless payments, Credit transfers",2,S,A,,2020,198.438,,F,A
A,SG,M,N,N,B,Z,Z,Z,6,6,"Singapore - Number of Cashless payments, Credit transfers",2,S,A,,2021,275.319,,F,A
A,SG,M,N,N,B,Z,Z,Z,6,6,"Singapore - Number of Cashless payments, Credit transfers",2,S,A,,2022,345.73,,F,A
A,SG,M,N,N,B,Z,Z,Z,6,6,"Singapore - Number of Cashless payments, Credit transfers",2,S,A,,2023,436.523,,F,A
A,SG,M,N,N,B,Z,Z,Z,6,6,"Singapore - Number of Cashless payments, Credit transfers",2,S,A,,2024,560.525,,F,A
A,HK,M,N,T,F,Z,Z,Z,3,6d,"Hong Kong SAR - Number of Cashless payments, Card and e-money payments, by card with a debit function",0,S,A,,2012,307,,F,A
A,HK,M,N,T,F,Z,Z,Z,3,6d,"Hong Kong SAR - Number of Cashless payments, Card and e-money payments, by card with a debit function",0,S,A,,2013,313,,F,A
A,HK,M,N,T,F,Z,Z,Z,3,6d,"Hong Kong SAR - Number of Cashless payments, Card and e-money payments, by card with a debit function",0,S,A,,2014,324,,F,A
A,HK,M,N,T,F,Z,Z,Z,3,6d,"Hong Kong SAR - Number of Cashless payments, Card and e-money payments, by card with a debit function",0,S,A,,2015,345,,F,A
A,HK,M,N,T,F,Z,Z,Z,3,6d,"Hong Kong SAR - Number of Cashless payments, Card and e-money payments, by card with a debit function",0,S,A,,2016,365,,F,A
A,HK,M,N,T,F,Z,Z,Z,3,6d,"Hong Kong SAR - Number of Cashless payments, Card and e-money payments, by card with a debit function",0,S,A,,2017,373,,F,A
A,HK,M,N,T,F,Z,Z,Z,3,6d,"Hong Kong SAR - Number of Cashless payments, Card and e-money payments, by card with a debit function",0,S,A,,2018,389,,F,A
A,HK,M,N,T,F,Z,Z,Z,3,6d,"Hong Kong SAR - Number of Cashless payments, Card and e-money payments, by card with a debit function",0,S,A,,2019,442,,F,A
A,HK,M,N,T,F,Z,Z,Z,3,6d,"Hong Kong SAR - Number of Cashless payments, Card and e-money payments, by card with a debit function",0,S,A,,2020,406,,F,A
A,HK,M,N,T,F,Z,Z,Z,3,6d,"Hong Kong SAR - Number of Cashless payments, Card and e-money payments, by card with a debit function",0,S,A,,2021,465,,F,A
A,HK,M,N,T,F,Z,Z,Z,3,6d,"Hong Kong SAR - Number of Cashless payments, Card and e-money payments, by card with a debit function",0,S,A,,2022,497,,F,A
A,HK,M,N,T,F,Z,Z,Z,3,6d,"Hong Kong SAR - Number of Cashless payments, Card and e-money payments, by card with a debit function",0,S,A,,2023,508,,F,A
A,HK,M,N,T,F,Z,Z,Z,3,6d,"Hong Kong SAR - Number of Cashless payments, Card and e-money payments, by card with a debit function",0,S,A,,2024,574,,F,A
A,SG,M,N,L,I,Z,Z,Z,0,6a,"Singapore - Number of Cashless payments, Card and e-money payments, e-money payments",2,S,A,,2012,88.128,,F,A
A,SG,M,N,L,I,Z,Z,Z,0,6a,"Singapore - Number of Cashless payments, Card and e-money payments, e-money payments",2,S,A,,2013,81.9115,,F,A
A,SG,M,N,L,I,Z,Z,Z,0,6a,"Singapore - Number of Cashless payments, Card and e-money payments, e-money payments",2,S,A,,2014,80.7475,,F,A
A,SG,M,N,L,I,Z,Z,Z,0,6a,"Singapore - Number of Cashless payments, Card and e-money payments, e-money payments",2,S,A,,2015,80.2401,,F,A
A,SG,M,N,L,I,Z,Z,Z,0,6a,"Singapore - Number of Cashless payments, Card and e-money payments, e-money payments",2,S,A,,2016,79.1009,,F,A
A,SG,M,N,L,I,Z,Z,Z,0,6a,"Singapore - Number of Cashless payments, Card and e-money payments, e-money payments",2,S,A,,2017,76.591,,F,A
A,SG,M,N,L,I,Z,Z,Z,0,6a,"Singapore - Number of Cashless payments, Card and e-money payments, e-money payments",2,S,A,,2018,74.1029,,F,A
A,SG,M,N,L,I,Z,Z,Z,0,6a,"Singapore - Number of Cashless payments, Card and e-money payments, e-money payments",2,S,A,,2019,70.6328,,F,A
A,SG,M,N,L,I,Z,Z,Z,0,6a,"Singapore - Number of Cashless payments, Card and e-money payments, e-money payments",2,S,A,,2020,60.133,,F,A
A,SG,M,N,L,I,Z,Z,Z,0,6a,"Singapore - Number of Cashless payments, Card and e-money payments, e-money payments",2,S,A,,2021,55.2738,,F,A
A,SG,M,N,L,I,Z,Z,Z,0,6a,"Singapore - Number of Cashless payments, Card and e-money payments, e-money payments",2,S,A,,2022,53.7196,,F,A
A,SG,M,N,L,I,Z,Z,Z,0,6a,"Singapore - Number of Cashless payments, Card and e-money payments, e-money payments",2,S,A,,2023,47.1195,,F,A
A,SG,M,N,L,I,Z,Z,Z,0,6a,"Singapore - Number of Cashless payments, Card and e-money payments, e-money payments",2,S,A,,2024,41.1004,,F,A
A,SG,M,V,T,F,Z,Z,Z,6,8f,"Singapore - Value of Cashless payments, Card and e-money payments, by card with a debit function",3,S,A,,2012,63.1827,,F,A
A,SG,M,V,T,F,Z,Z,Z,6,8f,"Singapore - Value of Cashless payments, Card and e-money payments, by card with a debit function",3,S,A,,2013,67.3919,,F,A
A,SG,M,V,T,F,Z,Z,Z,6,8f,"Singapore - Value of Cashless payments, Card and e-money payments, by card with a debit function",3,S,A,,2014,69.6672,,F,A
A,SG,M,V,T,F,Z,Z,Z,6,8f,"Singapore - Value of Cashless payments, Card and e-money payments, by card with a debit function",3,S,A,,2015,64.9532,,F,A
A,SG,M,V,T,F,Z,Z,Z,6,8f,"Singapore - Value of Cashless payments, Card and e-money payments, by card with a debit function",3,S,A,,2016,68.8572,,F,A
A,SG,M,V,T,F,Z,Z,Z,6,8f,"Singapore - Value of Cashless payments, Card and e-money payments, by card with a debit function",3,S,A,,2017,63.0304,,F,A
A,SG,M,V,T,F,Z,Z,Z,6,8f,"Singapore - Value of Cashless payments, Card and e-money payments, by card with a debit function",3,S,A,,2018,72.3988,,F,A
A,SG,M,V,T,F,Z,Z,Z,6,8f,"Singapore - Value of Cashless payments, Card and e-money payments, by card with a debit function",3,S,A,,2019,70.9918,,F,A
A,SG,M,V,T,F,Z,Z,Z,6,8f,"Singapore - Value of Cashless payments, Card and e-money payments, by card with a debit function",3,S,A,,2020,69.2189,,F,A
A,SG,M,V,T,F,Z,Z,Z,6,8f,"Singapore - Value of Cashless payments, Card and e-money payments, by card with a debit function",3,S,A,,2021,80.0092,,F,A
A,SG,M,V,T,F,Z,Z,Z,6,8f,"Singapore - Value of Cashless payments, Card and e-money payments, by card with a debit function",3,S,A,,2022,92.2801,,F,A
A,SG,M,V,T,F,Z,Z,Z,6,8f,"Singapore - Value of Cashless payments, Card and e-money payments, by card with a debit function",3,S,A,,2023,99.5884,,F,A
A,SG,M,V,T,F,Z,Z,Z,6,8f,"Singapore - Value of Cashless payments, Card and e-money payments, by card with a debit function",3,S,A,,2024,101.5447,,F,A
A,SG,M,V,L,D,Z,Z,Z,0,8a,"Singapore - Value of Cashless payments, Cheques",3,S,A,,2012,65.6972,,F,A
A,SG,M,V,L,D,Z,Z,Z,0,8a,"Singapore - Value of Cashless payments, Cheques",3,S,A,,2013,64.8401,,F,A
A,SG,M,V,L,D,Z,Z,Z,0,8a,"Singapore - Value of Cashless payments, Cheques",3,S,A,,2014,62.785,,F,A
A,SG,M,V,L,D,Z,Z,Z,0,8a,"Singapore - Value of Cashless payments, Cheques",3,S,A,,2015,59.2458,,F,A
A,SG,M,V,L,D,Z,Z,Z,0,8a,"Singapore - Value of Cashless payments, Cheques",3,S,A,,2016,56.0049,,F,A
A,SG,M,V,L,D,Z,Z,Z,0,8a,"Singapore - Value of Cashless payments, Cheques",3,S,A,,2017,54.4261,,F,A
A,SG,M,V,L,D,Z,Z,Z,0,8a,"Singapore - Value of Cashless payments, Cheques",3,S,A,,2018,51.0431,,F,A
A,SG,M,V,L,D,Z,Z,Z,0,8a,"Singapore - Value of Cashless payments, Cheques",3,S,A,,2019,44.732,,F,A
A,SG,M,V,L,D,Z,Z,Z,0,8a,"Singapore - Value of Cashless payments, Cheques",3,S,A,,2020,36.2539,,F,A
A,SG,M,V,L,D,Z,Z,Z,0,8a,"Singapore - Value of Cashless payments, Cheques",3,S,A,,2021,32.9543,,F,A
A,SG,M,V,L,D,Z,Z,Z,0,8a,"Singapore - Value of Cashless payments, Cheques",3,S,A,,2022,28.1339,,F,A
A,SG,M,V,L,D,Z,Z,Z,0,8a,"Singapore - Value of Cashless payments, Cheques",3,S,A,,2023,23.8198,,F,A
A,SG,M,V,L,D,Z,Z,Z,0,8a,"Singapore - Value of Cashless payments, Cheques",3,S,A,,2024,18.704,,F,A
A,HK,N,V,I,A,Z,Z,Z,0,8g,"Hong Kong SAR - Value of Fast payments, All",2,S,A,,2012,NaN,,F,L
A,HK,N,V,I,A,Z,Z,Z,0,8g,"Hong Kong SAR - Value of Fast payments, All",2,S,A,,2013,NaN,,F,L
A,HK,N,V,I,A,Z,Z,Z,0,8g,"Hong Kong SAR - Value of Fast payments, All",2,S,A,,2014,NaN,,F,L
A,HK,N,V,I,A,Z,Z,Z,0,8g,"Hong Kong SAR - Value of Fast payments, All",2,S,A,,2015,NaN,,F,L
A,HK,N,V,I,A,Z,Z,Z,0,8g,"Hong Kong SAR - Value of Fast payments, All",2,S,A,,2016,NaN,,F,L
A,HK,N,V,I,A,Z,Z,Z,0,8g,"Hong Kong SAR - Value of Fast payments, All",2,S,A,,2017,NaN,,F,L
A,HK,N,V,I,A,Z,Z,Z,0,8g,"Hong Kong SAR - Value of Fast payments, All",2,S,A,,2018,0.046201,,F,A
A,HK,N,V,I,A,Z,Z,Z,0,8g,"Hong Kong SAR - Value of Fast payments, All",2,S,A,,2019,0.29338,,F,A
A,HK,N,V,I,A,Z,Z,Z,0,8g,"Hong Kong SAR - Value of Fast payments, All",2,S,A,,2020,0.58335,,F,A
A,HK,N,V,I,A,Z,Z,Z,0,8g,"Hong Kong SAR - Value of Fast payments, All",2,S,A,,2021,0.80189,,F,A
A,HK,N,V,I,A,Z,Z,Z,0,8g,"Hong Kong SAR - Value of Fast payments, All",2,S,A,,2022,1.0641,,F,A
A,HK,N,V,I,A,Z,Z,Z,0,8g,"Hong Kong SAR - Value of Fast payments, All",2,S,A,,2023,1.5402,,F,A
A,HK,N,V,I,A,Z,Z,Z,0,8g,"Hong Kong SAR - Value of Fast payments, All",2,S,A,,2024,2.1372,,F,A
A,SG,M,N,N,H,Z,Z,Z,6,6,"Singapore - Number of Cashless payments, Card and e-money payments, by card with a credit function",2,S,A,,2012,NaN,,F,L
A,SG,M,N,N,H,Z,Z,Z,6,6,"Singapore - Number of Cashless payments, Card and e-money payments, by card with a credit function",2,S,A,,2013,251.13,,F,A
A,SG,M,N,N,H,Z,Z,Z,6,6,"Singapore - Number of Cashless payments, Card and e-money payments, by card with a credit function",2,S,A,,2014,287.1,,F,A
A,SG,M,N,N,H,Z,Z,Z,6,6,"Singapore - Number of Cashless payments, Card and e-money payments, by card with a credit function",2,S,A,,2015,310.67,,F,A
A,SG,M,N,N,H,Z,Z,Z,6,6,"Singapore - Number of Cashless payments, Card and e-money payments, by card with a credit function",2,S,A,,2016,350,,F,A
A,SG,M,N,N,H,Z,Z,Z,6,6,"Singapore - Number of Cashless payments, Card and e-money payments, by card with a credit function",2,S,A,,2017,418.39,,F,A
A,SG,M,N,N,H,Z,Z,Z,6,6,"Singapore - Number of Cashless payments, Card and e-money payments, by card with a credit function",2,S,A,,2018,498.44,,F,A
A,SG,M,N,N,H,Z,Z,Z,6,6,"Singapore - Number of Cashless payments, Card and e-money payments, by card with a credit function",2,S,A,,2019,594.116,,F,A
A,SG,M,N,N,H,Z,Z,Z,6,6,"Singapore - Number of Cashless payments, Card and e-money payments, by card with a credit function",2,S,A,,2020,599.563,,F,A
A,SG,M,N,N,H,Z,Z,Z,6,6,"Singapore - Number of Cashless payments, Card and e-money payments, by card with a credit function",2,S,A,,2021,693.412,,F,A
A,SG,M,N,N,H,Z,Z,Z,6,6,"Singapore - Number of Cashless payments, Card and e-money payments, by card with a credit function",2,S,A,,2022,761.747,,F,A
A,SG,M,N,N,H,Z,Z,Z,6,6,"Singapore - Number of Cashless payments, Card and e-money payments, by card with a credit function",2,S,A,,2023,940.577,,F,A
A,SG,M,N,N,H,Z,Z,Z,6,6,"Singapore - Number of Cashless payments, Card and e-money payments, by card with a credit function",2,S,A,,2024,1077.872,,F,A
A,SG,M,V,I,B,Z,Z,Z,0,8e,"Singapore - Value of Cashless payments, Credit transfers",4,S,A,,2012,57.7511,,F,A
A,SG,M,V,I,B,Z,Z,Z,0,8e,"Singapore - Value of Cashless payments, Credit transfers",4,S,A,,2013,60.2275,,F,A
A,SG,M,V,I,B,Z,Z,Z,0,8e,"Singapore - Value of Cashless payments, Credit transfers",4,S,A,,2014,60.9867,,F,A
A,SG,M,V,I,B,Z,Z,Z,0,8e,"Singapore - Value of Cashless payments, Credit transfers",4,S,A,,2015,69.8411,,F,A
A,SG,M,V,I,B,Z,Z,Z,0,8e,"Singapore - Value of Cashless payments, Credit transfers",4,S,A,,2016,73.7097,,F,A
A,SG,M,V,I,B,Z,Z,Z,0,8e,"Singapore - Value of Cashless payments, Credit transfers",4,S,A,,2017,75.467,,F,A
A,SG,M,V,I,B,Z,Z,Z,0,8e,"Singapore - Value of Cashless payments, Credit transfers",4,S,A,,2018,81.6044,,F,A
A,SG,M,V,I,B,Z,Z,Z,0,8e,"Singapore - Value of Cashless payments, Credit transfers",4,S,A,,2019,94.8465,,F,A
A,SG,M,V,I,B,Z,Z,Z,0,8e,"Singapore - Value of Cashless payments, Credit transfers",4,S,A,,2020,117.1251,,F,A
A,SG,M,V,I,B,Z,Z,Z,0,8e,"Singapore - Value of Cashless payments, Credit transfers",4,S,A,,2021,116.2051,,F,A
A,SG,M,V,I,B,Z,Z,Z,0,8e,"Singapore - Value of Cashless payments, Credit transfers",4,S,A,,2022,117.0216,,F,A
A,SG,M,V,I,B,Z,Z,Z,0,8e,"Singapore - Value of Cashless payments, Credit transfers",4,S,A,,2023,141.9961,,F,A
A,SG,M,V,I,B,Z,Z,Z,0,8e,"Singapore - Value of Cashless payments, Credit transfers",4,S,A,,2024,160.4107,,F,A
A,SG,M,V,Q,I,Z,Z,Z,0,8d,"Singapore - Value of Cashless payments, Card and e-money payments, e-money payments",2,S,A,,2012,354.124,,F,A
A,SG,M,V,Q,I,Z,Z,Z,0,8d,"Singapore - Value of Cashless payments, Card and e-money payments, e-money payments",2,S,A,,2013,361.8402,,F,A
A,SG,M,V,Q,I,Z,Z,Z,0,8d,"Singapore - Value of Cashless payments, Card and e-money payments, e-money payments",2,S,A,,2014,373.4588,,F,A
A,SG,M,V,Q,I,Z,Z,Z,0,8d,"Singapore - Value of Cashless payments, Card and e-money payments, e-money payments",2,S,A,,2015,357.5597,,F,A
A,SG,M,V,Q,I,Z,Z,Z,0,8d,"Singapore - Value of Cashless payments, Card and e-money payments, e-money payments",2,S,A,,2016,361.9275,,F,A
A,SG,M,V,Q,I,Z,Z,Z,0,8d,"Singapore - Value of Cashless payments, Card and e-money payments, e-money payments",2,S,A,,2017,371.4226,,F,A
A,SG,M,V,Q,I,Z,Z,Z,0,8d,"Singapore - Value of Cashless payments, Card and e-money payments, e-money payments",2,S,A,,2018,386.1235,,F,A
A,SG,M,V,Q,I,Z,Z,Z,0,8d,"Singapore - Value of Cashless payments, Card and e-money payments, e-money payments",2,S,A,,2019,384.7916,,F,A
A,SG,M,V,Q,I,Z,Z,Z,0,8d,"Singapore - Value of Cashless payments, Card and e-money payments, e-money payments",2,S,A,,2020,242.3023,,F,A
A,SG,M,V,Q,I,Z,Z,Z,0,8d,"Singapore - Value of Cashless payments, Card and e-money payments, e-money payments",2,S,A,,2021,250.3832,,F,A
A,SG,M,V,Q,I,Z,Z,Z,0,8d,"Singapore - Value of Cashless payments, Card and e-money payments, e-money payments",2,S,A,,2022,280.4674,,F,A
A,SG,M,V,Q,I,Z,Z,Z,0,8d,"Singapore - Value of Cashless payments, Card and e-money payments, e-money payments",2,S,A,,2023,305.788,,F,A
A,SG,M,V,Q,I,Z,Z,Z,0,8d,"Singapore - Value of Cashless payments, Card and e-money payments, e-money payments",2,S,A,,2024,312.0614,,F,A
A,SG,M,N,G,D,Z,Z,Z,0,6b,"Singapore - Number of Cashless payments, Cheques",3,S,A,,2012,-2.8888,,F,A
A,SG,M,N,G,D,Z,Z,Z,0,6b,"Singapore - Number of Cashless payments, Cheques",3,S,A,,2013,-3.125,,F,A
A,SG,M,N,G,D,Z,Z,Z,0,6b,"Singapore - Number of Cashless payments, Cheques",3,S,A,,2014,-3.9042,,F,A
A,SG,M,N,G,D,Z,Z,Z,0,6b,"Singapore - Number of Cashless payments, Cheques",3,S,A,,2015,-5.2874,,F,A
A,SG,M,N,G,D,Z,Z,Z,0,6b,"Singapore - Number of Cashless payments, Cheques",3,S,A,,2016,-5.8108,,F,A
A,SG,M,N,G,D,Z,Z,Z,0,6b,"Singapore - Number of Cashless payments, Cheques",3,S,A,,2017,-7.9134,,F,A
A,SG,M,N,G,D,Z,Z,Z,0,6b,"Singapore - Number of Cashless payments, Cheques",3,S,A,,2018,-9.2599,,F,A
A,SG,M,N,G,D,Z,Z,Z,0,6b,"Singapore - Number of Cashless payments, Cheques",3,S,A,,2019,-10.9702,,F,A
A,SG,M,N,G,D,Z,Z,Z,0,6b,"Singapore - Number of Cashless payments, Cheques",3,S,A,,2020,-32.2725,,F,A
A,SG,M,N,G,D,Z,Z,Z,0,6b,"Singapore - Number of Cashless payments, Cheques",3,S,A,,2021,-22.5912,,F,A
A,SG,M,N,G,D,Z,Z,Z,0,6b,"Singapore - Number of Cashless payments, Cheques",3,S,A,,2022,-22.2443,,F,A
A,SG,M,N,G,D,Z,Z,Z,0,6b,"Singapore - Number of Cashless payments, Cheques",3,S,A,,2023,-24.9441,,F,A
A,SG,M,N,G,D,Z,Z,Z,0,6b,"Singapore - Number of Cashless payments, Cheques",3,S,A,,2024,-38.6831,,F,A
A,SG,M,V,S,A,Z,Z,Z,0,7,"Singapore - Value of Cashless payments, All",2,S,A,,2012,246.9453,,F,A
A,SG,M,V,S,A,Z,Z,Z,0,7,"Singapore - Value of Cashless payments, All",2,S,A,,2013,237.0495,,F,A
A,SG,M,V,S,A,Z,Z,Z,0,7,"Singapore - Value of Cashless payments, All",2,S,A,,2014,226.6292,,F,A
A,SG,M,V,S,A,Z,Z,Z,0,7,"Singapore - Value of Cashless payments, All",2,S,A,,2015,210.8652,,F,A
A,SG,M,V,S,A,Z,Z,Z,0,7,"Singapore - Value of Cashless payments, All",2,S,A,,2016,198.7874,,F,A
A,SG,M,V,S,A,Z,Z,Z,0,7,"Singapore - Value of Cashless payments, All",2,S,A,,2017,199.7089,,F,A
A,SG,M,V,S,A,Z,Z,Z,0,7,"Singapore - Value of Cashless payments, All",2,S,A,,2018,202.7508,,F,A
A,SG,M,V,S,A,Z,Z,Z,0,7,"Singapore - Value of Cashless payments, All",2,S,A,,2019,193.2693,,F,A
A,SG,M,V,S,A,Z,Z,Z,0,7,"Singapore - Value of Cashless payments, All",2,S,A,,2020,229.1742,,F,A
A,SG,M,V,S,A,Z,Z,Z,0,7,"Singapore - Value of Cashless payments, All",2,S,A,,2021,246.0783,,F,A
A,SG,M,V,S,A,Z,Z,Z,0,7,"Singapore - Value of Cashless payments, All",2,S,A,,2022,245.0179,,F,A
A,SG,M,V,S,A,Z,Z,Z,0,7,"Singapore - Value of Cashless payments, All",2,S,A,,2023,259.4618,,F,A
A,SG,M,V,S,A,Z,Z,Z,0,7,"Singapore - Value of Cashless payments, All",2,S,A,,2024,276.241,,F,A
A,SG,G,V,A,Z,Z,Z,Z,9,3,Singapore - Value of Bank deposits held at the central bank,2,E,A,,2012,15.9721,,F,A
A,SG,G,V,A,Z,Z,Z,Z,9,3,Singapore - Value of Bank deposits held at the central bank,2,E,A,,2013,25.4271,,F,A
A,SG,G,V,A,Z,Z,Z,Z,9,3,Singapore - Value of Bank deposits held at the central bank,2,E,A,,2014,15.357,,F,A
A,SG,G,V,A,Z,Z,Z,Z,9,3,Singapore - Value of Bank deposits held at the central bank,2,E,A,,2015,15.69,,F,A
A,SG,G,V,A,Z,Z,Z,Z,9,3,Singapore - Value of Bank deposits held at the central bank,2,E,A,,2016,15.2001,,F,A
A,SG,G,V,A,Z,Z,Z,Z,9,3,Singapore - Value of Bank deposits held at the central bank,2,E,A,,2017,16.6861,,F,A
A,SG,G,V,A,Z,Z,Z,Z,9,3,Singapore - Value of Bank deposits held at the central bank,2,E,A,,2018,16.4974,,F,A
A,SG,G,V,A,Z,Z,Z,Z,9,3,Singapore - Value of Bank deposits held at the central bank,2,E,A,,2019,15.9171,,F,A
A,SG,G,V,A,Z,Z,Z,Z,9,3,Singapore - Value of Bank deposits held at the central bank,2,E,A,,2020,21.2989,,F,A
A,SG,G,V,A,Z,Z,Z,Z,9,3,Singapore - Value of Bank deposits held at the central bank,2,E,A,,2021,118.2221,,F,A
A,SG,G,V,A,Z,Z,Z,Z,9,3,Singapore - Value of Bank deposits held at the central bank,2,E,A,,2022,150.1422,,F,A
A,SG,G,V,A,Z,Z,Z,Z,9,3,Singapore - Value of Bank deposits held at the central bank,2,E,A,,2023,161.8113,,F,A
A,SG,G,V,A,Z,Z,Z,Z,9,3,Singapore - Value of Bank deposits held at the central bank,2,E,A,,2024,151.2999,,F,A
A,SG,M,V,I,F,Z,Z,Z,0,8e,"Singapore - Value of Cashless payments, Card and e-money payments, by card with a debit function",4,S,A,,2012,7.8156,,F,A
A,SG,M,V,I,F,Z,Z,Z,0,8e,"Singapore - Value of Cashless payments, Card and e-money payments, by card with a debit function",4,S,A,,2013,7.9975,,F,A
A,SG,M,V,I,F,Z,Z,Z,0,8e,"Singapore - Value of Cashless payments, Card and e-money payments, by card with a debit function",4,S,A,,2014,8.0753,,F,A
A,SG,M,V,I,F,Z,Z,Z,0,8e,"Singapore - Value of Cashless payments, Card and e-money payments, by card with a debit function",4,S,A,,2015,7.6996,,F,A
A,SG,M,V,I,F,Z,Z,Z,0,8e,"Singapore - Value of Cashless payments, Card and e-money payments, by card with a debit function",4,S,A,,2016,7.8778,,F,A
A,SG,M,V,I,F,Z,Z,Z,0,8e,"Singapore - Value of Cashless payments, Card and e-money payments, by card with a debit function",4,S,A,,2017,6.7043,,F,A
A,SG,M,V,I,F,Z,Z,Z,0,8e,"Singapore - Value of Cashless payments, Card and e-money payments, by card with a debit function",4,S,A,,2018,7.0122,,F,A
A,SG,M,V,I,F,Z,Z,Z,0,8e,"Singapore - Value of Cashless payments, Card and e-money payments, by card with a debit function",4,S,A,,2019,6.8896,,F,A
A,SG,M,V,I,F,Z,Z,Z,0,8e,"Singapore - Value of Cashless payments, Card and e-money payments, by card with a debit function",4,S,A,,2020,7.233,,F,A
A,SG,M,V,I,F,Z,Z,Z,0,8e,"Singapore - Value of Cashless payments, Card and e-money payments, by card with a debit function",4,S,A,,2021,6.6909,,F,A
A,SG,M,V,I,F,Z,Z,Z,0,8e,"Singapore - Value of Cashless payments, Card and e-money payments, by card with a debit function",4,S,A,,2022,6.6194,,F,A
A,SG,M,V,I,F,Z,Z,Z,0,8e,"Singapore - Value of Cashless payments, Card and e-money payments, by card with a debit function",4,S,A,,2023,7.1946,,F,A
A,SG,M,V,I,F,Z,Z,Z,0,8e,"Singapore - Value of Cashless payments, Card and e-money payments, by card with a debit function",4,S,A,,2024,6.7699,,F,A
A,HK,M,N,T,H,Z,Z,Z,3,6d,"Hong Kong SAR - Number of Cashless payments, Card and e-money payments, by card with a credit function",0,S,A,,2012,1183,,F,A
A,HK,M,N,T,H,Z,Z,Z,3,6d,"Hong Kong SAR - Number of Cashless payments, Card and e-money payments, by card with a credit function",0,S,A,,2013,1266,,F,A
A,HK,M,N,T,H,Z,Z,Z,3,6d,"Hong Kong SAR - Number of Cashless payments, Card and e-money payments, by card with a credit function",0,S,A,,2014,1321,,F,A
A,HK,M,N,T,H,Z,Z,Z,3,6d,"Hong Kong SAR - Number of Cashless payments, Card and e-money payments, by card with a credit function",0,S,A,,2015,1413,,F,A
A,HK,M,N,T,H,Z,Z,Z,3,6d,"Hong Kong SAR - Number of Cashless payments, Card and e-money payments, by card with a credit function",0,S,A,,2016,1524,,F,A
A,HK,M,N,T,H,Z,Z,Z,3,6d,"Hong Kong SAR - Number of Cashless payments, Card and e-money payments, by card with a credit function",0,S,A,,2017,1713,,F,A
A,HK,M,N,T,H,Z,Z,Z,3,6d,"Hong Kong SAR - Number of Cashless payments, Card and e-money payments, by card with a credit function",0,S,A,,2018,1993,,F,A
A,HK,M,N,T,H,Z,Z,Z,3,6d,"Hong Kong SAR - Number of Cashless payments, Card and e-money payments, by card with a credit function",0,S,A,,2019,2261,,F,A
A,HK,M,N,T,H,Z,Z,Z,3,6d,"Hong Kong SAR - Number of Cashless payments, Card and e-money payments, by card with a credit function",0,S,A,,2020,2301,,F,A
A,HK,M,N,T,H,Z,Z,Z,3,6d,"Hong Kong SAR - Number of Cashless payments, Card and e-money payments, by card with a credit function",0,S,A,,2021,2524,,F,A
A,HK,M,N,T,H,Z,Z,Z,3,6d,"Hong Kong SAR - Number of Cashless payments, Card and e-money payments, by card with a credit function",0,S,A,,2022,2543,,F,A
A,HK,M,N,T,H,Z,Z,Z,3,6d,"Hong Kong SAR - Number of Cashless payments, Card and e-money payments, by card with a credit function",0,S,A,,2023,2992,,F,A
A,HK,M,N,T,H,Z,Z,Z,3,6d,"Hong Kong SAR - Number of Cashless payments, Card and e-money payments, by card with a credit function",0,S,A,,2024,3542,,F,A
A,SG,M,N,N,D,Z,Z,Z,6,6,"Singapore - Number of Cashless payments, Cheques",2,S,A,,2012,74.56,,F,A
A,SG,M,N,N,D,Z,Z,Z,6,6,"Singapore - Number of Cashless payments, Cheques",2,S,A,,2013,72.23,,F,A
A,SG,M,N,N,D,Z,Z,Z,6,6,"Singapore - Number of Cashless payments, Cheques",2,S,A,,2014,69.41,,F,A
A,SG,M,N,N,D,Z,Z,Z,6,6,"Singapore - Number of Cashless payments, Cheques",2,S,A,,2015,65.74,,F,A
A,SG,M,N,N,D,Z,Z,Z,6,6,"Singapore - Number of Cashless payments, Cheques",2,S,A,,2016,61.92,,F,A
A,SG,M,N,N,D,Z,Z,Z,6,6,"Singapore - Number of Cashless payments, Cheques",2,S,A,,2017,57.02,,F,A
A,SG,M,N,N,D,Z,Z,Z,6,6,"Singapore - Number of Cashless payments, Cheques",2,S,A,,2018,51.74,,F,A
A,SG,M,N,N,D,Z,Z,Z,6,6,"Singapore - Number of Cashless payments, Cheques",2,S,A,,2019,46.064,,F,A
A,SG,M,N,N,D,Z,Z,Z,6,6,"Singapore - Number of Cashless payments, Cheques",2,S,A,,2020,31.198,,F,A
A,SG,M,N,N,D,Z,Z,Z,6,6,"Singapore - Number of Cashless payments, Cheques",2,S,A,,2021,24.15,,F,A
A,SG,M,N,N,D,Z,Z,Z,6,6,"Singapore - Number of Cashless payments, Cheques",2,S,A,,2022,18.778,,F,A
A,SG,M,N,N,D,Z,Z,Z,6,6,"Singapore - Number of Cashless payments, Cheques",2,S,A,,2023,14.094,,F,A
A,SG,M,N,N,D,Z,Z,Z,6,6,"Singapore - Number of Cashless payments, Cheques",2,S,A,,2024,8.642,,F,A
A,SG,M,V,S,H,Z,Z,Z,0,8c,"Singapore - Value of Cashless payments, Card and e-money payments, by card with a credit function",2,S,A,,2012,NaN,,F,L
A,SG,M,V,S,H,Z,Z,Z,0,8c,"Singapore - Value of Cashless payments, Card and e-money payments, by card with a credit function",2,S,A,,2013,135.3071,,F,A
A,SG,M,V,S,H,Z,Z,Z,0,8c,"Singapore - Value of Cashless payments, Card and e-money payments, by card with a credit function",2,S,A,,2014,125.2001,,F,A
A,SG,M,V,S,H,Z,Z,Z,0,8c,"Singapore - Value of Cashless payments, Card and e-money payments, by card with a credit function",2,S,A,,2015,112.394,,F,A
A,SG,M,V,S,H,Z,Z,Z,0,8c,"Singapore - Value of Cashless payments, Card and e-money payments, by card with a credit function",2,S,A,,2016,104.605,,F,A
A,SG,M,V,S,H,Z,Z,Z,0,8c,"Singapore - Value of Cashless payments, Card and e-money payments, by card with a credit function",2,S,A,,2017,93.4711,,F,A
A,SG,M,V,S,H,Z,Z,Z,0,8c,"Singapore - Value of Cashless payments, Card and e-money payments, by card with a credit function",2,S,A,,2018,92.602,,F,A
A,SG,M,V,S,H,Z,Z,Z,0,8c,"Singapore - Value of Cashless payments, Card and e-money payments, by card with a credit function",2,S,A,,2019,82.6746,,F,A
A,SG,M,V,S,H,Z,Z,Z,0,8c,"Singapore - Value of Cashless payments, Card and e-money payments, by card with a credit function",2,S,A,,2020,68.6246,,F,A
A,SG,M,V,S,H,Z,Z,Z,0,8c,"Singapore - Value of Cashless payments, Card and e-money payments, by card with a credit function",2,S,A,,2021,69.0654,,F,A
A,SG,M,V,S,H,Z,Z,Z,0,8c,"Singapore - Value of Cashless payments, Card and e-money payments, by card with a credit function",2,S,A,,2022,74.9619,,F,A
A,SG,M,V,S,H,Z,Z,Z,0,8c,"Singapore - Value of Cashless payments, Card and e-money payments, by card with a credit function",2,S,A,,2023,73.6475,,F,A
A,SG,M,V,S,H,Z,Z,Z,0,8c,"Singapore - Value of Cashless payments, Card and e-money payments, by card with a credit function",2,S,A,,2024,69.0205,,F,A
A,SG,M,V,A,C,Z,Z,Z,6,8,"Singapore - Value of Cashless payments, Direct debits",3,S,A,,2012,63724.7741,,F,A
A,SG,M,V,A,C,Z,Z,Z,6,8,"Singapore - Value of Cashless payments, Direct debits",3,S,A,,2013,68162.5498,,F,A
A,SG,M,V,A,C,Z,Z,Z,6,8,"Singapore - Value of Cashless payments, Direct debits",3,S,A,,2014,72316.6619,,F,A
A,SG,M,V,A,C,Z,Z,Z,6,8,"Singapore - Value of Cashless payments, Direct debits",3,S,A,,2015,70599.4891,,F,A
A,SG,M,V,A,C,Z,Z,Z,6,8,"Singapore - Value of Cashless payments, Direct debits",3,S,A,,2016,73258.8502,,F,A
A,SG,M,V,A,C,Z,Z,Z,6,8,"Singapore - Value of Cashless payments, Direct debits",3,S,A,,2017,76477.5991,,F,A
A,SG,M,V,A,C,Z,Z,Z,6,8,"Singapore - Value of Cashless payments, Direct debits",3,S,A,,2018,82908.3486,,F,A
A,SG,M,V,A,C,Z,Z,Z,6,8,"Singapore - Value of Cashless payments, Direct debits",3,S,A,,2019,82670.8346,,F,A
A,SG,M,V,A,C,Z,Z,Z,6,8,"Singapore - Value of Cashless payments, Direct debits",3,S,A,,2020,72537.1664,,F,A
A,SG,M,V,A,C,Z,Z,Z,6,8,"Singapore - Value of Cashless payments, Direct debits",3,S,A,,2021,85829.9215,,F,A
A,SG,M,V,A,C,Z,Z,Z,6,8,"Singapore - Value of Cashless payments, Direct debits",3,S,A,,2022,93828.1085,,F,A
A,SG,M,V,A,C,Z,Z,Z,6,8,"Singapore - Value of Cashless payments, Direct debits",3,S,A,,2023,107572.0972,,F,A
A,SG,M,V,A,C,Z,Z,Z,6,8,"Singapore - Value of Cashless payments, Direct debits",3,S,A,,2024,120740.761,,F,A
A,HK,N,V,K,J,Z,Z,Z,0,8g,"Hong Kong SAR - Value of Fast payments, Other payment instruments",2,S,A,,2012,NaN,,F,L
A,HK,N,V,K,J,Z,Z,Z,0,8g,"Hong Kong SAR - Value of Fast payments, Other payment instruments",2,S,A,,2013,NaN,,F,L
A,HK,N,V,K,J,Z,Z,Z,0,8g,"Hong Kong SAR - Value of Fast payments, Other payment instruments",2,S,A,,2014,NaN,,F,L
A,HK,N,V,K,J,Z,Z,Z,0,8g,"Hong Kong SAR - Value of Fast payments, Other payment instruments",2,S,A,,2015,NaN,,F,L
A,HK,N,V,K,J,Z,Z,Z,0,8g,"Hong Kong SAR - Value of Fast payments, Other payment instruments",2,S,A,,2016,NaN,,F,L
A,HK,N,V,K,J,Z,Z,Z,0,8g,"Hong Kong SAR - Value of Fast payments, Other payment instruments",2,S,A,,2017,NaN,,F,L
A,HK,N,V,K,J,Z,Z,Z,0,8g,"Hong Kong SAR - Value of Fast payments, Other payment instruments",2,S,A,,2018,17.5278,,F,A
A,HK,N,V,K,J,Z,Z,Z,0,8g,"Hong Kong SAR - Value of Fast payments, Other payment instruments",2,S,A,,2019,20.9312,,F,A
A,HK,N,V,K,J,Z,Z,Z,0,8g,"Hong Kong SAR - Value of Fast payments, Other payment instruments",2,S,A,,2020,12.8402,,F,A
A,HK,N,V,K,J,Z,Z,Z,0,8g,"Hong Kong SAR - Value of Fast payments, Other payment instruments",2,S,A,,2021,10.9143,,F,A
A,HK,N,V,K,J,Z,Z,Z,0,8g,"Hong Kong SAR - Value of Fast payments, Other payment instruments",2,S,A,,2022,19.7717,,F,A
A,HK,N,V,K,J,Z,Z,Z,0,8g,"Hong Kong SAR - Value of Fast payments, Other payment instruments",2,S,A,,2023,25.6495,,F,A
A,HK,N,V,K,J,Z,Z,Z,0,8g,"Hong Kong SAR - Value of Fast payments, Other payment instruments",2,S,A,,2024,29.889,,F,A
A,SG,M,V,H,B,Z,Z,Z,0,8b,"Singapore - Value of Cashless payments, Credit transfers",3,S,A,,2012,2.9868,,F,A
A,SG,M,V,H,B,Z,Z,Z,0,8b,"Singapore - Value of Cashless payments, Credit transfers",3,S,A,,2013,6.3271,,F,A
A,SG,M,V,H,B,Z,Z,Z,0,8b,"Singapore - Value of Cashless payments, Credit transfers",3,S,A,,2014,3.891,,F,A
A,SG,M,V,H,B,Z,Z,Z,0,8b,"Singapore - Value of Cashless payments, Credit transfers",3,S,A,,2015,22.1881,,F,A
A,SG,M,V,H,B,Z,Z,Z,0,8b,"Singapore - Value of Cashless payments, Credit transfers",3,S,A,,2016,10.3666,,F,A
A,SG,M,V,H,B,Z,Z,Z,0,8b,"Singapore - Value of Cashless payments, Credit transfers",3,S,A,,2017,9.5274,,F,A
A,SG,M,V,H,B,Z,Z,Z,0,8b,"Singapore - Value of Cashless payments, Credit transfers",3,S,A,,2018,15.5156,,F,A
A,SG,M,V,H,B,Z,Z,Z,0,8b,"Singapore - Value of Cashless payments, Credit transfers",3,S,A,,2019,16.6276,,F,A
A,SG,M,V,H,B,Z,Z,Z,0,8b,"Singapore - Value of Cashless payments, Credit transfers",3,S,A,,2020,16.136,,F,A
A,SG,M,V,H,B,Z,Z,Z,0,8b,"Singapore - Value of Cashless payments, Credit transfers",3,S,A,,2021,18.0618,,F,A
A,SG,M,V,H,B,Z,Z,Z,0,8b,"Singapore - Value of Cashless payments, Credit transfers",3,S,A,,2022,13.5229,,F,A
A,SG,M,V,H,B,Z,Z,Z,0,8b,"Singapore - Value of Cashless payments, Credit transfers",3,S,A,,2023,11.9404,,F,A
A,SG,M,V,H,B,Z,Z,Z,0,8b,"Singapore - Value of Cashless payments, Credit transfers",3,S,A,,2024,18.9071,,F,A
A,SG,U,N,G,Z,Z,A,Z,0,14a,"Singapore - Number of Terminals, All POS",2,E,A,,2012,50.8473,,F,A
A,SG,U,N,G,Z,Z,A,Z,0,14a,"Singapore - Number of Terminals, All POS",2,E,A,,2013,7.9571,,F,A
A,SG,U,N,G,Z,Z,A,Z,0,14a,"Singapore - Number of Terminals, All POS",2,E,A,,2014,-1.7907,,F,A
A,SG,U,N,G,Z,Z,A,Z,0,14a,"Singapore - Number of Terminals, All POS",2,E,A,,2015,19.74,,F,A
A,SG,U,N,G,Z,Z,A,Z,0,14a,"Singapore - Number of Terminals, All POS",2,E,A,,2016,8.2152,,F,A
A,SG,U,N,G,Z,Z,A,Z,0,14a,"Singapore - Number of Terminals, All POS",2,E,A,,2017,37.2524,,F,A
A,SG,U,N,G,Z,Z,A,Z,0,14a,"Singapore - Number of Terminals, All POS",2,E,A,,2018,6.2649,,F,A
A,SG,U,N,G,Z,Z,A,Z,0,14a,"Singapore - Number of Terminals, All POS",2,E,A,,2019,1.2343,,F,A
A,SG,U,N,G,Z,Z,A,Z,0,14a,"Singapore - Number of Terminals, All POS",2,E,A,,2020,16.3617,,F,A
A,SG,U,N,G,Z,Z,A,Z,0,14a,"Singapore - Number of Terminals, All POS",2,E,A,,2021,3.1261,,F,A
A,SG,U,N,G,Z,Z,A,Z,0,14a,"Singapore - Number of Terminals, All POS",2,E,A,,2022,-5.2985,,F,A
A,SG,U,N,G,Z,Z,A,Z,0,14a,"Singapore - Number of Terminals, All POS",2,E,A,,2023,8.1004,,F,A
A,SG,U,N,G,Z,Z,A,Z,0,14a,"Singapore - Number of Terminals, All POS",2,E,A,,2024,5.874,,F,A
A,HK,N,V,Q,A,Z,Z,Z,0,8g,"Hong Kong SAR - Value of Fast payments, All",2,S,A,,2012,NaN,,F,L
A,HK,N,V,Q,A,Z,Z,Z,0,8g,"Hong Kong SAR - Value of Fast payments, All",2,S,A,,2013,NaN,,F,L
A,HK,N,V,Q,A,Z,Z,Z,0,8g,"Hong Kong SAR - Value of Fast payments, All",2,S,A,,2014,NaN,,F,L
A,HK,N,V,Q,A,Z,Z,Z,0,8g,"Hong Kong SAR - Value of Fast payments, All",2,S,A,,2015,NaN,,F,L
A,HK,N,V,Q,A,Z,Z,Z,0,8g,"Hong Kong SAR - Value of Fast payments, All",2,S,A,,2016,NaN,,F,L
A,HK,N,V,Q,A,Z,Z,Z,0,8g,"Hong Kong SAR - Value of Fast payments, All",2,S,A,,2017,NaN,,F,L
A,HK,N,V,Q,A,Z,Z,Z,0,8g,"Hong Kong SAR - Value of Fast payments, All",2,S,A,,2018,2232.2114,,F,A
A,HK,N,V,Q,A,Z,Z,Z,0,8g,"Hong Kong SAR - Value of Fast payments, All",2,S,A,,2019,14164.6995,,F,A
A,HK,N,V,Q,A,Z,Z,Z,0,8g,"Hong Kong SAR - Value of Fast payments, All",2,S,A,,2020,27098.7713,,F,A
A,HK,N,V,Q,A,Z,Z,Z,0,8g,"Hong Kong SAR - Value of Fast payments, All",2,S,A,,2021,39973.9902,,F,A
A,HK,N,V,Q,A,Z,Z,Z,0,8g,"Hong Kong SAR - Value of Fast payments, All",2,S,A,,2022,51083.8687,,F,A
A,HK,N,V,Q,A,Z,Z,Z,0,8g,"Hong Kong SAR - Value of Fast payments, All",2,S,A,,2023,77967.368,,F,A
A,HK,N,V,Q,A,Z,Z,Z,0,8g,"Hong Kong SAR - Value of Fast payments, All",2,S,A,,2024,115948.3546,,F,A
A,SG,M,V,A,E,Z,Z,Z,6,8,"Singapore - Value of Cashless payments, All Card and e-money payments",3,S,A,,2012,55684.0831,,F,A
A,SG,M,V,A,E,Z,Z,Z,6,8,"Singapore - Value of Cashless payments, All Card and e-money payments",3,S,A,,2013,60531.2857,,F,A
A,SG,M,V,A,E,Z,Z,Z,6,8,"Singapore - Value of Cashless payments, All Card and e-money payments",3,S,A,,2014,63416.3015,,F,A
A,SG,M,V,A,E,Z,Z,Z,6,8,"Singapore - Value of Cashless payments, All Card and e-money payments",3,S,A,,2015,60604.4505,,F,A
A,SG,M,V,A,E,Z,Z,Z,6,8,"Singapore - Value of Cashless payments, All Card and e-money payments",3,S,A,,2016,63773.9517,,F,A
A,SG,M,V,A,E,Z,Z,Z,6,8,"Singapore - Value of Cashless payments, All Card and e-money payments",3,S,A,,2017,64197.9033,,F,A
A,SG,M,V,A,E,Z,Z,Z,6,8,"Singapore - Value of Cashless payments, All Card and e-money payments",3,S,A,,2018,74759.4527,,F,A
A,SG,M,V,A,E,Z,Z,Z,6,8,"Singapore - Value of Cashless payments, All Card and e-money payments",3,S,A,,2019,77225.191,,F,A
A,SG,M,V,A,E,Z,Z,Z,6,8,"Singapore - Value of Cashless payments, All Card and e-money payments",3,S,A,,2020,67787.3981,,F,A
A,SG,M,V,A,E,Z,Z,Z,6,8,"Singapore - Value of Cashless payments, All Card and e-money payments",3,S,A,,2021,78459.7632,,F,A
A,SG,M,V,A,E,Z,Z,Z,6,8,"Singapore - Value of Cashless payments, All Card and e-money payments",3,S,A,,2022,92365.1998,,F,A
A,SG,M,V,A,E,Z,Z,Z,6,8,"Singapore - Value of Cashless payments, All Card and e-money payments",3,S,A,,2023,107430.5068,,F,A
A,SG,M,V,A,E,Z,Z,Z,6,8,"Singapore - Value of Cashless payments, All Card and e-money payments",3,S,A,,2024,113343.013,,F,A
A,SG,K,V,I,Z,Z,Z,Z,0,4b,Singapore - Value of Accounts,0,E,A,,2012,152.838,,F,A
A,SG,K,V,I,Z,Z,Z,Z,0,4b,Singapore - Value of Accounts,0,E,A,,2013,149.8793,,F,A
A,SG,K,V,I,Z,Z,Z,Z,0,4b,Singapore - Value of Accounts,0,E,A,,2014,140.2141,,F,A
A,SG,K,V,I,Z,Z,Z,Z,0,4b,Singapore - Value of Accounts,0,E,A,,2015,136.8946,,F,A
A,SG,K,V,I,Z,Z,Z,Z,0,4b,Singapore - Value of Accounts,0,E,A,,2016,137.1106,,F,A
A,SG,K,V,I,Z,Z,Z,Z,0,4b,Singapore - Value of Accounts,0,E,A,,2017,140.6172,,F,A
A,SG,K,V,I,Z,Z,Z,Z,0,4b,Singapore - Value of Accounts,0,E,A,,2018,126.9044,,F,A
A,SG,K,V,I,Z,Z,Z,Z,0,4b,Singapore - Value of Accounts,0,E,A,,2019,136.4265,,F,A
A,SG,K,V,I,Z,Z,Z,Z,0,4b,Singapore - Value of Accounts,0,E,A,,2020,164.8596,,F,A
A,SG,K,V,I,Z,Z,Z,Z,0,4b,Singapore - Value of Accounts,0,E,A,,2021,139.974,,F,A
A,SG,K,V,I,Z,Z,Z,Z,0,4b,Singapore - Value of Accounts,0,E,A,,2022,270.56,,F,A
A,SG,K,V,I,Z,Z,Z,Z,0,4b,Singapore - Value of Accounts,0,E,A,,2023,300.3814,,F,A
A,SG,K,V,I,Z,Z,Z,Z,0,4b,Singapore - Value of Accounts,0,E,A,,2024,281.4299,,F,A
A,SG,K,V,B,Z,Z,Z,Z,0,4b,Singapore - Value of Accounts,0,E,A,,2012,84899.1276,,F,A
A,SG,K,V,B,Z,Z,Z,Z,0,4b,Singapore - Value of Accounts,0,E,A,,2013,85383.4854,,F,A
A,SG,K,V,B,Z,Z,Z,Z,0,4b,Singapore - Value of Accounts,0,E,A,,2014,80717.2124,,F,A
A,SG,K,V,B,Z,Z,Z,Z,0,4b,Singapore - Value of Accounts,0,E,A,,2015,76153.905,,F,A
A,SG,K,V,B,Z,Z,Z,Z,0,4b,Singapore - Value of Accounts,0,E,A,,2016,78014.9862,,F,A
A,SG,K,V,B,Z,Z,Z,Z,0,4b,Singapore - Value of Accounts,0,E,A,,2017,85982.4507,,F,A
A,SG,K,V,B,Z,Z,Z,Z,0,4b,Singapore - Value of Accounts,0,E,A,,2018,84809.9364,,F,A
A,SG,K,V,B,Z,Z,Z,Z,0,4b,Singapore - Value of Accounts,0,E,A,,2019,89954.9549,,F,A
A,SG,K,V,B,Z,Z,Z,Z,0,4b,Singapore - Value of Accounts,0,E,A,,2020,101276.6078,,F,A
A,SG,K,V,B,Z,Z,Z,Z,0,4b,Singapore - Value of Accounts,0,E,A,,2021,112016.7217,,F,A
A,SG,K,V,B,Z,Z,Z,Z,0,4b,Singapore - Value of Accounts,0,E,A,,2022,244228.6979,,F,A
A,SG,K,V,B,Z,Z,Z,Z,0,4b,Singapore - Value of Accounts,0,E,A,,2023,256443.1103,,F,A
A,SG,K,V,B,Z,Z,Z,Z,0,4b,Singapore - Value of Accounts,0,E,A,,2024,255222.7412,,F,A
A,SG,M,V,H,F,Z,Z,Z,0,8b,"Singapore - Value of Cashless payments, Card and e-money payments, by card with a debit function",3,S,A,,2012,2.5873,,F,A
A,SG,M,V,H,F,Z,Z,Z,0,8b,"Singapore - Value of Cashless payments, Card and e-money payments, by card with a debit function",3,S,A,,2013,4.3285,,F,A
A,SG,M,V,H,F,Z,Z,Z,0,8b,"Singapore - Value of Cashless payments, Card and e-money payments, by card with a debit function",3,S,A,,2014,3.5959,,F,A
A,SG,M,V,H,F,Z,Z,Z,0,8b,"Singapore - Value of Cashless payments, Card and e-money payments, by card with a debit function",3,S,A,,2015,1.7333,,F,A
A,SG,M,V,H,F,Z,Z,Z,0,8b,"Singapore - Value of Cashless payments, Card and e-money payments, by card with a debit function",3,S,A,,2016,6.9939,,F,A
A,SG,M,V,H,F,Z,Z,Z,0,8b,"Singapore - Value of Cashless payments, Card and e-money payments, by card with a debit function",3,S,A,,2017,-8.9584,,F,A
A,SG,M,V,H,F,Z,Z,Z,0,8b,"Singapore - Value of Cashless payments, Card and e-money payments, by card with a debit function",3,S,A,,2018,11.7332,,F,A
A,SG,M,V,H,F,Z,Z,Z,0,8b,"Singapore - Value of Cashless payments, Card and e-money payments, by card with a debit function",3,S,A,,2019,-1.409,,F,A
A,SG,M,V,H,F,Z,Z,Z,0,8b,"Singapore - Value of Cashless payments, Card and e-money payments, by card with a debit function",3,S,A,,2020,-1.2678,,F,A
A,SG,M,V,H,F,Z,Z,Z,0,8b,"Singapore - Value of Cashless payments, Card and e-money payments, by card with a debit function",3,S,A,,2021,10.0779,,F,A
A,SG,M,V,H,F,Z,Z,Z,0,8b,"Singapore - Value of Cashless payments, Card and e-money payments, by card with a debit function",3,S,A,,2022,11.5271,,F,A
A,SG,M,V,H,F,Z,Z,Z,0,8b,"Singapore - Value of Cashless payments, Card and e-money payments, by card with a debit function",3,S,A,,2023,0.26872,,F,A
A,SG,M,V,H,F,Z,Z,Z,0,8b,"Singapore - Value of Cashless payments, Card and e-money payments, by card with a debit function",3,S,A,,2024,-0.95729,,F,A
A,HK,M,V,Q,H,Z,Z,Z,0,8d,"Hong Kong SAR - Value of Cashless payments, Card and e-money payments, by card with a credit function",2,S,A,,2012,8076.3744,,F,A
A,HK,M,V,Q,H,Z,Z,Z,0,8d,"Hong Kong SAR - Value of Cashless payments, Card and e-money payments, by card with a credit function",2,S,A,,2013,8580.0955,,F,A
A,HK,M,V,Q,H,Z,Z,Z,0,8d,"Hong Kong SAR - Value of Cashless payments, Card and e-money payments, by card with a credit function",2,S,A,,2014,9224.1144,,F,A
A,HK,M,V,Q,H,Z,Z,Z,0,8d,"Hong Kong SAR - Value of Cashless payments, Card and e-money payments, by card with a credit function",2,S,A,,2015,9841.0437,,F,A
A,HK,M,V,Q,H,Z,Z,Z,0,8d,"Hong Kong SAR - Value of Cashless payments, Card and e-money payments, by card with a credit function",2,S,A,,2016,9954.6689,,F,A
A,HK,M,V,Q,H,Z,Z,Z,0,8d,"Hong Kong SAR - Value of Cashless payments, Card and e-money payments, by card with a credit function",2,S,A,,2017,11390.306,,F,A
A,HK,M,V,Q,H,Z,Z,Z,0,8d,"Hong Kong SAR - Value of Cashless payments, Card and e-money payments, by card with a credit function",2,S,A,,2018,12566.9925,,F,A
A,HK,M,V,Q,H,Z,Z,Z,0,8d,"Hong Kong SAR - Value of Cashless payments, Card and e-money payments, by card with a credit function",2,S,A,,2019,12960.0317,,F,A
A,HK,M,V,Q,H,Z,Z,Z,0,8d,"Hong Kong SAR - Value of Cashless payments, Card and e-money payments, by card with a credit function",2,S,A,,2020,11016.0662,,F,A
A,HK,M,V,Q,H,Z,Z,Z,0,8d,"Hong Kong SAR - Value of Cashless payments, Card and e-money payments, by card with a credit function",2,S,A,,2021,12544.1026,,F,A
A,HK,M,V,Q,H,Z,Z,Z,0,8d,"Hong Kong SAR - Value of Cashless payments, Card and e-money payments, by card with a credit function",2,S,A,,2022,12960.3452,,F,A
A,HK,M,V,Q,H,Z,Z,Z,0,8d,"Hong Kong SAR - Value of Cashless payments, Card and e-money payments, by card with a credit function",2,S,A,,2023,15623.0784,,F,A
A,HK,M,V,Q,H,Z,Z,Z,0,8d,"Hong Kong SAR - Value of Cashless payments, Card and e-money payments, by card with a credit function",2,S,A,,2024,17295.3096,,F,A
A,HK,M,V,I,I,Z,Z,Z,0,8e,"Hong Kong SAR - Value of Cashless payments, Card and e-money payments, e-money payments",4,S,A,,2012,NaN,,F,L
A,HK,M,V,I,I,Z,Z,Z,0,8e,"Hong Kong SAR - Value of Cashless payments, Card and e-money payments, e-money payments",4,S,A,,2013,NaN,,F,L
A,HK,M,V,I,I,Z,Z,Z,0,8e,"Hong Kong SAR - Value of Cashless payments, Card and e-money payments, e-money payments",4,S,A,,2014,NaN,,F,L
A,HK,M,V,I,I,Z,Z,Z,0,8e,"Hong Kong SAR - Value of Cashless payments, Card and e-money payments, e-money payments",4,S,A,,2015,NaN,,F,L
A,HK,M,V,I,I,Z,Z,Z,0,8e,"Hong Kong SAR - Value of Cashless payments, Card and e-money payments, e-money payments",4,S,A,,2016,NaN,,F,L
A,HK,M,V,I,I,Z,Z,Z,0,8e,"Hong Kong SAR - Value of Cashless payments, Card and e-money payments, e-money payments",4,S,A,,2017,5.0735,,F,A
A,HK,M,V,I,I,Z,Z,Z,0,8e,"Hong Kong SAR - Value of Cashless payments, Card and e-money payments, e-money payments",4,S,A,,2018,6.0972,,F,A
A,HK,M,V,I,I,Z,Z,Z,0,8e,"Hong Kong SAR - Value of Cashless payments, Card and e-money payments, e-money payments",4,S,A,,2019,7.0801,,F,A
A,HK,M,V,I,I,Z,Z,Z,0,8e,"Hong Kong SAR - Value of Cashless payments, Card and e-money payments, e-money payments",4,S,A,,2020,8.2657,,F,A
A,HK,M,V,I,I,Z,Z,Z,0,8e,"Hong Kong SAR - Value of Cashless payments, Card and e-money payments, e-money payments",4,S,A,,2021,16.3992,,F,A
A,HK,M,V,I,I,Z,Z,Z,0,8e,"Hong Kong SAR - Value of Cashless payments, Card and e-money payments, e-money payments",4,S,A,,2022,20.72,,F,A
A,HK,M,V,I,I,Z,Z,Z,0,8e,"Hong Kong SAR - Value of Cashless payments, Card and e-money payments, e-money payments",4,S,A,,2023,21.4559,,F,A
A,HK,M,V,I,I,Z,Z,Z,0,8e,"Hong Kong SAR - Value of Cashless payments, Card and e-money payments, e-money payments",4,S,A,,2024,23.6933,,F,A
A,SG,R,N,N,Z,C,Z,Z,6,10,"Singapore - Number of Withdrawals/deposits, Cash withdrawals with cards issued inside the country, at locations inside the country",3,S,A,,2012,219.05,,F,A
A,SG,R,N,N,Z,C,Z,Z,6,10,"Singapore - Number of Withdrawals/deposits, Cash withdrawals with cards issued inside the country, at locations inside the country",3,S,A,,2013,229.67,,F,A
A,SG,R,N,N,Z,C,Z,Z,6,10,"Singapore - Number of Withdrawals/deposits, Cash withdrawals with cards issued inside the country, at locations inside the country",3,S,A,,2014,229.42,,F,A
A,SG,R,N,N,Z,C,Z,Z,6,10,"Singapore - Number of Withdrawals/deposits, Cash withdrawals with cards issued inside the country, at locations inside the country",3,S,A,,2015,229.68,,F,A
A,SG,R,N,N,Z,C,Z,Z,6,10,"Singapore - Number of Withdrawals/deposits, Cash withdrawals with cards issued inside the country, at locations inside the country",3,S,A,,2016,226.28,,F,A
A,SG,R,N,N,Z,C,Z,Z,6,10,"Singapore - Number of Withdrawals/deposits, Cash withdrawals with cards issued inside the country, at locations inside the country",3,S,A,,2017,217.6,,F,A
A,SG,R,N,N,Z,C,Z,Z,6,10,"Singapore - Number of Withdrawals/deposits, Cash withdrawals with cards issued inside the country, at locations inside the country",3,S,A,,2018,213.17,,F,A
A,SG,R,N,N,Z,C,Z,Z,6,10,"Singapore - Number of Withdrawals/deposits, Cash withdrawals with cards issued inside the country, at locations inside the country",3,S,A,,2019,205.29,,F,A
A,SG,R,N,N,Z,C,Z,Z,6,10,"Singapore - Number of Withdrawals/deposits, Cash withdrawals with cards issued inside the country, at locations inside the country",3,S,A,,2020,172.289,,F,A
A,SG,R,N,N,Z,C,Z,Z,6,10,"Singapore - Number of Withdrawals/deposits, Cash withdrawals with cards issued inside the country, at locations inside the country",3,S,A,,2021,169.888,,F,A
A,SG,R,N,N,Z,C,Z,Z,6,10,"Singapore - Number of Withdrawals/deposits, Cash withdrawals with cards issued inside the country, at locations inside the country",3,S,A,,2022,173.322,,F,A
A,SG,R,N,N,Z,C,Z,Z,6,10,"Singapore - Number of Withdrawals/deposits, Cash withdrawals with cards issued inside the country, at locations inside the country",3,S,A,,2023,171.179,,F,A
A,SG,R,N,N,Z,C,Z,Z,6,10,"Singapore - Number of Withdrawals/deposits, Cash withdrawals with cards issued inside the country, at locations inside the country",3,S,A,,2024,157.676,,F,A
A,HK,T,N,G,Z,Z,Z,E,0,13a,"Hong Kong SAR - Number of Cards, Cards, with a credit function",2,E,A,,2013,3.9342,,F,A
A,HK,T,N,G,Z,Z,Z,E,0,13a,"Hong Kong SAR - Number of Cards, Cards, with a credit function",2,E,A,,2014,3.8459,,F,A
A,HK,T,N,G,Z,Z,Z,E,0,13a,"Hong Kong SAR - Number of Cards, Cards, with a credit function",2,E,A,,2015,1.1902,,F,A
A,HK,T,N,G,Z,Z,Z,E,0,13a,"Hong Kong SAR - Number of Cards, Cards, with a credit function",2,E,A,,2016,0.73514,,F,A
A,HK,T,N,G,Z,Z,Z,E,0,13a,"Hong Kong SAR - Number of Cards, Cards, with a credit function",2,E,A,,2017,-1.6055,,F,A
A,HK,T,N,G,Z,Z,Z,E,0,13a,"Hong Kong SAR - Number of Cards, Cards, with a credit function",2,E,A,,2018,3.0939,,F,A
A,HK,T,N,G,Z,Z,Z,E,0,13a,"Hong Kong SAR - Number of Cards, Cards, with a credit function",2,E,A,,2019,1.2744,,F,A
A,HK,T,N,G,Z,Z,Z,E,0,13a,"Hong Kong SAR - Number of Cards, Cards, with a credit function",2,E,A,,2020,-1.7201,,F,A
A,HK,T,N,G,Z,Z,Z,E,0,13a,"Hong Kong SAR - Number of Cards, Cards, with a credit function",2,E,A,,2021,-1.6521,,F,A
A,HK,T,N,G,Z,Z,Z,E,0,13a,"Hong Kong SAR - Number of Cards, Cards, with a credit function",2,E,A,,2022,2.3098,,F,A
A,HK,T,N,G,Z,Z,Z,E,0,13a,"Hong Kong SAR - Number of Cards, Cards, with a credit function",2,E,A,,2023,1.0365,,F,A
A,HK,T,N,G,Z,Z,Z,E,0,13a,"Hong Kong SAR - Number of Cards, Cards, with a credit function",2,E,A,,2024,6.3684,,F,A
A,HK,T,N,G,Z,Z,Z,F,0,13a,"Hong Kong SAR - Number of Cards, Cards, with an e-money function,all",2,E,A,,2013,NaN,,F,L
A,HK,T,N,G,Z,Z,Z,F,0,13a,"Hong Kong SAR - Number of Cards, Cards, with an e-money function,all",2,E,A,,2014,NaN,,F,L
A,HK,T,N,G,Z,Z,Z,F,0,13a,"Hong Kong SAR - Number of Cards, Cards, with an e-money function,all",2,E,A,,2015,NaN,,F,L
A,HK,T,N,G,Z,Z,Z,F,0,13a,"Hong Kong SAR - Number of Cards, Cards, with an e-money function,all",2,E,A,,2016,NaN,,F,L
A,HK,T,N,G,Z,Z,Z,F,0,13a,"Hong Kong SAR - Number of Cards, Cards, with an e-money function,all",2,E,A,,2017,15.4084,,F,A
A,HK,T,N,G,Z,Z,Z,F,0,13a,"Hong Kong SAR - Number of Cards, Cards, with an e-money function,all",2,E,A,,2018,20.0556,,F,A
A,HK,T,N,G,Z,Z,Z,F,0,13a,"Hong Kong SAR - Number of Cards, Cards, with an e-money function,all",2,E,A,,2019,12.5147,,F,A
A,HK,T,N,G,Z,Z,Z,F,0,13a,"Hong Kong SAR - Number of Cards, Cards, with an e-money function,all",2,E,A,,2020,1.2484,,F,A
A,HK,T,N,G,Z,Z,Z,F,0,13a,"Hong Kong SAR - Number of Cards, Cards, with an e-money function,all",2,E,A,,2021,3.9618,,F,A
A,HK,T,N,G,Z,Z,Z,F,0,13a,"Hong Kong SAR - Number of Cards, Cards, with an e-money function,all",2,E,A,,2022,-7.4891,,F,A
A,HK,T,N,G,Z,Z,Z,F,0,13a,"Hong Kong SAR - Number of Cards, Cards, with an e-money function,all",2,E,A,,2023,16.2054,,F,A
A,HK,T,N,G,Z,Z,Z,F,0,13a,"Hong Kong SAR - Number of Cards, Cards, with an e-money function,all",2,E,A,,2024,11.6929,,F,A
A,HK,M,V,S,F,Z,Z,Z,0,8c,"Hong Kong SAR - Value of Cashless payments, Card and e-money payments, by card with a debit function",2,S,A,,2012,254.3689,,F,A
A,HK,M,V,S,F,Z,Z,Z,0,8c,"Hong Kong SAR - Value of Cashless payments, Card and e-money payments, by card with a debit function",2,S,A,,2013,264.0982,,F,A
A,HK,M,V,S,F,Z,Z,Z,0,8c,"Hong Kong SAR - Value of Cashless payments, Card and e-money payments, by card with a debit function",2,S,A,,2014,270.0454,,F,A
A,HK,M,V,S,F,Z,Z,Z,0,8c,"Hong Kong SAR - Value of Cashless payments, Card and e-money payments, by card with a debit function",2,S,A,,2015,279.4698,,F,A
A,HK,M,V,S,F,Z,Z,Z,0,8c,"Hong Kong SAR - Value of Cashless payments, Card and e-money payments, by card with a debit function",2,S,A,,2016,274.8192,,F,A
A,HK,M,V,S,F,Z,Z,Z,0,8c,"Hong Kong SAR - Value of Cashless payments, Card and e-money payments, by card with a debit function",2,S,A,,2017,285.4,,F,A
A,HK,M,V,S,F,Z,Z,Z,0,8c,"Hong Kong SAR - Value of Cashless payments, Card and e-money payments, by card with a debit function",2,S,A,,2018,299.673,,F,A
A,HK,M,V,S,F,Z,Z,Z,0,8c,"Hong Kong SAR - Value of Cashless payments, Card and e-money payments, by card with a debit function",2,S,A,,2019,268.4477,,F,A
A,HK,M,V,S,F,Z,Z,Z,0,8c,"Hong Kong SAR - Value of Cashless payments, Card and e-money payments, by card with a debit function",2,S,A,,2020,265.8443,,F,A
A,HK,M,V,S,F,Z,Z,Z,0,8c,"Hong Kong SAR - Value of Cashless payments, Card and e-money payments, by card with a debit function",2,S,A,,2021,227.5969,,F,A
A,HK,M,V,S,F,Z,Z,Z,0,8c,"Hong Kong SAR - Value of Cashless payments, Card and e-money payments, by card with a debit function",2,S,A,,2022,202.0899,,F,A
A,HK,M,V,S,F,Z,Z,Z,0,8c,"Hong Kong SAR - Value of Cashless payments, Card and e-money payments, by card with a debit function",2,S,A,,2023,198.9976,,F,A
A,HK,M,V,S,F,Z,Z,Z,0,8c,"Hong Kong SAR - Value of Cashless payments, Card and e-money payments, by card with a debit function",2,S,A,,2024,173.3295,,F,A
A,SG,M,N,G,E,Z,Z,Z,0,6b,"Singapore - Number of Cashless payments, All Card and e-money payments",3,S,A,,2013,10.5893,,F,A
A,SG,M,N,G,E,Z,Z,Z,0,6b,"Singapore - Number of Cashless payments, All Card and e-money payments",3,S,A,,2014,3.4638,,F,A
A,SG,M,N,G,E,Z,Z,Z,0,6b,"Singapore - Number of Cashless payments, All Card and e-money payments",3,S,A,,2015,3.4009,,F,A
A,SG,M,N,G,E,Z,Z,Z,0,6b,"Singapore - Number of Cashless payments, All Card and e-money payments",3,S,A,,2016,5.6822,,F,A
A,SG,M,N,G,E,Z,Z,Z,0,6b,"Singapore - Number of Cashless payments, All Card and e-money payments",3,S,A,,2017,3.073,,F,A
A,SG,M,N,G,E,Z,Z,Z,0,6b,"Singapore - Number of Cashless payments, All Card and e-money payments",3,S,A,,2018,6.6131,,F,A
A,SG,M,N,G,E,Z,Z,Z,0,6b,"Singapore - Number of Cashless payments, All Card and e-money payments",3,S,A,,2019,2.6884,,F,A
A,SG,M,N,G,E,Z,Z,Z,0,6b,"Singapore - Number of Cashless payments, All Card and e-money payments",3,S,A,,2020,-24.2392,,F,A
A,SG,M,N,G,E,Z,Z,Z,0,6b,"Singapore - Number of Cashless payments, All Card and e-money payments",3,S,A,,2021,6.8537,,F,A
A,SG,M,N,G,E,Z,Z,Z,0,6b,"Singapore - Number of Cashless payments, All Card and e-money payments",3,S,A,,2022,8.1239,,F,A
A,SG,M,N,G,E,Z,Z,Z,0,6b,"Singapore - Number of Cashless payments, All Card and e-money payments",3,S,A,,2023,4.7591,,F,A
A,SG,M,N,G,E,Z,Z,Z,0,6b,"Singapore - Number of Cashless payments, All Card and e-money payments",3,S,A,,2024,2.761,,F,A
A,SG,N,V,A,A,Z,Z,Z,6,8g,"Singapore - Value of Fast payments, All",2,S,A,,2012,NaN,,F,L
A,SG,N,V,A,A,Z,Z,Z,6,8g,"Singapore - Value of Fast payments, All",2,S,A,,2013,NaN,,F,L
A,SG,N,V,A,A,Z,Z,Z,6,8g,"Singapore - Value of Fast payments, All",2,S,A,,2014,NaN,,F,L
A,SG,N,V,A,A,Z,Z,Z,6,8g,"Singapore - Value of Fast payments, All",2,S,A,,2015,27040.7367,,F,A
A,SG,N,V,A,A,Z,Z,Z,6,8g,"Singapore - Value of Fast payments, All",2,S,A,,2016,39159.1308,,F,A
A,SG,N,V,A,A,Z,Z,Z,6,8g,"Singapore - Value of Fast payments, All",2,S,A,,2017,53090.5994,,F,A
A,SG,N,V,A,A,Z,Z,Z,6,8g,"Singapore - Value of Fast payments, All",2,S,A,,2018,80212.3686,,F,A
A,SG,N,V,A,A,Z,Z,Z,6,8g,"Singapore - Value of Fast payments, All",2,S,A,,2019,108515.1861,,F,A
A,SG,N,V,A,A,Z,Z,Z,6,8g,"Singapore - Value of Fast payments, All",2,S,A,,2020,152838.213,,F,A
A,SG,N,V,A,A,Z,Z,Z,6,8g,"Singapore - Value of Fast payments, All",2,S,A,,2021,220493.9667,,F,A
A,SG,N,V,A,A,Z,Z,Z,6,8g,"Singapore - Value of Fast payments, All",2,S,A,,2022,275975.1825,,F,A
A,SG,N,V,A,A,Z,Z,Z,6,8g,"Singapore - Value of Fast payments, All",2,S,A,,2023,362495.9399,,F,A
A,SG,N,V,A,A,Z,Z,Z,6,8g,"Singapore - Value of Fast payments, All",2,S,A,,2024,495320.6687,,F,A
A,SG,M,N,L,H,Z,Z,Z,0,6a,"Singapore - Number of Cashless payments, Card and e-money payments, by card with a credit function",2,S,A,,2012,NaN,,F,L
A,SG,M,N,L,H,Z,Z,Z,0,6a,"Singapore - Number of Cashless payments, Card and e-money payments, by card with a credit function",2,S,A,,2013,6.6672,,F,A
A,SG,M,N,L,H,Z,Z,Z,0,6a,"Singapore - Number of Cashless payments, Card and e-money payments, by card with a credit function",2,S,A,,2014,7.3874,,F,A
A,SG,M,N,L,H,Z,Z,Z,0,6a,"Singapore - Number of Cashless payments, Card and e-money payments, by card with a credit function",2,S,A,,2015,7.7105,,F,A
A,SG,M,N,L,H,Z,Z,Z,0,6a,"Singapore - Number of Cashless payments, Card and e-money payments, by card with a credit function",2,S,A,,2016,8.2242,,F,A
A,SG,M,N,L,H,Z,Z,Z,0,6a,"Singapore - Number of Cashless payments, Card and e-money payments, by card with a credit function",2,S,A,,2017,9.5284,,F,A
A,SG,M,N,L,H,Z,Z,Z,0,6a,"Singapore - Number of Cashless payments, Card and e-money payments, by card with a credit function",2,S,A,,2018,10.6354,,F,A
A,SG,M,N,L,H,Z,Z,Z,0,6a,"Singapore - Number of Cashless payments, Card and e-money payments, by card with a credit function",2,S,A,,2019,12.284,,F,A
A,SG,M,N,L,H,Z,Z,Z,0,6a,"Singapore - Number of Cashless payments, Card and e-money payments, by card with a credit function",2,S,A,,2020,15.9415,,F,A
A,SG,M,N,L,H,Z,Z,Z,0,6a,"Singapore - Number of Cashless payments, Card and e-money payments, by card with a credit function",2,S,A,,2021,17.0372,,F,A
A,SG,M,N,L,H,Z,Z,Z,0,6a,"Singapore - Number of Cashless payments, Card and e-money payments, by card with a credit function",2,S,A,,2022,17.1602,,F,A
A,SG,M,N,L,H,Z,Z,Z,0,6a,"Singapore - Number of Cashless payments, Card and e-money payments, by card with a credit function",2,S,A,,2023,19.9389,,F,A
A,SG,M,N,L,H,Z,Z,Z,0,6a,"Singapore - Number of Cashless payments, Card and e-money payments, by card with a credit function",2,S,A,,2024,21.7621,,F,A
A,SG,M,V,L,I,Z,Z,Z,0,8a,"Singapore - Value of Cashless payments, Card and e-money payments, e-money payments",3,S,A,,2012,0.22265,,F,A
A,SG,M,V,L,I,Z,Z,Z,0,8a,"Singapore - Value of Cashless payments, Card and e-money payments, e-money payments",3,S,A,,2013,0.21879,,F,A
A,SG,M,V,L,I,Z,Z,Z,0,8a,"Singapore - Value of Cashless payments, Card and e-money payments, e-money payments",3,S,A,,2014,0.23194,,F,A
A,SG,M,V,L,I,Z,Z,Z,0,8a,"Singapore - Value of Cashless payments, Card and e-money payments, e-money payments",3,S,A,,2015,0.23294,,F,A
A,SG,M,V,L,I,Z,Z,Z,0,8a,"Singapore - Value of Cashless payments, Card and e-money payments, e-money payments",3,S,A,,2016,0.23988,,F,A
A,SG,M,V,L,I,Z,Z,Z,0,8a,"Singapore - Value of Cashless payments, Card and e-money payments, e-money payments",3,S,A,,2017,0.2377,,F,A
A,SG,M,V,L,I,Z,Z,Z,0,8a,"Singapore - Value of Cashless payments, Card and e-money payments, e-money payments",3,S,A,,2018,0.22914,,F,A
A,SG,M,V,L,I,Z,Z,Z,0,8a,"Singapore - Value of Cashless payments, Card and e-money payments, e-money payments",3,S,A,,2019,0.23481,,F,A
A,SG,M,V,L,I,Z,Z,Z,0,8a,"Singapore - Value of Cashless payments, Card and e-money payments, e-money payments",3,S,A,,2020,0.15984,,F,A
A,SG,M,V,L,I,Z,Z,Z,0,8a,"Singapore - Value of Cashless payments, Card and e-money payments, e-money payments",3,S,A,,2021,0.13635,,F,A
A,SG,M,V,L,I,Z,Z,Z,0,8a,"Singapore - Value of Cashless payments, Card and e-money payments, e-money payments",3,S,A,,2022,0.14536,,F,A
A,SG,M,V,L,I,Z,Z,Z,0,8a,"Singapore - Value of Cashless payments, Card and e-money payments, e-money payments",3,S,A,,2023,0.14785,,F,A
A,SG,M,V,L,I,Z,Z,Z,0,8a,"Singapore - Value of Cashless payments, Card and e-money payments, e-money payments",3,S,A,,2024,0.13769,,F,A
A,SG,N,N,L,A,Z,Z,Z,0,6e,"Singapore - Number of Fast payments, All",3,S,A,,2012,NaN,,F,L
A,SG,N,N,L,A,Z,Z,Z,0,6e,"Singapore - Number of Fast payments, All",3,S,A,,2013,NaN,,F,L
A,SG,N,N,L,A,Z,Z,Z,0,6e,"Singapore - Number of Fast payments, All",3,S,A,,2014,NaN,,F,L
A,SG,N,N,L,A,Z,Z,Z,0,6e,"Singapore - Number of Fast payments, All",3,S,A,,2015,0.46781,,F,A
A,SG,N,N,L,A,Z,Z,Z,0,6e,"Singapore - Number of Fast payments, All",3,S,A,,2016,0.6311,,F,A
A,SG,N,N,L,A,Z,Z,Z,0,6e,"Singapore - Number of Fast payments, All",3,S,A,,2017,0.87824,,F,A
A,SG,N,N,L,A,Z,Z,Z,0,6e,"Singapore - Number of Fast payments, All",3,S,A,,2018,1.2724,,F,A
A,SG,N,N,L,A,Z,Z,Z,0,6e,"Singapore - Number of Fast payments, All",3,S,A,,2019,1.9278,,F,A
A,SG,N,N,L,A,Z,Z,Z,0,6e,"Singapore - Number of Fast payments, All",3,S,A,,2020,3.9078,,F,A
A,SG,N,N,L,A,Z,Z,Z,0,6e,"Singapore - Number of Fast payments, All",3,S,A,,2021,5.5506,,F,A
A,SG,N,N,L,A,Z,Z,Z,0,6e,"Singapore - Number of Fast payments, All",3,S,A,,2022,6.576,,F,A
A,SG,N,N,L,A,Z,Z,Z,0,6e,"Singapore - Number of Fast payments, All",3,S,A,,2023,8.0609,,F,A
A,SG,N,N,L,A,Z,Z,Z,0,6e,"Singapore - Number of Fast payments, All",3,S,A,,2024,10.0954,,F,A
A,SG,I,N,R,Z,Z,Z,Z,0,4a,Singapore - Number of Institutions,3,E,A,,2012,32.5678,,F,A
A,SG,I,N,R,Z,Z,Z,Z,0,4a,Singapore - Number of Institutions,3,E,A,,2013,31.3021,,F,A
A,SG,I,N,R,Z,Z,Z,Z,0,4a,Singapore - Number of Institutions,3,E,A,,2014,30.5302,,F,A
A,SG,I,N,R,Z,Z,Z,Z,0,4a,Singapore - Number of Institutions,3,E,A,,2015,30.3523,,F,A
A,SG,I,N,R,Z,Z,Z,Z,0,4a,Singapore - Number of Institutions,3,E,A,,2016,28.8925,,F,A
A,SG,I,N,R,Z,Z,Z,Z,0,4a,Singapore - Number of Institutions,3,E,A,,2017,29.2231,,F,A
A,SG,I,N,R,Z,Z,Z,Z,0,4a,Singapore - Number of Institutions,3,E,A,,2018,28.5512,,F,A
A,SG,I,N,R,Z,Z,Z,Z,0,4a,Singapore - Number of Institutions,3,E,A,,2019,28.2258,,F,A
A,SG,I,N,R,Z,Z,Z,Z,0,4a,Singapore - Number of Institutions,3,E,A,,2020,28.1393,,F,A
A,SG,I,N,R,Z,Z,Z,Z,0,4a,Singapore - Number of Institutions,3,E,A,,2021,28.6029,,F,A
A,SG,I,N,R,Z,Z,Z,Z,0,4a,Singapore - Number of Institutions,3,E,A,,2022,27.6743,,F,A
A,SG,I,N,R,Z,Z,Z,Z,0,4a,Singapore - Number of Institutions,3,E,A,,2023,26.6982,,F,A
A,SG,I,N,R,Z,Z,Z,Z,0,4a,Singapore - Number of Institutions,3,E,A,,2024,26.0063,,F,A
A,HK,M,N,G,F,Z,Z,Z,0,6b,"Hong Kong SAR - Number of Cashless payments, Card and e-money payments, by card with a debit function",3,S,A,,2012,2.2858,,F,A
A,HK,M,N,G,F,Z,Z,Z,0,6b,"Hong Kong SAR - Number of Cashless payments, Card and e-money payments, by card with a debit function",3,S,A,,2013,1.6653,,F,A
A,HK,M,N,G,F,Z,Z,Z,0,6b,"Hong Kong SAR - Number of Cashless payments, Card and e-money payments, by card with a debit function",3,S,A,,2014,3.717,,F,A
A,HK,M,N,G,F,Z,Z,Z,0,6b,"Hong Kong SAR - Number of Cashless payments, Card and e-money payments, by card with a debit function",3,S,A,,2015,6.5422,,F,A
A,HK,M,N,G,F,Z,Z,Z,0,6b,"Hong Kong SAR - Number of Cashless payments, Card and e-money payments, by card with a debit function",3,S,A,,2016,5.6963,,F,A
A,HK,M,N,G,F,Z,Z,Z,0,6b,"Hong Kong SAR - Number of Cashless payments, Card and e-money payments, by card with a debit function",3,S,A,,2017,2.2782,,F,A
A,HK,M,N,G,F,Z,Z,Z,0,6b,"Hong Kong SAR - Number of Cashless payments, Card and e-money payments, by card with a debit function",3,S,A,,2018,4.0617,,F,A
A,HK,M,N,G,F,Z,Z,Z,0,6b,"Hong Kong SAR - Number of Cashless payments, Card and e-money payments, by card with a debit function",3,S,A,,2019,13.8654,,F,A
A,HK,M,N,G,F,Z,Z,Z,0,6b,"Hong Kong SAR - Number of Cashless payments, Card and e-money payments, by card with a debit function",3,S,A,,2020,-8.1603,,F,A
A,HK,M,N,G,F,Z,Z,Z,0,6b,"Hong Kong SAR - Number of Cashless payments, Card and e-money payments, by card with a debit function",3,S,A,,2021,14.4645,,F,A
A,HK,M,N,G,F,Z,Z,Z,0,6b,"Hong Kong SAR - Number of Cashless payments, Card and e-money payments, by card with a debit function",3,S,A,,2022,6.8337,,F,A
A,HK,M,N,G,F,Z,Z,Z,0,6b,"Hong Kong SAR - Number of Cashless payments, Card and e-money payments, by card with a debit function",3,S,A,,2023,2.1579,,F,A
A,HK,M,N,G,F,Z,Z,Z,0,6b,"Hong Kong SAR - Number of Cashless payments, Card and e-money payments, by card with a debit function",3,S,A,,2024,13.1177,,F,A
A,SG,M,N,Q,B,Z,Z,Z,0,6c,"Singapore - Number of Cashless payments, Credit transfers",3,S,A,,2012,7.5113,,F,A
A,SG,M,N,Q,B,Z,Z,Z,0,6c,"Singapore - Number of Cashless payments, Credit transfers",3,S,A,,2013,7.9033,,F,A
A,SG,M,N,Q,B,Z,Z,Z,0,6c,"Singapore - Number of Cashless payments, Credit transfers",3,S,A,,2014,7.4296,,F,A
A,SG,M,N,Q,B,Z,Z,Z,0,6c,"Singapore - Number of Cashless payments, Credit transfers",3,S,A,,2015,10.9828,,F,A
A,SG,M,N,Q,B,Z,Z,Z,0,6c,"Singapore - Number of Cashless payments, Credit transfers",3,S,A,,2016,12.8411,,F,A
A,SG,M,N,Q,B,Z,Z,Z,0,6c,"Singapore - Number of Cashless payments, Credit transfers",3,S,A,,2017,15.4152,,F,A
A,SG,M,N,Q,B,Z,Z,Z,0,6c,"Singapore - Number of Cashless payments, Credit transfers",3,S,A,,2018,19.3864,,F,A
A,SG,M,N,Q,B,Z,Z,Z,0,6c,"Singapore - Number of Cashless payments, Credit transfers",3,S,A,,2019,25.5014,,F,A
A,SG,M,N,Q,B,Z,Z,Z,0,6c,"Singapore - Number of Cashless payments, Credit transfers",3,S,A,,2020,34.8994,,F,A
A,SG,M,N,Q,B,Z,Z,Z,0,6c,"Singapore - Number of Cashless payments, Credit transfers",3,S,A,,2021,50.4802,,F,A
A,SG,M,N,Q,B,Z,Z,Z,0,6c,"Singapore - Number of Cashless payments, Credit transfers",3,S,A,,2022,61.3323,,F,A
A,SG,M,N,Q,B,Z,Z,Z,0,6c,"Singapore - Number of Cashless payments, Credit transfers",3,S,A,,2023,73.7619,,F,A
A,SG,M,N,Q,B,Z,Z,Z,0,6c,"Singapore - Number of Cashless payments, Credit transfers",3,S,A,,2024,92.8483,,F,A
A,SG,M,N,G,C,Z,Z,Z,0,6b,"Singapore - Number of Cashless payments, Direct debits",3,S,A,,2012,2.5953,,F,A
A,SG,M,N,G,C,Z,Z,Z,0,6b,"Singapore - Number of Cashless payments, Direct debits",3,S,A,,2013,1.2046,,F,A
A,SG,M,N,G,C,Z,Z,Z,0,6b,"Singapore - Number of Cashless payments, Direct debits",3,S,A,,2014,0.08752,,F,A
A,SG,M,N,G,C,Z,Z,Z,0,6b,"Singapore - Number of Cashless payments, Direct debits",3,S,A,,2015,-0.27982,,F,A
A,SG,M,N,G,C,Z,Z,Z,0,6b,"Singapore - Number of Cashless payments, Direct debits",3,S,A,,2016,1.1926,,F,A
A,SG,M,N,G,C,Z,Z,Z,0,6b,"Singapore - Number of Cashless payments, Direct debits",3,S,A,,2017,1.2478,,F,A
A,SG,M,N,G,C,Z,Z,Z,0,6b,"Singapore - Number of Cashless payments, Direct debits",3,S,A,,2018,1.8829,,F,A
A,SG,M,N,G,C,Z,Z,Z,0,6b,"Singapore - Number of Cashless payments, Direct debits",3,S,A,,2019,0.50403,,F,A
A,SG,M,N,G,C,Z,Z,Z,0,6b,"Singapore - Number of Cashless payments, Direct debits",3,S,A,,2020,-4.8546,,F,A
A,SG,M,N,G,C,Z,Z,Z,0,6b,"Singapore - Number of Cashless payments, Direct debits",3,S,A,,2021,1.7728,,F,A
A,SG,M,N,G,C,Z,Z,Z,0,6b,"Singapore - Number of Cashless payments, Direct debits",3,S,A,,2022,4.1433,,F,A
A,SG,M,N,G,C,Z,Z,Z,0,6b,"Singapore - Number of Cashless payments, Direct debits",3,S,A,,2023,1.8699,,F,A
A,SG,M,N,G,C,Z,Z,Z,0,6b,"Singapore - Number of Cashless payments, Direct debits",3,S,A,,2024,1.6484,,F,A
A,HK,M,V,H,I,Z,Z,Z,0,8b,"Hong Kong SAR - Value of Cashless payments, Card and e-money payments, e-money payments",3,S,A,,2012,NaN,,F,L
A,HK,M,V,H,I,Z,Z,Z,0,8b,"Hong Kong SAR - Value of Cashless payments, Card and e-money payments, e-money payments",3,S,A,,2013,NaN,,F,L
A,HK,M,V,H,I,Z,Z,Z,0,8b,"Hong Kong SAR - Value of Cashless payments, Card and e-money payments, e-money payments",3,S,A,,2014,NaN,,F,L
A,HK,M,V,H,I,Z,Z,Z,0,8b,"Hong Kong SAR - Value of Cashless payments, Card and e-money payments, e-money payments",3,S,A,,2015,NaN,,F,L
A,HK,M,V,H,I,Z,Z,Z,0,8b,"Hong Kong SAR - Value of Cashless payments, Card and e-money payments, e-money payments",3,S,A,,2016,NaN,,F,L
A,HK,M,V,H,I,Z,Z,Z,0,8b,"Hong Kong SAR - Value of Cashless payments, Card and e-money payments, e-money payments",3,S,A,,2017,NaN,,F,L
A,HK,M,V,H,I,Z,Z,Z,0,8b,"Hong Kong SAR - Value of Cashless payments, Card and e-money payments, e-money payments",3,S,A,,2018,25.1104,,F,A
A,HK,M,V,H,I,Z,Z,Z,0,8b,"Hong Kong SAR - Value of Cashless payments, Card and e-money payments, e-money payments",3,S,A,,2019,13.249,,F,A
A,HK,M,V,H,I,Z,Z,Z,0,8b,"Hong Kong SAR - Value of Cashless payments, Card and e-money payments, e-money payments",3,S,A,,2020,9.526,,F,A
A,HK,M,V,H,I,Z,Z,Z,0,8b,"Hong Kong SAR - Value of Cashless payments, Card and e-money payments, e-money payments",3,S,A,,2021,109.3658,,F,A
A,HK,M,V,H,I,Z,Z,Z,0,8b,"Hong Kong SAR - Value of Cashless payments, Card and e-money payments, e-money payments",3,S,A,,2022,21.4629,,F,A
A,HK,M,V,H,I,Z,Z,Z,0,8b,"Hong Kong SAR - Value of Cashless payments, Card and e-money payments, e-money payments",3,S,A,,2023,7.7238,,F,A
A,HK,M,V,H,I,Z,Z,Z,0,8b,"Hong Kong SAR - Value of Cashless payments, Card and e-money payments, e-money payments",3,S,A,,2024,15.5246,,F,A
A,SG,M,N,Q,H,Z,Z,Z,0,6c,"Singapore - Number of Cashless payments, Card and e-money payments, by card with a credit function",3,S,A,,2012,NaN,,F,L
A,SG,M,N,Q,H,Z,Z,Z,0,6c,"Singapore - Number of Cashless payments, Card and e-money payments, by card with a credit function",3,S,A,,2013,46.5142,,F,A
A,SG,M,N,Q,H,Z,Z,Z,0,6c,"Singapore - Number of Cashless payments, Card and e-money payments, by card with a credit function",3,S,A,,2014,52.4863,,F,A
A,SG,M,N,Q,H,Z,Z,Z,0,6c,"Singapore - Number of Cashless payments, Card and e-money payments, by card with a credit function",3,S,A,,2015,56.1283,,F,A
A,SG,M,N,Q,H,Z,Z,Z,0,6c,"Singapore - Number of Cashless payments, Card and e-money payments, by card with a credit function",3,S,A,,2016,62.422,,F,A
A,SG,M,N,Q,H,Z,Z,Z,0,6c,"Singapore - Number of Cashless payments, Card and e-money payments, by card with a credit function",3,S,A,,2017,74.5527,,F,A
A,SG,M,N,Q,H,Z,Z,Z,0,6c,"Singapore - Number of Cashless payments, Card and e-money payments, by card with a credit function",3,S,A,,2018,88.3916,,F,A
A,SG,M,N,Q,H,Z,Z,Z,0,6c,"Singapore - Number of Cashless payments, Card and e-money payments, by card with a credit function",3,S,A,,2019,104.1578,,F,A
A,SG,M,N,Q,H,Z,Z,Z,0,6c,"Singapore - Number of Cashless payments, Card and e-money payments, by card with a credit function",3,S,A,,2020,105.4455,,F,A
A,SG,M,N,Q,H,Z,Z,Z,0,6c,"Singapore - Number of Cashless payments, Card and e-money payments, by card with a credit function",3,S,A,,2021,127.1382,,F,A
A,SG,M,N,Q,H,Z,Z,Z,0,6c,"Singapore - Number of Cashless payments, Card and e-money payments, by card with a credit function",3,S,A,,2022,135.1334,,F,A
A,SG,M,N,Q,H,Z,Z,Z,0,6c,"Singapore - Number of Cashless payments, Card and e-money payments, by card with a credit function",3,S,A,,2023,158.9349,,F,A
A,SG,M,N,Q,H,Z,Z,Z,0,6c,"Singapore - Number of Cashless payments, Card and e-money payments, by card with a credit function",3,S,A,,2024,178.5443,,F,A
A,SG,M,N,L,E,Z,Z,Z,0,6a,"Singapore - Number of Cashless payments, All Card and e-money payments",2,S,A,,2012,95.0046,,F,A
A,SG,M,N,L,E,Z,Z,Z,0,6a,"Singapore - Number of Cashless payments, All Card and e-money payments",2,S,A,,2013,95.4325,,F,A
A,SG,M,N,L,E,Z,Z,Z,0,6a,"Singapore - Number of Cashless payments, All Card and e-money payments",2,S,A,,2014,95.697,,F,A
A,SG,M,N,L,E,Z,Z,Z,0,6a,"Singapore - Number of Cashless payments, All Card and e-money payments",2,S,A,,2015,95.4443,,F,A
A,SG,M,N,L,E,Z,Z,Z,0,6a,"Singapore - Number of Cashless payments, All Card and e-money payments",2,S,A,,2016,95.4975,,F,A
A,SG,M,N,L,E,Z,Z,Z,0,6a,"Singapore - Number of Cashless payments, All Card and e-money payments",2,S,A,,2017,95.4007,,F,A
A,SG,M,N,L,E,Z,Z,Z,0,6a,"Singapore - Number of Cashless payments, All Card and e-money payments",2,S,A,,2018,95.2932,,F,A
A,SG,M,N,L,E,Z,Z,Z,0,6a,"Singapore - Number of Cashless payments, All Card and e-money payments",2,S,A,,2019,94.8227,,F,A
A,SG,M,N,L,E,Z,Z,Z,0,6a,"Singapore - Number of Cashless payments, All Card and e-money payments",2,S,A,,2020,92.381,,F,A
A,SG,M,N,L,E,Z,Z,Z,0,6a,"Singapore - Number of Cashless payments, All Card and e-money payments",2,S,A,,2021,91.2188,,F,A
A,SG,M,N,L,E,Z,Z,Z,0,6a,"Singapore - Number of Cashless payments, All Card and e-money payments",2,S,A,,2022,90.4296,,F,A
A,SG,M,N,L,E,Z,Z,Z,0,6a,"Singapore - Number of Cashless payments, All Card and e-money payments",2,S,A,,2023,89.1449,,F,A
A,SG,M,N,L,E,Z,Z,Z,0,6a,"Singapore - Number of Cashless payments, All Card and e-money payments",2,S,A,,2024,87.2474,,F,A
A,SG,M,N,T,I,Z,Z,Z,3,6d,"Singapore - Number of Cashless payments, Card and e-money payments, e-money payments",0,S,A,,2012,8261,,F,A
A,SG,M,N,T,I,Z,Z,Z,3,6d,"Singapore - Number of Cashless payments, Card and e-money payments, e-money payments",0,S,A,,2013,8453,,F,A
A,SG,M,N,T,I,Z,Z,Z,3,6d,"Singapore - Number of Cashless payments, Card and e-money payments, e-money payments",0,S,A,,2014,8598,,F,A
A,SG,M,N,T,I,Z,Z,Z,3,6d,"Singapore - Number of Cashless payments, Card and e-money payments, e-money payments",0,S,A,,2015,8858,,F,A
A,SG,M,N,T,I,Z,Z,Z,3,6d,"Singapore - Number of Cashless payments, Card and e-money payments, e-money payments",0,S,A,,2016,9223,,F,A
A,SG,M,N,T,I,Z,Z,Z,3,6d,"Singapore - Number of Cashless payments, Card and e-money payments, e-money payments",0,S,A,,2017,9214,,F,A
A,SG,M,N,T,I,Z,Z,Z,3,6d,"Singapore - Number of Cashless payments, Card and e-money payments, e-money payments",0,S,A,,2018,9515,,F,A
A,SG,M,N,T,I,Z,Z,Z,3,6d,"Singapore - Number of Cashless payments, Card and e-money payments, e-money payments",0,S,A,,2019,9359,,F,A
A,SG,M,N,T,I,Z,Z,Z,3,6d,"Singapore - Number of Cashless payments, Card and e-money payments, e-money payments",0,S,A,,2020,6196,,F,A
A,SG,M,N,T,I,Z,Z,Z,3,6d,"Singapore - Number of Cashless payments, Card and e-money payments, e-money payments",0,S,A,,2021,6163,,F,A
A,SG,M,N,T,I,Z,Z,Z,3,6d,"Singapore - Number of Cashless payments, Card and e-money payments, e-money payments",0,S,A,,2022,6533,,F,A
A,SG,M,N,T,I,Z,Z,Z,3,6d,"Singapore - Number of Cashless payments, Card and e-money payments, e-money payments",0,S,A,,2023,6090,,F,A
A,SG,M,N,T,I,Z,Z,Z,3,6d,"Singapore - Number of Cashless payments, Card and e-money payments, e-money payments",0,S,A,,2024,5577,,F,A
A,HK,M,V,A,F,Z,Z,Z,6,8,"Hong Kong SAR - Value of Cashless payments, Card and e-money payments, by card with a debit function",3,S,A,,2012,28547.5722,,F,A
A,HK,M,V,A,F,Z,Z,Z,6,8,"Hong Kong SAR - Value of Cashless payments, Card and e-money payments, by card with a debit function",3,S,A,,2013,30133.0745,,F,A
A,HK,M,V,A,F,Z,Z,Z,6,8,"Hong Kong SAR - Value of Cashless payments, Card and e-money payments, by card with a debit function",3,S,A,,2014,31956.9039,,F,A
A,HK,M,V,A,F,Z,Z,Z,6,8,"Hong Kong SAR - Value of Cashless payments, Card and e-money payments, by card with a debit function",3,S,A,,2015,35235.8315,,F,A
A,HK,M,V,A,F,Z,Z,Z,6,8,"Hong Kong SAR - Value of Cashless payments, Card and e-money payments, by card with a debit function",3,S,A,,2016,36623.2376,,F,A
A,HK,M,V,A,F,Z,Z,Z,6,8,"Hong Kong SAR - Value of Cashless payments, Card and e-money payments, by card with a debit function",3,S,A,,2017,38899.7307,,F,A
A,HK,M,V,A,F,Z,Z,Z,6,8,"Hong Kong SAR - Value of Cashless payments, Card and e-money payments, by card with a debit function",3,S,A,,2018,42504.1134,,F,A
A,HK,M,V,A,F,Z,Z,Z,6,8,"Hong Kong SAR - Value of Cashless payments, Card and e-money payments, by card with a debit function",3,S,A,,2019,43354.5738,,F,A
A,HK,M,V,A,F,Z,Z,Z,6,8,"Hong Kong SAR - Value of Cashless payments, Card and e-money payments, by card with a debit function",3,S,A,,2020,39430.5581,,F,A
A,HK,M,V,A,F,Z,Z,Z,6,8,"Hong Kong SAR - Value of Cashless payments, Card and e-money payments, by card with a debit function",3,S,A,,2021,38640.4842,,F,A
A,HK,M,V,A,F,Z,Z,Z,6,8,"Hong Kong SAR - Value of Cashless payments, Card and e-money payments, by card with a debit function",3,S,A,,2022,36654.6585,,F,A
A,HK,M,V,A,F,Z,Z,Z,6,8,"Hong Kong SAR - Value of Cashless payments, Card and e-money payments, by card with a debit function",3,S,A,,2023,36872.6578,,F,A
A,HK,M,V,A,F,Z,Z,Z,6,8,"Hong Kong SAR - Value of Cashless payments, Card and e-money payments, by card with a debit function",3,S,A,,2024,36329.51,,F,A
A,SG,M,V,A,A,Z,Z,Z,6,7,"Singapore - Value of Cashless payments, All",3,S,A,,2012,844878.9647,,F,A
A,SG,M,V,A,A,Z,Z,Z,6,7,"Singapore - Value of Cashless payments, All",3,S,A,,2013,892882.6336,,F,A
A,SG,M,V,A,A,Z,Z,Z,6,7,"Singapore - Value of Cashless payments, All",3,S,A,,2014,880760.4573,,F,A
A,SG,M,V,A,A,Z,Z,Z,6,7,"Singapore - Value of Cashless payments, All",3,S,A,,2015,849609.7427,,F,A
A,SG,M,V,A,A,Z,Z,Z,6,7,"Singapore - Value of Cashless payments, All",3,S,A,,2016,845985.6949,,F,A
A,SG,M,V,A,A,Z,Z,Z,6,7,"Singapore - Value of Cashless payments, All",3,S,A,,2017,876913.9095,,F,A
A,SG,M,V,A,A,Z,Z,Z,6,7,"Singapore - Value of Cashless payments, All",3,S,A,,2018,950216.1016,,F,A
A,SG,M,V,A,A,Z,Z,Z,6,7,"Singapore - Value of Cashless payments, All",3,S,A,,2019,934745.7994,,F,A
A,SG,M,V,A,A,Z,Z,Z,6,7,"Singapore - Value of Cashless payments, All",3,S,A,,2020,861927.3174,,F,A
A,SG,M,V,A,A,Z,Z,Z,6,7,"Singapore - Value of Cashless payments, All",3,S,A,,2021,1001534.9945,,F,A
A,SG,M,V,A,A,Z,Z,Z,6,7,"Singapore - Value of Cashless payments, All",3,S,A,,2022,1087642.6695,,F,A
A,SG,M,V,A,A,Z,Z,Z,6,7,"Singapore - Value of Cashless payments, All",3,S,A,,2023,1223961.0604,,F,A
A,SG,M,V,A,A,Z,Z,Z,6,7,"Singapore - Value of Cashless payments, All",3,S,A,,2024,1368215.1761,,F,A
A,SG,M,V,S,B,Z,Z,Z,0,8c,"Singapore - Value of Cashless payments, Credit transfers",2,S,A,,2012,4270.8796,,F,A
A,SG,M,V,S,B,Z,Z,Z,0,8c,"Singapore - Value of Cashless payments, Credit transfers",2,S,A,,2013,4341.2832,,F,A
A,SG,M,V,S,B,Z,Z,Z,0,8c,"Singapore - Value of Cashless payments, Credit transfers",2,S,A,,2014,4725.4505,,F,A
A,SG,M,V,S,B,Z,Z,Z,0,8c,"Singapore - Value of Cashless payments, Credit transfers",2,S,A,,2015,3537.5507,,F,A
A,SG,M,V,S,B,Z,Z,Z,0,8c,"Singapore - Value of Cashless payments, Credit transfers",2,S,A,,2016,3266.1013,,F,A
A,SG,M,V,S,B,Z,Z,Z,0,8c,"Singapore - Value of Cashless payments, Credit transfers",2,S,A,,2017,2993.5051,,F,A
A,SG,M,V,S,B,Z,Z,Z,0,8c,"Singapore - Value of Cashless payments, Credit transfers",2,S,A,,2018,2813.105,,F,A
A,SG,M,V,S,B,Z,Z,Z,0,8c,"Singapore - Value of Cashless payments, Credit transfers",2,S,A,,2019,2452.3555,,F,A
A,SG,M,V,S,B,Z,Z,Z,0,8c,"Singapore - Value of Cashless payments, Credit transfers",2,S,A,,2020,2061.7061,,F,A
A,SG,M,V,S,B,Z,Z,Z,0,8c,"Singapore - Value of Cashless payments, Credit transfers",2,S,A,,2021,1842.2132,,F,A
A,SG,M,V,S,B,Z,Z,Z,0,8c,"Singapore - Value of Cashless payments, Credit transfers",2,S,A,,2022,1722.3054,,F,A
A,SG,M,V,S,B,Z,Z,Z,0,8c,"Singapore - Value of Cashless payments, Credit transfers",2,S,A,,2023,1643.4719,,F,A
A,SG,M,V,S,B,Z,Z,Z,0,8c,"Singapore - Value of Cashless payments, Credit transfers",2,S,A,,2024,1566.7818,,F,A
A,HK,M,N,G,H,Z,Z,Z,0,6b,"Hong Kong SAR - Number of Cashless payments, Card and e-money payments, by card with a credit function",3,S,A,,2012,10.2368,,F,A
A,HK,M,N,G,H,Z,Z,Z,0,6b,"Hong Kong SAR - Number of Cashless payments, Card and e-money payments, by card with a credit function",3,S,A,,2013,7.0634,,F,A
A,HK,M,N,G,H,Z,Z,Z,0,6b,"Hong Kong SAR - Number of Cashless payments, Card and e-money payments, by card with a credit function",3,S,A,,2014,4.3062,,F,A
A,HK,M,N,G,H,Z,Z,Z,0,6b,"Hong Kong SAR - Number of Cashless payments, Card and e-money payments, by card with a credit function",3,S,A,,2015,7.0275,,F,A
A,HK,M,N,G,H,Z,Z,Z,0,6b,"Hong Kong SAR - Number of Cashless payments, Card and e-money payments, by card with a credit function",3,S,A,,2016,7.853,,F,A
A,HK,M,N,G,H,Z,Z,Z,0,6b,"Hong Kong SAR - Number of Cashless payments, Card and e-money payments, by card with a credit function",3,S,A,,2017,12.3902,,F,A
A,HK,M,N,G,H,Z,Z,Z,0,6b,"Hong Kong SAR - Number of Cashless payments, Card and e-money payments, by card with a credit function",3,S,A,,2018,16.3493,,F,A
A,HK,M,N,G,H,Z,Z,Z,0,6b,"Hong Kong SAR - Number of Cashless payments, Card and e-money payments, by card with a credit function",3,S,A,,2019,13.4168,,F,A
A,HK,M,N,G,H,Z,Z,Z,0,6b,"Hong Kong SAR - Number of Cashless payments, Card and e-money payments, by card with a credit function",3,S,A,,2020,1.7748,,F,A
A,HK,M,N,G,H,Z,Z,Z,0,6b,"Hong Kong SAR - Number of Cashless payments, Card and e-money payments, by card with a credit function",3,S,A,,2021,9.6787,,F,A
A,HK,M,N,G,H,Z,Z,Z,0,6b,"Hong Kong SAR - Number of Cashless payments, Card and e-money payments, by card with a credit function",3,S,A,,2022,0.78145,,F,A
A,HK,M,N,G,H,Z,Z,Z,0,6b,"Hong Kong SAR - Number of Cashless payments, Card and e-money payments, by card with a credit function",3,S,A,,2023,17.6374,,F,A
A,HK,M,N,G,H,Z,Z,Z,0,6b,"Hong Kong SAR - Number of Cashless payments, Card and e-money payments, by card with a credit function",3,S,A,,2024,18.3813,,F,A
A,SG,R,N,T,Z,C,Z,Z,3,10d,"Singapore - Number of Withdrawals/deposits, Cash withdrawals with cards issued inside the country, at locations inside the country",0,S,A,,2012,600,,F,A
A,SG,R,N,T,Z,C,Z,Z,3,10d,"Singapore - Number of Withdrawals/deposits, Cash withdrawals with cards issued inside the country, at locations inside the country",0,S,A,,2013,629,,F,A
A,SG,R,N,T,Z,C,Z,Z,3,10d,"Singapore - Number of Withdrawals/deposits, Cash withdrawals with cards issued inside the country, at locations inside the country",0,S,A,,2014,629,,F,A
A,SG,R,N,T,Z,C,Z,Z,3,10d,"Singapore - Number of Withdrawals/deposits, Cash withdrawals with cards issued inside the country, at locations inside the country",0,S,A,,2015,629,,F,A
A,SG,R,N,T,Z,C,Z,Z,3,10d,"Singapore - Number of Withdrawals/deposits, Cash withdrawals with cards issued inside the country, at locations inside the country",0,S,A,,2016,620,,F,A
A,SG,R,N,T,Z,C,Z,Z,3,10d,"Singapore - Number of Withdrawals/deposits, Cash withdrawals with cards issued inside the country, at locations inside the country",0,S,A,,2017,596,,F,A
A,SG,R,N,T,Z,C,Z,Z,3,10d,"Singapore - Number of Withdrawals/deposits, Cash withdrawals with cards issued inside the country, at locations inside the country",0,S,A,,2018,584,,F,A
A,SG,R,N,T,Z,C,Z,Z,3,10d,"Singapore - Number of Withdrawals/deposits, Cash withdrawals with cards issued inside the country, at locations inside the country",0,S,A,,2019,562,,F,A
A,SG,R,N,T,Z,C,Z,Z,3,10d,"Singapore - Number of Withdrawals/deposits, Cash withdrawals with cards issued inside the country, at locations inside the country",0,S,A,,2020,472,,F,A
A,SG,R,N,T,Z,C,Z,Z,3,10d,"Singapore - Number of Withdrawals/deposits, Cash withdrawals with cards issued inside the country, at locations inside the country",0,S,A,,2021,465,,F,A
A,SG,R,N,T,Z,C,Z,Z,3,10d,"Singapore - Number of Withdrawals/deposits, Cash withdrawals with cards issued inside the country, at locations inside the country",0,S,A,,2022,475,,F,A
A,SG,R,N,T,Z,C,Z,Z,3,10d,"Singapore - Number of Withdrawals/deposits, Cash withdrawals with cards issued inside the country, at locations inside the country",0,S,A,,2023,469,,F,A
A,SG,R,N,T,Z,C,Z,Z,3,10d,"Singapore - Number of Withdrawals/deposits, Cash withdrawals with cards issued inside the country, at locations inside the country",0,S,A,,2024,432,,F,A
A,SG,M,N,Q,A,Z,Z,Z,0,5,"Singapore - Number of Cashless payments, All",3,S,A,,2012,644.0738,,F,A
A,SG,M,N,Q,A,Z,Z,Z,0,5,"Singapore - Number of Cashless payments, All",3,S,A,,2013,697.657,,F,A
A,SG,M,N,Q,A,Z,Z,Z,0,5,"Singapore - Number of Cashless payments, All",3,S,A,,2014,710.4845,,F,A
A,SG,M,N,Q,A,Z,Z,Z,0,5,"Singapore - Number of Cashless payments, All",3,S,A,,2015,727.9422,,F,A
A,SG,M,N,Q,A,Z,Z,Z,0,5,"Singapore - Number of Cashless payments, All",3,S,A,,2016,759.003,,F,A
A,SG,M,N,Q,A,Z,Z,Z,0,5,"Singapore - Number of Cashless payments, All",3,S,A,,2017,782.4234,,F,A
A,SG,M,N,Q,A,Z,Z,Z,0,5,"Singapore - Number of Cashless payments, All",3,S,A,,2018,831.1084,,F,A
A,SG,M,N,Q,A,Z,Z,Z,0,5,"Singapore - Number of Cashless payments, All",3,S,A,,2019,847.9127,,F,A
A,SG,M,N,Q,A,Z,Z,Z,0,5,"Singapore - Number of Cashless payments, All",3,S,A,,2020,661.4516,,F,A
A,SG,M,N,Q,A,Z,Z,Z,0,5,"Singapore - Number of Cashless payments, All",3,S,A,,2021,746.2385,,F,A
A,SG,M,N,Q,A,Z,Z,Z,0,5,"Singapore - Number of Cashless payments, All",3,S,A,,2022,787.4815,,F,A
A,SG,M,N,Q,A,Z,Z,Z,0,5,"Singapore - Number of Cashless payments, All",3,S,A,,2023,797.1119,,F,A
A,SG,M,N,Q,A,Z,Z,Z,0,5,"Singapore - Number of Cashless payments, All",3,S,A,,2024,820.4366,,F,A
A,SG,M,V,T,D,Z,Z,Z,6,8f,"Singapore - Value of Cashless payments, Cheques",3,S,A,,2012,1520.7179,,F,A
A,SG,M,V,T,D,Z,Z,Z,6,8f,"Singapore - Value of Cashless payments, Cheques",3,S,A,,2013,1586.1541,,F,A
A,SG,M,V,T,D,Z,Z,Z,6,8f,"Singapore - Value of Cashless payments, Cheques",3,S,A,,2014,1515.0279,,F,A
A,SG,M,V,T,D,Z,Z,Z,6,8f,"Singapore - Value of Cashless payments, Cheques",3,S,A,,2015,1379.0633,,F,A
A,SG,M,V,T,D,Z,Z,Z,6,8f,"Singapore - Value of Cashless payments, Cheques",3,S,A,,2016,1298.0646,,F,A
A,SG,M,V,T,D,Z,Z,Z,6,8f,"Singapore - Value of Cashless payments, Cheques",3,S,A,,2017,1307.5898,,F,A
A,SG,M,V,T,D,Z,Z,Z,6,8f,"Singapore - Value of Cashless payments, Cheques",3,S,A,,2018,1328.821,,F,A
A,SG,M,V,T,D,Z,Z,Z,6,8f,"Singapore - Value of Cashless payments, Cheques",3,S,A,,2019,1145.562,,F,A
A,SG,M,V,T,D,Z,Z,Z,6,8f,"Singapore - Value of Cashless payments, Cheques",3,S,A,,2020,856.1148,,F,A
A,SG,M,V,T,D,Z,Z,Z,6,8f,"Singapore - Value of Cashless payments, Cheques",3,S,A,,2021,904.2439,,F,A
A,SG,M,V,T,D,Z,Z,Z,6,8f,"Singapore - Value of Cashless payments, Cheques",3,S,A,,2022,838.3472,,F,A
A,SG,M,V,T,D,Z,Z,Z,6,8f,"Singapore - Value of Cashless payments, Cheques",3,S,A,,2023,798.754,,F,A
A,SG,M,V,T,D,Z,Z,Z,6,8f,"Singapore - Value of Cashless payments, Cheques",3,S,A,,2024,701.1261,,F,A
A,SG,M,V,S,F,Z,Z,Z,0,8c,"Singapore - Value of Cashless payments, Card and e-money payments, by card with a debit function",2,S,A,,2012,98.0222,,F,A
A,SG,M,V,S,F,Z,Z,Z,0,8c,"Singapore - Value of Cashless payments, Card and e-money payments, by card with a debit function",2,S,A,,2013,95.2821,,F,A
A,SG,M,V,S,F,Z,Z,Z,0,8c,"Singapore - Value of Cashless payments, Card and e-money payments, by card with a debit function",2,S,A,,2014,86.524,,F,A
A,SG,M,V,S,F,Z,Z,Z,0,8c,"Singapore - Value of Cashless payments, Card and e-money payments, by card with a debit function",2,S,A,,2015,78.5212,,F,A
A,SG,M,V,S,F,Z,Z,Z,0,8c,"Singapore - Value of Cashless payments, Card and e-money payments, by card with a debit function",2,S,A,,2016,72.2624,,F,A
A,SG,M,V,S,F,Z,Z,Z,0,8c,"Singapore - Value of Cashless payments, Card and e-money payments, by card with a debit function",2,S,A,,2017,56.4512,,F,A
A,SG,M,V,S,F,Z,Z,Z,0,8c,"Singapore - Value of Cashless payments, Card and e-money payments, by card with a debit function",2,S,A,,2018,53.4195,,F,A
A,SG,M,V,S,F,Z,Z,Z,0,8c,"Singapore - Value of Cashless payments, Card and e-money payments, by card with a debit function",2,S,A,,2019,44.9995,,F,A
A,SG,M,V,S,F,Z,Z,Z,0,8c,"Singapore - Value of Cashless payments, Card and e-money payments, by card with a debit function",2,S,A,,2020,41.1958,,F,A
A,SG,M,V,S,F,Z,Z,Z,0,8c,"Singapore - Value of Cashless payments, Card and e-money payments, by card with a debit function",2,S,A,,2021,37.9489,,F,A
A,SG,M,V,S,F,Z,Z,Z,0,8c,"Singapore - Value of Cashless payments, Card and e-money payments, by card with a debit function",2,S,A,,2022,38.8125,,F,A
A,SG,M,V,S,F,Z,Z,Z,0,8c,"Singapore - Value of Cashless payments, Card and e-money payments, by card with a debit function",2,S,A,,2023,34.8883,,F,A
A,SG,M,V,S,F,Z,Z,Z,0,8c,"Singapore - Value of Cashless payments, Card and e-money payments, by card with a debit function",2,S,A,,2024,30.6876,,F,A
A,HK,N,V,K,B,Z,Z,Z,0,8g,"Hong Kong SAR - Value of Fast payments, Credit transfers",2,S,A,,2012,NaN,,F,L
A,HK,N,V,K,B,Z,Z,Z,0,8g,"Hong Kong SAR - Value of Fast payments, Credit transfers",2,S,A,,2013,NaN,,F,L
A,HK,N,V,K,B,Z,Z,Z,0,8g,"Hong Kong SAR - Value of Fast payments, Credit transfers",2,S,A,,2014,NaN,,F,L
A,HK,N,V,K,B,Z,Z,Z,0,8g,"Hong Kong SAR - Value of Fast payments, Credit transfers",2,S,A,,2015,NaN,,F,L
A,HK,N,V,K,B,Z,Z,Z,0,8g,"Hong Kong SAR - Value of Fast payments, Credit transfers",2,S,A,,2016,NaN,,F,L
A,HK,N,V,K,B,Z,Z,Z,0,8g,"Hong Kong SAR - Value of Fast payments, Credit transfers",2,S,A,,2017,NaN,,F,L
A,HK,N,V,K,B,Z,Z,Z,0,8g,"Hong Kong SAR - Value of Fast payments, Credit transfers",2,S,A,,2018,82.4569,,F,A
A,HK,N,V,K,B,Z,Z,Z,0,8g,"Hong Kong SAR - Value of Fast payments, Credit transfers",2,S,A,,2019,78.9333,,F,A
A,HK,N,V,K,B,Z,Z,Z,0,8g,"Hong Kong SAR - Value of Fast payments, Credit transfers",2,S,A,,2020,82.642,,F,A
A,HK,N,V,K,B,Z,Z,Z,0,8g,"Hong Kong SAR - Value of Fast payments, Credit transfers",2,S,A,,2021,82.3099,,F,A
A,HK,N,V,K,B,Z,Z,Z,0,8g,"Hong Kong SAR - Value of Fast payments, Credit transfers",2,S,A,,2022,74.7542,,F,A
A,HK,N,V,K,B,Z,Z,Z,0,8g,"Hong Kong SAR - Value of Fast payments, Credit transfers",2,S,A,,2023,69.5937,,F,A
A,HK,N,V,K,B,Z,Z,Z,0,8g,"Hong Kong SAR - Value of Fast payments, Credit transfers",2,S,A,,2024,64.8889,,F,A
A,SG,M,N,L,C,Z,Z,Z,0,6a,"Singapore - Number of Cashless payments, Direct debits",2,S,A,,2012,1.6499,,F,A
A,SG,M,N,L,C,Z,Z,Z,0,6a,"Singapore - Number of Cashless payments, Direct debits",2,S,A,,2013,1.5167,,F,A
A,SG,M,N,L,C,Z,Z,Z,0,6a,"Singapore - Number of Cashless payments, Direct debits",2,S,A,,2014,1.4713,,F,A
A,SG,M,N,L,C,Z,Z,Z,0,6a,"Singapore - Number of Cashless payments, Direct debits",2,S,A,,2015,1.4152,,F,A
A,SG,M,N,L,C,Z,Z,Z,0,6a,"Singapore - Number of Cashless payments, Direct debits",2,S,A,,2016,1.3558,,F,A
A,SG,M,N,L,C,Z,Z,Z,0,6a,"Singapore - Number of Cashless payments, Direct debits",2,S,A,,2017,1.3305,,F,A
A,SG,M,N,L,C,Z,Z,Z,0,6a,"Singapore - Number of Cashless payments, Direct debits",2,S,A,,2018,1.27,,F,A
A,SG,M,N,L,C,Z,Z,Z,0,6a,"Singapore - Number of Cashless payments, Direct debits",2,S,A,,2019,1.2368,,F,A
A,SG,M,N,L,C,Z,Z,Z,0,6a,"Singapore - Number of Cashless payments, Direct debits",2,S,A,,2020,1.5133,,F,A
A,SG,M,N,L,C,Z,Z,Z,0,6a,"Singapore - Number of Cashless payments, Direct debits",2,S,A,,2021,1.4232,,F,A
A,SG,M,N,L,C,Z,Z,Z,0,6a,"Singapore - Number of Cashless payments, Direct debits",2,S,A,,2022,1.359,,F,A
A,SG,M,N,L,C,Z,Z,Z,0,6a,"Singapore - Number of Cashless payments, Direct debits",2,S,A,,2023,1.3027,,F,A
A,SG,M,N,L,C,Z,Z,Z,0,6a,"Singapore - Number of Cashless payments, Direct debits",2,S,A,,2024,1.2612,,F,A
A,SG,T,N,Q,Z,Z,Z,F,0,13b,"Singapore - Number of Cards, Cards, with an e-money function,all",3,E,A,,2012,3.7312,,F,A
A,SG,T,N,Q,Z,Z,Z,F,0,13b,"Singapore - Number of Cards, Cards, with an e-money function,all",3,E,A,,2013,4.277,,F,A
A,SG,T,N,Q,Z,Z,Z,F,0,13b,"Singapore - Number of Cards, Cards, with an e-money function,all",3,E,A,,2014,5.3714,,F,A
A,SG,T,N,Q,Z,Z,Z,F,0,13b,"Singapore - Number of Cards, Cards, with an e-money function,all",3,E,A,,2015,6.2712,,F,A
A,SG,T,N,Q,Z,Z,Z,F,0,13b,"Singapore - Number of Cards, Cards, with an e-money function,all",3,E,A,,2016,7.1014,,F,A
A,SG,T,N,Q,Z,Z,Z,F,0,13b,"Singapore - Number of Cards, Cards, with an e-money function,all",3,E,A,,2017,8.0566,,F,A
A,SG,T,N,Q,Z,Z,Z,F,0,13b,"Singapore - Number of Cards, Cards, with an e-money function,all",3,E,A,,2018,8.3606,,F,A
A,SG,T,N,Q,Z,Z,Z,F,0,13b,"Singapore - Number of Cards, Cards, with an e-money function,all",3,E,A,,2019,9.1391,,F,A
A,SG,T,N,Q,Z,Z,Z,F,0,13b,"Singapore - Number of Cards, Cards, with an e-money function,all",3,E,A,,2020,NaN,,F,L
A,SG,T,N,Q,Z,Z,Z,F,0,13b,"Singapore - Number of Cards, Cards, with an e-money function,all",3,E,A,,2021,NaN,,F,L
A,SG,T,N,Q,Z,Z,Z,F,0,13b,"Singapore - Number of Cards, Cards, with an e-money function,all",3,E,A,,2022,NaN,,F,L
A,SG,T,N,Q,Z,Z,Z,F,0,13b,"Singapore - Number of Cards, Cards, with an e-money function,all",3,E,A,,2023,NaN,,F,L
A,SG,T,N,Q,Z,Z,Z,F,0,13b,"Singapore - Number of Cards, Cards, with an e-money function,all",3,E,A,,2024,NaN,,F,L
A,HK,N,N,T,A,Z,Z,Z,3,6e,"Hong Kong SAR - Number of Fast payments, All",3,S,A,,2012,NaN,,F,L
A,HK,N,N,T,A,Z,Z,Z,3,6e,"Hong Kong SAR - Number of Fast payments, All",3,S,A,,2013,NaN,,F,L
A,HK,N,N,T,A,Z,Z,Z,3,6e,"Hong Kong SAR - Number of Fast payments, All",3,S,A,,2014,NaN,,F,L
A,HK,N,N,T,A,Z,Z,Z,3,6e,"Hong Kong SAR - Number of Fast payments, All",3,S,A,,2015,NaN,,F,L
A,HK,N,N,T,A,Z,Z,Z,3,6e,"Hong Kong SAR - Number of Fast payments, All",3,S,A,,2016,NaN,,F,L
A,HK,N,N,T,A,Z,Z,Z,3,6e,"Hong Kong SAR - Number of Fast payments, All",3,S,A,,2017,NaN,,F,L
A,HK,N,N,T,A,Z,Z,Z,3,6e,"Hong Kong SAR - Number of Fast payments, All",3,S,A,,2018,14.8986,,F,A
A,HK,N,N,T,A,Z,Z,Z,3,6e,"Hong Kong SAR - Number of Fast payments, All",3,S,A,,2019,120.5014,,F,A
A,HK,N,N,T,A,Z,Z,Z,3,6e,"Hong Kong SAR - Number of Fast payments, All",3,S,A,,2020,378.6575,,F,A
A,HK,N,N,T,A,Z,Z,Z,3,6e,"Hong Kong SAR - Number of Fast payments, All",3,S,A,,2021,723.0795,,F,A
A,HK,N,N,T,A,Z,Z,Z,3,6e,"Hong Kong SAR - Number of Fast payments, All",3,S,A,,2022,1073.2,,F,A
A,HK,N,N,T,A,Z,Z,Z,3,6e,"Hong Kong SAR - Number of Fast payments, All",3,S,A,,2023,1454.4301,,F,A
A,HK,N,N,T,A,Z,Z,Z,3,6e,"Hong Kong SAR - Number of Fast payments, All",3,S,A,,2024,1961.7041,,F,A
A,SG,T,N,Q,Z,Z,Z,C,0,13b,"Singapore - Number of Cards, Cards, with a debit function",3,E,A,,2012,1.9928,,F,A
A,SG,T,N,Q,Z,Z,Z,C,0,13b,"Singapore - Number of Cards, Cards, with a debit function",3,E,A,,2013,2.0202,,F,A
A,SG,T,N,Q,Z,Z,Z,C,0,13b,"Singapore - Number of Cards, Cards, with a debit function",3,E,A,,2014,1.9637,,F,A
A,SG,T,N,Q,Z,Z,Z,C,0,13b,"Singapore - Number of Cards, Cards, with a debit function",3,E,A,,2015,1.8606,,F,A
A,SG,T,N,Q,Z,Z,Z,C,0,13b,"Singapore - Number of Cards, Cards, with a debit function",3,E,A,,2016,1.9006,,F,A
A,SG,T,N,Q,Z,Z,Z,C,0,13b,"Singapore - Number of Cards, Cards, with a debit function",3,E,A,,2017,1.9587,,F,A
A,SG,T,N,Q,Z,Z,Z,C,0,13b,"Singapore - Number of Cards, Cards, with a debit function",3,E,A,,2018,1.681,,F,A
A,SG,T,N,Q,Z,Z,Z,C,0,13b,"Singapore - Number of Cards, Cards, with a debit function",3,E,A,,2019,1.6716,,F,A
A,SG,T,N,Q,Z,Z,Z,C,0,13b,"Singapore - Number of Cards, Cards, with a debit function",3,E,A,,2020,1.7686,,F,A
A,SG,T,N,Q,Z,Z,Z,C,0,13b,"Singapore - Number of Cards, Cards, with a debit function",3,E,A,,2021,1.9094,,F,A
A,SG,T,N,Q,Z,Z,Z,C,0,13b,"Singapore - Number of Cards, Cards, with a debit function",3,E,A,,2022,2.0232,,F,A
A,SG,T,N,Q,Z,Z,Z,C,0,13b,"Singapore - Number of Cards, Cards, with a debit function",3,E,A,,2023,2.1112,,F,A
A,SG,T,N,Q,Z,Z,Z,C,0,13b,"Singapore - Number of Cards, Cards, with a debit function",3,E,A,,2024,2.232,,F,A
A,SG,T,N,Q,Z,Z,Z,B,0,13b,"Singapore - Number of Cards, Cards, with a cash function",3,E,A,,2012,1.9928,,F,A
A,SG,T,N,Q,Z,Z,Z,B,0,13b,"Singapore - Number of Cards, Cards, with a cash function",3,E,A,,2013,2.0202,,F,A
A,SG,T,N,Q,Z,Z,Z,B,0,13b,"Singapore - Number of Cards, Cards, with a cash function",3,E,A,,2014,1.9637,,F,A
A,SG,T,N,Q,Z,Z,Z,B,0,13b,"Singapore - Number of Cards, Cards, with a cash function",3,E,A,,2015,1.8606,,F,A
A,SG,T,N,Q,Z,Z,Z,B,0,13b,"Singapore - Number of Cards, Cards, with a cash function",3,E,A,,2016,1.9006,,F,A
A,SG,T,N,Q,Z,Z,Z,B,0,13b,"Singapore - Number of Cards, Cards, with a cash function",3,E,A,,2017,1.9587,,F,A
A,SG,T,N,Q,Z,Z,Z,B,0,13b,"Singapore - Number of Cards, Cards, with a cash function",3,E,A,,2018,1.681,,F,A
A,SG,T,N,Q,Z,Z,Z,B,0,13b,"Singapore - Number of Cards, Cards, with a cash function",3,E,A,,2019,1.6716,,F,A
A,SG,T,N,Q,Z,Z,Z,B,0,13b,"Singapore - Number of Cards, Cards, with a cash function",3,E,A,,2020,1.7686,,F,A
A,SG,T,N,Q,Z,Z,Z,B,0,13b,"Singapore - Number of Cards, Cards, with a cash function",3,E,A,,2021,1.9094,,F,A
A,SG,T,N,Q,Z,Z,Z,B,0,13b,"Singapore - Number of Cards, Cards, with a cash function",3,E,A,,2022,2.0232,,F,A
A,SG,T,N,Q,Z,Z,Z,B,0,13b,"Singapore - Number of Cards, Cards, with a cash function",3,E,A,,2023,2.1112,,F,A
A,SG,T,N,Q,Z,Z,Z,B,0,13b,"Singapore - Number of Cards, Cards, with a cash function",3,E,A,,2024,2.232,,F,A
A,SG,T,N,Q,Z,Z,Z,A,0,13b,"Singapore - Number of Cards, All Cards",3,E,A,,2012,7.4835,,F,A
A,SG,T,N,Q,Z,Z,Z,A,0,13b,"Singapore - Number of Cards, All Cards",3,E,A,,2013,8.0676,,F,A
A,SG,T,N,Q,Z,Z,Z,A,0,13b,"Singapore - Number of Cards, All Cards",3,E,A,,2014,9.1104,,F,A
A,SG,T,N,Q,Z,Z,Z,A,0,13b,"Singapore - Number of Cards, All Cards",3,E,A,,2015,9.8545,,F,A
A,SG,T,N,Q,Z,Z,Z,A,0,13b,"Singapore - Number of Cards, All Cards",3,E,A,,2016,10.6529,,F,A
A,SG,T,N,Q,Z,Z,Z,A,0,13b,"Singapore - Number of Cards, All Cards",3,E,A,,2017,11.5535,,F,A
A,SG,T,N,Q,Z,Z,Z,A,0,13b,"Singapore - Number of Cards, All Cards",3,E,A,,2018,11.6425,,F,A
A,SG,T,N,Q,Z,Z,Z,A,0,13b,"Singapore - Number of Cards, All Cards",3,E,A,,2019,12.3206,,F,A
A,SG,T,N,Q,Z,Z,Z,A,0,13b,"Singapore - Number of Cards, All Cards",3,E,A,,2020,NaN,,F,L
A,SG,T,N,Q,Z,Z,Z,A,0,13b,"Singapore - Number of Cards, All Cards",3,E,A,,2021,NaN,,F,L
A,SG,T,N,Q,Z,Z,Z,A,0,13b,"Singapore - Number of Cards, All Cards",3,E,A,,2022,NaN,,F,L
A,SG,T,N,Q,Z,Z,Z,A,0,13b,"Singapore - Number of Cards, All Cards",3,E,A,,2023,NaN,,F,L
A,SG,T,N,Q,Z,Z,Z,A,0,13b,"Singapore - Number of Cards, All Cards",3,E,A,,2024,NaN,,F,L
A,SG,M,V,Q,C,Z,Z,Z,0,8d,"Singapore - Value of Cashless payments, Direct debits",2,S,A,,2012,11996.3807,,F,A
A,SG,M,V,Q,C,Z,Z,Z,0,8d,"Singapore - Value of Cashless payments, Direct debits",2,S,A,,2013,12625.0324,,F,A
A,SG,M,V,Q,C,Z,Z,Z,0,8d,"Singapore - Value of Cashless payments, Direct debits",2,S,A,,2014,13220.5963,,F,A
A,SG,M,V,Q,C,Z,Z,Z,0,8d,"Singapore - Value of Cashless payments, Direct debits",2,S,A,,2015,12755.1019,,F,A
A,SG,M,V,Q,C,Z,Z,Z,0,8d,"Singapore - Value of Cashless payments, Direct debits",2,S,A,,2016,13065.6055,,F,A
A,SG,M,V,Q,C,Z,Z,Z,0,8d,"Singapore - Value of Cashless payments, Direct debits",2,S,A,,2017,13627.5123,,F,A
A,SG,M,V,Q,C,Z,Z,Z,0,8d,"Singapore - Value of Cashless payments, Direct debits",2,S,A,,2018,14702.6687,,F,A
A,SG,M,V,Q,C,Z,Z,Z,0,8d,"Singapore - Value of Cashless payments, Direct debits",2,S,A,,2019,14493.4843,,F,A
A,SG,M,V,Q,C,Z,Z,Z,0,8d,"Singapore - Value of Cashless payments, Direct debits",2,S,A,,2020,12757.152,,F,A
A,SG,M,V,Q,C,Z,Z,Z,0,8d,"Singapore - Value of Cashless payments, Direct debits",2,S,A,,2021,15737.0593,,F,A
A,SG,M,V,Q,C,Z,Z,Z,0,8d,"Singapore - Value of Cashless payments, Direct debits",2,S,A,,2022,16645.0432,,F,A
A,SG,M,V,Q,C,Z,Z,Z,0,8d,"Singapore - Value of Cashless payments, Direct debits",2,S,A,,2023,18177.1033,,F,A
A,SG,M,V,Q,C,Z,Z,Z,0,8d,"Singapore - Value of Cashless payments, Direct debits",2,S,A,,2024,20000.1261,,F,A
A,SG,T,N,Q,Z,Z,Z,E,0,13b,"Singapore - Number of Cards, Cards, with a credit function",3,E,A,,2012,1.7595,,F,A
A,SG,T,N,Q,Z,Z,Z,E,0,13b,"Singapore - Number of Cards, Cards, with a credit function",3,E,A,,2013,1.7704,,F,A
A,SG,T,N,Q,Z,Z,Z,E,0,13b,"Singapore - Number of Cards, Cards, with a credit function",3,E,A,,2014,1.7754,,F,A
A,SG,T,N,Q,Z,Z,Z,E,0,13b,"Singapore - Number of Cards, Cards, with a credit function",3,E,A,,2015,1.7227,,F,A
A,SG,T,N,Q,Z,Z,Z,E,0,13b,"Singapore - Number of Cards, Cards, with a credit function",3,E,A,,2016,1.6509,,F,A
A,SG,T,N,Q,Z,Z,Z,E,0,13b,"Singapore - Number of Cards, Cards, with a credit function",3,E,A,,2017,1.5382,,F,A
A,SG,T,N,Q,Z,Z,Z,E,0,13b,"Singapore - Number of Cards, Cards, with a credit function",3,E,A,,2018,1.6009,,F,A
A,SG,T,N,Q,Z,Z,Z,E,0,13b,"Singapore - Number of Cards, Cards, with a credit function",3,E,A,,2019,1.5099,,F,A
A,SG,T,N,Q,Z,Z,Z,E,0,13b,"Singapore - Number of Cards, Cards, with a credit function",3,E,A,,2020,2.8638,,F,A
A,SG,T,N,Q,Z,Z,Z,E,0,13b,"Singapore - Number of Cards, Cards, with a credit function",3,E,A,,2021,2.6114,,F,A
A,SG,T,N,Q,Z,Z,Z,E,0,13b,"Singapore - Number of Cards, Cards, with a credit function",3,E,A,,2022,2.3037,,F,A
A,SG,T,N,Q,Z,Z,Z,E,0,13b,"Singapore - Number of Cards, Cards, with a credit function",3,E,A,,2023,2.3113,,F,A
A,SG,T,N,Q,Z,Z,Z,E,0,13b,"Singapore - Number of Cards, Cards, with a credit function",3,E,A,,2024,1.9895,,F,A
A,SG,M,V,Q,E,Z,Z,Z,0,8d,"Singapore - Value of Cashless payments, All Card and e-money payments",2,S,A,,2012,10482.6964,,F,A
A,SG,M,V,Q,E,Z,Z,Z,0,8d,"Singapore - Value of Cashless payments, All Card and e-money payments",2,S,A,,2013,11211.5736,,F,A
A,SG,M,V,Q,E,Z,Z,Z,0,8d,"Singapore - Value of Cashless payments, All Card and e-money payments",2,S,A,,2014,11593.4738,,F,A
A,SG,M,V,Q,E,Z,Z,Z,0,8d,"Singapore - Value of Cashless payments, All Card and e-money payments",2,S,A,,2015,10949.3135,,F,A
A,SG,M,V,Q,E,Z,Z,Z,0,8d,"Singapore - Value of Cashless payments, All Card and e-money payments",2,S,A,,2016,11373.9882,,F,A
A,SG,M,V,Q,E,Z,Z,Z,0,8d,"Singapore - Value of Cashless payments, All Card and e-money payments",2,S,A,,2017,11439.3983,,F,A
A,SG,M,V,Q,E,Z,Z,Z,0,8d,"Singapore - Value of Cashless payments, All Card and e-money payments",2,S,A,,2018,13257.5727,,F,A
A,SG,M,V,Q,E,Z,Z,Z,0,8d,"Singapore - Value of Cashless payments, All Card and e-money payments",2,S,A,,2019,13538.7782,,F,A
A,SG,M,V,Q,E,Z,Z,Z,0,8d,"Singapore - Value of Cashless payments, All Card and e-money payments",2,S,A,,2020,11921.8076,,F,A
A,SG,M,V,Q,E,Z,Z,Z,0,8d,"Singapore - Value of Cashless payments, All Card and e-money payments",2,S,A,,2021,14385.7285,,F,A
A,SG,M,V,Q,E,Z,Z,Z,0,8d,"Singapore - Value of Cashless payments, All Card and e-money payments",2,S,A,,2022,16385.5242,,F,A
A,SG,M,V,Q,E,Z,Z,Z,0,8d,"Singapore - Value of Cashless payments, All Card and e-money payments",2,S,A,,2023,18153.1779,,F,A
A,SG,M,V,Q,E,Z,Z,Z,0,8d,"Singapore - Value of Cashless payments, All Card and e-money payments",2,S,A,,2024,18774.7247,,F,A
A,HK,I,N,R,Z,Z,Z,Z,0,4a,Hong Kong SAR - Number of Institutions,3,E,A,,2012,27.8901,,F,A
A,HK,I,N,R,Z,Z,Z,Z,0,4a,Hong Kong SAR - Number of Institutions,3,E,A,,2013,27.8745,,F,A
A,HK,I,N,R,Z,Z,Z,Z,0,4a,Hong Kong SAR - Number of Institutions,3,E,A,,2014,27.9888,,F,A
A,HK,I,N,R,Z,Z,Z,Z,0,4a,Hong Kong SAR - Number of Institutions,3,E,A,,2015,27.2241,,F,A
A,HK,I,N,R,Z,Z,Z,Z,0,4a,Hong Kong SAR - Number of Institutions,3,E,A,,2016,26.4296,,F,A
A,HK,I,N,R,Z,Z,Z,Z,0,4a,Hong Kong SAR - Number of Institutions,3,E,A,,2017,25.7593,,F,A
A,HK,I,N,R,Z,Z,Z,Z,0,4a,Hong Kong SAR - Number of Institutions,3,E,A,,2018,24.8407,,F,A
A,HK,I,N,R,Z,Z,Z,Z,0,4a,Hong Kong SAR - Number of Institutions,3,E,A,,2019,25.7962,,F,A
A,HK,I,N,R,Z,Z,Z,Z,0,4a,Hong Kong SAR - Number of Institutions,3,E,A,,2020,25.5834,,F,A
A,HK,I,N,R,Z,Z,Z,Z,0,4a,Hong Kong SAR - Number of Institutions,3,E,A,,2021,25.4003,,F,A
A,HK,I,N,R,Z,Z,Z,Z,0,4a,Hong Kong SAR - Number of Institutions,3,E,A,,2022,24.3556,,F,A
A,HK,I,N,R,Z,Z,Z,Z,0,4a,Hong Kong SAR - Number of Institutions,3,E,A,,2023,23.7782,,F,A
A,HK,I,N,R,Z,Z,Z,Z,0,4a,Hong Kong SAR - Number of Institutions,3,E,A,,2024,23.4648,,F,A
A,SG,N,N,Q,A,Z,Z,Z,0,6e,"Singapore - Number of Fast payments, All",2,S,A,,2012,NaN,,F,L
A,SG,N,N,Q,A,Z,Z,Z,0,6e,"Singapore - Number of Fast payments, All",2,S,A,,2013,NaN,,F,L
A,SG,N,N,Q,A,Z,Z,Z,0,6e,"Singapore - Number of Fast payments, All",2,S,A,,2014,NaN,,F,L
A,SG,N,N,Q,A,Z,Z,Z,0,6e,"Singapore - Number of Fast payments, All",2,S,A,,2015,3.4054,,F,A
A,SG,N,N,Q,A,Z,Z,Z,0,6e,"Singapore - Number of Fast payments, All",2,S,A,,2016,4.7901,,F,A
A,SG,N,N,Q,A,Z,Z,Z,0,6e,"Singapore - Number of Fast payments, All",2,S,A,,2017,6.8715,,F,A
A,SG,N,N,Q,A,Z,Z,Z,0,6e,"Singapore - Number of Fast payments, All",2,S,A,,2018,10.5751,,F,A
A,SG,N,N,Q,A,Z,Z,Z,0,6e,"Singapore - Number of Fast payments, All",2,S,A,,2019,16.3464,,F,A
A,SG,N,N,Q,A,Z,Z,Z,0,6e,"Singapore - Number of Fast payments, All",2,S,A,,2020,25.848,,F,A
A,SG,N,N,Q,A,Z,Z,Z,0,6e,"Singapore - Number of Fast payments, All",2,S,A,,2021,41.421,,F,A
A,SG,N,N,Q,A,Z,Z,Z,0,6e,"Singapore - Number of Fast payments, All",2,S,A,,2022,51.7845,,F,A
A,SG,N,N,Q,A,Z,Z,Z,0,6e,"Singapore - Number of Fast payments, All",2,S,A,,2023,64.2545,,F,A
A,SG,N,N,Q,A,Z,Z,Z,0,6e,"Singapore - Number of Fast payments, All",2,S,A,,2024,82.8261,,F,A
A,SG,M,N,G,B,Z,Z,Z,0,6b,"Singapore - Number of Cashless payments, Credit transfers",3,S,A,,2012,6.0014,,F,A
A,SG,M,N,G,B,Z,Z,Z,0,6b,"Singapore - Number of Cashless payments, Credit transfers",3,S,A,,2013,6.9424,,F,A
A,SG,M,N,G,B,Z,Z,Z,0,6b,"Singapore - Number of Cashless payments, Credit transfers",3,S,A,,2014,-4.7574,,F,A
A,SG,M,N,G,B,Z,Z,Z,0,6b,"Singapore - Number of Cashless payments, Credit transfers",3,S,A,,2015,49.5817,,F,A
A,SG,M,N,G,B,Z,Z,Z,0,6b,"Singapore - Number of Cashless payments, Credit transfers",3,S,A,,2016,18.4405,,F,A
A,SG,M,N,G,B,Z,Z,Z,0,6b,"Singapore - Number of Cashless payments, Credit transfers",3,S,A,,2017,20.1528,,F,A
A,SG,M,N,G,B,Z,Z,Z,0,6b,"Singapore - Number of Cashless payments, Credit transfers",3,S,A,,2018,26.3669,,F,A
A,SG,M,N,G,B,Z,Z,Z,0,6b,"Singapore - Number of Cashless payments, Credit transfers",3,S,A,,2019,33.0589,,F,A
A,SG,M,N,G,B,Z,Z,Z,0,6b,"Singapore - Number of Cashless payments, Credit transfers",3,S,A,,2020,36.421,,F,A
A,SG,M,N,G,B,Z,Z,Z,0,6b,"Singapore - Number of Cashless payments, Credit transfers",3,S,A,,2021,38.7431,,F,A
A,SG,M,N,G,B,Z,Z,Z,0,6b,"Singapore - Number of Cashless payments, Credit transfers",3,S,A,,2022,25.5743,,F,A
A,SG,M,N,G,B,Z,Z,Z,0,6b,"Singapore - Number of Cashless payments, Credit transfers",3,S,A,,2023,26.2612,,F,A
A,SG,M,N,G,B,Z,Z,Z,0,6b,"Singapore - Number of Cashless payments, Credit transfers",3,S,A,,2024,28.4068,,F,A
A,HK,C,V,B,Z,Z,Z,Z,0,1,Hong Kong SAR - Value of GDP per capita,2,S,A,,2012,36620.4152,,F,A
A,HK,C,V,B,Z,Z,Z,Z,0,1,Hong Kong SAR - Value of GDP per capita,2,S,A,,2013,38230.5919,,F,A
A,HK,C,V,B,Z,Z,Z,Z,0,1,Hong Kong SAR - Value of GDP per capita,2,S,A,,2014,40180.843,,F,A
A,HK,C,V,B,Z,Z,Z,Z,0,1,Hong Kong SAR - Value of GDP per capita,2,S,A,,2015,42321.6882,,F,A
A,HK,C,V,B,Z,Z,Z,Z,0,1,Hong Kong SAR - Value of GDP per capita,2,S,A,,2016,43487.3972,,F,A
A,HK,C,V,B,Z,Z,Z,Z,0,1,Hong Kong SAR - Value of GDP per capita,2,S,A,,2017,46027.9919,,F,A
A,HK,C,V,B,Z,Z,Z,Z,0,1,Hong Kong SAR - Value of GDP per capita,2,S,A,,2018,48314.895,,F,A
A,HK,C,V,B,Z,Z,Z,Z,0,1,Hong Kong SAR - Value of GDP per capita,2,S,A,,2019,48281.5101,,F,A
A,HK,C,V,B,Z,Z,Z,Z,0,1,Hong Kong SAR - Value of GDP per capita,2,S,A,,2020,46453.452,,F,A
A,HK,C,V,B,Z,Z,Z,Z,0,1,Hong Kong SAR - Value of GDP per capita,2,S,A,,2021,49849.5868,,F,A
A,HK,C,V,B,Z,Z,Z,Z,0,1,Hong Kong SAR - Value of GDP per capita,2,S,A,,2022,48004.7998,,F,A
A,HK,C,V,B,Z,Z,Z,Z,0,1,Hong Kong SAR - Value of GDP per capita,2,S,A,,2023,50622.6189,,F,A
A,HK,C,V,B,Z,Z,Z,Z,0,1,Hong Kong SAR - Value of GDP per capita,2,S,A,,2024,54252.9981,,F,A
A,HK,N,N,K,B,Z,Z,Z,0,6e,"Hong Kong SAR - Number of Fast payments, Credit transfers",3,S,A,,2012,NaN,,F,L
A,HK,N,N,K,B,Z,Z,Z,0,6e,"Hong Kong SAR - Number of Fast payments, Credit transfers",3,S,A,,2013,NaN,,F,L
A,HK,N,N,K,B,Z,Z,Z,0,6e,"Hong Kong SAR - Number of Fast payments, Credit transfers",3,S,A,,2014,NaN,,F,L
A,HK,N,N,K,B,Z,Z,Z,0,6e,"Hong Kong SAR - Number of Fast payments, Credit transfers",3,S,A,,2015,NaN,,F,L
A,HK,N,N,K,B,Z,Z,Z,0,6e,"Hong Kong SAR - Number of Fast payments, Credit transfers",3,S,A,,2016,NaN,,F,L
A,HK,N,N,K,B,Z,Z,Z,0,6e,"Hong Kong SAR - Number of Fast payments, Credit transfers",3,S,A,,2017,NaN,,F,L
A,HK,N,N,K,B,Z,Z,Z,0,6e,"Hong Kong SAR - Number of Fast payments, Credit transfers",3,S,A,,2018,87.7896,,F,A
A,HK,N,N,K,B,Z,Z,Z,0,6e,"Hong Kong SAR - Number of Fast payments, Credit transfers",3,S,A,,2019,86.7813,,F,A
A,HK,N,N,K,B,Z,Z,Z,0,6e,"Hong Kong SAR - Number of Fast payments, Credit transfers",3,S,A,,2020,70.5528,,F,A
A,HK,N,N,K,B,Z,Z,Z,0,6e,"Hong Kong SAR - Number of Fast payments, Credit transfers",3,S,A,,2021,62.7071,,F,A
A,HK,N,N,K,B,Z,Z,Z,0,6e,"Hong Kong SAR - Number of Fast payments, Credit transfers",3,S,A,,2022,55.9117,,F,A
A,HK,N,N,K,B,Z,Z,Z,0,6e,"Hong Kong SAR - Number of Fast payments, Credit transfers",3,S,A,,2023,51.609,,F,A
A,HK,N,N,K,B,Z,Z,Z,0,6e,"Hong Kong SAR - Number of Fast payments, Credit transfers",3,S,A,,2024,47.3571,,F,A
A,SG,N,V,Q,A,Z,Z,Z,0,8g,"Singapore - Value of Fast payments, All",2,S,A,,2012,NaN,,F,L
A,SG,N,V,Q,A,Z,Z,Z,0,8g,"Singapore - Value of Fast payments, All",2,S,A,,2013,NaN,,F,L
A,SG,N,V,Q,A,Z,Z,Z,0,8g,"Singapore - Value of Fast payments, All",2,S,A,,2014,NaN,,F,L
A,SG,N,V,Q,A,Z,Z,Z,0,8g,"Singapore - Value of Fast payments, All",2,S,A,,2015,4885.4086,,F,A
A,SG,N,V,Q,A,Z,Z,Z,0,8g,"Singapore - Value of Fast payments, All",2,S,A,,2016,6983.972,,F,A
A,SG,N,V,Q,A,Z,Z,Z,0,8g,"Singapore - Value of Fast payments, All",2,S,A,,2017,9460.1923,,F,A
A,SG,N,V,Q,A,Z,Z,Z,0,8g,"Singapore - Value of Fast payments, All",2,S,A,,2018,14224.5733,,F,A
A,SG,N,V,Q,A,Z,Z,Z,0,8g,"Singapore - Value of Fast payments, All",2,S,A,,2019,19024.4015,,F,A
A,SG,N,V,Q,A,Z,Z,Z,0,8g,"Singapore - Value of Fast payments, All",2,S,A,,2020,26879.742,,F,A
A,SG,N,V,Q,A,Z,Z,Z,0,8g,"Singapore - Value of Fast payments, All",2,S,A,,2021,40427.9367,,F,A
A,SG,N,V,Q,A,Z,Z,Z,0,8g,"Singapore - Value of Fast payments, All",2,S,A,,2022,48957.8113,,F,A
A,SG,N,V,Q,A,Z,Z,Z,0,8g,"Singapore - Value of Fast payments, All",2,S,A,,2023,61253.1159,,F,A
A,SG,N,V,Q,A,Z,Z,Z,0,8g,"Singapore - Value of Fast payments, All",2,S,A,,2024,82047.4853,,F,A
A,SG,A,V,A,Z,Z,Z,Z,9,1,Singapore - Value of GDP,2,S,A,,2012,295.0733,,F,A
A,SG,A,V,A,Z,Z,Z,Z,9,1,Singapore - Value of GDP,2,S,A,,2013,307.5712,,F,A
A,SG,A,V,A,Z,Z,Z,Z,9,1,Singapore - Value of GDP,2,S,A,,2014,314.8922,,F,A
A,SG,A,V,A,Z,Z,Z,Z,9,1,Singapore - Value of GDP,2,S,A,,2015,307.9099,,F,A
A,SG,A,V,A,Z,Z,Z,Z,9,1,Singapore - Value of GDP,2,S,A,,2016,319.0345,,F,A
A,SG,A,V,A,Z,Z,Z,Z,9,1,Singapore - Value of GDP,2,S,A,,2017,343.1541,,F,A
A,SG,A,V,A,Z,Z,Z,Z,9,1,Singapore - Value of GDP,2,S,A,,2018,376.8531,,F,A
A,SG,A,V,A,Z,Z,Z,Z,9,1,Singapore - Value of GDP,2,S,A,,2019,376.1022,,F,A
A,SG,A,V,A,Z,Z,Z,Z,9,1,Singapore - Value of GDP,2,S,A,,2020,349.3026,,F,A
A,SG,A,V,A,Z,Z,Z,Z,9,1,Singapore - Value of GDP,2,S,A,,2021,436.4663,,F,A
A,SG,A,V,A,Z,Z,Z,Z,9,1,Singapore - Value of GDP,2,S,A,,2022,508.8399,,F,A
A,SG,A,V,A,Z,Z,Z,Z,9,1,Singapore - Value of GDP,2,S,A,,2023,505.2345,,F,A
A,SG,A,V,A,Z,Z,Z,Z,9,1,Singapore - Value of GDP,2,S,A,,2024,547.4825,,F,A
A,HK,N,N,G,A,Z,Z,Z,0,6e,"Hong Kong SAR - Number of Fast payments, All",3,S,A,,2013,NaN,,F,L
A,HK,N,N,G,A,Z,Z,Z,0,6e,"Hong Kong SAR - Number of Fast payments, All",3,S,A,,2014,NaN,,F,L
A,HK,N,N,G,A,Z,Z,Z,0,6e,"Hong Kong SAR - Number of Fast payments, All",3,S,A,,2015,NaN,,F,L
A,HK,N,N,G,A,Z,Z,Z,0,6e,"Hong Kong SAR - Number of Fast payments, All",3,S,A,,2016,NaN,,F,L
A,HK,N,N,G,A,Z,Z,Z,0,6e,"Hong Kong SAR - Number of Fast payments, All",3,S,A,,2017,NaN,,F,L
A,HK,N,N,G,A,Z,Z,Z,0,6e,"Hong Kong SAR - Number of Fast payments, All",3,S,A,,2018,NaN,,F,L
A,HK,N,N,G,A,Z,Z,Z,0,6e,"Hong Kong SAR - Number of Fast payments, All",3,S,A,,2019,708.8084,,F,A
A,HK,N,N,G,A,Z,Z,Z,0,6e,"Hong Kong SAR - Number of Fast payments, All",3,S,A,,2020,214.235,,F,A
A,HK,N,N,G,A,Z,Z,Z,0,6e,"Hong Kong SAR - Number of Fast payments, All",3,S,A,,2021,90.9587,,F,A
A,HK,N,N,G,A,Z,Z,Z,0,6e,"Hong Kong SAR - Number of Fast payments, All",3,S,A,,2022,48.4208,,F,A
A,HK,N,N,G,A,Z,Z,Z,0,6e,"Hong Kong SAR - Number of Fast payments, All",3,S,A,,2023,35.5227,,F,A
A,HK,N,N,G,A,Z,Z,Z,0,6e,"Hong Kong SAR - Number of Fast payments, All",3,S,A,,2024,34.8779,,F,A
A,SG,B,N,N,Z,Z,Z,Z,3,1,Singapore - Population,2,E,A,,2012,5312,,F,A
A,SG,B,N,N,Z,Z,Z,Z,3,1,Singapore - Population,2,E,A,,2013,5399,,F,A
A,SG,B,N,N,Z,Z,Z,Z,3,1,Singapore - Population,2,E,A,,2014,5470,,F,A
A,SG,B,N,N,Z,Z,Z,Z,3,1,Singapore - Population,2,E,A,,2015,5535,,F,A
A,SG,B,N,N,Z,Z,Z,Z,3,1,Singapore - Population,2,E,A,,2016,5607,,F,A
A,SG,B,N,N,Z,Z,Z,Z,3,1,Singapore - Population,2,E,A,,2017,5612,,F,A
A,SG,B,N,N,Z,Z,Z,Z,3,1,Singapore - Population,2,E,A,,2018,5639,,F,A
A,SG,B,N,N,Z,Z,Z,Z,3,1,Singapore - Population,2,E,A,,2019,5704,,F,A
A,SG,B,N,N,Z,Z,Z,Z,3,1,Singapore - Population,2,E,A,,2020,5686,,F,A
A,SG,B,N,N,Z,Z,Z,Z,3,1,Singapore - Population,2,E,A,,2021,5454,,F,A
A,SG,B,N,N,Z,Z,Z,Z,3,1,Singapore - Population,2,E,A,,2022,5637,,F,A
A,SG,B,N,N,Z,Z,Z,Z,3,1,Singapore - Population,2,E,A,,2023,5918,,F,A
A,SG,B,N,N,Z,Z,Z,Z,3,1,Singapore - Population,2,E,A,,2024,6037,,F,A
A,HK,G,V,A,Z,Z,Z,Z,9,3,Hong Kong SAR - Value of Bank deposits held at the central bank,2,E,A,,2012,33.0109,,F,A
A,HK,G,V,A,Z,Z,Z,Z,9,3,Hong Kong SAR - Value of Bank deposits held at the central bank,2,E,A,,2013,21.1628,,F,A
A,HK,G,V,A,Z,Z,Z,Z,9,3,Hong Kong SAR - Value of Bank deposits held at the central bank,2,E,A,,2014,30.837,,F,A
A,HK,G,V,A,Z,Z,Z,Z,9,3,Hong Kong SAR - Value of Bank deposits held at the central bank,2,E,A,,2015,50.4948,,F,A
A,HK,G,V,A,Z,Z,Z,Z,9,3,Hong Kong SAR - Value of Bank deposits held at the central bank,2,E,A,,2016,33.472,,F,A
A,HK,G,V,A,Z,Z,Z,Z,9,3,Hong Kong SAR - Value of Bank deposits held at the central bank,2,E,A,,2017,23.0071,,F,A
A,HK,G,V,A,Z,Z,Z,Z,9,3,Hong Kong SAR - Value of Bank deposits held at the central bank,2,E,A,,2018,10.0339,,F,A
A,HK,G,V,A,Z,Z,Z,Z,9,3,Hong Kong SAR - Value of Bank deposits held at the central bank,2,E,A,,2019,8.693,,F,A
A,HK,G,V,A,Z,Z,Z,Z,9,3,Hong Kong SAR - Value of Bank deposits held at the central bank,2,E,A,,2020,59.002,,F,A
A,HK,G,V,A,Z,Z,Z,Z,9,3,Hong Kong SAR - Value of Bank deposits held at the central bank,2,E,A,,2021,48.4049,,F,A
A,HK,G,V,A,Z,Z,Z,Z,9,3,Hong Kong SAR - Value of Bank deposits held at the central bank,2,E,A,,2022,12.3446,,F,A
A,HK,G,V,A,Z,Z,Z,Z,9,3,Hong Kong SAR - Value of Bank deposits held at the central bank,2,E,A,,2023,5.7545,,F,A
A,HK,G,V,A,Z,Z,Z,Z,9,3,Hong Kong SAR - Value of Bank deposits held at the central bank,2,E,A,,2024,5.7686,,F,A
A,SG,M,N,T,A,Z,Z,Z,6,5,"Singapore - Number of Cashless payments, All",3,S,A,,2012,9.3735,,F,A
A,SG,M,N,T,A,Z,Z,Z,6,5,"Singapore - Number of Cashless payments, All",3,S,A,,2013,10.3196,,F,A
A,SG,M,N,T,A,Z,Z,Z,6,5,"Singapore - Number of Cashless payments, All",3,S,A,,2014,10.6475,,F,A
A,SG,M,N,T,A,Z,Z,Z,6,5,"Singapore - Number of Cashless payments, All",3,S,A,,2015,11.0388,,F,A
A,SG,M,N,T,A,Z,Z,Z,6,5,"Singapore - Number of Cashless payments, All",3,S,A,,2016,11.6595,,F,A
A,SG,M,N,T,A,Z,Z,Z,6,5,"Singapore - Number of Cashless payments, All",3,S,A,,2017,12.03,,F,A
A,SG,M,N,T,A,Z,Z,Z,6,5,"Singapore - Number of Cashless payments, All",3,S,A,,2018,12.8401,,F,A
A,SG,M,N,T,A,Z,Z,Z,6,5,"Singapore - Number of Cashless payments, All",3,S,A,,2019,13.2507,,F,A
A,SG,M,N,T,A,Z,Z,Z,6,5,"Singapore - Number of Cashless payments, All",3,S,A,,2020,10.3041,,F,A
A,SG,M,N,T,A,Z,Z,Z,6,5,"Singapore - Number of Cashless payments, All",3,S,A,,2021,11.1506,,F,A
A,SG,M,N,T,A,Z,Z,Z,6,5,"Singapore - Number of Cashless payments, All",3,S,A,,2022,12.1617,,F,A
A,SG,M,N,T,A,Z,Z,Z,6,5,"Singapore - Number of Cashless payments, All",3,S,A,,2023,12.9241,,F,A
A,SG,M,N,T,A,Z,Z,Z,6,5,"Singapore - Number of Cashless payments, All",3,S,A,,2024,13.5698,,F,A
A,HK,M,V,H,F,Z,Z,Z,0,8b,"Hong Kong SAR - Value of Cashless payments, Card and e-money payments, by card with a debit function",3,S,A,,2012,2.4829,,F,A
A,HK,M,V,H,F,Z,Z,Z,0,8b,"Hong Kong SAR - Value of Cashless payments, Card and e-money payments, by card with a debit function",3,S,A,,2013,1.158,,F,A
A,HK,M,V,H,F,Z,Z,Z,0,8b,"Hong Kong SAR - Value of Cashless payments, Card and e-money payments, by card with a debit function",3,S,A,,2014,1.5388,,F,A
A,HK,M,V,H,F,Z,Z,Z,0,8b,"Hong Kong SAR - Value of Cashless payments, Card and e-money payments, by card with a debit function",3,S,A,,2015,7.0237,,F,A
A,HK,M,V,H,F,Z,Z,Z,0,8b,"Hong Kong SAR - Value of Cashless payments, Card and e-money payments, by card with a debit function",3,S,A,,2016,1.6228,,F,A
A,HK,M,V,H,F,Z,Z,Z,0,8b,"Hong Kong SAR - Value of Cashless payments, Card and e-money payments, by card with a debit function",3,S,A,,2017,5.0633,,F,A
A,HK,M,V,H,F,Z,Z,Z,0,8b,"Hong Kong SAR - Value of Cashless payments, Card and e-money payments, by card with a debit function",3,S,A,,2018,7.3127,,F,A
A,HK,M,V,H,F,Z,Z,Z,0,8b,"Hong Kong SAR - Value of Cashless payments, Card and e-money payments, by card with a debit function",3,S,A,,2019,-0.88755,,F,A
A,HK,M,V,H,F,Z,Z,Z,0,8b,"Hong Kong SAR - Value of Cashless payments, Card and e-money payments, by card with a debit function",3,S,A,,2020,-10.1972,,F,A
A,HK,M,V,H,F,Z,Z,Z,0,8b,"Hong Kong SAR - Value of Cashless payments, Card and e-money payments, by card with a debit function",3,S,A,,2021,-3.3049,,F,A
A,HK,M,V,H,F,Z,Z,Z,0,8b,"Hong Kong SAR - Value of Cashless payments, Card and e-money payments, by card with a debit function",3,S,A,,2022,-6.2031,,F,A
A,HK,M,V,H,F,Z,Z,Z,0,8b,"Hong Kong SAR - Value of Cashless payments, Card and e-money payments, by card with a debit function",3,S,A,,2023,-1.4929,,F,A
A,HK,M,V,H,F,Z,Z,Z,0,8b,"Hong Kong SAR - Value of Cashless payments, Card and e-money payments, by card with a debit function",3,S,A,,2024,-3.4728,,F,A
A,SG,F,V,A,Z,Z,Z,Z,9,2,Singapore - Value of Banknotes and coins,2,E,A,,2012,23.8419,,F,A
A,SG,F,V,A,Z,Z,Z,Z,9,2,Singapore - Value of Banknotes and coins,2,E,A,,2013,25.0683,,F,A
A,SG,F,V,A,Z,Z,Z,Z,9,2,Singapore - Value of Banknotes and coins,2,E,A,,2014,26.0232,,F,A
A,SG,F,V,A,Z,Z,Z,Z,9,2,Singapore - Value of Banknotes and coins,2,E,A,,2015,27.1395,,F,A
A,SG,F,V,A,Z,Z,Z,Z,9,2,Singapore - Value of Banknotes and coins,2,E,A,,2016,29.4129,,F,A
A,SG,F,V,A,Z,Z,Z,Z,9,2,Singapore - Value of Banknotes and coins,2,E,A,,2017,34.2681,,F,A
A,SG,F,V,A,Z,Z,Z,Z,9,2,Singapore - Value of Banknotes and coins,2,E,A,,2018,35.9627,,F,A
A,SG,F,V,A,Z,Z,Z,Z,9,2,Singapore - Value of Banknotes and coins,2,E,A,,2019,38.8867,,F,A
A,SG,F,V,A,Z,Z,Z,Z,9,2,Singapore - Value of Banknotes and coins,2,E,A,,2020,43.3382,,F,A
A,SG,F,V,A,Z,Z,Z,Z,9,2,Singapore - Value of Banknotes and coins,2,E,A,,2021,44.6858,,F,A
A,SG,F,V,A,Z,Z,Z,Z,9,2,Singapore - Value of Banknotes and coins,2,E,A,,2022,47.1348,,F,A
A,SG,F,V,A,Z,Z,Z,Z,9,2,Singapore - Value of Banknotes and coins,2,E,A,,2023,48.8886,,F,A
A,SG,F,V,A,Z,Z,Z,Z,9,2,Singapore - Value of Banknotes and coins,2,E,A,,2024,48.8152,,F,A
A,HK,M,N,N,I,Z,Z,Z,6,6,"Hong Kong SAR - Number of Cashless payments, Card and e-money payments, e-money payments",2,S,A,,2012,NaN,,F,L
A,HK,M,N,N,I,Z,Z,Z,6,6,"Hong Kong SAR - Number of Cashless payments, Card and e-money payments, e-money payments",2,S,A,,2013,NaN,,F,L
A,HK,M,N,N,I,Z,Z,Z,6,6,"Hong Kong SAR - Number of Cashless payments, Card and e-money payments, e-money payments",2,S,A,,2014,NaN,,F,L
A,HK,M,N,N,I,Z,Z,Z,6,6,"Hong Kong SAR - Number of Cashless payments, Card and e-money payments, e-money payments",2,S,A,,2015,NaN,,F,L
A,HK,M,N,N,I,Z,Z,Z,6,6,"Hong Kong SAR - Number of Cashless payments, Card and e-money payments, e-money payments",2,S,A,,2016,NaN,,F,L
A,HK,M,N,N,I,Z,Z,Z,6,6,"Hong Kong SAR - Number of Cashless payments, Card and e-money payments, e-money payments",2,S,A,,2017,5639.448,,F,A
A,HK,M,N,N,I,Z,Z,Z,6,6,"Hong Kong SAR - Number of Cashless payments, Card and e-money payments, e-money payments",2,S,A,,2018,6092.74,,F,A
A,HK,M,N,N,I,Z,Z,Z,6,6,"Hong Kong SAR - Number of Cashless payments, Card and e-money payments, e-money payments",2,S,A,,2019,6260.66,,F,A
A,HK,M,N,N,I,Z,Z,Z,6,6,"Hong Kong SAR - Number of Cashless payments, Card and e-money payments, e-money payments",2,S,A,,2020,5206.206,,F,A
A,HK,M,N,N,I,Z,Z,Z,6,6,"Hong Kong SAR - Number of Cashless payments, Card and e-money payments, e-money payments",2,S,A,,2021,6826.017,,F,A
A,HK,M,N,N,I,Z,Z,Z,6,6,"Hong Kong SAR - Number of Cashless payments, Card and e-money payments, e-money payments",2,S,A,,2022,6924.876,,F,A
A,HK,M,N,N,I,Z,Z,Z,6,6,"Hong Kong SAR - Number of Cashless payments, Card and e-money payments, e-money payments",2,S,A,,2023,7781.334,,F,A
A,HK,M,N,N,I,Z,Z,Z,6,6,"Hong Kong SAR - Number of Cashless payments, Card and e-money payments, e-money payments",2,S,A,,2024,8146.206,,F,A
A,SG,M,V,A,H,Z,Z,Z,6,8,"Singapore - Value of Cashless payments, Card and e-money payments, by card with a credit function",3,S,A,,2012,30741.2869,,F,A
A,SG,M,V,A,H,Z,Z,Z,6,8,"Singapore - Value of Cashless payments, Card and e-money payments, by card with a credit function",3,S,A,,2013,33979.6743,,F,A
A,SG,M,V,A,H,Z,Z,Z,6,8,"Singapore - Value of Cashless payments, Card and e-money payments, by card with a credit function",3,S,A,,2014,35944.9459,,F,A
A,SG,M,V,A,H,Z,Z,Z,6,8,"Singapore - Value of Cashless payments, Card and e-money payments, by card with a credit function",3,S,A,,2015,34917.4424,,F,A
A,SG,M,V,A,H,Z,Z,Z,6,8,"Singapore - Value of Cashless payments, Card and e-money payments, by card with a credit function",3,S,A,,2016,36611.7592,,F,A
A,SG,M,V,A,H,Z,Z,Z,6,8,"Singapore - Value of Cashless payments, Card and e-money payments, by card with a credit function",3,S,A,,2017,39107.3655,,F,A
A,SG,M,V,A,H,Z,Z,Z,6,8,"Singapore - Value of Cashless payments, Card and e-money payments, by card with a credit function",3,S,A,,2018,46156.5649,,F,A
A,SG,M,V,A,H,Z,Z,Z,6,8,"Singapore - Value of Cashless payments, Card and e-money payments, by card with a credit function",3,S,A,,2019,49118.3289,,F,A
A,SG,M,V,A,H,Z,Z,Z,6,8,"Singapore - Value of Cashless payments, Card and e-money payments, by card with a credit function",3,S,A,,2020,41144.7598,,F,A
A,SG,M,V,A,H,Z,Z,Z,6,8,"Singapore - Value of Cashless payments, Card and e-money payments, by card with a credit function",3,S,A,,2021,47890.8003,,F,A
A,SG,M,V,A,H,Z,Z,Z,6,8,"Singapore - Value of Cashless payments, Card and e-money payments, by card with a credit function",3,S,A,,2022,57101.9839,,F,A
A,SG,M,V,A,H,Z,Z,Z,6,8,"Singapore - Value of Cashless payments, Card and e-money payments, by card with a credit function",3,S,A,,2023,69271.0986,,F,A
A,SG,M,V,A,H,Z,Z,Z,6,8,"Singapore - Value of Cashless payments, Card and e-money payments, by card with a credit function",3,S,A,,2024,74395.272,,F,A
A,SG,M,N,L,F,Z,Z,Z,0,6a,"Singapore - Number of Cashless payments, Card and e-money payments, by card with a debit function",2,S,A,,2012,6.8766,,F,A
A,SG,M,N,L,F,Z,Z,Z,0,6a,"Singapore - Number of Cashless payments, Card and e-money payments, by card with a debit function",2,S,A,,2013,6.8538,,F,A
A,SG,M,N,L,F,Z,Z,Z,0,6a,"Singapore - Number of Cashless payments, Card and e-money payments, by card with a debit function",2,S,A,,2014,7.5621,,F,A
A,SG,M,N,L,F,Z,Z,Z,0,6a,"Singapore - Number of Cashless payments, Card and e-money payments, by card with a debit function",2,S,A,,2015,7.4936,,F,A
A,SG,M,N,L,F,Z,Z,Z,0,6a,"Singapore - Number of Cashless payments, Card and e-money payments, by card with a debit function",2,S,A,,2016,8.1725,,F,A
A,SG,M,N,L,F,Z,Z,Z,0,6a,"Singapore - Number of Cashless payments, Card and e-money payments, by card with a debit function",2,S,A,,2017,9.2813,,F,A
A,SG,M,N,L,F,Z,Z,Z,0,6a,"Singapore - Number of Cashless payments, Card and e-money payments, by card with a debit function",2,S,A,,2018,10.5552,,F,A
A,SG,M,N,L,F,Z,Z,Z,0,6a,"Singapore - Number of Cashless payments, Card and e-money payments, by card with a debit function",2,S,A,,2019,11.9059,,F,A
A,SG,M,N,L,F,Z,Z,Z,0,6a,"Singapore - Number of Cashless payments, Card and e-money payments, by card with a debit function",2,S,A,,2020,16.3065,,F,A
A,SG,M,N,L,F,Z,Z,Z,0,6a,"Singapore - Number of Cashless payments, Card and e-money payments, by card with a debit function",2,S,A,,2021,18.9078,,F,A
A,SG,M,N,L,F,Z,Z,Z,0,6a,"Singapore - Number of Cashless payments, Card and e-money payments, by card with a debit function",2,S,A,,2022,19.5498,,F,A
A,SG,M,N,L,F,Z,Z,Z,0,6a,"Singapore - Number of Cashless payments, Card and e-money payments, by card with a debit function",2,S,A,,2023,22.0865,,F,A
A,SG,M,N,L,F,Z,Z,Z,0,6a,"Singapore - Number of Cashless payments, Card and e-money payments, by card with a debit function",2,S,A,,2024,24.3849,,F,A
A,SG,M,N,T,H,Z,Z,Z,3,6d,"Singapore - Number of Cashless payments, Card and e-money payments, by card with a credit function",0,S,A,,2012,NaN,,F,L
A,SG,M,N,T,H,Z,Z,Z,3,6d,"Singapore - Number of Cashless payments, Card and e-money payments, by card with a credit function",0,S,A,,2013,688,,F,A
A,SG,M,N,T,H,Z,Z,Z,3,6d,"Singapore - Number of Cashless payments, Card and e-money payments, by card with a credit function",0,S,A,,2014,787,,F,A
A,SG,M,N,T,H,Z,Z,Z,3,6d,"Singapore - Number of Cashless payments, Card and e-money payments, by card with a credit function",0,S,A,,2015,851,,F,A
A,SG,M,N,T,H,Z,Z,Z,3,6d,"Singapore - Number of Cashless payments, Card and e-money payments, by card with a credit function",0,S,A,,2016,959,,F,A
A,SG,M,N,T,H,Z,Z,Z,3,6d,"Singapore - Number of Cashless payments, Card and e-money payments, by card with a credit function",0,S,A,,2017,1146,,F,A
A,SG,M,N,T,H,Z,Z,Z,3,6d,"Singapore - Number of Cashless payments, Card and e-money payments, by card with a credit function",0,S,A,,2018,1366,,F,A
A,SG,M,N,T,H,Z,Z,Z,3,6d,"Singapore - Number of Cashless payments, Card and e-money payments, by card with a credit function",0,S,A,,2019,1628,,F,A
A,SG,M,N,T,H,Z,Z,Z,3,6d,"Singapore - Number of Cashless payments, Card and e-money payments, by card with a credit function",0,S,A,,2020,1643,,F,A
A,SG,M,N,T,H,Z,Z,Z,3,6d,"Singapore - Number of Cashless payments, Card and e-money payments, by card with a credit function",0,S,A,,2021,1900,,F,A
A,SG,M,N,T,H,Z,Z,Z,3,6d,"Singapore - Number of Cashless payments, Card and e-money payments, by card with a credit function",0,S,A,,2022,2087,,F,A
A,SG,M,N,T,H,Z,Z,Z,3,6d,"Singapore - Number of Cashless payments, Card and e-money payments, by card with a credit function",0,S,A,,2023,2577,,F,A
A,SG,M,N,T,H,Z,Z,Z,3,6d,"Singapore - Number of Cashless payments, Card and e-money payments, by card with a credit function",0,S,A,,2024,2953,,F,A
A,HK,T,N,Q,Z,Z,Z,E,0,13b,"Hong Kong SAR - Number of Cards, Cards, with a credit function",3,E,A,,2012,2.4316,,F,A
A,HK,T,N,Q,Z,Z,Z,E,0,13b,"Hong Kong SAR - Number of Cards, Cards, with a credit function",3,E,A,,2013,2.5133,,F,A
A,HK,T,N,Q,Z,Z,Z,E,0,13b,"Hong Kong SAR - Number of Cards, Cards, with a credit function",3,E,A,,2014,2.5948,,F,A
A,HK,T,N,Q,Z,Z,Z,E,0,13b,"Hong Kong SAR - Number of Cards, Cards, with a credit function",3,E,A,,2015,2.6053,,F,A
A,HK,T,N,Q,Z,Z,Z,E,0,13b,"Hong Kong SAR - Number of Cards, Cards, with a credit function",3,E,A,,2016,2.6001,,F,A
A,HK,T,N,Q,Z,Z,Z,E,0,13b,"Hong Kong SAR - Number of Cards, Cards, with a credit function",3,E,A,,2017,2.5457,,F,A
A,HK,T,N,Q,Z,Z,Z,E,0,13b,"Hong Kong SAR - Number of Cards, Cards, with a credit function",3,E,A,,2018,2.5989,,F,A
A,HK,T,N,Q,Z,Z,Z,E,0,13b,"Hong Kong SAR - Number of Cards, Cards, with a credit function",3,E,A,,2019,2.6206,,F,A
A,HK,T,N,Q,Z,Z,Z,E,0,13b,"Hong Kong SAR - Number of Cards, Cards, with a credit function",3,E,A,,2020,2.608,,F,A
A,HK,T,N,Q,Z,Z,Z,E,0,13b,"Hong Kong SAR - Number of Cards, Cards, with a credit function",3,E,A,,2021,2.5737,,F,A
A,HK,T,N,Q,Z,Z,Z,E,0,13b,"Hong Kong SAR - Number of Cards, Cards, with a credit function",3,E,A,,2022,2.6081,,F,A
A,HK,T,N,Q,Z,Z,Z,E,0,13b,"Hong Kong SAR - Number of Cards, Cards, with a credit function",3,E,A,,2023,2.6157,,F,A
A,HK,T,N,Q,Z,Z,Z,E,0,13b,"Hong Kong SAR - Number of Cards, Cards, with a credit function",3,E,A,,2024,2.7924,,F,A
A,HK,T,N,Q,Z,Z,Z,F,0,13b,"Hong Kong SAR - Number of Cards, Cards, with an e-money function,all",3,E,A,,2012,NaN,,F,L
A,HK,T,N,Q,Z,Z,Z,F,0,13b,"Hong Kong SAR - Number of Cards, Cards, with an e-money function,all",3,E,A,,2013,NaN,,F,L
A,HK,T,N,Q,Z,Z,Z,F,0,13b,"Hong Kong SAR - Number of Cards, Cards, with an e-money function,all",3,E,A,,2014,NaN,,F,L
A,HK,T,N,Q,Z,Z,Z,F,0,13b,"Hong Kong SAR - Number of Cards, Cards, with an e-money function,all",3,E,A,,2015,NaN,,F,L
A,HK,T,N,Q,Z,Z,Z,F,0,13b,"Hong Kong SAR - Number of Cards, Cards, with an e-money function,all",3,E,A,,2016,5.488,,F,A
A,HK,T,N,Q,Z,Z,Z,F,0,13b,"Hong Kong SAR - Number of Cards, Cards, with an e-money function,all",3,E,A,,2017,6.3023,,F,A
A,HK,T,N,Q,Z,Z,Z,F,0,13b,"Hong Kong SAR - Number of Cards, Cards, with an e-money function,all",3,E,A,,2018,7.4926,,F,A
A,HK,T,N,Q,Z,Z,Z,F,0,13b,"Hong Kong SAR - Number of Cards, Cards, with an e-money function,all",3,E,A,,2019,8.3935,,F,A
A,HK,T,N,Q,Z,Z,Z,F,0,13b,"Hong Kong SAR - Number of Cards, Cards, with an e-money function,all",3,E,A,,2020,8.6056,,F,A
A,HK,T,N,Q,Z,Z,Z,F,0,13b,"Hong Kong SAR - Number of Cards, Cards, with an e-money function,all",3,E,A,,2021,8.977,,F,A
A,HK,T,N,Q,Z,Z,Z,F,0,13b,"Hong Kong SAR - Number of Cards, Cards, with an e-money function,all",3,E,A,,2022,8.2257,,F,A
A,HK,T,N,Q,Z,Z,Z,F,0,13b,"Hong Kong SAR - Number of Cards, Cards, with an e-money function,all",3,E,A,,2023,9.4884,,F,A
A,HK,T,N,Q,Z,Z,Z,F,0,13b,"Hong Kong SAR - Number of Cards, Cards, with an e-money function,all",3,E,A,,2024,10.6365,,F,A
A,HK,M,N,Q,F,Z,Z,Z,0,6c,"Hong Kong SAR - Number of Cashless payments, Card and e-money payments, by card with a debit function",3,S,A,,2012,15.6504,,F,A
A,HK,M,N,Q,F,Z,Z,Z,0,6c,"Hong Kong SAR - Number of Cashless payments, Card and e-money payments, by card with a debit function",3,S,A,,2013,15.823,,F,A
A,HK,M,N,Q,F,Z,Z,Z,0,6c,"Hong Kong SAR - Number of Cashless payments, Card and e-money payments, by card with a debit function",3,S,A,,2014,16.3161,,F,A
A,HK,M,N,Q,F,Z,Z,Z,0,6c,"Hong Kong SAR - Number of Cashless payments, Card and e-money payments, by card with a debit function",3,S,A,,2015,17.2485,,F,A
A,HK,M,N,Q,F,Z,Z,Z,0,6c,"Hong Kong SAR - Number of Cashless payments, Card and e-money payments, by card with a debit function",3,S,A,,2016,18.062,,F,A
A,HK,M,N,Q,F,Z,Z,Z,0,6c,"Hong Kong SAR - Number of Cashless payments, Card and e-money payments, by card with a debit function",3,S,A,,2017,18.382,,F,A
A,HK,M,N,Q,F,Z,Z,Z,0,6c,"Hong Kong SAR - Number of Cashless payments, Card and e-money payments, by card with a debit function",3,S,A,,2018,18.9424,,F,A
A,HK,M,N,Q,F,Z,Z,Z,0,6c,"Hong Kong SAR - Number of Cashless payments, Card and e-money payments, by card with a debit function",3,S,A,,2019,21.4748,,F,A
A,HK,M,N,Q,F,Z,Z,Z,0,6c,"Hong Kong SAR - Number of Cashless payments, Card and e-money payments, by card with a debit function",3,S,A,,2020,19.9715,,F,A
A,HK,M,N,Q,F,Z,Z,Z,0,6c,"Hong Kong SAR - Number of Cashless payments, Card and e-money payments, by card with a debit function",3,S,A,,2021,22.9381,,F,A
A,HK,M,N,Q,F,Z,Z,Z,0,6c,"Hong Kong SAR - Number of Cashless payments, Card and e-money payments, by card with a debit function",3,S,A,,2022,24.2724,,F,A
A,HK,M,N,Q,F,Z,Z,Z,0,6c,"Hong Kong SAR - Number of Cashless payments, Card and e-money payments, by card with a debit function",3,S,A,,2023,24.614,,F,A
A,HK,M,N,Q,F,Z,Z,Z,0,6c,"Hong Kong SAR - Number of Cashless payments, Card and e-money payments, by card with a debit function",3,S,A,,2024,27.9442,,F,A
A,HK,F,V,Q,Z,Z,Z,Z,0,2,Hong Kong SAR - Value of Banknotes and coins,2,E,A,,2012,5432.3785,,F,A
A,HK,F,V,Q,Z,Z,Z,Z,0,2,Hong Kong SAR - Value of Banknotes and coins,2,E,A,,2013,6084.8414,,F,A
A,HK,F,V,Q,Z,Z,Z,Z,0,2,Hong Kong SAR - Value of Banknotes and coins,2,E,A,,2014,6283.9379,,F,A
A,HK,F,V,Q,Z,Z,Z,Z,0,2,Hong Kong SAR - Value of Banknotes and coins,2,E,A,,2015,6563.4091,,F,A
A,HK,F,V,Q,Z,Z,Z,Z,0,2,Hong Kong SAR - Value of Banknotes and coins,2,E,A,,2016,7340.7955,,F,A
A,HK,F,V,Q,Z,Z,Z,Z,0,2,Hong Kong SAR - Value of Banknotes and coins,2,E,A,,2017,8079.5073,,F,A
A,HK,F,V,Q,Z,Z,Z,Z,0,2,Hong Kong SAR - Value of Banknotes and coins,2,E,A,,2018,8469.7593,,F,A
A,HK,F,V,Q,Z,Z,Z,Z,0,2,Hong Kong SAR - Value of Banknotes and coins,2,E,A,,2019,9048.4458,,F,A
A,HK,F,V,Q,Z,Z,Z,Z,0,2,Hong Kong SAR - Value of Banknotes and coins,2,E,A,,2020,9945.5751,,F,A
A,HK,F,V,Q,Z,Z,Z,Z,0,2,Hong Kong SAR - Value of Banknotes and coins,2,E,A,,2021,10498.5167,,F,A
A,HK,F,V,Q,Z,Z,Z,Z,0,2,Hong Kong SAR - Value of Banknotes and coins,2,E,A,,2022,10623.6948,,F,A
A,HK,F,V,Q,Z,Z,Z,Z,0,2,Hong Kong SAR - Value of Banknotes and coins,2,E,A,,2023,10301.7583,,F,A
A,HK,F,V,Q,Z,Z,Z,Z,0,2,Hong Kong SAR - Value of Banknotes and coins,2,E,A,,2024,10552.4512,,F,A
A,HK,I,N,N,Z,Z,Z,Z,0,4a,Hong Kong SAR - Number of Institutions,0,E,A,,2012,200,,F,A
A,HK,I,N,N,Z,Z,Z,Z,0,4a,Hong Kong SAR - Number of Institutions,0,E,A,,2013,201,,F,A
A,HK,I,N,N,Z,Z,Z,Z,0,4a,Hong Kong SAR - Number of Institutions,0,E,A,,2014,203,,F,A
A,HK,I,N,N,Z,Z,Z,Z,0,4a,Hong Kong SAR - Number of Institutions,0,E,A,,2015,199,,F,A
A,HK,I,N,N,Z,Z,Z,Z,0,4a,Hong Kong SAR - Number of Institutions,0,E,A,,2016,195,,F,A
A,HK,I,N,N,Z,Z,Z,Z,0,4a,Hong Kong SAR - Number of Institutions,0,E,A,,2017,191,,F,A
A,HK,I,N,N,Z,Z,Z,Z,0,4a,Hong Kong SAR - Number of Institutions,0,E,A,,2018,186,,F,A
A,HK,I,N,N,Z,Z,Z,Z,0,4a,Hong Kong SAR - Number of Institutions,0,E,A,,2019,194,,F,A
A,HK,I,N,N,Z,Z,Z,Z,0,4a,Hong Kong SAR - Number of Institutions,0,E,A,,2020,190,,F,A
A,HK,I,N,N,Z,Z,Z,Z,0,4a,Hong Kong SAR - Number of Institutions,0,E,A,,2021,188,,F,A
A,HK,I,N,N,Z,Z,Z,Z,0,4a,Hong Kong SAR - Number of Institutions,0,E,A,,2022,182,,F,A
A,HK,I,N,N,Z,Z,Z,Z,0,4a,Hong Kong SAR - Number of Institutions,0,E,A,,2023,179,,F,A
A,HK,I,N,N,Z,Z,Z,Z,0,4a,Hong Kong SAR - Number of Institutions,0,E,A,,2024,176,,F,A
A,SG,M,V,L,E,Z,Z,Z,0,8a,"Singapore - Value of Cashless payments, All Card and e-money payments",3,S,A,,2012,6.5908,,F,A
A,SG,M,V,L,E,Z,Z,Z,0,8a,"Singapore - Value of Cashless payments, All Card and e-money payments",3,S,A,,2013,6.7793,,F,A
A,SG,M,V,L,E,Z,Z,Z,0,8a,"Singapore - Value of Cashless payments, All Card and e-money payments",3,S,A,,2014,7.2002,,F,A
A,SG,M,V,L,E,Z,Z,Z,0,8a,"Singapore - Value of Cashless payments, All Card and e-money payments",3,S,A,,2015,7.1332,,F,A
A,SG,M,V,L,E,Z,Z,Z,0,8a,"Singapore - Value of Cashless payments, All Card and e-money payments",3,S,A,,2016,7.5384,,F,A
A,SG,M,V,L,E,Z,Z,Z,0,8a,"Singapore - Value of Cashless payments, All Card and e-money payments",3,S,A,,2017,7.3209,,F,A
A,SG,M,V,L,E,Z,Z,Z,0,8a,"Singapore - Value of Cashless payments, All Card and e-money payments",3,S,A,,2018,7.8676,,F,A
A,SG,M,V,L,E,Z,Z,Z,0,8a,"Singapore - Value of Cashless payments, All Card and e-money payments",3,S,A,,2019,8.2616,,F,A
A,SG,M,V,L,E,Z,Z,Z,0,8a,"Singapore - Value of Cashless payments, All Card and e-money payments",3,S,A,,2020,7.8646,,F,A
A,SG,M,V,L,E,Z,Z,Z,0,8a,"Singapore - Value of Cashless payments, All Card and e-money payments",3,S,A,,2021,7.834,,F,A
A,SG,M,V,L,E,Z,Z,Z,0,8a,"Singapore - Value of Cashless payments, All Card and e-money payments",3,S,A,,2022,8.4922,,F,A
A,SG,M,V,L,E,Z,Z,Z,0,8a,"Singapore - Value of Cashless payments, All Card and e-money payments",3,S,A,,2023,8.7773,,F,A
A,SG,M,V,L,E,Z,Z,Z,0,8a,"Singapore - Value of Cashless payments, All Card and e-money payments",3,S,A,,2024,8.284,,F,A
A,SG,M,V,I,D,Z,Z,Z,0,8e,"Singapore - Value of Cashless payments, Cheques",4,S,A,,2012,188.1099,,F,A
A,SG,M,V,I,D,Z,Z,Z,0,8e,"Singapore - Value of Cashless payments, Cheques",4,S,A,,2013,188.2316,,F,A
A,SG,M,V,I,D,Z,Z,Z,0,8e,"Singapore - Value of Cashless payments, Cheques",4,S,A,,2014,175.611,,F,A
A,SG,M,V,I,D,Z,Z,Z,0,8e,"Singapore - Value of Cashless payments, Cheques",4,S,A,,2015,163.4758,,F,A
A,SG,M,V,I,D,Z,Z,Z,0,8e,"Singapore - Value of Cashless payments, Cheques",4,S,A,,2016,148.5086,,F,A
A,SG,M,V,I,D,Z,Z,Z,0,8e,"Singapore - Value of Cashless payments, Cheques",4,S,A,,2017,139.0834,,F,A
A,SG,M,V,I,D,Z,Z,Z,0,8e,"Singapore - Value of Cashless payments, Cheques",4,S,A,,2018,128.7026,,F,A
A,SG,M,V,I,D,Z,Z,Z,0,8e,"Singapore - Value of Cashless payments, Cheques",4,S,A,,2019,111.1746,,F,A
A,SG,M,V,I,D,Z,Z,Z,0,8e,"Singapore - Value of Cashless payments, Cheques",4,S,A,,2020,89.4588,,F,A
A,SG,M,V,I,D,Z,Z,Z,0,8e,"Singapore - Value of Cashless payments, Cheques",4,S,A,,2021,75.6184,,F,A
A,SG,M,V,I,D,Z,Z,Z,0,8e,"Singapore - Value of Cashless payments, Cheques",4,S,A,,2022,60.1361,,F,A
A,SG,M,V,I,D,Z,Z,Z,0,8e,"Singapore - Value of Cashless payments, Cheques",4,S,A,,2023,57.7049,,F,A
A,SG,M,V,I,D,Z,Z,Z,0,8e,"Singapore - Value of Cashless payments, Cheques",4,S,A,,2024,46.7432,,F,A
A,SG,M,V,L,C,Z,Z,Z,0,8a,"Singapore - Value of Cashless payments, Direct debits",3,S,A,,2012,7.5425,,F,A
A,SG,M,V,L,C,Z,Z,Z,0,8a,"Singapore - Value of Cashless payments, Direct debits",3,S,A,,2013,7.634,,F,A
A,SG,M,V,L,C,Z,Z,Z,0,8a,"Singapore - Value of Cashless payments, Direct debits",3,S,A,,2014,8.2107,,F,A
A,SG,M,V,L,C,Z,Z,Z,0,8a,"Singapore - Value of Cashless payments, Direct debits",3,S,A,,2015,8.3096,,F,A
A,SG,M,V,L,C,Z,Z,Z,0,8a,"Singapore - Value of Cashless payments, Direct debits",3,S,A,,2016,8.6596,,F,A
A,SG,M,V,L,C,Z,Z,Z,0,8a,"Singapore - Value of Cashless payments, Direct debits",3,S,A,,2017,8.7212,,F,A
A,SG,M,V,L,C,Z,Z,Z,0,8a,"Singapore - Value of Cashless payments, Direct debits",3,S,A,,2018,8.7252,,F,A
A,SG,M,V,L,C,Z,Z,Z,0,8a,"Singapore - Value of Cashless payments, Direct debits",3,S,A,,2019,8.8442,,F,A
A,SG,M,V,L,C,Z,Z,Z,0,8a,"Singapore - Value of Cashless payments, Direct debits",3,S,A,,2020,8.4157,,F,A
A,SG,M,V,L,C,Z,Z,Z,0,8a,"Singapore - Value of Cashless payments, Direct debits",3,S,A,,2021,8.5698,,F,A
A,SG,M,V,L,C,Z,Z,Z,0,8a,"Singapore - Value of Cashless payments, Direct debits",3,S,A,,2022,8.6267,,F,A
A,SG,M,V,L,C,Z,Z,Z,0,8a,"Singapore - Value of Cashless payments, Direct debits",3,S,A,,2023,8.7888,,F,A
A,SG,M,V,L,C,Z,Z,Z,0,8a,"Singapore - Value of Cashless payments, Direct debits",3,S,A,,2024,8.8247,,F,A
A,SG,M,V,Q,A,Z,Z,Z,0,7,"Singapore - Value of Cashless payments, All",3,S,A,,2012,159051.0099,,F,A
A,SG,M,V,Q,A,Z,Z,Z,0,7,"Singapore - Value of Cashless payments, All",3,S,A,,2013,165379.2616,,F,A
A,SG,M,V,Q,A,Z,Z,Z,0,7,"Singapore - Value of Cashless payments, All",3,S,A,,2014,161016.537,,F,A
A,SG,M,V,Q,A,Z,Z,Z,0,7,"Singapore - Value of Cashless payments, All",3,S,A,,2015,153497.6952,,F,A
A,SG,M,V,Q,A,Z,Z,Z,0,7,"Singapore - Value of Cashless payments, All",3,S,A,,2016,150880.2737,,F,A
A,SG,M,V,Q,A,Z,Z,Z,0,7,"Singapore - Value of Cashless payments, All",3,S,A,,2017,156256.9333,,F,A
A,SG,M,V,Q,A,Z,Z,Z,0,7,"Singapore - Value of Cashless payments, All",3,S,A,,2018,168507.9095,,F,A
A,SG,M,V,Q,A,Z,Z,Z,0,7,"Singapore - Value of Cashless payments, All",3,S,A,,2019,163875.4908,,F,A
A,SG,M,V,Q,A,Z,Z,Z,0,7,"Singapore - Value of Cashless payments, All",3,S,A,,2020,151587.6394,,F,A
A,SG,M,V,Q,A,Z,Z,Z,0,7,"Singapore - Value of Cashless payments, All",3,S,A,,2021,183633.1123,,F,A
A,SG,M,V,Q,A,Z,Z,Z,0,7,"Singapore - Value of Cashless payments, All",3,S,A,,2022,192947.0764,,F,A
A,SG,M,V,Q,A,Z,Z,Z,0,7,"Singapore - Value of Cashless payments, All",3,S,A,,2023,206820.0508,,F,A
A,SG,M,V,Q,A,Z,Z,Z,0,7,"Singapore - Value of Cashless payments, All",3,S,A,,2024,226638.2601,,F,A
A,SG,M,V,T,I,Z,Z,Z,6,8f,"Singapore - Value of Cashless payments, Card and e-money payments, e-money payments",3,S,A,,2012,5.1537,,F,A
A,SG,M,V,T,I,Z,Z,Z,6,8f,"Singapore - Value of Cashless payments, Card and e-money payments, e-money payments",3,S,A,,2013,5.3523,,F,A
A,SG,M,V,T,I,Z,Z,Z,6,8f,"Singapore - Value of Cashless payments, Card and e-money payments, e-money payments",3,S,A,,2014,5.5968,,F,A
A,SG,M,V,T,I,Z,Z,Z,6,8f,"Singapore - Value of Cashless payments, Card and e-money payments, e-money payments",3,S,A,,2015,5.4222,,F,A
A,SG,M,V,T,I,Z,Z,Z,6,8f,"Singapore - Value of Cashless payments, Card and e-money payments, e-money payments",3,S,A,,2016,5.5598,,F,A
A,SG,M,V,T,I,Z,Z,Z,6,8f,"Singapore - Value of Cashless payments, Card and e-money payments, e-money payments",3,S,A,,2017,5.7107,,F,A
A,SG,M,V,T,I,Z,Z,Z,6,8f,"Singapore - Value of Cashless payments, Card and e-money payments, e-money payments",3,S,A,,2018,5.9653,,F,A
A,SG,M,V,T,I,Z,Z,Z,6,8f,"Singapore - Value of Cashless payments, Card and e-money payments, e-money payments",3,S,A,,2019,6.0133,,F,A
A,SG,M,V,T,I,Z,Z,Z,6,8f,"Singapore - Value of Cashless payments, Card and e-money payments, e-money payments",3,S,A,,2020,3.7746,,F,A
A,SG,M,V,T,I,Z,Z,Z,6,8f,"Singapore - Value of Cashless payments, Card and e-money payments, e-money payments",3,S,A,,2021,3.7413,,F,A
A,SG,M,V,T,I,Z,Z,Z,6,8f,"Singapore - Value of Cashless payments, Card and e-money payments, e-money payments",3,S,A,,2022,4.3315,,F,A
A,SG,M,V,T,I,Z,Z,Z,6,8f,"Singapore - Value of Cashless payments, Card and e-money payments, e-money payments",3,S,A,,2023,4.958,,F,A
A,SG,M,V,T,I,Z,Z,Z,6,8f,"Singapore - Value of Cashless payments, Card and e-money payments, e-money payments",3,S,A,,2024,5.1614,,F,A
A,SG,N,N,T,A,Z,Z,Z,3,6e,"Singapore - Number of Fast payments, All",3,S,A,,2012,NaN,,F,L
A,SG,N,N,T,A,Z,Z,Z,3,6e,"Singapore - Number of Fast payments, All",3,S,A,,2013,NaN,,F,L
A,SG,N,N,T,A,Z,Z,Z,3,6e,"Singapore - Number of Fast payments, All",3,S,A,,2014,NaN,,F,L
A,SG,N,N,T,A,Z,Z,Z,3,6e,"Singapore - Number of Fast payments, All",3,S,A,,2015,51.6411,,F,A
A,SG,N,N,T,A,Z,Z,Z,3,6e,"Singapore - Number of Fast payments, All",3,S,A,,2016,73.5836,,F,A
A,SG,N,N,T,A,Z,Z,Z,3,6e,"Singapore - Number of Fast payments, All",3,S,A,,2017,105.6521,,F,A
A,SG,N,N,T,A,Z,Z,Z,3,6e,"Singapore - Number of Fast payments, All",3,S,A,,2018,163.3781,,F,A
A,SG,N,N,T,A,Z,Z,Z,3,6e,"Singapore - Number of Fast payments, All",3,S,A,,2019,255.4521,,F,A
A,SG,N,N,T,A,Z,Z,Z,3,6e,"Singapore - Number of Fast payments, All",3,S,A,,2020,402.663,,F,A
A,SG,N,N,T,A,Z,Z,Z,3,6e,"Singapore - Number of Fast payments, All",3,S,A,,2021,618.9315,,F,A
A,SG,N,N,T,A,Z,Z,Z,3,6e,"Singapore - Number of Fast payments, All",3,S,A,,2022,799.7507,,F,A
A,SG,N,N,T,A,Z,Z,Z,3,6e,"Singapore - Number of Fast payments, All",3,S,A,,2023,1041.8027,,F,A
A,SG,N,N,T,A,Z,Z,Z,3,6e,"Singapore - Number of Fast payments, All",3,S,A,,2024,1369.9205,,F,A
A,SG,M,V,A,F,Z,Z,Z,6,8,"Singapore - Value of Cashless payments, Card and e-money payments, by card with a debit function",3,S,A,,2012,23061.6863,,F,A
A,SG,M,V,A,F,Z,Z,Z,6,8,"Singapore - Value of Cashless payments, Card and e-money payments, by card with a debit function",3,S,A,,2013,24598.0288,,F,A
A,SG,M,V,A,F,Z,Z,Z,6,8,"Singapore - Value of Cashless payments, Card and e-money payments, by card with a debit function",3,S,A,,2014,25428.5342,,F,A
A,SG,M,V,A,F,Z,Z,Z,6,8,"Singapore - Value of Cashless payments, Card and e-money payments, by card with a debit function",3,S,A,,2015,23707.9131,,F,A
A,SG,M,V,A,F,Z,Z,Z,6,8,"Singapore - Value of Cashless payments, Card and e-money payments, by card with a debit function",3,S,A,,2016,25132.8637,,F,A
A,SG,M,V,A,F,Z,Z,Z,6,8,"Singapore - Value of Cashless payments, Card and e-money payments, by card with a debit function",3,S,A,,2017,23006.1084,,F,A
A,SG,M,V,A,F,Z,Z,Z,6,8,"Singapore - Value of Cashless payments, Card and e-money payments, by card with a debit function",3,S,A,,2018,26425.545,,F,A
A,SG,M,V,A,F,Z,Z,Z,6,8,"Singapore - Value of Cashless payments, Card and e-money payments, by card with a debit function",3,S,A,,2019,25912.011,,F,A
A,SG,M,V,A,F,Z,Z,Z,6,8,"Singapore - Value of Cashless payments, Card and e-money payments, by card with a debit function",3,S,A,,2020,25264.9075,,F,A
A,SG,M,V,A,F,Z,Z,Z,6,8,"Singapore - Value of Cashless payments, Card and e-money payments, by card with a debit function",3,S,A,,2021,29203.3727,,F,A
A,SG,M,V,A,F,Z,Z,Z,6,8,"Singapore - Value of Cashless payments, Card and e-money payments, by card with a debit function",3,S,A,,2022,33682.2214,,F,A
A,SG,M,V,A,F,Z,Z,Z,6,8,"Singapore - Value of Cashless payments, Card and e-money payments, by card with a debit function",3,S,A,,2023,36349.7549,,F,A
A,SG,M,V,A,F,Z,Z,Z,6,8,"Singapore - Value of Cashless payments, Card and e-money payments, by card with a debit function",3,S,A,,2024,37063.8264,,F,A
A,SG,U,N,G,Z,Z,G,Z,0,14a,"Singapore - Number of Terminals, ATMs, Credit transfer",2,E,A,,2012,1.9483,,F,A
A,SG,U,N,G,Z,Z,G,Z,0,14a,"Singapore - Number of Terminals, ATMs, Credit transfer",2,E,A,,2013,0.22051,,F,A
A,SG,U,N,G,Z,Z,G,Z,0,14a,"Singapore - Number of Terminals, ATMs, Credit transfer",2,E,A,,2014,0.44004,,F,A
A,SG,U,N,G,Z,Z,G,Z,0,14a,"Singapore - Number of Terminals, ATMs, Credit transfer",2,E,A,,2015,2.4827,,F,A
A,SG,U,N,G,Z,Z,G,Z,0,14a,"Singapore - Number of Terminals, ATMs, Credit transfer",2,E,A,,2016,-2.2444,,F,A
A,SG,U,N,G,Z,Z,G,Z,0,14a,"Singapore - Number of Terminals, ATMs, Credit transfer",2,E,A,,2017,13.5933,,F,A
A,SG,U,N,G,Z,Z,G,Z,0,14a,"Singapore - Number of Terminals, ATMs, Credit transfer",2,E,A,,2018,2.5024,,F,A
A,SG,U,N,G,Z,Z,G,Z,0,14a,"Singapore - Number of Terminals, ATMs, Credit transfer",2,E,A,,2019,-8.0125,,F,A
A,SG,U,N,G,Z,Z,G,Z,0,14a,"Singapore - Number of Terminals, ATMs, Credit transfer",2,E,A,,2020,-8.3702,,F,A
A,SG,U,N,G,Z,Z,G,Z,0,14a,"Singapore - Number of Terminals, ATMs, Credit transfer",2,E,A,,2021,-3.6391,,F,A
A,SG,U,N,G,Z,Z,G,Z,0,14a,"Singapore - Number of Terminals, ATMs, Credit transfer",2,E,A,,2022,-2.3507,,F,A
A,SG,U,N,G,Z,Z,G,Z,0,14a,"Singapore - Number of Terminals, ATMs, Credit transfer",2,E,A,,2023,-1.9337,,F,A
A,SG,U,N,G,Z,Z,G,Z,0,14a,"Singapore - Number of Terminals, ATMs, Credit transfer",2,E,A,,2024,0.84507,,F,A
A,SG,T,N,G,Z,Z,Z,E,0,13a,"Singapore - Number of Cards, Cards, with a credit function",2,E,A,,2013,2.2703,,F,A
A,SG,T,N,G,Z,Z,Z,E,0,13a,"Singapore - Number of Cards, Cards, with a credit function",2,E,A,,2014,1.5982,,F,A
A,SG,T,N,G,Z,Z,Z,E,0,13a,"Singapore - Number of Cards, Cards, with a credit function",2,E,A,,2015,-1.8139,,F,A
A,SG,T,N,G,Z,Z,Z,E,0,13a,"Singapore - Number of Cards, Cards, with a credit function",2,E,A,,2016,-2.9198,,F,A
A,SG,T,N,G,Z,Z,Z,E,0,13a,"Singapore - Number of Cards, Cards, with a credit function",2,E,A,,2017,-6.7458,,F,A
A,SG,T,N,G,Z,Z,Z,E,0,13a,"Singapore - Number of Cards, Cards, with a credit function",2,E,A,,2018,4.5759,,F,A
A,SG,T,N,G,Z,Z,Z,E,0,13a,"Singapore - Number of Cards, Cards, with a credit function",2,E,A,,2019,-4.595,,F,A
A,SG,T,N,G,Z,Z,Z,E,0,13a,"Singapore - Number of Cards, Cards, with a credit function",2,E,A,,2020,89.0658,,F,A
A,SG,T,N,G,Z,Z,Z,E,0,13a,"Singapore - Number of Cards, Cards, with a credit function",2,E,A,,2021,-12.5311,,F,A
A,SG,T,N,G,Z,Z,Z,E,0,13a,"Singapore - Number of Cards, Cards, with a credit function",2,E,A,,2022,-8.8228,,F,A
A,SG,T,N,G,Z,Z,Z,E,0,13a,"Singapore - Number of Cards, Cards, with a credit function",2,E,A,,2023,5.3315,,F,A
A,SG,T,N,G,Z,Z,Z,E,0,13a,"Singapore - Number of Cards, Cards, with a credit function",2,E,A,,2024,-12.1923,,F,A
A,SG,M,N,T,E,Z,Z,Z,3,6d,"Singapore - Number of Cashless payments, All Card and e-money payments",0,S,A,,2012,8905,,F,A
A,SG,M,N,T,E,Z,Z,Z,3,6d,"Singapore - Number of Cashless payments, All Card and e-money payments",0,S,A,,2013,9848,,F,A
A,SG,M,N,T,E,Z,Z,Z,3,6d,"Singapore - Number of Cashless payments, All Card and e-money payments",0,S,A,,2014,10189,,F,A
A,SG,M,N,T,E,Z,Z,Z,3,6d,"Singapore - Number of Cashless payments, All Card and e-money payments",0,S,A,,2015,10536,,F,A
A,SG,M,N,T,E,Z,Z,Z,3,6d,"Singapore - Number of Cashless payments, All Card and e-money payments",0,S,A,,2016,11135,,F,A
A,SG,M,N,T,E,Z,Z,Z,3,6d,"Singapore - Number of Cashless payments, All Card and e-money payments",0,S,A,,2017,11477,,F,A
A,SG,M,N,T,E,Z,Z,Z,3,6d,"Singapore - Number of Cashless payments, All Card and e-money payments",0,S,A,,2018,12236,,F,A
A,SG,M,N,T,E,Z,Z,Z,3,6d,"Singapore - Number of Cashless payments, All Card and e-money payments",0,S,A,,2019,12565,,F,A
A,SG,M,N,T,E,Z,Z,Z,3,6d,"Singapore - Number of Cashless payments, All Card and e-money payments",0,S,A,,2020,9519,,F,A
A,SG,M,N,T,E,Z,Z,Z,3,6d,"Singapore - Number of Cashless payments, All Card and e-money payments",0,S,A,,2021,10171,,F,A
A,SG,M,N,T,E,Z,Z,Z,3,6d,"Singapore - Number of Cashless payments, All Card and e-money payments",0,S,A,,2022,10998,,F,A
A,SG,M,N,T,E,Z,Z,Z,3,6d,"Singapore - Number of Cashless payments, All Card and e-money payments",0,S,A,,2023,11521,,F,A
A,SG,M,N,T,E,Z,Z,Z,3,6d,"Singapore - Number of Cashless payments, All Card and e-money payments",0,S,A,,2024,11839,,F,A
A,SG,M,N,T,C,Z,Z,Z,3,6d,"Singapore - Number of Cashless payments, Direct debits",0,S,A,,2012,155,,F,A
A,SG,M,N,T,C,Z,Z,Z,3,6d,"Singapore - Number of Cashless payments, Direct debits",0,S,A,,2013,157,,F,A
A,SG,M,N,T,C,Z,Z,Z,3,6d,"Singapore - Number of Cashless payments, Direct debits",0,S,A,,2014,157,,F,A
A,SG,M,N,T,C,Z,Z,Z,3,6d,"Singapore - Number of Cashless payments, Direct debits",0,S,A,,2015,156,,F,A
A,SG,M,N,T,C,Z,Z,Z,3,6d,"Singapore - Number of Cashless payments, Direct debits",0,S,A,,2016,158,,F,A
A,SG,M,N,T,C,Z,Z,Z,3,6d,"Singapore - Number of Cashless payments, Direct debits",0,S,A,,2017,160,,F,A
A,SG,M,N,T,C,Z,Z,Z,3,6d,"Singapore - Number of Cashless payments, Direct debits",0,S,A,,2018,163,,F,A
A,SG,M,N,T,C,Z,Z,Z,3,6d,"Singapore - Number of Cashless payments, Direct debits",0,S,A,,2019,164,,F,A
A,SG,M,N,T,C,Z,Z,Z,3,6d,"Singapore - Number of Cashless payments, Direct debits",0,S,A,,2020,156,,F,A
A,SG,M,N,T,C,Z,Z,Z,3,6d,"Singapore - Number of Cashless payments, Direct debits",0,S,A,,2021,159,,F,A
A,SG,M,N,T,C,Z,Z,Z,3,6d,"Singapore - Number of Cashless payments, Direct debits",0,S,A,,2022,165,,F,A
A,SG,M,N,T,C,Z,Z,Z,3,6d,"Singapore - Number of Cashless payments, Direct debits",0,S,A,,2023,168,,F,A
A,SG,M,N,T,C,Z,Z,Z,3,6d,"Singapore - Number of Cashless payments, Direct debits",0,S,A,,2024,171,,F,A
A,SG,T,N,G,Z,Z,Z,A,0,13a,"Singapore - Number of Cards, All Cards",2,E,A,,2013,9.5715,,F,A
A,SG,T,N,G,Z,Z,Z,A,0,13a,"Singapore - Number of Cards, All Cards",2,E,A,,2014,14.4107,,F,A
A,SG,T,N,G,Z,Z,Z,A,0,13a,"Singapore - Number of Cards, All Cards",2,E,A,,2015,9.4528,,F,A
A,SG,T,N,G,Z,Z,Z,A,0,13a,"Singapore - Number of Cards, All Cards",2,E,A,,2016,9.5075,,F,A
A,SG,T,N,G,Z,Z,Z,A,0,13a,"Singapore - Number of Cards, All Cards",2,E,A,,2017,8.5512,,F,A
A,SG,T,N,G,Z,Z,Z,A,0,13a,"Singapore - Number of Cards, All Cards",2,E,A,,2018,1.255,,F,A
A,SG,T,N,G,Z,Z,Z,A,0,13a,"Singapore - Number of Cards, All Cards",2,E,A,,2019,7.044,,F,A
A,SG,T,N,G,Z,Z,Z,A,0,13a,"Singapore - Number of Cards, All Cards",2,E,A,,2020,NaN,,F,L
A,SG,T,N,G,Z,Z,Z,A,0,13a,"Singapore - Number of Cards, All Cards",2,E,A,,2021,NaN,,F,L
A,SG,T,N,G,Z,Z,Z,A,0,13a,"Singapore - Number of Cards, All Cards",2,E,A,,2022,NaN,,F,L
A,SG,T,N,G,Z,Z,Z,A,0,13a,"Singapore - Number of Cards, All Cards",2,E,A,,2023,NaN,,F,L
A,SG,T,N,G,Z,Z,Z,A,0,13a,"Singapore - Number of Cards, All Cards",2,E,A,,2024,NaN,,F,L
A,SG,T,N,G,Z,Z,Z,B,0,13a,"Singapore - Number of Cards, Cards, with a cash function",2,E,A,,2013,3.0367,,F,A
A,SG,T,N,G,Z,Z,Z,B,0,13a,"Singapore - Number of Cards, Cards, with a cash function",2,E,A,,2014,-1.5208,,F,A
A,SG,T,N,G,Z,Z,Z,B,0,13a,"Singapore - Number of Cards, Cards, with a cash function",2,E,A,,2015,-4.1224,,F,A
A,SG,T,N,G,Z,Z,Z,B,0,13a,"Singapore - Number of Cards, Cards, with a cash function",2,E,A,,2016,3.478,,F,A
A,SG,T,N,G,Z,Z,Z,B,0,13a,"Singapore - Number of Cards, Cards, with a cash function",2,E,A,,2017,3.1493,,F,A
A,SG,T,N,G,Z,Z,Z,B,0,13a,"Singapore - Number of Cards, Cards, with a cash function",2,E,A,,2018,-13.7638,,F,A
A,SG,T,N,G,Z,Z,Z,B,0,13a,"Singapore - Number of Cards, Cards, with a cash function",2,E,A,,2019,0.58467,,F,A
A,SG,T,N,G,Z,Z,Z,B,0,13a,"Singapore - Number of Cards, Cards, with a cash function",2,E,A,,2020,5.4694,,F,A
A,SG,T,N,G,Z,Z,Z,B,0,13a,"Singapore - Number of Cards, Cards, with a cash function",2,E,A,,2021,3.5551,,F,A
A,SG,T,N,G,Z,Z,Z,B,0,13a,"Singapore - Number of Cards, Cards, with a cash function",2,E,A,,2022,9.5192,,F,A
A,SG,T,N,G,Z,Z,Z,B,0,13a,"Singapore - Number of Cards, Cards, with a cash function",2,E,A,,2023,9.5497,,F,A
A,SG,T,N,G,Z,Z,Z,B,0,13a,"Singapore - Number of Cards, Cards, with a cash function",2,E,A,,2024,7.8468,,F,A
A,SG,T,N,G,Z,Z,Z,C,0,13a,"Singapore - Number of Cards, Cards, with a debit function",2,E,A,,2013,3.0367,,F,A
A,SG,T,N,G,Z,Z,Z,C,0,13a,"Singapore - Number of Cards, Cards, with a debit function",2,E,A,,2014,-1.5208,,F,A
A,SG,T,N,G,Z,Z,Z,C,0,13a,"Singapore - Number of Cards, Cards, with a debit function",2,E,A,,2015,-4.1224,,F,A
A,SG,T,N,G,Z,Z,Z,C,0,13a,"Singapore - Number of Cards, Cards, with a debit function",2,E,A,,2016,3.478,,F,A
A,SG,T,N,G,Z,Z,Z,C,0,13a,"Singapore - Number of Cards, Cards, with a debit function",2,E,A,,2017,3.1493,,F,A
A,SG,T,N,G,Z,Z,Z,C,0,13a,"Singapore - Number of Cards, Cards, with a debit function",2,E,A,,2018,-13.7638,,F,A
A,SG,T,N,G,Z,Z,Z,C,0,13a,"Singapore - Number of Cards, Cards, with a debit function",2,E,A,,2019,0.58467,,F,A
A,SG,T,N,G,Z,Z,Z,C,0,13a,"Singapore - Number of Cards, Cards, with a debit function",2,E,A,,2020,5.4694,,F,A
A,SG,T,N,G,Z,Z,Z,C,0,13a,"Singapore - Number of Cards, Cards, with a debit function",2,E,A,,2021,3.5551,,F,A
A,SG,T,N,G,Z,Z,Z,C,0,13a,"Singapore - Number of Cards, Cards, with a debit function",2,E,A,,2022,9.5192,,F,A
A,SG,T,N,G,Z,Z,Z,C,0,13a,"Singapore - Number of Cards, Cards, with a debit function",2,E,A,,2023,9.5497,,F,A
A,SG,T,N,G,Z,Z,Z,C,0,13a,"Singapore - Number of Cards, Cards, with a debit function",2,E,A,,2024,7.8468,,F,A
A,SG,T,N,G,Z,Z,Z,F,0,13a,"Singapore - Number of Cards, Cards, with an e-money function,all",2,E,A,,2013,16.5045,,F,A
A,SG,T,N,G,Z,Z,Z,F,0,13a,"Singapore - Number of Cards, Cards, with an e-money function,all",2,E,A,,2014,27.2394,,F,A
A,SG,T,N,G,Z,Z,Z,F,0,13a,"Singapore - Number of Cards, Cards, with an e-money function,all",2,E,A,,2015,18.1394,,F,A
A,SG,T,N,G,Z,Z,Z,F,0,13a,"Singapore - Number of Cards, Cards, with an e-money function,all",2,E,A,,2016,14.7101,,F,A
A,SG,T,N,G,Z,Z,Z,F,0,13a,"Singapore - Number of Cards, Cards, with an e-money function,all",2,E,A,,2017,13.5532,,F,A
A,SG,T,N,G,Z,Z,Z,F,0,13a,"Singapore - Number of Cards, Cards, with an e-money function,all",2,E,A,,2018,4.2723,,F,A
A,SG,T,N,G,Z,Z,Z,F,0,13a,"Singapore - Number of Cards, Cards, with an e-money function,all",2,E,A,,2019,10.5713,,F,A
A,SG,T,N,G,Z,Z,Z,F,0,13a,"Singapore - Number of Cards, Cards, with an e-money function,all",2,E,A,,2020,NaN,,F,L
A,SG,T,N,G,Z,Z,Z,F,0,13a,"Singapore - Number of Cards, Cards, with an e-money function,all",2,E,A,,2021,NaN,,F,L
A,SG,T,N,G,Z,Z,Z,F,0,13a,"Singapore - Number of Cards, Cards, with an e-money function,all",2,E,A,,2022,NaN,,F,L
A,SG,T,N,G,Z,Z,Z,F,0,13a,"Singapore - Number of Cards, Cards, with an e-money function,all",2,E,A,,2023,NaN,,F,L
A,SG,T,N,G,Z,Z,Z,F,0,13a,"Singapore - Number of Cards, Cards, with an e-money function,all",2,E,A,,2024,NaN,,F,L
A,SG,R,V,Q,Z,C,Z,Z,0,12d,"Singapore - Value of Withdrawals/deposits, Cash withdrawals with cards issued inside the country, at locations inside the country",2,S,A,,2012,8903.093,,F,A
A,SG,R,V,Q,Z,C,Z,Z,0,12d,"Singapore - Value of Withdrawals/deposits, Cash withdrawals with cards issued inside the country, at locations inside the country",2,S,A,,2013,9521.5398,,F,A
A,SG,R,V,Q,Z,C,Z,Z,0,12d,"Singapore - Value of Withdrawals/deposits, Cash withdrawals with cards issued inside the country, at locations inside the country",2,S,A,,2014,9410.751,,F,A
A,SG,R,V,Q,Z,C,Z,Z,0,12d,"Singapore - Value of Withdrawals/deposits, Cash withdrawals with cards issued inside the country, at locations inside the country",2,S,A,,2015,8642.1494,,F,A
A,SG,R,V,Q,Z,C,Z,Z,0,12d,"Singapore - Value of Withdrawals/deposits, Cash withdrawals with cards issued inside the country, at locations inside the country",2,S,A,,2016,8389.7753,,F,A
A,SG,R,V,Q,Z,C,Z,Z,0,12d,"Singapore - Value of Withdrawals/deposits, Cash withdrawals with cards issued inside the country, at locations inside the country",2,S,A,,2017,8267.1764,,F,A
A,SG,R,V,Q,Z,C,Z,Z,0,12d,"Singapore - Value of Withdrawals/deposits, Cash withdrawals with cards issued inside the country, at locations inside the country",2,S,A,,2018,8389.6932,,F,A
A,SG,R,V,Q,Z,C,Z,Z,0,12d,"Singapore - Value of Withdrawals/deposits, Cash withdrawals with cards issued inside the country, at locations inside the country",2,S,A,,2019,7845.3715,,F,A
A,SG,R,V,Q,Z,C,Z,Z,0,12d,"Singapore - Value of Withdrawals/deposits, Cash withdrawals with cards issued inside the country, at locations inside the country",2,S,A,,2020,6227.7623,,F,A
A,SG,R,V,Q,Z,C,Z,Z,0,12d,"Singapore - Value of Withdrawals/deposits, Cash withdrawals with cards issued inside the country, at locations inside the country",2,S,A,,2021,6580.9072,,F,A
A,SG,R,V,Q,Z,C,Z,Z,0,12d,"Singapore - Value of Withdrawals/deposits, Cash withdrawals with cards issued inside the country, at locations inside the country",2,S,A,,2022,7237.1405,,F,A
A,SG,R,V,Q,Z,C,Z,Z,0,12d,"Singapore - Value of Withdrawals/deposits, Cash withdrawals with cards issued inside the country, at locations inside the country",2,S,A,,2023,7436.344,,F,A
A,SG,R,V,Q,Z,C,Z,Z,0,12d,"Singapore - Value of Withdrawals/deposits, Cash withdrawals with cards issued inside the country, at locations inside the country",2,S,A,,2024,6836.4486,,F,A
A,SG,N,V,L,A,Z,Z,Z,0,8g,"Singapore - Value of Fast payments, All",2,S,A,,2012,NaN,,F,L
A,SG,N,V,L,A,Z,Z,Z,0,8g,"Singapore - Value of Fast payments, All",2,S,A,,2013,NaN,,F,L
A,SG,N,V,L,A,Z,Z,Z,0,8g,"Singapore - Value of Fast payments, All",2,S,A,,2014,NaN,,F,L
A,SG,N,V,L,A,Z,Z,Z,0,8g,"Singapore - Value of Fast payments, All",2,S,A,,2015,3.1827,,F,A
A,SG,N,V,L,A,Z,Z,Z,0,8g,"Singapore - Value of Fast payments, All",2,S,A,,2016,4.6288,,F,A
A,SG,N,V,L,A,Z,Z,Z,0,8g,"Singapore - Value of Fast payments, All",2,S,A,,2017,6.0543,,F,A
A,SG,N,V,L,A,Z,Z,Z,0,8g,"Singapore - Value of Fast payments, All",2,S,A,,2018,8.4415,,F,A
A,SG,N,V,L,A,Z,Z,Z,0,8g,"Singapore - Value of Fast payments, All",2,S,A,,2019,11.6091,,F,A
A,SG,N,V,L,A,Z,Z,Z,0,8g,"Singapore - Value of Fast payments, All",2,S,A,,2020,17.7321,,F,A
A,SG,N,V,L,A,Z,Z,Z,0,8g,"Singapore - Value of Fast payments, All",2,S,A,,2021,22.0156,,F,A
A,SG,N,V,L,A,Z,Z,Z,0,8g,"Singapore - Value of Fast payments, All",2,S,A,,2022,25.3737,,F,A
A,SG,N,V,L,A,Z,Z,Z,0,8g,"Singapore - Value of Fast payments, All",2,S,A,,2023,29.6166,,F,A
A,SG,N,V,L,A,Z,Z,Z,0,8g,"Singapore - Value of Fast payments, All",2,S,A,,2024,36.202,,F,A
A,SG,M,V,I,I,Z,Z,Z,0,8e,"Singapore - Value of Cashless payments, Card and e-money payments, e-money payments",4,S,A,,2012,0.6375,,F,A
A,SG,M,V,I,I,Z,Z,Z,0,8e,"Singapore - Value of Cashless payments, Card and e-money payments, e-money payments",4,S,A,,2013,0.63516,,F,A
A,SG,M,V,I,I,Z,Z,Z,0,8e,"Singapore - Value of Cashless payments, Card and e-money payments, e-money payments",4,S,A,,2014,0.64874,,F,A
A,SG,M,V,I,I,Z,Z,Z,0,8e,"Singapore - Value of Cashless payments, Card and e-money payments, e-money payments",4,S,A,,2015,0.64275,,F,A
A,SG,M,V,I,I,Z,Z,Z,0,8e,"Singapore - Value of Cashless payments, Card and e-money payments, e-money payments",4,S,A,,2016,0.63608,,F,A
A,SG,M,V,I,I,Z,Z,Z,0,8e,"Singapore - Value of Cashless payments, Card and e-money payments, e-money payments",4,S,A,,2017,0.60743,,F,A
A,SG,M,V,I,I,Z,Z,Z,0,8e,"Singapore - Value of Cashless payments, Card and e-money payments, e-money payments",4,S,A,,2018,0.57777,,F,A
A,SG,M,V,I,I,Z,Z,Z,0,8e,"Singapore - Value of Cashless payments, Card and e-money payments, e-money payments",4,S,A,,2019,0.58358,,F,A
A,SG,M,V,I,I,Z,Z,Z,0,8e,"Singapore - Value of Cashless payments, Card and e-money payments, e-money payments",4,S,A,,2020,0.39442,,F,A
A,SG,M,V,I,I,Z,Z,Z,0,8e,"Singapore - Value of Cashless payments, Card and e-money payments, e-money payments",4,S,A,,2021,0.31287,,F,A
A,SG,M,V,I,I,Z,Z,Z,0,8e,"Singapore - Value of Cashless payments, Card and e-money payments, e-money payments",4,S,A,,2022,0.31071,,F,A
A,SG,M,V,I,I,Z,Z,Z,0,8e,"Singapore - Value of Cashless payments, Card and e-money payments, e-money payments",4,S,A,,2023,0.35818,,F,A
A,SG,M,V,I,I,Z,Z,Z,0,8e,"Singapore - Value of Cashless payments, Card and e-money payments, e-money payments",4,S,A,,2024,0.3441,,F,A
A,SG,M,V,Q,H,Z,Z,Z,0,8d,"Singapore - Value of Cashless payments, Card and e-money payments, by card with a credit function",2,S,A,,2012,5787.1399,,F,A
A,SG,M,V,Q,H,Z,Z,Z,0,8d,"Singapore - Value of Cashless payments, Card and e-money payments, by card with a credit function",2,S,A,,2013,6293.6978,,F,A
A,SG,M,V,Q,H,Z,Z,Z,0,8d,"Singapore - Value of Cashless payments, Card and e-money payments, by card with a credit function",2,S,A,,2014,6571.2881,,F,A
A,SG,M,V,Q,H,Z,Z,Z,0,8d,"Singapore - Value of Cashless payments, Card and e-money payments, by card with a credit function",2,S,A,,2015,6308.481,,F,A
A,SG,M,V,Q,H,Z,Z,Z,0,8d,"Singapore - Value of Cashless payments, Card and e-money payments, by card with a credit function",2,S,A,,2016,6529.6521,,F,A
A,SG,M,V,Q,H,Z,Z,Z,0,8d,"Singapore - Value of Cashless payments, Card and e-money payments, by card with a credit function",2,S,A,,2017,6968.5256,,F,A
A,SG,M,V,Q,H,Z,Z,Z,0,8d,"Singapore - Value of Cashless payments, Card and e-money payments, by card with a credit function",2,S,A,,2018,8185.2394,,F,A
A,SG,M,V,Q,H,Z,Z,Z,0,8d,"Singapore - Value of Cashless payments, Card and e-money payments, by card with a credit function",2,S,A,,2019,8611.2077,,F,A
A,SG,M,V,Q,H,Z,Z,Z,0,8d,"Singapore - Value of Cashless payments, Card and e-money payments, by card with a credit function",2,S,A,,2020,7236.1519,,F,A
A,SG,M,V,Q,H,Z,Z,Z,0,8d,"Singapore - Value of Cashless payments, Card and e-money payments, by card with a credit function",2,S,A,,2021,8780.8581,,F,A
A,SG,M,V,Q,H,Z,Z,Z,0,8d,"Singapore - Value of Cashless payments, Card and e-money payments, by card with a credit function",2,S,A,,2022,10129.8535,,F,A
A,SG,M,V,Q,H,Z,Z,Z,0,8d,"Singapore - Value of Cashless payments, Card and e-money payments, by card with a credit function",2,S,A,,2023,11705.1535,,F,A
A,SG,M,V,Q,H,Z,Z,Z,0,8d,"Singapore - Value of Cashless payments, Card and e-money payments, by card with a credit function",2,S,A,,2024,12323.2188,,F,A
A,SG,M,N,G,H,Z,Z,Z,0,6b,"Singapore - Number of Cashless payments, Card and e-money payments, by card with a credit function",3,S,A,,2012,NaN,,F,L
A,SG,M,N,G,H,Z,Z,Z,0,6b,"Singapore - Number of Cashless payments, Card and e-money payments, by card with a credit function",3,S,A,,2013,NaN,,F,L
A,SG,M,N,G,H,Z,Z,Z,0,6b,"Singapore - Number of Cashless payments, Card and e-money payments, by card with a credit function",3,S,A,,2014,14.3233,,F,A
A,SG,M,N,G,H,Z,Z,Z,0,6b,"Singapore - Number of Cashless payments, Card and e-money payments, by card with a credit function",3,S,A,,2015,8.2097,,F,A
A,SG,M,N,G,H,Z,Z,Z,0,6b,"Singapore - Number of Cashless payments, Card and e-money payments, by card with a credit function",3,S,A,,2016,12.6597,,F,A
A,SG,M,N,G,H,Z,Z,Z,0,6b,"Singapore - Number of Cashless payments, Card and e-money payments, by card with a credit function",3,S,A,,2017,19.54,,F,A
A,SG,M,N,G,H,Z,Z,Z,0,6b,"Singapore - Number of Cashless payments, Card and e-money payments, by card with a credit function",3,S,A,,2018,19.1329,,F,A
A,SG,M,N,G,H,Z,Z,Z,0,6b,"Singapore - Number of Cashless payments, Card and e-money payments, by card with a credit function",3,S,A,,2019,19.1951,,F,A
A,SG,M,N,G,H,Z,Z,Z,0,6b,"Singapore - Number of Cashless payments, Card and e-money payments, by card with a credit function",3,S,A,,2020,0.91682,,F,A
A,SG,M,N,G,H,Z,Z,Z,0,6b,"Singapore - Number of Cashless payments, Card and e-money payments, by card with a credit function",3,S,A,,2021,15.6529,,F,A
A,SG,M,N,G,H,Z,Z,Z,0,6b,"Singapore - Number of Cashless payments, Card and e-money payments, by card with a credit function",3,S,A,,2022,9.8549,,F,A
A,SG,M,N,G,H,Z,Z,Z,0,6b,"Singapore - Number of Cashless payments, Card and e-money payments, by card with a credit function",3,S,A,,2023,23.4763,,F,A
A,SG,M,N,G,H,Z,Z,Z,0,6b,"Singapore - Number of Cashless payments, Card and e-money payments, by card with a credit function",3,S,A,,2024,14.5969,,F,A
A,SG,R,N,Q,Z,C,Z,Z,0,10c,"Singapore - Number of Withdrawals/deposits, Cash withdrawals with cards issued inside the country, at locations inside the country",2,S,A,,2012,41.2368,,F,A
A,SG,R,N,Q,Z,C,Z,Z,0,10c,"Singapore - Number of Withdrawals/deposits, Cash withdrawals with cards issued inside the country, at locations inside the country",2,S,A,,2013,42.5394,,F,A
A,SG,R,N,Q,Z,C,Z,Z,0,10c,"Singapore - Number of Withdrawals/deposits, Cash withdrawals with cards issued inside the country, at locations inside the country",2,S,A,,2014,41.9415,,F,A
A,SG,R,N,Q,Z,C,Z,Z,0,10c,"Singapore - Number of Withdrawals/deposits, Cash withdrawals with cards issued inside the country, at locations inside the country",2,S,A,,2015,41.4959,,F,A
A,SG,R,N,Q,Z,C,Z,Z,0,10c,"Singapore - Number of Withdrawals/deposits, Cash withdrawals with cards issued inside the country, at locations inside the country",2,S,A,,2016,40.3567,,F,A
A,SG,R,N,Q,Z,C,Z,Z,0,10c,"Singapore - Number of Withdrawals/deposits, Cash withdrawals with cards issued inside the country, at locations inside the country",2,S,A,,2017,38.7741,,F,A
A,SG,R,N,Q,Z,C,Z,Z,0,10c,"Singapore - Number of Withdrawals/deposits, Cash withdrawals with cards issued inside the country, at locations inside the country",2,S,A,,2018,37.8028,,F,A
A,SG,R,N,Q,Z,C,Z,Z,0,10c,"Singapore - Number of Withdrawals/deposits, Cash withdrawals with cards issued inside the country, at locations inside the country",2,S,A,,2019,35.9905,,F,A
A,SG,R,N,Q,Z,C,Z,Z,0,10c,"Singapore - Number of Withdrawals/deposits, Cash withdrawals with cards issued inside the country, at locations inside the country",2,S,A,,2020,30.3006,,F,A
A,SG,R,N,Q,Z,C,Z,Z,0,10c,"Singapore - Number of Withdrawals/deposits, Cash withdrawals with cards issued inside the country, at locations inside the country",2,S,A,,2021,31.1492,,F,A
A,SG,R,N,Q,Z,C,Z,Z,0,10c,"Singapore - Number of Withdrawals/deposits, Cash withdrawals with cards issued inside the country, at locations inside the country",2,S,A,,2022,30.7472,,F,A
A,SG,R,N,Q,Z,C,Z,Z,0,10c,"Singapore - Number of Withdrawals/deposits, Cash withdrawals with cards issued inside the country, at locations inside the country",2,S,A,,2023,28.9251,,F,A
A,SG,R,N,Q,Z,C,Z,Z,0,10c,"Singapore - Number of Withdrawals/deposits, Cash withdrawals with cards issued inside the country, at locations inside the country",2,S,A,,2024,26.1183,,F,A
A,HK,M,N,Q,H,Z,Z,Z,0,6c,"Hong Kong SAR - Number of Cashless payments, Card and e-money payments, by card with a credit function",3,S,A,,2012,60.1895,,F,A
A,HK,M,N,Q,H,Z,Z,Z,0,6c,"Hong Kong SAR - Number of Cashless payments, Card and e-money payments, by card with a credit function",3,S,A,,2013,64.0844,,F,A
A,HK,M,N,Q,H,Z,Z,Z,0,6c,"Hong Kong SAR - Number of Cashless payments, Card and e-money payments, by card with a credit function",3,S,A,,2014,66.4569,,F,A
A,HK,M,N,Q,H,Z,Z,Z,0,6c,"Hong Kong SAR - Number of Cashless payments, Card and e-money payments, by card with a credit function",3,S,A,,2015,70.5744,,F,A
A,HK,M,N,Q,H,Z,Z,Z,0,6c,"Hong Kong SAR - Number of Cashless payments, Card and e-money payments, by card with a credit function",3,S,A,,2016,75.411,,F,A
A,HK,M,N,Q,H,Z,Z,Z,0,6c,"Hong Kong SAR - Number of Cashless payments, Card and e-money payments, by card with a credit function",3,S,A,,2017,84.3351,,F,A
A,HK,M,N,Q,H,Z,Z,Z,0,6c,"Hong Kong SAR - Number of Cashless payments, Card and e-money payments, by card with a credit function",3,S,A,,2018,97.168,,F,A
A,HK,M,N,Q,H,Z,Z,Z,0,6c,"Hong Kong SAR - Number of Cashless payments, Card and e-money payments, by card with a credit function",3,S,A,,2019,109.7242,,F,A
A,HK,M,N,Q,H,Z,Z,Z,0,6c,"Hong Kong SAR - Number of Cashless payments, Card and e-money payments, by card with a credit function",3,S,A,,2020,113.082,,F,A
A,HK,M,N,Q,H,Z,Z,Z,0,6c,"Hong Kong SAR - Number of Cashless payments, Card and e-money payments, by card with a credit function",3,S,A,,2021,124.4491,,F,A
A,HK,M,N,Q,H,Z,Z,Z,0,6c,"Hong Kong SAR - Number of Cashless payments, Card and e-money payments, by card with a credit function",3,S,A,,2022,124.2282,,F,A
A,HK,M,N,Q,H,Z,Z,Z,0,6c,"Hong Kong SAR - Number of Cashless payments, Card and e-money payments, by card with a credit function",3,S,A,,2023,145.0653,,F,A
A,HK,M,N,Q,H,Z,Z,Z,0,6c,"Hong Kong SAR - Number of Cashless payments, Card and e-money payments, by card with a credit function",3,S,A,,2024,172.3553,,F,A
A,SG,M,V,H,D,Z,Z,Z,0,8b,"Singapore - Value of Cashless payments, Cheques",3,S,A,,2012,-3.1068,,F,A
A,SG,M,V,H,D,Z,Z,Z,0,8b,"Singapore - Value of Cashless payments, Cheques",3,S,A,,2013,2.0212,,F,A
A,SG,M,V,H,D,Z,Z,Z,0,8b,"Singapore - Value of Cashless payments, Cheques",3,S,A,,2014,-4.2813,,F,A
A,SG,M,V,H,D,Z,Z,Z,0,8b,"Singapore - Value of Cashless payments, Cheques",3,S,A,,2015,-0.67592,,F,A
A,SG,M,V,H,D,Z,Z,Z,0,8b,"Singapore - Value of Cashless payments, Cheques",3,S,A,,2016,-5.0003,,F,A
A,SG,M,V,H,D,Z,Z,Z,0,8b,"Singapore - Value of Cashless payments, Cheques",3,S,A,,2017,0.18755,,F,A
A,SG,M,V,H,D,Z,Z,Z,0,8b,"Singapore - Value of Cashless payments, Cheques",3,S,A,,2018,-1.1455,,F,A
A,SG,M,V,H,D,Z,Z,Z,0,8b,"Singapore - Value of Cashless payments, Cheques",3,S,A,,2019,-13.3213,,F,A
A,SG,M,V,H,D,Z,Z,Z,0,8b,"Singapore - Value of Cashless payments, Cheques",3,S,A,,2020,-24.3244,,F,A
A,SG,M,V,H,D,Z,Z,Z,0,8b,"Singapore - Value of Cashless payments, Cheques",3,S,A,,2021,0.58618,,F,A
A,SG,M,V,H,D,Z,Z,Z,0,8b,"Singapore - Value of Cashless payments, Cheques",3,S,A,,2022,-10.3499,,F,A
A,SG,M,V,H,D,Z,Z,Z,0,8b,"Singapore - Value of Cashless payments, Cheques",3,S,A,,2023,-11.4775,,F,A
A,SG,M,V,H,D,Z,Z,Z,0,8b,"Singapore - Value of Cashless payments, Cheques",3,S,A,,2024,-14.7377,,F,A
A,SG,U,N,G,Z,Z,E,Z,0,14a,"Singapore - Number of Terminals, ATMs, Cash withdrawal",2,E,A,,2012,1.9483,,F,A
A,SG,U,N,G,Z,Z,E,Z,0,14a,"Singapore - Number of Terminals, ATMs, Cash withdrawal",2,E,A,,2013,0.22051,,F,A
A,SG,U,N,G,Z,Z,E,Z,0,14a,"Singapore - Number of Terminals, ATMs, Cash withdrawal",2,E,A,,2014,0.44004,,F,A
A,SG,U,N,G,Z,Z,E,Z,0,14a,"Singapore - Number of Terminals, ATMs, Cash withdrawal",2,E,A,,2015,2.4827,,F,A
A,SG,U,N,G,Z,Z,E,Z,0,14a,"Singapore - Number of Terminals, ATMs, Cash withdrawal",2,E,A,,2016,-2.2444,,F,A
A,SG,U,N,G,Z,Z,E,Z,0,14a,"Singapore - Number of Terminals, ATMs, Cash withdrawal",2,E,A,,2017,13.5933,,F,A
A,SG,U,N,G,Z,Z,E,Z,0,14a,"Singapore - Number of Terminals, ATMs, Cash withdrawal",2,E,A,,2018,2.5024,,F,A
A,SG,U,N,G,Z,Z,E,Z,0,14a,"Singapore - Number of Terminals, ATMs, Cash withdrawal",2,E,A,,2019,-8.0125,,F,A
A,SG,U,N,G,Z,Z,E,Z,0,14a,"Singapore - Number of Terminals, ATMs, Cash withdrawal",2,E,A,,2020,-8.3702,,F,A
A,SG,U,N,G,Z,Z,E,Z,0,14a,"Singapore - Number of Terminals, ATMs, Cash withdrawal",2,E,A,,2021,-3.6391,,F,A
A,SG,U,N,G,Z,Z,E,Z,0,14a,"Singapore - Number of Terminals, ATMs, Cash withdrawal",2,E,A,,2022,-2.3507,,F,A
A,SG,U,N,G,Z,Z,E,Z,0,14a,"Singapore - Number of Terminals, ATMs, Cash withdrawal",2,E,A,,2023,-1.9337,,F,A
A,SG,U,N,G,Z,Z,E,Z,0,14a,"Singapore - Number of Terminals, ATMs, Cash withdrawal",2,E,A,,2024,0.84507,,F,A
A,SG,U,N,G,Z,Z,D,Z,0,14a,"Singapore - Number of Terminals, All ATMs",2,E,A,,2012,1.9483,,F,A
A,SG,U,N,G,Z,Z,D,Z,0,14a,"Singapore - Number of Terminals, All ATMs",2,E,A,,2013,0.22051,,F,A
A,SG,U,N,G,Z,Z,D,Z,0,14a,"Singapore - Number of Terminals, All ATMs",2,E,A,,2014,0.44004,,F,A
A,SG,U,N,G,Z,Z,D,Z,0,14a,"Singapore - Number of Terminals, All ATMs",2,E,A,,2015,2.4827,,F,A
A,SG,U,N,G,Z,Z,D,Z,0,14a,"Singapore - Number of Terminals, All ATMs",2,E,A,,2016,-2.2444,,F,A
A,SG,U,N,G,Z,Z,D,Z,0,14a,"Singapore - Number of Terminals, All ATMs",2,E,A,,2017,13.5933,,F,A
A,SG,U,N,G,Z,Z,D,Z,0,14a,"Singapore - Number of Terminals, All ATMs",2,E,A,,2018,2.5024,,F,A
A,SG,U,N,G,Z,Z,D,Z,0,14a,"Singapore - Number of Terminals, All ATMs",2,E,A,,2019,-8.0125,,F,A
A,SG,U,N,G,Z,Z,D,Z,0,14a,"Singapore - Number of Terminals, All ATMs",2,E,A,,2020,-8.3702,,F,A
A,SG,U,N,G,Z,Z,D,Z,0,14a,"Singapore - Number of Terminals, All ATMs",2,E,A,,2021,-3.6391,,F,A
A,SG,U,N,G,Z,Z,D,Z,0,14a,"Singapore - Number of Terminals, All ATMs",2,E,A,,2022,-2.3507,,F,A
A,SG,U,N,G,Z,Z,D,Z,0,14a,"Singapore - Number of Terminals, All ATMs",2,E,A,,2023,-1.9337,,F,A
A,SG,U,N,G,Z,Z,D,Z,0,14a,"Singapore - Number of Terminals, All ATMs",2,E,A,,2024,0.84507,,F,A
A,HK,N,N,K,J,Z,Z,Z,0,6e,"Hong Kong SAR - Number of Fast payments, Other payment instruments",3,S,A,,2012,NaN,,F,L
A,HK,N,N,K,J,Z,Z,Z,0,6e,"Hong Kong SAR - Number of Fast payments, Other payment instruments",3,S,A,,2013,NaN,,F,L
A,HK,N,N,K,J,Z,Z,Z,0,6e,"Hong Kong SAR - Number of Fast payments, Other payment instruments",3,S,A,,2014,NaN,,F,L
A,HK,N,N,K,J,Z,Z,Z,0,6e,"Hong Kong SAR - Number of Fast payments, Other payment instruments",3,S,A,,2015,NaN,,F,L
A,HK,N,N,K,J,Z,Z,Z,0,6e,"Hong Kong SAR - Number of Fast payments, Other payment instruments",3,S,A,,2016,NaN,,F,L
A,HK,N,N,K,J,Z,Z,Z,0,6e,"Hong Kong SAR - Number of Fast payments, Other payment instruments",3,S,A,,2017,NaN,,F,L
A,HK,N,N,K,J,Z,Z,Z,0,6e,"Hong Kong SAR - Number of Fast payments, Other payment instruments",3,S,A,,2018,11.53,,F,A
A,HK,N,N,K,J,Z,Z,Z,0,6e,"Hong Kong SAR - Number of Fast payments, Other payment instruments",3,S,A,,2019,10.8519,,F,A
A,HK,N,N,K,J,Z,Z,Z,0,6e,"Hong Kong SAR - Number of Fast payments, Other payment instruments",3,S,A,,2020,6.0459,,F,A
A,HK,N,N,K,J,Z,Z,Z,0,6e,"Hong Kong SAR - Number of Fast payments, Other payment instruments",3,S,A,,2021,6.858,,F,A
A,HK,N,N,K,J,Z,Z,Z,0,6e,"Hong Kong SAR - Number of Fast payments, Other payment instruments",3,S,A,,2022,12.3002,,F,A
A,HK,N,N,K,J,Z,Z,Z,0,6e,"Hong Kong SAR - Number of Fast payments, Other payment instruments",3,S,A,,2023,14.0977,,F,A
A,HK,N,N,K,J,Z,Z,Z,0,6e,"Hong Kong SAR - Number of Fast payments, Other payment instruments",3,S,A,,2024,15.3516,,F,A
A,HK,N,V,A,A,Z,Z,Z,6,8g,"Hong Kong SAR - Value of Fast payments, All",2,S,A,,2012,NaN,,F,L
A,HK,N,V,A,A,Z,Z,Z,6,8g,"Hong Kong SAR - Value of Fast payments, All",2,S,A,,2013,NaN,,F,L
A,HK,N,V,A,A,Z,Z,Z,6,8g,"Hong Kong SAR - Value of Fast payments, All",2,S,A,,2014,NaN,,F,L
A,HK,N,V,A,A,Z,Z,Z,6,8g,"Hong Kong SAR - Value of Fast payments, All",2,S,A,,2015,NaN,,F,L
A,HK,N,V,A,A,Z,Z,Z,6,8g,"Hong Kong SAR - Value of Fast payments, All",2,S,A,,2016,NaN,,F,L
A,HK,N,V,A,A,Z,Z,Z,6,8g,"Hong Kong SAR - Value of Fast payments, All",2,S,A,,2017,NaN,,F,L
A,HK,N,V,A,A,Z,Z,Z,6,8g,"Hong Kong SAR - Value of Fast payments, All",2,S,A,,2018,16714.1291,,F,A
A,HK,N,V,A,A,Z,Z,Z,6,8g,"Hong Kong SAR - Value of Fast payments, All",2,S,A,,2019,106525.6225,,F,A
A,HK,N,V,A,A,Z,Z,Z,6,8g,"Hong Kong SAR - Value of Fast payments, All",2,S,A,,2020,201254.4445,,F,A
A,HK,N,V,A,A,Z,Z,Z,6,8g,"Hong Kong SAR - Value of Fast payments, All",2,S,A,,2021,295867.4882,,F,A
A,HK,N,V,A,A,Z,Z,Z,6,8g,"Hong Kong SAR - Value of Fast payments, All",2,S,A,,2022,381729.317,,F,A
A,HK,N,V,A,A,Z,Z,Z,6,8g,"Hong Kong SAR - Value of Fast payments, All",2,S,A,,2023,586930.5493,,F,A
A,HK,N,V,A,A,Z,Z,Z,6,8g,"Hong Kong SAR - Value of Fast payments, All",2,S,A,,2024,869682.2284,,F,A
A,SG,F,V,Q,Z,Z,Z,Z,0,2,Singapore - Value of Banknotes and coins,2,E,A,,2012,4488.3116,,F,A
A,SG,F,V,Q,Z,Z,Z,Z,0,2,Singapore - Value of Banknotes and coins,2,E,A,,2013,4643.146,,F,A
A,SG,F,V,Q,Z,Z,Z,Z,0,2,Singapore - Value of Banknotes and coins,2,E,A,,2014,4757.446,,F,A
A,SG,F,V,Q,Z,Z,Z,Z,0,2,Singapore - Value of Banknotes and coins,2,E,A,,2015,4903.2449,,F,A
A,SG,F,V,Q,Z,Z,Z,Z,0,2,Singapore - Value of Banknotes and coins,2,E,A,,2016,5245.7544,,F,A
A,SG,F,V,Q,Z,Z,Z,Z,0,2,Singapore - Value of Banknotes and coins,2,E,A,,2017,6106.2116,,F,A
A,SG,F,V,Q,Z,Z,Z,Z,0,2,Singapore - Value of Banknotes and coins,2,E,A,,2018,6377.5046,,F,A
A,SG,F,V,Q,Z,Z,Z,Z,0,2,Singapore - Value of Banknotes and coins,2,E,A,,2019,6817.4432,,F,A
A,SG,F,V,Q,Z,Z,Z,Z,0,2,Singapore - Value of Banknotes and coins,2,E,A,,2020,7621.9052,,F,A
A,SG,F,V,Q,Z,Z,Z,Z,0,2,Singapore - Value of Banknotes and coins,2,E,A,,2021,8193.2108,,F,A
A,SG,F,V,Q,Z,Z,Z,Z,0,2,Singapore - Value of Banknotes and coins,2,E,A,,2022,8361.6751,,F,A
A,SG,F,V,Q,Z,Z,Z,Z,0,2,Singapore - Value of Banknotes and coins,2,E,A,,2023,8260.994,,F,A
A,SG,F,V,Q,Z,Z,Z,Z,0,2,Singapore - Value of Banknotes and coins,2,E,A,,2024,8086.0109,,F,A
A,HK,N,V,K,C,Z,Z,Z,0,8g,"Hong Kong SAR - Value of Fast payments, Direct debits",2,S,A,,2012,NaN,,F,L
A,HK,N,V,K,C,Z,Z,Z,0,8g,"Hong Kong SAR - Value of Fast payments, Direct debits",2,S,A,,2013,NaN,,F,L
A,HK,N,V,K,C,Z,Z,Z,0,8g,"Hong Kong SAR - Value of Fast payments, Direct debits",2,S,A,,2014,NaN,,F,L
A,HK,N,V,K,C,Z,Z,Z,0,8g,"Hong Kong SAR - Value of Fast payments, Direct debits",2,S,A,,2015,NaN,,F,L
A,HK,N,V,K,C,Z,Z,Z,0,8g,"Hong Kong SAR - Value of Fast payments, Direct debits",2,S,A,,2016,NaN,,F,L
A,HK,N,V,K,C,Z,Z,Z,0,8g,"Hong Kong SAR - Value of Fast payments, Direct debits",2,S,A,,2017,NaN,,F,L
A,HK,N,V,K,C,Z,Z,Z,0,8g,"Hong Kong SAR - Value of Fast payments, Direct debits",2,S,A,,2018,0.015347,,F,A
A,HK,N,V,K,C,Z,Z,Z,0,8g,"Hong Kong SAR - Value of Fast payments, Direct debits",2,S,A,,2019,0.13558,,F,A
A,HK,N,V,K,C,Z,Z,Z,0,8g,"Hong Kong SAR - Value of Fast payments, Direct debits",2,S,A,,2020,4.5178,,F,A
A,HK,N,V,K,C,Z,Z,Z,0,8g,"Hong Kong SAR - Value of Fast payments, Direct debits",2,S,A,,2021,6.7759,,F,A
A,HK,N,V,K,C,Z,Z,Z,0,8g,"Hong Kong SAR - Value of Fast payments, Direct debits",2,S,A,,2022,5.4742,,F,A
A,HK,N,V,K,C,Z,Z,Z,0,8g,"Hong Kong SAR - Value of Fast payments, Direct debits",2,S,A,,2023,4.7569,,F,A
A,HK,N,V,K,C,Z,Z,Z,0,8g,"Hong Kong SAR - Value of Fast payments, Direct debits",2,S,A,,2024,5.2222,,F,A
A,SG,I,N,N,Z,Z,Z,Z,0,4a,Singapore - Number of Institutions,0,E,A,,2012,173,,F,A
A,SG,I,N,N,Z,Z,Z,Z,0,4a,Singapore - Number of Institutions,0,E,A,,2013,169,,F,A
A,SG,I,N,N,Z,Z,Z,Z,0,4a,Singapore - Number of Institutions,0,E,A,,2014,167,,F,A
A,SG,I,N,N,Z,Z,Z,Z,0,4a,Singapore - Number of Institutions,0,E,A,,2015,168,,F,A
A,SG,I,N,N,Z,Z,Z,Z,0,4a,Singapore - Number of Institutions,0,E,A,,2016,162,,F,A
A,SG,I,N,N,Z,Z,Z,Z,0,4a,Singapore - Number of Institutions,0,E,A,,2017,164,,F,A
A,SG,I,N,N,Z,Z,Z,Z,0,4a,Singapore - Number of Institutions,0,E,A,,2018,161,,F,A
A,SG,I,N,N,Z,Z,Z,Z,0,4a,Singapore - Number of Institutions,0,E,A,,2019,161,,F,A
A,SG,I,N,N,Z,Z,Z,Z,0,4a,Singapore - Number of Institutions,0,E,A,,2020,160,,F,A
A,SG,I,N,N,Z,Z,Z,Z,0,4a,Singapore - Number of Institutions,0,E,A,,2021,156,,F,A
A,SG,I,N,N,Z,Z,Z,Z,0,4a,Singapore - Number of Institutions,0,E,A,,2022,156,,F,A
A,SG,I,N,N,Z,Z,Z,Z,0,4a,Singapore - Number of Institutions,0,E,A,,2023,158,,F,A
A,SG,I,N,N,Z,Z,Z,Z,0,4a,Singapore - Number of Institutions,0,E,A,,2024,157,,F,A
A,SG,M,V,Q,B,Z,Z,Z,0,8d,"Singapore - Value of Cashless payments, Credit transfers",2,S,A,,2012,32079.8371,,F,A
A,SG,M,V,Q,B,Z,Z,Z,0,8d,"Singapore - Value of Cashless payments, Credit transfers",2,S,A,,2013,34310.5308,,F,A
A,SG,M,V,Q,B,Z,Z,Z,0,8d,"Singapore - Value of Cashless payments, Credit transfers",2,S,A,,2014,35108.2828,,F,A
A,SG,M,V,Q,B,Z,Z,Z,0,8d,"Singapore - Value of Cashless payments, Credit transfers",2,S,A,,2015,38852.3406,,F,A
A,SG,M,V,Q,B,Z,Z,Z,0,8d,"Singapore - Value of Cashless payments, Credit transfers",2,S,A,,2016,41940.3057,,F,A
A,SG,M,V,Q,B,Z,Z,Z,0,8d,"Singapore - Value of Cashless payments, Credit transfers",2,S,A,,2017,46145.4249,,F,A
A,SG,M,V,Q,B,Z,Z,Z,0,8d,"Singapore - Value of Cashless payments, Credit transfers",2,S,A,,2018,54536.0232,,F,A
A,SG,M,V,Q,B,Z,Z,Z,0,8d,"Singapore - Value of Cashless payments, Credit transfers",2,S,A,,2019,62538.5052,,F,A
A,SG,M,V,Q,B,Z,Z,Z,0,8d,"Singapore - Value of Cashless payments, Credit transfers",2,S,A,,2020,71952.3112,,F,A
A,SG,M,V,Q,B,Z,Z,Z,0,8d,"Singapore - Value of Cashless payments, Credit transfers",2,S,A,,2021,92995.2882,,F,A
A,SG,M,V,Q,B,Z,Z,Z,0,8d,"Singapore - Value of Cashless payments, Credit transfers",2,S,A,,2022,105632.8958,,F,A
A,SG,M,V,Q,B,Z,Z,Z,0,8d,"Singapore - Value of Cashless payments, Credit transfers",2,S,A,,2023,121225.6276,,F,A
A,SG,M,V,Q,B,Z,Z,Z,0,8d,"Singapore - Value of Cashless payments, Credit transfers",2,S,A,,2024,145472.9775,,F,A
A,SG,N,N,G,A,Z,Z,Z,0,6e,"Singapore - Number of Fast payments, All",3,S,A,,2013,NaN,,F,L
A,SG,N,N,G,A,Z,Z,Z,0,6e,"Singapore - Number of Fast payments, All",3,S,A,,2014,NaN,,F,L
A,SG,N,N,G,A,Z,Z,Z,0,6e,"Singapore - Number of Fast payments, All",3,S,A,,2015,NaN,,F,L
A,SG,N,N,G,A,Z,Z,Z,0,6e,"Singapore - Number of Fast payments, All",3,S,A,,2016,42.4903,,F,A
A,SG,N,N,G,A,Z,Z,Z,0,6e,"Singapore - Number of Fast payments, All",3,S,A,,2017,43.5811,,F,A
A,SG,N,N,G,A,Z,Z,Z,0,6e,"Singapore - Number of Fast payments, All",3,S,A,,2018,54.6379,,F,A
A,SG,N,N,G,A,Z,Z,Z,0,6e,"Singapore - Number of Fast payments, All",3,S,A,,2019,56.3564,,F,A
A,SG,N,N,G,A,Z,Z,Z,0,6e,"Singapore - Number of Fast payments, All",3,S,A,,2020,57.6276,,F,A
A,SG,N,N,G,A,Z,Z,Z,0,6e,"Singapore - Number of Fast payments, All",3,S,A,,2021,53.7096,,F,A
A,SG,N,N,G,A,Z,Z,Z,0,6e,"Singapore - Number of Fast payments, All",3,S,A,,2022,29.2147,,F,A
A,SG,N,N,G,A,Z,Z,Z,0,6e,"Singapore - Number of Fast payments, All",3,S,A,,2023,30.2659,,F,A
A,SG,N,N,G,A,Z,Z,Z,0,6e,"Singapore - Number of Fast payments, All",3,S,A,,2024,31.4952,,F,A
A,SG,M,V,H,I,Z,Z,Z,0,8b,"Singapore - Value of Cashless payments, Card and e-money payments, e-money payments",3,S,A,,2012,2.2741,,F,A
A,SG,M,V,H,I,Z,Z,Z,0,8b,"Singapore - Value of Cashless payments, Card and e-money payments, e-money payments",3,S,A,,2013,1.5805,,F,A
A,SG,M,V,H,I,Z,Z,Z,0,8b,"Singapore - Value of Cashless payments, Card and e-money payments, e-money payments",3,S,A,,2014,4.7904,,F,A
A,SG,M,V,H,I,Z,Z,Z,0,8b,"Singapore - Value of Cashless payments, Card and e-money payments, e-money payments",3,S,A,,2015,5.7127,,F,A
A,SG,M,V,H,I,Z,Z,Z,0,8b,"Singapore - Value of Cashless payments, Card and e-money payments, e-money payments",3,S,A,,2016,3.4895,,F,A
A,SG,M,V,H,I,Z,Z,Z,0,8b,"Singapore - Value of Cashless payments, Card and e-money payments, e-money payments",3,S,A,,2017,2.158,,F,A
A,SG,M,V,H,I,Z,Z,Z,0,8b,"Singapore - Value of Cashless payments, Card and e-money payments, e-money payments",3,S,A,,2018,1.6117,,F,A
A,SG,M,V,H,I,Z,Z,Z,0,8b,"Singapore - Value of Cashless payments, Card and e-money payments, e-money payments",3,S,A,,2019,1.353,,F,A
A,SG,M,V,H,I,Z,Z,Z,0,8b,"Singapore - Value of Cashless payments, Card and e-money payments, e-money payments",3,S,A,,2020,-36.4374,,F,A
A,SG,M,V,H,I,Z,Z,Z,0,8b,"Singapore - Value of Cashless payments, Card and e-money payments, e-money payments",3,S,A,,2021,-5.6068,,F,A
A,SG,M,V,H,I,Z,Z,Z,0,8b,"Singapore - Value of Cashless payments, Card and e-money payments, e-money payments",3,S,A,,2022,11.9496,,F,A
A,SG,M,V,H,I,Z,Z,Z,0,8b,"Singapore - Value of Cashless payments, Card and e-money payments, e-money payments",3,S,A,,2023,6.3481,,F,A
A,SG,M,V,H,I,Z,Z,Z,0,8b,"Singapore - Value of Cashless payments, Card and e-money payments, e-money payments",3,S,A,,2024,1.1206,,F,A
A,SG,M,N,Q,F,Z,Z,Z,0,6c,"Singapore - Number of Cashless payments, Card and e-money payments, by card with a debit function",3,S,A,,2012,44.2903,,F,A
A,SG,M,N,Q,F,Z,Z,Z,0,6c,"Singapore - Number of Cashless payments, Card and e-money payments, by card with a debit function",3,S,A,,2013,47.8163,,F,A
A,SG,M,N,Q,F,Z,Z,Z,0,6c,"Singapore - Number of Cashless payments, Card and e-money payments, by card with a debit function",3,S,A,,2014,53.7276,,F,A
A,SG,M,N,Q,F,Z,Z,Z,0,6c,"Singapore - Number of Cashless payments, Card and e-money payments, by card with a debit function",3,S,A,,2015,54.5492,,F,A
A,SG,M,N,Q,F,Z,Z,Z,0,6c,"Singapore - Number of Cashless payments, Card and e-money payments, by card with a debit function",3,S,A,,2016,62.0296,,F,A
A,SG,M,N,Q,F,Z,Z,Z,0,6c,"Singapore - Number of Cashless payments, Card and e-money payments, by card with a debit function",3,S,A,,2017,72.6194,,F,A
A,SG,M,N,Q,F,Z,Z,Z,0,6c,"Singapore - Number of Cashless payments, Card and e-money payments, by card with a debit function",3,S,A,,2018,87.7248,,F,A
A,SG,M,N,Q,F,Z,Z,Z,0,6c,"Singapore - Number of Cashless payments, Card and e-money payments, by card with a debit function",3,S,A,,2019,100.9518,,F,A
A,SG,M,N,Q,F,Z,Z,Z,0,6c,"Singapore - Number of Cashless payments, Card and e-money payments, by card with a debit function",3,S,A,,2020,107.8593,,F,A
A,SG,M,N,Q,F,Z,Z,Z,0,6c,"Singapore - Number of Cashless payments, Card and e-money payments, by card with a debit function",3,S,A,,2021,141.0972,,F,A
A,SG,M,N,Q,F,Z,Z,Z,0,6c,"Singapore - Number of Cashless payments, Card and e-money payments, by card with a debit function",3,S,A,,2022,153.9507,,F,A
A,SG,M,N,Q,F,Z,Z,Z,0,6c,"Singapore - Number of Cashless payments, Card and e-money payments, by card with a debit function",3,S,A,,2023,176.0544,,F,A
A,SG,M,N,Q,F,Z,Z,Z,0,6c,"Singapore - Number of Cashless payments, Card and e-money payments, by card with a debit function",3,S,A,,2024,200.0629,,F,A
A,SG,M,N,G,A,Z,Z,Z,0,5,"Singapore - Number of Cashless payments, All",3,S,A,,2012,4.328,,F,A
A,SG,M,N,G,A,Z,Z,Z,0,5,"Singapore - Number of Cashless payments, All",3,S,A,,2013,10.0935,,F,A
A,SG,M,N,G,A,Z,Z,Z,0,5,"Singapore - Number of Cashless payments, All",3,S,A,,2014,3.1779,,F,A
A,SG,M,N,G,A,Z,Z,Z,0,5,"Singapore - Number of Cashless payments, All",3,S,A,,2015,3.6747,,F,A
A,SG,M,N,G,A,Z,Z,Z,0,5,"Singapore - Number of Cashless payments, All",3,S,A,,2016,5.6233,,F,A
A,SG,M,N,G,A,Z,Z,Z,0,5,"Singapore - Number of Cashless payments, All",3,S,A,,2017,3.1776,,F,A
A,SG,M,N,G,A,Z,Z,Z,0,5,"Singapore - Number of Cashless payments, All",3,S,A,,2018,6.7334,,F,A
A,SG,M,N,G,A,Z,Z,Z,0,5,"Singapore - Number of Cashless payments, All",3,S,A,,2019,3.1979,,F,A
A,SG,M,N,G,A,Z,Z,Z,0,5,"Singapore - Number of Cashless payments, All",3,S,A,,2020,-22.2368,,F,A
A,SG,M,N,G,A,Z,Z,Z,0,5,"Singapore - Number of Cashless payments, All",3,S,A,,2021,8.2151,,F,A
A,SG,M,N,G,A,Z,Z,Z,0,5,"Singapore - Number of Cashless payments, All",3,S,A,,2022,9.0676,,F,A
A,SG,M,N,G,A,Z,Z,Z,0,5,"Singapore - Number of Cashless payments, All",3,S,A,,2023,6.2688,,F,A
A,SG,M,N,G,A,Z,Z,Z,0,5,"Singapore - Number of Cashless payments, All",3,S,A,,2024,4.9958,,F,A
A,SG,R,V,A,Z,C,Z,Z,6,12,"Singapore - Value of Withdrawals/deposits, Cash withdrawals with cards issued inside the country, at locations inside the country",3,S,A,,2012,47293.2301,,F,A
A,SG,R,V,A,Z,C,Z,Z,6,12,"Singapore - Value of Withdrawals/deposits, Cash withdrawals with cards issued inside the country, at locations inside the country",3,S,A,,2013,51406.7933,,F,A
A,SG,R,V,A,Z,C,Z,Z,6,12,"Singapore - Value of Withdrawals/deposits, Cash withdrawals with cards issued inside the country, at locations inside the country",3,S,A,,2014,51476.8082,,F,A
A,SG,R,V,A,Z,C,Z,Z,6,12,"Singapore - Value of Withdrawals/deposits, Cash withdrawals with cards issued inside the country, at locations inside the country",3,S,A,,2015,47834.2972,,F,A
A,SG,R,V,A,Z,C,Z,Z,6,12,"Singapore - Value of Withdrawals/deposits, Cash withdrawals with cards issued inside the country, at locations inside the country",3,S,A,,2016,47041.4703,,F,A
A,SG,R,V,A,Z,C,Z,Z,6,12,"Singapore - Value of Withdrawals/deposits, Cash withdrawals with cards issued inside the country, at locations inside the country",3,S,A,,2017,46395.394,,F,A
A,SG,R,V,A,Z,C,Z,Z,6,12,"Singapore - Value of Withdrawals/deposits, Cash withdrawals with cards issued inside the country, at locations inside the country",3,S,A,,2018,47309.4798,,F,A
A,SG,R,V,A,Z,C,Z,Z,6,12,"Singapore - Value of Withdrawals/deposits, Cash withdrawals with cards issued inside the country, at locations inside the country",3,S,A,,2019,44749.9991,,F,A
A,SG,R,V,A,Z,C,Z,Z,6,12,"Singapore - Value of Withdrawals/deposits, Cash withdrawals with cards issued inside the country, at locations inside the country",3,S,A,,2020,35411.0565,,F,A
A,SG,R,V,A,Z,C,Z,Z,6,12,"Singapore - Value of Withdrawals/deposits, Cash withdrawals with cards issued inside the country, at locations inside the country",3,S,A,,2021,35892.2677,,F,A
A,SG,R,V,A,Z,C,Z,Z,6,12,"Singapore - Value of Withdrawals/deposits, Cash withdrawals with cards issued inside the country, at locations inside the country",3,S,A,,2022,40795.761,,F,A
A,SG,R,V,A,Z,C,Z,Z,6,12,"Singapore - Value of Withdrawals/deposits, Cash withdrawals with cards issued inside the country, at locations inside the country",3,S,A,,2023,44008.284,,F,A
A,SG,R,V,A,Z,C,Z,Z,6,12,"Singapore - Value of Withdrawals/deposits, Cash withdrawals with cards issued inside the country, at locations inside the country",3,S,A,,2024,41271.6402,,F,A
A,SG,U,N,G,Z,Z,B,Z,0,14a,"Singapore - Number of Terminals, POS, EFTPOS",2,E,A,,2012,50.8473,,F,A
A,SG,U,N,G,Z,Z,B,Z,0,14a,"Singapore - Number of Terminals, POS, EFTPOS",2,E,A,,2013,7.9571,,F,A
A,SG,U,N,G,Z,Z,B,Z,0,14a,"Singapore - Number of Terminals, POS, EFTPOS",2,E,A,,2014,-1.7907,,F,A
A,SG,U,N,G,Z,Z,B,Z,0,14a,"Singapore - Number of Terminals, POS, EFTPOS",2,E,A,,2015,19.74,,F,A
A,SG,U,N,G,Z,Z,B,Z,0,14a,"Singapore - Number of Terminals, POS, EFTPOS",2,E,A,,2016,8.2152,,F,A
A,SG,U,N,G,Z,Z,B,Z,0,14a,"Singapore - Number of Terminals, POS, EFTPOS",2,E,A,,2017,37.2524,,F,A
A,SG,U,N,G,Z,Z,B,Z,0,14a,"Singapore - Number of Terminals, POS, EFTPOS",2,E,A,,2018,6.2649,,F,A
A,SG,U,N,G,Z,Z,B,Z,0,14a,"Singapore - Number of Terminals, POS, EFTPOS",2,E,A,,2019,1.2343,,F,A
A,SG,U,N,G,Z,Z,B,Z,0,14a,"Singapore - Number of Terminals, POS, EFTPOS",2,E,A,,2020,16.3617,,F,A
A,SG,U,N,G,Z,Z,B,Z,0,14a,"Singapore - Number of Terminals, POS, EFTPOS",2,E,A,,2021,3.1261,,F,A
A,SG,U,N,G,Z,Z,B,Z,0,14a,"Singapore - Number of Terminals, POS, EFTPOS",2,E,A,,2022,-5.2985,,F,A
A,SG,U,N,G,Z,Z,B,Z,0,14a,"Singapore - Number of Terminals, POS, EFTPOS",2,E,A,,2023,8.1004,,F,A
A,SG,U,N,G,Z,Z,B,Z,0,14a,"Singapore - Number of Terminals, POS, EFTPOS",2,E,A,,2024,5.874,,F,A
A,HK,M,V,A,H,Z,Z,Z,6,8,"Hong Kong SAR - Value of Cashless payments, Card and e-money payments, by card with a credit function",3,S,A,,2012,57915.6806,,F,A
A,HK,M,V,A,H,Z,Z,Z,6,8,"Hong Kong SAR - Value of Cashless payments, Card and e-money payments, by card with a credit function",3,S,A,,2013,61870.2105,,F,A
A,HK,M,V,A,H,Z,Z,Z,6,8,"Hong Kong SAR - Value of Cashless payments, Card and e-money payments, by card with a credit function",3,S,A,,2014,66901.5792,,F,A
A,HK,M,V,A,H,Z,Z,Z,6,8,"Hong Kong SAR - Value of Cashless payments, Card and e-money payments, by card with a credit function",3,S,A,,2015,71935.0768,,F,A
A,HK,M,V,A,H,Z,Z,Z,6,8,"Hong Kong SAR - Value of Cashless payments, Card and e-money payments, by card with a credit function",3,S,A,,2016,73446.5424,,F,A
A,HK,M,V,A,H,Z,Z,Z,6,8,"Hong Kong SAR - Value of Cashless payments, Card and e-money payments, by card with a credit function",3,S,A,,2017,84456.841,,F,A
A,HK,M,V,A,H,Z,Z,Z,6,8,"Hong Kong SAR - Value of Cashless payments, Card and e-money payments, by card with a credit function",3,S,A,,2018,94097.8694,,F,A
A,HK,M,V,A,H,Z,Z,Z,6,8,"Hong Kong SAR - Value of Cashless payments, Card and e-money payments, by card with a credit function",3,S,A,,2019,97465.9185,,F,A
A,HK,M,V,A,H,Z,Z,Z,6,8,"Hong Kong SAR - Value of Cashless payments, Card and e-money payments, by card with a credit function",3,S,A,,2020,81813.0187,,F,A
A,HK,M,V,A,H,Z,Z,Z,6,8,"Hong Kong SAR - Value of Cashless payments, Card and e-money payments, by card with a credit function",3,S,A,,2021,92845.1757,,F,A
A,HK,M,V,A,H,Z,Z,Z,6,8,"Hong Kong SAR - Value of Cashless payments, Card and e-money payments, by card with a credit function",3,S,A,,2022,96847.4759,,F,A
A,HK,M,V,A,H,Z,Z,Z,6,8,"Hong Kong SAR - Value of Cashless payments, Card and e-money payments, by card with a credit function",3,S,A,,2023,117608.9716,,F,A
A,HK,M,V,A,H,Z,Z,Z,6,8,"Hong Kong SAR - Value of Cashless payments, Card and e-money payments, by card with a credit function",3,S,A,,2024,129725.199,,F,A
A,SG,M,V,A,B,Z,Z,Z,6,8,"Singapore - Value of Cashless payments, Credit transfers",3,S,A,,2012,170408.0947,,F,A
A,SG,M,V,A,B,Z,Z,Z,6,8,"Singapore - Value of Cashless payments, Credit transfers",3,S,A,,2013,185242.5557,,F,A
A,SG,M,V,A,B,Z,Z,Z,6,8,"Singapore - Value of Cashless payments, Credit transfers",3,S,A,,2014,192042.3068,,F,A
A,SG,M,V,A,B,Z,Z,Z,6,8,"Singapore - Value of Cashless payments, Credit transfers",3,S,A,,2015,215047.7051,,F,A
A,SG,M,V,A,B,Z,Z,Z,6,8,"Singapore - Value of Cashless payments, Credit transfers",3,S,A,,2016,235159.2938,,F,A
A,SG,M,V,A,B,Z,Z,Z,6,8,"Singapore - Value of Cashless payments, Credit transfers",3,S,A,,2017,258968.1244,,F,A
A,SG,M,V,A,B,Z,Z,Z,6,8,"Singapore - Value of Cashless payments, Credit transfers",3,S,A,,2018,307528.6348,,F,A
A,SG,M,V,A,B,Z,Z,Z,6,8,"Singapore - Value of Cashless payments, Credit transfers",3,S,A,,2019,356719.6335,,F,A
A,SG,M,V,A,B,Z,Z,Z,6,8,"Singapore - Value of Cashless payments, Credit transfers",3,S,A,,2020,409120.8416,,F,A
A,SG,M,V,A,B,Z,Z,Z,6,8,"Singapore - Value of Cashless payments, Credit transfers",3,S,A,,2021,507196.302,,F,A
A,SG,M,V,A,B,Z,Z,Z,6,8,"Singapore - Value of Cashless payments, Credit transfers",3,S,A,,2022,595452.6335,,F,A
A,SG,M,V,A,B,Z,Z,Z,6,8,"Singapore - Value of Cashless payments, Credit transfers",3,S,A,,2023,717413.2644,,F,A
A,SG,M,V,A,B,Z,Z,Z,6,8,"Singapore - Value of Cashless payments, Credit transfers",3,S,A,,2024,878220.3654,,F,A
A,SG,M,N,N,I,Z,Z,Z,6,6,"Singapore - Number of Cashless payments, Card and e-money payments, e-money payments",2,S,A,,2012,3015.14,,F,A
A,SG,M,N,N,I,Z,Z,Z,6,6,"Singapore - Number of Cashless payments, Card and e-money payments, e-money payments",2,S,A,,2013,3085.32,,F,A
A,SG,M,N,N,I,Z,Z,Z,6,6,"Singapore - Number of Cashless payments, Card and e-money payments, e-money payments",2,S,A,,2014,3138.13,,F,A
A,SG,M,N,N,I,Z,Z,Z,6,6,"Singapore - Number of Cashless payments, Card and e-money payments, e-money payments",2,S,A,,2015,3233,,F,A
A,SG,M,N,N,I,Z,Z,Z,6,6,"Singapore - Number of Cashless payments, Card and e-money payments, e-money payments",2,S,A,,2016,3366.32,,F,A
A,SG,M,N,N,I,Z,Z,Z,6,6,"Singapore - Number of Cashless payments, Card and e-money payments, e-money payments",2,S,A,,2017,3363.08,,F,A
A,SG,M,N,N,I,Z,Z,Z,6,6,"Singapore - Number of Cashless payments, Card and e-money payments, e-money payments",2,S,A,,2018,3472.92,,F,A
A,SG,M,N,N,I,Z,Z,Z,6,6,"Singapore - Number of Cashless payments, Card and e-money payments, e-money payments",2,S,A,,2019,3416.15,,F,A
A,SG,M,N,N,I,Z,Z,Z,6,6,"Singapore - Number of Cashless payments, Card and e-money payments, e-money payments",2,S,A,,2020,2261.611,,F,A
A,SG,M,N,N,I,Z,Z,Z,6,6,"Singapore - Number of Cashless payments, Card and e-money payments, e-money payments",2,S,A,,2021,2249.635,,F,A
A,SG,M,N,N,I,Z,Z,Z,6,6,"Singapore - Number of Cashless payments, Card and e-money payments, e-money payments",2,S,A,,2022,2384.632,,F,A
A,SG,M,N,N,I,Z,Z,Z,6,6,"Singapore - Number of Cashless payments, Card and e-money payments, e-money payments",2,S,A,,2023,2222.77,,F,A
A,SG,M,N,N,I,Z,Z,Z,6,6,"Singapore - Number of Cashless payments, Card and e-money payments, e-money payments",2,S,A,,2024,2035.691,,F,A
A,HK,M,V,T,I,Z,Z,Z,6,8f,"Hong Kong SAR - Value of Cashless payments, Card and e-money payments, e-money payments",3,S,A,,2012,NaN,,F,L
A,HK,M,V,T,I,Z,Z,Z,6,8f,"Hong Kong SAR - Value of Cashless payments, Card and e-money payments, e-money payments",3,S,A,,2013,NaN,,F,L
A,HK,M,V,T,I,Z,Z,Z,6,8f,"Hong Kong SAR - Value of Cashless payments, Card and e-money payments, e-money payments",3,S,A,,2014,NaN,,F,L
A,HK,M,V,T,I,Z,Z,Z,6,8f,"Hong Kong SAR - Value of Cashless payments, Card and e-money payments, e-money payments",3,S,A,,2015,NaN,,F,L
A,HK,M,V,T,I,Z,Z,Z,6,8f,"Hong Kong SAR - Value of Cashless payments, Card and e-money payments, e-money payments",3,S,A,,2016,NaN,,F,L
A,HK,M,V,T,I,Z,Z,Z,6,8f,"Hong Kong SAR - Value of Cashless payments, Card and e-money payments, e-money payments",3,S,A,,2017,47.4393,,F,A
A,HK,M,V,T,I,Z,Z,Z,6,8f,"Hong Kong SAR - Value of Cashless payments, Card and e-money payments, e-money payments",3,S,A,,2018,60.4317,,F,A
A,HK,M,V,T,I,Z,Z,Z,6,8f,"Hong Kong SAR - Value of Cashless payments, Card and e-money payments, e-money payments",3,S,A,,2019,70.4329,,F,A
A,HK,M,V,T,I,Z,Z,Z,6,8f,"Hong Kong SAR - Value of Cashless payments, Card and e-money payments, e-money payments",3,S,A,,2020,78.1269,,F,A
A,HK,M,V,T,I,Z,Z,Z,6,8f,"Hong Kong SAR - Value of Cashless payments, Card and e-money payments, e-money payments",3,S,A,,2021,165.7721,,F,A
A,HK,M,V,T,I,Z,Z,Z,6,8f,"Hong Kong SAR - Value of Cashless payments, Card and e-money payments, e-money payments",3,S,A,,2022,203.6353,,F,A
A,HK,M,V,T,I,Z,Z,Z,6,8f,"Hong Kong SAR - Value of Cashless payments, Card and e-money payments, e-money payments",3,S,A,,2023,224.0125,,F,A
A,HK,M,V,T,I,Z,Z,Z,6,8f,"Hong Kong SAR - Value of Cashless payments, Card and e-money payments, e-money payments",3,S,A,,2024,264.1509,,F,A
A,SG,M,N,L,B,Z,Z,Z,0,6a,"Singapore - Number of Cashless payments, Credit transfers",2,S,A,,2012,1.1662,,F,A
A,SG,M,N,L,B,Z,Z,Z,0,6a,"Singapore - Number of Cashless payments, Credit transfers",2,S,A,,2013,1.1328,,F,A
A,SG,M,N,L,B,Z,Z,Z,0,6a,"Singapore - Number of Cashless payments, Credit transfers",2,S,A,,2014,1.0457,,F,A
A,SG,M,N,L,B,Z,Z,Z,0,6a,"Singapore - Number of Cashless payments, Credit transfers",2,S,A,,2015,1.5088,,F,A
A,SG,M,N,L,B,Z,Z,Z,0,6a,"Singapore - Number of Cashless payments, Credit transfers",2,S,A,,2016,1.6918,,F,A
A,SG,M,N,L,B,Z,Z,Z,0,6a,"Singapore - Number of Cashless payments, Credit transfers",2,S,A,,2017,1.9702,,F,A
A,SG,M,N,L,B,Z,Z,Z,0,6a,"Singapore - Number of Cashless payments, Credit transfers",2,S,A,,2018,2.3326,,F,A
A,SG,M,N,L,B,Z,Z,Z,0,6a,"Singapore - Number of Cashless payments, Credit transfers",2,S,A,,2019,3.0076,,F,A
A,SG,M,N,L,B,Z,Z,Z,0,6a,"Singapore - Number of Cashless payments, Credit transfers",2,S,A,,2020,5.2762,,F,A
A,SG,M,N,L,B,Z,Z,Z,0,6a,"Singapore - Number of Cashless payments, Credit transfers",2,S,A,,2021,6.7646,,F,A
A,SG,M,N,L,B,Z,Z,Z,0,6a,"Singapore - Number of Cashless payments, Credit transfers",2,S,A,,2022,7.7884,,F,A
A,SG,M,N,L,B,Z,Z,Z,0,6a,"Singapore - Number of Cashless payments, Credit transfers",2,S,A,,2023,9.2536,,F,A
A,SG,M,N,L,B,Z,Z,Z,0,6a,"Singapore - Number of Cashless payments, Credit transfers",2,S,A,,2024,11.3169,,F,A
