industry,family_id,first_filing,first_pub,has_hk_sg_cc,assignee_ccs,pub_countries,assignees
ai,44312331,20150206,20150604,true,|SG,JP|US,NANYANG TEHNOLOGICAL UNIV | SINGAPORE HEALTH SERV PTE LTD | UNIV NANYANG TECH
ai,56879170,20150306,20160915,true,|CN|SG,BR|CN|EP|KR|SG|US|WO,HUAWEI TECH CO LTD | UNIV NANYANG TECH
ai,54190872,20150325,20151001,true,SG,US,UNIV NANYANG TECH
ai,54190879,20150325,20151001,true,SG,US,NANY ANG TECHNOLOGICAL UNIV | UNIV NANYANG TECH
ai,54196089,20150325,20151001,true,|SG,CN|US|WO,UNIV NANYANG TECH
ai,54191106,20150331,20151001,false,CN,US,UNIV HONG KONG BAPTIST | UNIV HONG KONG BAPTIST UNIV
ai,52991736,20150420,20161027,true,DE|SG,EP|US|WO,BAYERISCHE MOTOREN WERKE AG | UNIV NANYANG TECH
ai,57393513,20150523,20161201,false,|CN,CN|EP|WO,SZ DJI INNOVATIONS TECH CO LTD | SZ DJI TECHNOLOGY CO LTD | UNIV HONG KONG SCI & TECH | UNIV HONG KONG SCIENCE & TECH
ai,55661518,20150609,20161215,true,|SG,CN|EP|SG|US|WO,HUAWEI INT PTE LTD | HUAWEI INTERNAT PTE LTD | SINGAPORE MAN UNIV | SINGAPORE MAN UNIVERSITY | SINGAPORE MANAGEMENT UNIV
ai,54833970,20150612,20151217,true,|SG,CN|GB|SG|US|WO,NAT UNIV SINGAPORE | UNIV SINGAPORE
ai,55437793,20150714,20160310,true,HK,US,UNIV HONG KONG POLYTECHNIC
ai,55402846,20150720,20160310,false,|CN,CN|WO,UNIV HONG KONG BAPTIST | UNIV HONG KONG BAPTIST UNIV
ai,55162518,20150722,20160128,false,|CN,CN|US|WO,UNIV HONG KONG SCI & TECH | UNIV HONG KONG SCIENCE & TECH | UNIV HONG KONG SCIENCE & TECHN
ai,55400793,20150825,20160303,true,SG,AU|EP|SG|US|WO,NAT SKIN CENTRE SINGAPORE PTE LTD | SINGAPORE UNIV OF TECH AND DESIGN | UNIV SINGAPORE TECHNOLOGY & DESIGN
ai,58160821,20150910,20170316,true,DE|SG,DE,BAYERISCHE MOTOREN WERKE AG | UNIV NANYANG TECH
ai,58160853,20150910,20170316,true,DE|SG,DE,BAYERISCHE MOTOREN WERKE AG | UNIV NANYANG TECH
ai,47067924,20150915,20160107,true,SG|US,US,LOS ANGELES BIOMED RES INST | LOS ANGELES BIOMEDICAL RES INST AT HARBOR-UCLA MEDICAL CENTER | UNIV NANYANG TECH
ai,54293308,20150918,20160331,true,SG,WO,HUAWEI INTERNAT PTE LTD | SINGAPORE MAN UNIVERSITY
ai,55631064,20150929,20160407,true,SG,US|WO,UNIV NANYANG TECH
ai,55749334,20151016,20160421,true,SG,US,UNIV NANYANG TECH
ai,55857949,20151028,20160506,true,SG,SG|US|WO,NAT UNIV SINGAPORE | UNIV SINGAPORE
ai,56092101,20151201,20160609,true,SG,SG|US|WO,SINGAPORE UNIV OF TECH AND DESIGN | UNIV SINGAPORE TECHNOLOGY & DESIGN
ai,59066813,20151217,20170622,true,|HK,CN|US,UNIV CITY HONG KONG
ai,59310628,20160115,20170720,true,CN|HK,US|WO,UNIV CITY HONG KONG
ai,59361091,20160118,20170727,true,|CN|SG,CN|EP|SG|US|WO,HUAWEI TECH CO LTD | UNIV NANYANG TECH
ai,56543864,20160129,20160804,true,SG,SG|US|WO,SINGAPORE UNIV OF TECH AND DESIGN | UNIV SINGAPORE TECHNOLOGY & DESIGN
ai,56920181,20160318,20160922,true,|SG,CN|SG|US|WO,SINGAPORE UNIV OF TECH AND DESIGN | UNIV SINGAPORE TECHNOLOGY & DESIGN
ai,55650256,20160330,20171004,true,AT|SG,EP|SG|US|WO,SINGAPORE UNIV OF TECH AND DESIGN | UNIV SINGAPORE TECHNOLOGY & DESIGN | UNIV WIEN | Universität Wien
ai,57111657,20160401,20161013,false,CN,US,UNIV HONG KONG CHINESE
ai,57983385,20160811,20170216,true,|IT|SG,CN|EP|SG|WO,FOND ST ITALIANO TECNOLOGIA | FONDAZIONE ST ITALIANO TECNOLOGIA | UNIV DEGLI STUDI GENOVA | UNIV NANYANG TECH | UNIVERSITA' DEGLI STUDI DI GENOVA
ai,58718009,20160815,20170526,false,|CN,CN|US|WO,UNIV HONG KONG SCIENCE & TECH
ai,61259935,20160816,20180306,false,,CN,NAT UNIV SINGAPORE | NATIONAL UNIV OF SINGAPORE SUZHOU RESEARCH INSTITUTE
ai,61576336,20160909,20180316,false,,CN,UNIV HONG KONG CHINESE
ai,58289568,20160916,20170323,true,|SG,CN|US|WO,NANYANG TECHNOLOGYICAL UNIV | UNIV NANYANG TECH
ai,58488023,20161005,20170413,true,|SG,CN|US|WO,UNIV NANYANG TECH
ai,62048387,20161102,20180508,false,,CN,SHENZHEN RESEARCH INSTITUTE THE HONG KONG POLYTECHNIC UNIV
ai,62070799,20161102,20180511,false,,CN,HKUST SHENZHEN RES INSTITUTE | UNIV HONG KONG SCI & TECH
ai,62083383,20161102,20180511,false,,CN,SHENZHEN RESEARCH INSTITUTE THE HONG KONG POLYTECHNIC UNIV
ai,58694533,20161107,20170518,false,|CN,CN|US|WO,UNIV HONG KONG | VERSITECH LTD
ai,63657364,20161209,20181002,false,,CN,THE UNIV OF HONG KONG SHENZHEN INSTITUTE OF RESEARCH AND INNOVATION
ai,62651287,20161215,20180629,false,,CN,SHENZHEN RESEARCH INSTITUTE THE HONG KONG POLYTECHNIC UNIV
ai,58637749,20161223,20170504,true,HK,US,UNIV HONG KONG BAPTIST UNIV
ai,62755301,20161230,20180710,false,,CN,HKUST SHENZHEN RES INSTITUTE | UNIV HONG KONG SCIENCE & TECH
ai,62922072,20170120,20180727,false,,CN,SHENZHEN RESEARCH INSTITUTE THE HONG KONG POLYTECHNIC UNIV
ai,62843503,20170127,20180802,true,DE|SG,DE,BAYERISCHE MOTOREN WERKE AG | UNIV NANYANG TECH
ai,62843359,20170201,20180802,true,DE|SG,DE,BAYERISCHE MOTOREN WERKE AG | UNIV NANYANG TECH
ai,59127673,20170216,20170613,false,,CN,SHENZHEN RES INST THE HONG KONG POLYTECHNIC UNIV
ai,59423172,20170216,20170707,false,,CN,SHENZHEN RES INST THE HONG KONG POLYTECHNIC UNIV
ai,63488480,20170303,20180914,false,,CN,NAT UNIV SINGAPORE | NUS SUZHOU RES INSTITUTE
ai,45874062,20170306,20170622,true,SG,US,NAT UNIV SINGAPORE
ai,63577076,20170307,20180925,false,,CN,NAT UNIV SINGAPORE | NUS SUZHOU RES INSTITUTE
ai,61274990,20170316,20180308,true,|HK,CN|US,SUCCESS ASIA INC LTD | UNIV HONG KONG
ai,59966175,20170328,20171005,true,SG,SG|TW|US|WO,SINGAPORE UNIV OF TECH AND DESIGN | UNIV SINGAPORE TECHNOLOGY & DESIGN
ai,63705333,20170414,20181009,true,|CN|HK,CN|US|WO,THE CHINESE UNIV OF HONGKONG | UNIV HONG KONG CHINESE
ai,63925230,20170419,20181102,false,,CN,NAT UNIV SINGAPORE | NUS SUZHOU RES INSTITUTE
ai,63934217,20170421,20181102,false,,CN,NAT UNIV SINGAPORE | NUS SUZHOU RES INSTITUTE
ai,64274531,20170519,20181122,true,|CN|SG,CN|WO,NAT UNIV SINGAPORE | NATIONAL UNIV OF SINGAPORE SUZHOU RESEARCH INSTITUTE
ai,60911127,20170609,20180111,false,|CN,CN|US,UNIV HONG KONG CHINESE
ai,60333614,20170621,20171124,false,,CN,HKUST FOK YING TUNG RES INST
ai,65000760,20170714,20190117,true,HK,US,UNIV HONG KONG BAPTIST UNIV
ai,67185874,20170726,20190716,false,,CN,SHENZHEN RESEARCH INSTITUTE THE HONG KONG POLYTECHNIC UNIV
ai,60460420,20170728,20171205,false,,CN,HKUST FOK YING TUNG RES INST
ai,60547142,20170731,20171212,false,,CN,HKUST FOK YING TUNG RES INST
ai,60680376,20170731,20171229,false,,CN,HKUST FOK YING TUNG RES INST
ai,65454294,20170816,20190301,false,,CN,SHENZHEN RESEARCH INSTITUTE THE HONG KONG POLYTECHNIC UNIV
ai,61301264,20170822,20180308,true,SG,SG|US|WO,UNIV SINGAPORE TECHNOLOGY & DESIGN
ai,65504192,20170830,20190305,false,,CN,NAT UNIV SINGAPORE | NATIONAL UNIV OF SINGAPORE SUZHOU RESEARCH INSTITUTE
ai,61558795,20170906,20180315,false,CN,US,UNIV HONG KONG CHINESE
ai,61686350,20170920,20180329,true,HK,US,UNIV HONG KONG BAPTIST UNIV
ai,61176010,20170925,20180216,false,,CN,UNIV CHINESE HONG KONG SHENZHEN
ai,49712347,20171011,20180405,true,SG,US,NAT UNIV SINGAPORE | VISENZE PTE LTD
ai,62024302,20171027,20180503,false,|CN,CN|WO,UNIV HONG KONG CHINESE
ai,66333595,20171031,20190509,false,CN,US|WO,UNIV HONG KONG SCI & TECH | UNIV HONG KONG SCIENCE & TECH
ai,61929143,20171120,20180420,false,,CN,PKU HKUST SHENZHEN HONGKONG INST | SHENZHEN NEWSPAPER GROUP | UNIV PEKING SHENZHEN GRADUATE SCHOOL
ai,62559243,20171212,20180621,true,CN|HK|US,US|WO,AHUJA ANIL TEJBHAN | CHEN DANNY ZIYI | CHINESE UNIV OF HONG KONG | HONK KONG POLYTECHNIC UNIV | UNIV NOTRE DAME DU LAC | YANG LIN | YING MICHAEL TIN CHEUNG | ZHANG YIZHE
ai,62624545,20171219,20180628,false,CN,WO,UNIV HONG KONG BAPTIST UNIV
ai,66950368,20171221,20190627,true,HK,US,UNIV CITY HONG KONG
ai,62962534,20171228,20180731,false,,CN,UNIV CHINESE HONG KONG SHENZHEN
ai,67059752,20180102,20190704,true,HK,US,UNIV CITY HONG KONG
ai,67469199,20180112,20190722,true,KR|QA|SG,KR,HAMAD BIN KHALIFA UNIV | SAMSUNG ELECTRONICS CO LTD | UNIV NANYANG TECH
ai,62909195,20180117,20180726,true,|SG,AU|CN|DE|SG|US|WO,NAT UNIV SINGAPORE
ai,67476387,20180206,20190808,true,HK,US,UNIV CITY HONG KONG
ai,63369539,20180227,20180907,true,|IL|SG,IL|SG|US|WO,B G NEGEV TECHNOLOGIES AND APPLICATIONS LTD AT BEN GURION UNIV | B G NEGEV TECHNOLOGIES AND APPLICATIONS LTD AT BEN GURION UNIVERSITY | UNIV SINGAPORE TECHNOLOGY & DESIGN
ai,67861732,20180306,20190913,false,,CN,SHENZHEN RESEARCH INSTITUTE THE HONG KONG POLYTECHNIC UNIV
ai,68173711,20180404,20191018,false,,CN,THE UNIV OF HONG KONG SHENZHEN HOSPITAL
ai,68096511,20180409,20191010,false,CN|US,US,AT & T IP I LP | UNIV HONG KONG SCI & TECH
ai,64274534,20180515,20181122,true,SG,WO,NAT UNIV SINGAPORE
ai,64274541,20180515,20181122,true,SG,WO,NAT UNIV SINGAPORE
ai,64273377,20180516,20181122,true,|CN|HK,AU|CA|CN|EP|IL|TW|US|WO,UNIV HONG KONG CHINESE
ai,63870534,20180524,20181026,false,,CN,UNIV CHINESE HONG KONG SHENZHEN
ai,68763589,20180612,20191212,false,CN,US,UNIV HONG KONG CHINESE
ai,68980501,20180621,20191226,true,HK,US,UNIV CITY HONG KONG
ai,63912431,20180628,20181030,false,,CN,UNIV CHINESE HONG KONG SHENZHEN
ai,63912445,20180628,20181030,false,,CN,UNIV CHINESE HONG KONG SHENZHEN
ai,68886044,20180629,20200102,true,DE|SG,DE,BAYERISCHE MOTOREN WERKE AG | UNIV NANYANG TECH
ai,69027791,20180629,20200107,false,,CN,NAT UNIV SINGAPORE | NUS SUZHOU RES INSTITUTE
ai,69138442,20180710,20200116,true,HK,US,UNIV CITY HONG KONG
ai,69138833,20180712,20200116,false,CN,US,UNIV HONG KONG CHINESE
ai,65040684,20180724,20190131,true,|SG,CN|EP|SG|US|WO,NAT UNIV SINGAPORE | SINGAPORE HEALTH SERV PTE LTD | SINGAPORE HEALTH SERVICE PTE LTD
ai,64937861,20180727,20190111,false,,CN,HKUST FOK YING TUNG RES INST
ai,69525971,20180816,20200220,true,SG,AU|SG|US|WO,NAT UNIV HOSPITAL SINGAPORE PTE LTD | NAT UNIV SINGAPORE
ai,65362025,20180817,20190221,true,SG,WO,UNIV NANYANG TECH
ai,65362995,20180817,20190221,true,|SG,CN|SG|US|WO,NAT UNIV SINGAPORE
ai,65438788,20180821,20190228,true,|SG,CN|US|WO,NAT UNIV SINGAPORE
ai,69643719,20180831,20200305,true,|CN|SG,CN|WO,NAT UNIV HOSPITAL SINGAPORE PTE LTD | NAT UNIV OF HOSPITAL SINGAPORE PTE LTD | NAT UNIV SINGAPORE | NATIONAL UNIV OF SINGAPORE SUZHOU RESEARCH INSTITUTE | NUS SUZHOU RES INSTITUTE
ai,69720870,20180910,20200312,true,HK,US,UNIV CITY HONG KONG
ai,64841220,20180911,20181225,false,,CN,UNIV CHINESE HONG KONG SHENZHEN
ai,69720400,20180911,20200312,true,HK,US,UNIV CITY HONG KONG
ai,64814707,20180918,20190104,false,,CN,UNIV CHINESE HONG KONG SHENZHEN
ai,65261033,20181008,20190212,false,|CN,CN|US,UNIV HONG KONG POLYTECHNIC
ai,65690023,20181008,20190319,false,,CN,UNIV CHINA MINING | UNIV CHINESE HONG KONG SHENZHEN
ai,64607279,20181012,20200416,true,RU|SG|US,EP|KR|US|WO,DAO MING | LI JU | MASSACHUSETTS INST TECHNOLOGY | SHAPEEV ALEXANDER VASILIEVICH | SHI ZHE | SKOLKOVO INSTITUTE OF SCIENCE AND TECH | SURESH SUBRA | TSYMBALOV EVGENII ALEKSEEVICH | UNIV NANYANG TECH
ai,70161001,20181015,20200416,true,HK,US,UNIV CITY HONG KONG
ai,70279618,20181022,20200423,true,HK,US,UNIV HONG KONG POLYTECHNIC
ai,70326162,20181024,20200430,true,HK,US,UNIV CITY HONG KONG
ai,66244344,20181026,20190502,true,SG,US,NAT UNIV SINGAPORE
ai,70419906,20181029,20200505,false,,CN,CITY UNIV OF HONG KONG SHENZHEN RESEARCH INSTITUTE
ai,66534893,20181115,20190523,true,|HK,CN|US,UNIV HONG KONG SCI & TECH | UNIV HONG KONG SCIENCE & TECH
ai,66664788,20181128,20190606,false,CN,US|WO,UNIV HONG KONG SCI & TECH | UNIV HONG KONG SCIENCE & TECH
ai,66749897,20181203,20190613,true,SG,EP|US|WO,NAT UNIV SINGAPORE
ai,68161681,20181205,20191017,true,|CN|HK,CN|EP|US|WO,UNIV HONG KONG POLYTECHNIC
ai,71027781,20181206,20200616,false,,CN,NAT UNIV SINGAPORE | NUS SUZHOU RES INSTITUTE
ai,66113659,20181211,20190419,false,,CN,UNIV HONG KONG POLYTECHNIC
ai,66820199,20181212,20190620,false,|CN,CN|US|WO,UNIV HONG KONG
ai,71075525,20181213,20200618,true,|SG,AU|CN|EP|SG|US|WO,NAT UNIV SINGAPORE | SEMBCORP IND LTD | SEMBCORP WATERTECH PTE LTD
ai,71172407,20181214,20200623,false,,CN,THE UNIV OF HONG KONG SHENZHEN HOSPITAL
ai,67076335,20181226,20190705,false,,CN,UNIV CHINESE HONG KONG SHENZHEN
ai,67076351,20181226,20190705,false,,CN,UNIV CHINESE HONG KONG SHENZHEN
ai,71123258,20181227,20200702,false,CN|US,US,AT & T IP I LP | UNIV HONG KONG SCI & TECH
ai,67066495,20181228,20190704,true,SG,EP|SG|US|WO,CHANGI GENERAL HOSPITAL PTE LTD | UNIV SINGAPORE TECHNOLOGY & DESIGN
ai,71732731,20190129,20200730,false,CN,US,UNIV HONG KONG CHINESE
ai,72334639,20190306,20200910,true,SG,SG|US,UNIV SINGAPORE TECHNOLOGY & DESIGN
ai,72425929,20190311,20200917,true,|SG,CN|KR|SG|WO,HOUSING & DEV BOARD | HOUSING AND DEV BOARD | NAT UNIV SINGAPORE
ai,72514823,20190319,20200924,true,HK,US,UNIV HONG KONG
ai,67131552,20190327,20190709,false,,CN,UNIV CHINESE HONG KONG SHENZHEN
ai,72749334,20190411,20201015,true,HK,US,UNIV CITY HONG KONG
ai,68238047,20190418,20191024,true,SG,US,NAT UNIV SINGAPORE
ai,68238121,20190418,20191024,true,SG,US,NAT UNIV SINGAPORE
ai,72912329,20190422,20201027,false,,CN,NAT UNIV SINGAPORE | NUS SUZHOU RES INSTITUTE
ai,72672693,20190428,20201009,false,,CN,NAT UNIV SINGAPORE | NUS SUZHOU RES INSTITUTE
ai,69525051,20190429,20200220,false,CN,WO,UNIV HONG KONG POLYTECHNIC
ai,67576501,20190506,20190816,false,,CN,UNIV CHINESE HONG KONG SHENZHEN
ai,73046046,20190508,20201112,true,HK,US,UNIV CITY HONG KONG
ai,73047740,20190508,20201112,true,HK,US,UNIV CITY HONG KONG
ai,73456606,20190522,20201126,false,CN,US,UNIV HONG KONG CHINESE
ai,67915181,20190523,20190920,false,|CN,CN|US|WO,GUANGZHOU HKUST FOK YING TUNG RES INSTITUTE | HKUST FOK YING TUNG RES INST
ai,73650583,20190610,20201210,true,HK,US,UNIV CITY HONG KONG
ai,67432146,20190613,20190731,true,|GB|SG,EP|GB|US|WO,UNIV NANYANG TECH | UNIV SOUTHAMPTON
ai,68248776,20190614,20191025,false,,CN,SHENZHEN RESEARCH INSTITUTE THE HONG KONG POLYTECHNIC UNIV
ai,73745056,20190617,20201217,true,CH|HK,US,HEMY8 SA | UNIV CITY HONG KONG
ai,74037189,20190618,20201224,false,|CN,CN|US|WO,UNIV HONG KONG POLYTECHNIC
ai,67577958,20190619,20190816,false,,CN,PONG YUEN HOLDINGS LTD | UNIV HONG KONG POLYTECHNIC
ai,68968896,20190621,20191226,false,|CN,CN|US,UNIV HONG KONG | UNIV OF HONG KONG
ai,68659751,20190712,20191203,false,,CN,UNIV CHINESE HONG KONG SHENZHEN
ai,74101955,20190712,20210114,true,HK,US,UNIV CITY HONG KONG
ai,68853494,20190805,20191220,false,,CN,SHENZHEN RESEARCH INSTITUTE THE HONG KONG POLYTECHNIC UNIV
ai,74919805,20190820,20210312,false,,CN,NAT UNIV SINGAPORE | NUS SUZHOU RES INSTITUTE
ai,69587192,20190823,20200227,true,|HK,CN|US,UNIV HONG KONG SCI & TECH | UNIV HONG KONG SCIENCE & TECH
ai,72258783,20190823,20200904,false,,CN,UNIV HONG KONG POLYTECHNIC
ai,75162572,20190926,20210401,true,HK|US,US,AT & T IP I LP | UNIV HONG KONG SCIENCE & TECH
ai,75273476,20191004,20210408,true,HK,US,UNIV CITY HONG KONG
ai,70284448,20191010,20200423,false,|CN,CN|WO,UNIV HONG KONG CHINESE
ai,68296231,20191021,20200423,true,|CN|HK,CN|EP|US,UNIV HONG KONG CHINESE
ai,75585873,20191028,20210429,false,CN,US,UNIV HONG KONG CHINESE
ai,71613802,20191031,20200723,true,SG,SG|US|WO,NAT UNIV SINGAPORE
ai,75849049,20191104,20210514,false,|CN,CN|US|WO,UNIV CITY HONG KONG | UNIV HONG KONG | VERSITECH LTD
ai,75847747,20191107,20210513,true,|GB|SG,US,UNIV NANYANG TECH | UNIV SOUTHAMPTON
ai,75848605,20191108,20210514,true,SG,SG|WO,SINGAPORE MANAGEMENT UNIV
ai,75971220,20191126,20210527,false,|CN,CN|US,UNIV HONG KONG CHINESE
ai,75984843,20191126,20210528,false,,CN,UNIV HONG KONG CHINESE
ai,70849949,20191204,20200604,false,CN,US,UNIV HONG KONG CHINESE
ai,76234137,20191211,20210611,false,,CN,SHENZHEN RESEARCH INSTITUTE THE HONG KONG POLYTECHNIC UNIV
ai,76452280,20191225,20210625,false,,CN,SHENZHEN RESEARCH INSTITUTE THE HONG KONG POLYTECHNIC UNIV
ai,70830973,20191231,20200602,false,,CN,SHENZHEN INSTITUTE OF ARTIFICIAL INTELLIGENCE AND ROBOTICS FOR SOC | UNIV CHINESE HONG KONG SHENZHEN
ai,76546259,20191231,20210701,true,HK,US,UNIV HONG KONG BAPTIST UNIV
ai,76770069,20191231,20210716,false,,CN,SHENZHEN RESEARCH INSTITUTE THE HONG KONG POLYTECHNIC UNIV
ai,70652433,20200103,20200519,false,|CN,CN|US,SHENZHEN INSTITUTE OF ARTIFICIAL INTELLIGENCE AND ROBOTICS FOR SOC | UNIV CHINESE HONG KONG SHENZHEN
ai,76972470,20200114,20210730,false,,CN,SHENZHEN RESEARCH INSTITUTE THE HONG KONG POLYTECHNIC UNIV
ai,71156346,20200116,20200619,false,,CN,UNIV CHINESE HONG KONG SHENZHEN
ai,70865592,20200119,20200605,false,,CN,SHENZHEN INSTITUTE OF ARTIFICIAL INTELLIGENCE AND ROBOTICS FOR SOC | UNIV CHINESE HONG KONG SHENZHEN
ai,71737449,20200121,20200730,true,SG,US|WO,UNIV NANYANG TECH
ai,72041178,20200205,20200820,false,CN,US,UNIV HONG KONG CHINESE
ai,71947487,20200210,20200813,true,SG,AU|EP|SG|US|WO,UNIV NANYANG TECH
ai,72045666,20200211,20200820,true,|SG,CN|EP|SG|US|WO,NAT UNIV SINGAPORE | SINGAPORE HEALTH SERV PTE LTD
ai,72515990,20200225,20200924,false,CN,US,UNIV HONG KONG CHINESE
ai,77370295,20200227,20210827,false,,CN,SHENZHEN RESEARCH INSTITUTE THE HONG KONG POLYTECHNIC UNIV
ai,72338775,20200228,20200910,true,SG,WO,NAT UNIV SINGAPORE
ai,72338774,20200305,20200910,true,SG,WO,UNIV SINGAPORE TECHNOLOGY & DESIGN
ai,74059796,20200306,20201230,true,|SG|US,EP|TW|US|WO,MASSACHUSETTS INST TECHNOLOGY | UNIV BROWN | UNIV NANYANG TECH
ai,71748112,20200309,20200731,false,,CN,SHENZHEN INSTITUTE OF ARTIFICIAL INTELLIGENCE AND ROBOTICS FOR SOC | UNIV CHINESE HONG KONG SHENZHEN
ai,77569394,20200309,20210910,false,,CN,SHENZHEN RESEARCH INSTITUTE THE HONG KONG POLYTECHNIC UNIV
ai,70710401,20200310,20200522,false,,CN,HKUST SHENZHEN RES INSTITUTE
ai,71491009,20200311,20200714,false,,CN,UNIV CHINESE HONG KONG SHENZHEN
ai,77665542,20200311,20210916,true,CN|HK,US,UNIV HONG KONG CHINESE
ai,77664201,20200316,20210916,false,CN,US,UNIV HONG KONG CHINESE
ai,77767946,20200316,20210923,true,|CN|KY|SG,CN|US|WO,ALIBABA GROUP HOLDING LTD | UNIV NANYANG TECH
ai,71191480,20200317,20200630,false,,CN,SHENZHEN INSTITUTE OF ARTIFICIAL INTELLIGENCE AND ROBOTICS FOR SOC | UNIV CHINESE HONG KONG SHENZHEN
ai,71424673,20200318,20200710,false,,CN,SHENZHEN INSTITUTE OF ARTIFICIAL INTELLIGENCE AND ROBOTICS FOR SOC | UNIV CHINESE HONG KONG SHENZHEN
ai,71549615,20200318,20200717,false,,CN,SHENZHEN INSTITUTE OF ARTIFICIAL INTELLIGENCE AND ROBOTICS FOR SOC | UNIV CHINESE HONG KONG SHENZHEN
ai,72607763,20200318,20201001,false,|CN,CN|US,UNIV HONG KONG POLYTECHNIC
ai,77856282,20200326,20210930,true,HK,US,UNIV HONG KONG
ai,72747436,20200414,20201015,false,|CN,CN|US,UNIV HONG KONG SCI & TECH | UNIV HONG KONG SCIENCE & TECH
ai,73553013,20200417,20201203,true,SG,WO,UNIV SINGAPORE TECHNOLOGY & DESIGN
ai,78123609,20200420,20211022,false,,CN,UNIV HONG KONG SCIENCE & TECH
ai,71977300,20200426,20200814,false,,CN,SHENZHEN RES INSTITUTE OF BIG DATA | UNIV CHINESE HONG KONG SHENZHEN
ai,78414886,20200426,20211112,false,,CN,UNIV HONG KONG SCIENCE & TECH
ai,71977365,20200427,20200814,false,,CN,HKUST FOK YING TUNG RES INST
ai,72187704,20200428,20200828,false,,CN,SHENZHEN INSTITUTE OF ARTIFICIAL INTELLIGENCE AND ROBOTICS FOR SOC | UNIV CHINESE HONG KONG SHENZHEN
ai,73029738,20200429,20201105,true,SG,WO,NAT UNIV SINGAPORE
ai,73290360,20200508,20201119,true,SG,SG|WO,UNIV SINGAPORE TECHNOLOGY & DESIGN
ai,74603817,20200511,20210223,false,|CN,CN|US,UNIV HONG KONG SCI & TECH | UNIV HONG KONG SCIENCE & TECH
ai,73290354,20200515,20201119,true,SG,AU|EP|SG|US|WO,NAT UNIV SINGAPORE
ai,78645752,20200520,20211125,true,|CN|SG,CN|WO,HUAWEI TECH CO LTD | SINGAPORE MANAGEMENT UNIV
ai,73237617,20200522,20201110,false,,CN,INST COMPUTING TECH CAS | UNIV CITY HONG KONG
ai,73745930,20200527,20201217,true,|HK,CN|US,UNIV HONG KONG SCI & TECH | UNIV HONG KONG SCIENCE & TECH
ai,78707383,20200528,20211202,false,CN,US,UNIV HONG KONG CHINESE
ai,78704437,20200601,20211202,true,HK,US,UNIV CITY HONG KONG
ai,71092503,20200608,20211216,true,FR|SG,EP|WO,COMMISSARIAT ENERGIE ATOMIQUE | UNIV NANYANG TECH
ai,73652630,20200608,20201210,true,SG,WO,UNIV SINGAPORE TECHNOLOGY & DESIGN
ai,74115340,20200612,20210114,true,SG,WO,UNIV NANYANG TECH
ai,78825262,20200612,20211216,false,|GB,US,UNIV NANYANG TECH | UNIV SOUTHAMPTON
ai,78911923,20200618,20211221,false,,CN,ALIBABA GROUP HOLDING LTD | NAT UNIV SINGAPORE
ai,74062099,20200624,20201230,true,SG,WO,UNIV SINGAPORE TECHNOLOGY & DESIGN
ai,74062108,20200624,20201230,true,SG,WO,UNIV SINGAPORE TECHNOLOGY & DESIGN
ai,74101375,20200626,20210107,true,|SG,CN|EP|SG|US|WO,NAT UNIV SINGAPORE | SINGASIAN SLOPE NATIONAL UNIV
ai,72651502,20200628,20201002,false,,CN,SHENZHEN RES INSTITUTE OF BIG DATA | UNIV CHINESE HONG KONG SHENZHEN
ai,78972087,20200628,20211228,false,|CN,CN|US,UNIV HONG KONG CHINESE
ai,74115341,20200703,20210114,true,|SG,CN|EP|US|WO,NAT UNIV SINGAPORE | SINGASIAN SLOPE NATIONAL UNIV
ai,74194309,20200707,20210128,true,SG,WO,NAT UNIV SINGAPORE
ai,74181446,20200713,20210121,true,SG,WO,UNIV NANYANG TECH
ai,73498915,20200804,20201201,false,,CN,SHENZHEN RESEARCH INSTITUTE THE HONG KONG POLYTECHNIC UNIV
ai,74504307,20200805,20210211,true,SG,US|WO,NAT UNIV SINGAPORE
ai,73284757,20200807,20201110,false,|CN,CN|WO,SHENZHEN QIANHAI WEBANK CO LTD | UNIV HONG KONG SCIENCE & TECH | WEBANK CO LTD
ai,73245582,20200811,20201106,false,,CN,UNIV CHINESE HONG KONG SHENZHEN
ai,80247483,20200811,20220217,false,CN,WO,UNIV CHINESE HONG KONG SHENZHEN
ai,73804906,20200813,20201222,false,,CN,UNIV HONG KONG
ai,73727925,20200814,20201215,false,,CN,SHENZHEN RESEARCH INSTITUTE THE HONG KONG POLYTECHNIC UNIV
ai,74686119,20200821,20210304,true,SG,WO,NAT UNIV SINGAPORE
ai,80269660,20200824,20220224,true,HK,US,UNIV CITY HONG KONG
ai,80356844,20200827,20220303,false,CN,US,UNIV HONG KONG CHINESE
ai,73446907,20200831,20201124,false,,CN,UNIV CHINESE HONG KONG SHENZHEN
ai,74014781,20200911,20210108,false,,CN,SHENZHEN RESEARCH INSTITUTE THE HONG KONG POLYTECHNIC UNIV
ai,74870019,20200911,20210318,true,|CN|SG,CN|WO,SOUTH ART SCIENCE AND ENGINEERING UNIV | UNIV BEIJING | UNIV NANYANG TECH
ai,75169156,20200916,20210401,true,SG,WO,NAT UNIV SINGAPORE
ai,80644512,20200916,20220318,false,,CN,SHENZHEN BIG DATA RES INSTITUTE | SHENZHEN RESEARCH INSTITUTE OF HONG KONG UNIV
ai,73897714,20200922,20201229,false,,CN,SHENZHEN INSTITUTE OF ARTIFICIAL INTELLIGENCE AND ROBOTICS FOR SOC | UNIV CHINESE HONG KONG SHENZHEN
ai,74014624,20200924,20210108,false,,CN,SHENZHEN RESEARCH INSTITUTE THE HONG KONG POLYTECHNIC UNIV
ai,80788773,20200924,20220329,true,|CN|SG,CN|WO,HUAWEI TECH CO LTD | SINGAPORE MANAGEMENT UNIV
ai,80789959,20200924,20220329,false,,CN,HUAWEI TECH CO LTD | SINGAPORE MANAGEMENT UNIV
ai,80790032,20200924,20220329,false,,CN,SHENZHEN RESEARCH INSTITUTE OF HONG KONG SCIENCE AND INDUSTRY UNIV
ai,80790119,20200924,20220329,false,,CN,SHENZHEN RESEARCH INSTITUTE OF HONG KONG SCIENCE AND INDUSTRY UNIV
ai,72811742,20201002,20210415,false,|CN,CN|EP|US,UNIV HONG KONG CHINESE
ai,79023139,20201007,20211223,false,CN,US,UNIV HONG KONG CHINESE
ai,74882208,20201012,20210325,false,CN,US,UNIV HONG KONG POLYTECHNIC
ai,75597256,20201014,20210430,false,,CN,PKU HKUST SHENZHEN HONG KONG INST | UNIV PEKING SHENZHEN GRADUATE SCHOOL
ai,74313069,20201019,20210205,false,,CN,SHENZHEN RESEARCH INSTITUTE THE HONG KONG POLYTECHNIC UNIV
ai,74508230,20201019,20210212,false,,CN,SHENZHEN COOS SCIENCE & DEV CO LTD | UNIV HONG KONG POLYTECHNIC
ai,75620905,20201021,20210429,true,SG,WO,NAT UNIV SINGAPORE
ai,74297242,20201028,20210205,false,,CN,UNIV CHINESE HONG KONG SHENZHEN
ai,74372612,20201028,20210129,false,,CN,UNIV CHINESE HONG KONG SHENZHEN
ai,78646666,20201028,20211126,false,,CN,UNIV CHINESE HONG KONG SHENZHEN
ai,74930821,20201116,20210312,false,,CN,UNIV CHINESE HONG KONG SHENZHEN
ai,74600571,20201117,20210223,false,,CN,UNIV CHINESE HONG KONG SHENZHEN
ai,74322297,20201123,20210205,false,,CN,UNIV CHINESE HONG KONG SHENZHEN
ai,74799562,20201123,20210309,false,,CN,UNIV CHINESE HONG KONG SHENZHEN
ai,74778561,20201124,20210226,false,,CN,SHENZHEN INSTITUTE OF ARTIFICIAL INTELLIGENCE AND ROBOTICS FOR SOC | UNIV CHINESE HONG KONG SHENZHEN
ai,74934952,20201126,20210312,false,,CN,SHENZHEN INSTITUTE OF ARTIFICIAL INTELLIGENCE AND ROBOTICS FOR SOC | UNIV CHINESE HONG KONG SHENZHEN
ai,74936316,20201127,20210312,false,,CN,SHENZHEN RESEARCH INSTITUTE THE HONG KONG POLYTECHNIC UNIV
ai,76132748,20201127,20210603,true,SG,WO,NAT UNIV SINGAPORE
ai,75128168,20201202,20210330,false,|CN,CN|WO,SHENZHEN QIANHAI WEBANK CO LTD | UNIV HONG KONG SCIENCE & TECH | WEBANK CO LTD
ai,75019531,20201208,20210323,false,,CN,UNIV CHINESE HONG KONG SHENZHEN
ai,76689735,20201210,20210708,true,SG,WO,NAT UNIV SINGAPORE
ai,82130668,20201211,20220701,false,,CN,HONG KONG CITY UNIV SHENZHEN RESEARCH INSTITUTE
ai,75313019,20201215,20210409,false,,CN,PKU HKUST SHENZHEN HONG KONG INST | UNIV PEKING SHENZHEN GRADUATE SCHOOL
ai,79586278,20201221,20220125,true,|HK,CN|US,UNIV CITY HONG KONG
ai,75321656,20201223,20210409,false,,CN,SHENZHEN RESEARCH INSTITUTE THE CHINESE UNIV OF HONG KONG
ai,75925020,20201225,20210525,false,,CN,SHENZHEN RESEARCH INSTITUTE THE CHINESE UNIV OF HONG KONG
ai,75286207,20201228,20210409,false,,CN,SHENZHEN INSTITUTE OF ARTIFICIAL INTELLIGENCE AND ROBOTICS FOR SOC | UNIV CHINESE HONG KONG SHENZHEN
ai,75511375,20201228,20210423,false,,CN,SHENZHEN INSTITUTE OF ARTIFICIAL INTELLIGENCE AND ROBOTICS FOR SOC | UNIV CHINESE HONG KONG SHENZHEN
ai,75924953,20201228,20210525,false,,CN,SHENZHEN RESEARCH INSTITUTE THE CHINESE UNIV OF HONG KONG
ai,76689736,20201228,20210708,true,|SG,AU|CN|EP|US|WO,NAT UNIV SINGAPORE | SINGAPORE HEALTH SERV PTE LTD
ai,82129596,20201228,20220701,false,,CN,HONG KONG CHINESE UNIV
ai,75607097,20201229,20210430,false,,CN,PKU HKUST SHENZHEN HONG KONG INST | UNIV PEKING SHENZHEN GRADUATE SCHOOL
ai,76046318,20201229,20210601,false,,CN,SHENZHEN RESEARCH INSTITUTE THE CHINESE UNIV OF HONG KONG
ai,76689741,20201229,20210708,true,SG,US|WO,NCS PTE LTD | UNIV NANYANG TECH
ai,76459121,20201230,20210625,false,,CN,SHENZHEN RESEARCH INSTITUTE THE HONG KONG POLYTECHNIC UNIV
ai,82167336,20201230,20220705,false,,CN,UNIV HONG KONG CHINESE
ai,76788900,20210105,20210715,true,|SG,CN|US|WO,NAT UNIV SINGAPORE
ai,75868985,20210112,20210518,false,,CN,SHENZHEN RESEARCH INSTITUTE THE HONG KONG POLYTECHNIC UNIV
ai,76863628,20210113,20210722,true,SG,WO,NAT UNIV SINGAPORE
ai,76993404,20210118,20210729,true,SG,WO,DATASPARK PTE LTD | UNIV NANYANG TECH
ai,75397142,20210124,20210415,true,CN|SG,AU,CENTER OF CIVIL ENGINEERING TESTING HUAZHONG UNIVERSITY OF SCIENCE AND TECHNOLOGY | CHINA CONSTR 3RD ENG BUREAU CO | CHINA CONSTRUCTION READY MIXED CONCRETE CO LTD | NANYANG TECHNOLOGICAL UNIVERSITY SINGAPORE | UNIV HUAZHONG SCIENCE TECH | WUHAN HANYANG MUNICIPAL CONSTR GROUP CO LTD | WUHAN INST OF LANDSCAPE ARCHITECTURAL DESIGN CO LTD | WUHAN MUNICIPAL ENG QUALITY SUPERVISION STATION | WUHAN UNIV ZHONGNAN HOSP OF WUHAN UNIVERSITY | WUHAN ZHONGCHENG INDUSTRIAL DEVELOPMENT CO LTD
ai,77390413,20210218,20210826,false,|CN,CN|WO,UNIV HONG KONG POLYTECHNIC
ai,77555162,20210224,20210909,false,|CN,CN|US,UNIV HONG KONG SCIENCE & TECH
ai,76054535,20210225,20210601,false,,CN,SHENZHEN RESEARCH INSTITUTE THE HONG KONG POLYTECHNIC UNIV
ai,77492142,20210226,20210902,true,SG,US|WO,UNIV SINGAPORE TECHNOLOGY & DESIGN
ai,83006995,20210301,20220901,true,HK,US,UNIV CITY HONG KONG | UNIV HONG KONG | VERSITECH LTD
ai,77614513,20210303,20210910,true,SG,WO,NAT UNIV SINGAPORE
ai,83155164,20210303,20220909,true,|SG|US,CN|EP|US|WO,HEWLETT PACKARD DEVELOPMENT CO | PERIDOT PRINT LLC | UNIV NANYANG TECH
ai,76173391,20210304,20210608,false,,CN,SHENZHEN RESEARCH INSTITUTE THE HONG KONG POLYTECHNIC UNIV
ai,77672467,20210304,20210916,true,SG,US|WO,UNIV NANYANG TECH
ai,76228731,20210308,20210611,false,,CN,SHENZHEN RESEARCH INSTITUTE THE HONG KONG POLYTECHNIC UNIV
ai,77672464,20210309,20210916,true,SG,WO,NAT UNIV SINGAPORE
ai,83193965,20210309,20220915,true,HK,US,UNIV HONG KONG POLYTECHNIC
ai,76335330,20210316,20210618,false,,CN,SHENZHEN RESEARCH INSTITUTE THE HONG KONG POLYTECHNIC UNIV
ai,76406710,20210322,20210622,false,,CN,SHENZHEN INSTITUTE OF ARTIFICIAL INTELLIGENCE AND ROBOTICS FOR SOC | UNIV CHINESE HONG KONG SHENZHEN
ai,78373294,20210322,20211104,true,|CN|HK,CN|US|WO,UNIV HONG KONG | VERSITECH LTD
ai,78373295,20210322,20211104,true,|CN|HK,CN|US|WO,UNIV HONG KONG | VERSITECH LTD
ai,77926969,20210323,20211007,true,|CN|HK,CN|US|WO,UNIV HONG KONG
ai,83364104,20210324,20220929,true,HK,US,UNIV CITY | UNIV CITY HONG KONG
ai,77930438,20210329,20211007,true,SG,WO,UNIV NANYANG TECH
ai,76338774,20210331,20210618,false,,CN,SHANGHAI MISHANG TECH CO LTD | UNIV CHINESE HONG KONG SHENZHEN
ai,76775199,20210407,20210716,false,,CN,PKU HKUST SHENZHEN HONG KONG INST | UNIV PEKING SHENZHEN GRADUATE SCHOOL
ai,78062168,20210407,20211019,false,,CN,PKU HKUST SHENZHEN HONG KONG INST | UNIV PEKING SHENZHEN GRADUATE SCHOOL
ai,78005702,20210408,20211014,false,|CN,CN|US,UNIV HONG KONG SCIENCE & TECH
ai,76132825,20210415,20210603,false,CN,AU,China railway tunnel group co ltd | NANYANG TECHNOLOGICAL UNIVERSITY SINGAPORE | UNIV HUAZHONG SCIENCE TECH | WUHAN BISHUI INVESTMENT OPERATION CO LTD | WUHAN HUAZHONG UNIVERSITY OF SCIENCE AND TECHNOLOGY TESTING TECHNOLOGY CO LTD | WUHAN INST OF LANDSCAPE ARCHITECTURAL DESIGN CO LTD
ai,76132897,20210415,20210603,false,CN,AU,NANYANG TECHNOLOGICAL UNIVERSITY SINGAPORE | UNIV HUAZHONG SCIENCE TECH | WUHAN HUAZHONG UNIVERSITY OF SCIENCE AND TECHNOLOGY TESTING TECHNOLOGY CO LTD | WUHAN METRO GROUP CO LTD
ai,76132907,20210415,20210603,false,CN,AU,CHINA CONSTR 3RD ENG BUREAU CO | CHINA CONSTRUCTION READY MIXED CONCRETE CO LTD | NANYANG TECHNOLOGICAL UNIVERSITY SINGAPORE | UNIV HUAZHONG SCIENCE TECH | WUHAN HANYANG MUNICIPAL CONSTR GROUP CO LTD | WUHAN HUAZHONG UNIVERSITY OF SCIENCE AND TECHNOLOGY TESTING TECHNOLOGY CO LTD | WUHAN MUNICIPAL ENG QUALITY SUPERVISION STATION
ai,78062567,20210421,20211019,false,,CN,SHENZHEN RESEARCH INSTITUTE THE HONG KONG POLYTECHNIC UNIV
ai,76812149,20210423,20210720,false,,CN,SHENZHEN RES INSTITUTE OF BIG DATA | UNIV CHINESE HONG KONG SHENZHEN
ai,76812490,20210423,20210720,false,,CN,SHENZHEN RES INSTITUTE OF BIG DATA | UNIV CHINESE HONG KONG SHENZHEN
ai,83665989,20210423,20221025,false,,CN,NAT UNIV SINGAPORE | NUS SUZHOU RES INSTITUTE
ai,78415756,20210425,20211112,false,,CN,NAT UNIV SINGAPORE
ai,82705899,20210427,20220809,true,HK,US,UNIV CITY HONG KONG
ai,83694380,20210427,20221027,true,|HK,CN|US,UNIV CITY HONG KONG
ai,83696756,20210428,20221028,false,,CN,UNIV HONG KONG CHINESE
ai,77090885,20210430,20210806,false,,CN,THE JOINT SHANTOU INTERNATIONAL EYE CENTER JSIEC OF SHANTOU UNIV AND THE CHINESE UNIV OF HONG KONG
ai,83853358,20210507,20221108,false,,CN,ALIBABA SINGAPORE HOLDING LTD | UNIV SINGAPORE TECHNOLOGY & DESIGN
ai,76721680,20210508,20210713,false,,CN,SHENZHEN INSTITUTE OF ARTIFICIAL INTELLIGENCE AND ROBOTICS FOR SOC | UNIV CHINESE HONG KONG SHENZHEN
ai,77134130,20210513,20210810,false,,CN,Guangdong yuegang water supply co ltd | UNIV CHINESE HONG KONG SHENZHEN
ai,83017930,20210513,20220902,true,|SG,CN|TW,DELTA ELECTRONICS INT L SINGAPORE PTE LTD | DELTA ELECTRONICS INT SINGAPORE PTE LTD | UNIV NANYANG TECH
ai,77468631,20210514,20210903,false,,CN,UNIV CHINESE HONG KONG SHENZHEN
ai,77092709,20210518,20210806,false,,CN,HKUST FOK YING TUNG RES INST
ai,78065033,20210526,20211019,false,,CN,SHENZHEN RES INSTITUTE OF BIG DATA | UNIV CHINESE HONG KONG SHENZHEN
ai,84156014,20210528,20221129,false,,CN,HUAWEI TECH CO LTD | UNIV CITY HONG KONG
ai,84156271,20210528,20221129,false,,CN,ALIBABA SINGAPORE HOLDING LTD | UNIV NANYANG TECH
ai,78942435,20210531,20211217,false,,CN,HUAWEI TECH CO LTD | NAT UNIV SINGAPORE
ai,78831699,20210604,20211209,true,|SG,CN|EP|US|WO,NAT UNIV SINGAPORE
ai,84295343,20210608,20221209,false,,CN,SHENZHEN INSTITUTE OF RESEARCH AND INNOVATION UNIV OF HONG KONG | SHENZHEN RES INSTITUTE OF BIG DATA
ai,78095731,20210609,20211022,false,,CN,SHENZHEN RESEARCH INSTITUTE THE CHINESE UNIV OF HONG KONG
ai,78923894,20210610,20211221,false,|CN,CN|US,UNIV HONG KONG SCIENCE & TECH
ai,79268732,20210615,20211223,true,SG,US|WO,NAT UNIV SINGAPORE
ai,79268735,20210615,20211223,true,SG,EP|US|WO,NAT UNIV SINGAPORE
ai,78648139,20210616,20211126,false,,CN,SHENZHEN RESEARCH INSTITUTE THE HONG KONG POLYTECHNIC UNIV
ai,78826223,20210616,20211216,true,HK,US,UNIV CITY HONG KONG
ai,78244014,20210621,20211102,false,,CN,SHENZHEN RESEARCH INSTITUTE THE HONG KONG POLYTECHNIC UNIV
ai,79268734,20210621,20211223,true,SG,WO,NAT UNIV SINGAPORE
ai,78125518,20210622,20211022,false,,CN,SHENZHEN RESEARCH INSTITUTE THE HONG KONG POLYTECHNIC UNIV
ai,84489485,20210622,20221222,true,HK,US,UNIV CITY HONG KONG
ai,82525373,20210623,20220729,false,,CN,UNIV HONG KONG SCIENCE & TECH
ai,84706475,20210629,20230105,true,|CN|SG,CN|WO,NAT UNIV SINGAPORE | NATIONAL UNIV OF SINGAPORE SUZHOU RESEARCH INSTITUTE | NUS SUZHOU RES INSTITUTE
ai,77758575,20210702,20210924,false,,CN,UNIV CHINESE HONG KONG SHENZHEN
ai,78126693,20210702,20211022,false,,CN,SHENZHEN RESEARCH INSTITUTE THE HONG KONG POLYTECHNIC UNIV
ai,78222473,20210702,20211028,true,AT|SG,US,UNIV SINGAPORE TECHNOLOGY & DESIGN | UNIV WIEN
ai,83363303,20210707,20220929,true,HK,US,UNIV CITY HONG KONG
ai,84976822,20210713,20230126,true,HK,US,UNIV CITY HONG KONG
ai,79556144,20210715,20220120,true,SG,WO,UNIV SINGAPORE TECHNOLOGY & DESIGN
ai,78380113,20210719,20211109,false,,CN,UNIV CHINESE HONG KONG SHENZHEN
ai,84976764,20210721,20230126,false,|CN,CN|US,UNIV HONG KONG CHINESE
ai,79729999,20210722,20220127,true,SG,WO,NAT UNIV SINGAPORE
ai,77943418,20210723,20211008,false,,CN,UNIV CHINESE HONG KONG SHENZHEN
ai,78067559,20210723,20211019,false,,CN,UNIV CHINESE HONG KONG SHENZHEN
ai,78068730,20210803,20211019,false,|CN,CN|WO,UNIV CHINESE HONG KONG SHENZHEN
ai,78674791,20210804,20211130,false,,CN,UNIV CHINESE HONG KONG SHENZHEN
ai,80120152,20210804,20220210,true,SG,WO,SURBANA JURONG PRIVATE LTD | UNIV NANYANG TECH
ai,80248220,20210811,20220217,true,SG,WO,NAT UNIV SINGAPORE
ai,77818702,20210817,20210928,false,|CN,CN|WO,SHENZHEN INSTITUTE OF ARTIFICIAL INTELLIGENCE AND ROBOTICS FOR SOC | UNIV CHINESE HONG KONG SHENZHEN
ai,85385182,20210817,20230309,false,CN,US,UNIV CITY HONG KONG
ai,85253337,20210823,20230228,true,|CN|HK,CN|US|WO,TCL TECH GROUP CORP | UNIV HONG KONG | VERSITECH LTD
ai,78492630,20210824,20211116,false,,CN,HKUST FOK YING TUNG RES INST
ai,80492474,20210902,20220310,true,|SG,CN|EP|US|WO,SINGAPORE HEALTH SERV PTE LTD | UNIV NANYANG TECH
ai,85473422,20210908,20230314,true,|CN|HK,CN|US|WO,TCL TECH GROUP CORP | UNIV HONG KONG | UNIV OF HONG KONG VERSITECH LIMITED | VERSITECH LTD
ai,78737673,20210909,20211203,false,,CN,UNIV CHINESE HONG KONG SHENZHEN
ai,80626898,20210913,20220317,false,CN,US,UNIV CITY HONG KONG
ai,79586704,20210922,20220125,false,,CN,SHENZHEN RESEARCH INSTITUTE THE HONG KONG POLYTECHNIC UNIV
ai,84841903,20210923,20230113,false,,CN,UNIV CITY HONG KONG
ai,85572898,20210923,20230323,false,CN,US,UNIV CITY HONG KONG
ai,80204639,20210924,20220215,false,,CN,SHENZHEN INSTITUTE OF ARTIFICIAL INTELLIGENCE AND ROBOTICS FOR SOC | UNIV CHINESE HONG KONG SHENZHEN
ai,79736824,20210926,20220128,false,,CN,SHENZHEN INST OF ADV TECH CAS | SHENZHEN URBAN PUBLIC SECURITY TECH RESEARCH INSTITUTE CO LTD | UNIV CHINA MINING | UNIV CHINESE HONG KONG SHENZHEN
ai,81257496,20210927,20220428,true,|HK,CN|US,HONG KONG UNIV | UNIV HONG KONG
ai,79237685,20210930,20220111,false,,CN,ALIBABA DAMO ACADEMY HANGZHOU TECH CO LTD | UNIV HONG KONG CHINESE
ai,85783000,20211001,20230406,false,CN|KR,KR|WO,LG ELECTRONICS INC | UNIV HONG KONG
ai,81079075,20211008,20220414,false,CN|KR,US,LG ELECTRONICS INC | UNIV HONG KONG
ai,82627362,20211009,20220805,false,,CN,UNIV HONG KONG SCIENCE & TECH
ai,79464626,20211019,20220121,true,|SG,AU|CN|EP|KR|US|WO,NAT UNIV SINGAPORE
ai,78965881,20211025,20211224,false,,CN,UNIV CHINESE HONG KONG SHENZHEN
ai,81384493,20211026,20220505,true,SG,WO,UNIV NANYANG TECH
ai,80379608,20211029,20220301,false,,CN,SHENZHEN RESEARCH INSTITUTE OF HONG KONG SCIENCE AND INDUSTRY UNIV
ai,81458607,20211103,20220512,true,SG,US|WO,AGENCY SCIENCE TECH & RES | NAT UNIV SINGAPORE
ai,81709888,20211103,20220527,true,SG,WO,UNIV NANYANG TECH
ai,81458612,20211105,20220512,true,SG,WO,UNIV NANYANG TECH
ai,79927959,20211108,20220201,false,,CN,SHENZHEN RES INSTITUTE OF BIG DATA | UNIV CHINESE HONG KONG SHENZHEN
ai,81458618,20211109,20220512,true,SG,WO,NAT UNIV SINGAPORE
ai,78784916,20211110,20211207,false,,CN,UNIV CHINESE HONG KONG SHENZHEN
ai,81602691,20211112,20220519,true,SG,WO,NAT UNIV SINGAPORE
ai,86324038,20211117,20230518,true,HK,US,UNIV CITY HONG KONG
ai,86397065,20211117,20230525,false,CN|KR,US|WO,LG ELECTRONICS INC | UNIV HONG KONG
ai,80456608,20211118,20220308,true,|SG,AU|CN|EP|KR|US|WO,NAT UNIV SINGAPORE | SINGASIAN SLOPE NATIONAL UNIV
ai,81853819,20211122,20220609,false,|CN,CN|WO,UNIV HONG KONG
ai,81754982,20211124,20220602,false,|CN,CN|US|WO,UNIV HONG KONG
ai,84426601,20211124,20221213,true,|DE|SG,CN|DE|US,CONTINENTAL AUTOMOTIVE GMBH | CONTINENTAL AUTOMOTIVE TECH GMBH | UNIV NANYANG TECH
ai,80368779,20211130,20220301,false,,CN,DEEP HARBOR INDUSTRY UNIV RESEARCH BASE SHENZHEN RESEARCH AND REPAIR COURTYARD OF HONG KONG SCIENCE
ai,80481739,20211130,20220311,false,,CN,DEEP HARBOR INDUSTRY UNIV RESEARCH BASE SHENZHEN RESEARCH AND REPAIR COURTYARD OF HONG KONG SCIENCE
ai,81756300,20211130,20220602,true,SG,WO,NAT UNIV SINGAPORE
ai,80365262,20211201,20220301,false,,CN,HONG KONG CHINESE UNIV SHENZHEN
ai,86609024,20211202,20230608,true,HK,US,UNIV CITY HONG KONG
ai,81854930,20211203,20220609,true,SG,EP|US|WO,NAT UNIV SINGAPORE
ai,82060120,20211206,20220623,true,SG,WO,NAT UNIV SINGAPORE
ai,86581128,20211206,20230606,false,,CN,CITY UNIV OF HONG KONG SHENZHEN RESEARCH INSTITUTE
ai,86607757,20211206,20230608,true,HK,US,UNIV CITY HONG KONG
ai,80603948,20211209,20220315,false,,CN,HONG KONG SCIENCE AND ENGINEERING UNIV
ai,81848098,20211209,20220609,false,CN,US,UNIV HONG KONG CHINESE
ai,80450597,20211210,20220308,false,|CN,CN|WO,HONG KONG SCIENCE AND TECHNOLOGY UNIV | SHENZHEN QIANHAI WECHWAN BANK CO LTD | UNIV HONG KONG SCIENCE & TECH | WEBANK CO LTD
ai,81974860,20211210,20220616,true,SG,US|WO,NAT UNIV SINGAPORE
ai,84535902,20211213,20230615,true,DE|SG,DE|WO,CONTINENTAL AUTOMOTIVE TECH GMBH | UNIV NANYANG TECH
ai,86768309,20211216,20230622,false,CN,US,UNIV CITY HONG KONG
ai,81548050,20211217,20220517,false,,CN,DEEP HARBOR INDUSTRY UNIV RESEARCH BASE SHENZHEN RESEARCH AND REPAIR COURTYARD OF HONG KONG SCIENCE
ai,81493203,20211220,20220513,false,,CN,DEEP HARBOR INDUSTRY UNIV RESEARCH BASE SHENZHEN RESEARCH AND REPAIR COURTYARD OF HONG KONG SCIENCE
ai,81547799,20211220,20220517,false,,CN,HONG KONG CHINESE UNIV SHENZHEN
ai,80760394,20211221,20220325,false,,CN,HONG KONG CHINESE UNIV SHENZHEN | SHENZHEN BIG DATA RES INSTITUTE
ai,82160166,20211221,20220630,true,SG,WO,NAT UNIV SINGAPORE
ai,86946142,20211222,20230629,true,KR|SG,KR,NAT UNIV SINGAPORE | UNIV KOREA RES & BUS FOUND
ai,81267876,20211223,20220429,false,,CN,HONG KONG CHINESE UNIV SHENZHEN | SHENZHEN BIG DATA RES INSTITUTE
ai,84724671,20211230,20221230,true,|SG,CN|TW|US,DELTA ELECTRONICS INT L SINGAPORE PTE LTD | DELTA ELECTRONICS INTL SINGAPORE PTE LTD | UNIV NANYANG TECH
ai,81365402,20211231,20220506,false,,CN,HONG KONG CHINESE UNIV SHENZHEN
ai,86991961,20220104,20230706,false,CN,US,UNIV CITY HONG KONG
ai,80796260,20220107,20220329,true,|SG,CN|WO,NAT UNIV SINGAPORE | SINGASIAN SLOPE NATIONAL UNIV
ai,87132539,20220107,20230718,false,,CN,TENCENT TECH SHENZHEN CO LTD | UNIV CHINESE HONG KONG SHENZHEN
ai,87212368,20220111,20230725,false,,CN,CITY UNIV OF HONG KONG SHENZHEN RESEARCH INSTITUTE
ai,87348690,20220118,20230727,true,SG,WO,AGENCY SCIENCE TECH & RES | UNIV NANYANG TECH
ai,82549190,20220119,20220728,true,|SG,CN|EP|US|WO,SINGAPORE HEALTH SERV PTE LTD | UNIV NANYANG TECH
ai,81276040,20220121,20220429,false,|CN,CN|WO,GUANGZHOU HKUST FOK YING TUNG RES INSTITUTE | HONGDONG RES INSTITUTE OF HONG KONG SCIENCE OF GUANGZHOU CITY
ai,81412025,20220129,20220510,false,,CN,HONG KONG SCIENCE AND TECHNOLOGY UNIV | SHENZHEN QIANHAI WECHWAN BANK CO LTD
ai,82742574,20220204,20220811,true,SG,US|WO,UNIV SINGAPORE TECHNOLOGY & DESIGN
ai,82742581,20220204,20220811,true,SG,US|WO,SILVER FACTORY TECH PTE LTD | UNIV NANYANG TECH
ai,81775016,20220209,20220603,false,,CN,HONG KONG SCIENCE AND TECHNOLOGY UNIV
ai,82801671,20220215,20220818,true,HK,US,UNIV HONG KONG SCIENCE & TECH
ai,84723464,20220216,20221221,true,|SG,CN|TW|US,DELTA ELECTRONICS INT L SINGAPORE PTE LTD | DELTA ELECTRONICS INTL SINGAPORE PTE LTD | UNIV NANYANG TECH
ai,82932305,20220217,20220825,true,|SG,CN|WO,NAT UNIV SINGAPORE
ai,83050168,20220222,20220901,true,SG,WO,NAT UNIV SINGAPORE
ai,81947661,20220225,20220617,false,,CN,HONG KONG SCIENCE AND TECHNOLOGY UNIV
ai,83153684,20220225,20220909,false,|CN,CN|EP|US|WO,UNIV HONG KONG
ai,83155522,20220228,20220909,true,|SG|US,CN|WO,NAT UNIV SINGAPORE | UNIV CALIFORNIA
ai,82529014,20220302,20220729,false,,CN,ALIBABA CHINA CO LTD | UNIV NANYANG TECH
ai,83195370,20220311,20220915,false,|CN,CN|US,UNIV HONG KONG
ai,83322375,20220317,20220922,true,SG,US|WO,UNIV NANYANG TECH
ai,83322377,20220317,20220922,true,|SG,CN|WO,UNIV NANYANG TECH
ai,81901713,20220318,20220614,false,,CN,HONG KONG CHINESE UNIV SHENZHEN RESEARCH INSTITUTE
ai,83398096,20220321,20220929,true,SG,WO,SINGAPORE MANAGEMENT UNIV
ai,81263441,20220328,20220429,false,,CN,PHENG UNIV HONG KONG CHINESE UNIV COMBINED PHENG INTERNATIONAL OPHTHALMOLOGY CENTER
ai,82033114,20220328,20220624,false,,CN,HONG KONG CHINESE UNIV SHENZHEN
ai,82276325,20220328,20220712,false,,CN,UNIV CHINESE HONG KONG SHENZHEN
ai,82075450,20220331,20220628,false,,CN,HONG KONG CHINESE UNIV SHENZHEN
ai,83157213,20220331,20220913,false,,CN,UNIV CHINESE HONG KONG SHENZHEN
ai,81389189,20220406,20231011,true,DE|SG,EP|HU|US,ELEKTROBIT AUTOMOTIVE GMBH | UNIV NANYANG TECH
ai,83546653,20220407,20221013,true,|SG,CN|WO,UNIV NANYANG TECH
ai,83546654,20220408,20221013,true,SG,US|WO,NAT UNIV SINGAPORE
ai,81448353,20220412,20231019,true,SG|US,WO,HEWLETT PACKARD DEVELOPMENT CO | UNIV NANYANG TECH
ai,81595714,20220414,20231019,true,SG|US,WO,HEWLETT PACKARD DEVELOPMENT CO | UNIV NANYANG TECH
ai,81595874,20220414,20231019,true,SG|US,WO,HEWLETT PACKARD DEVELOPMENT CO | UNIV NANYANG TECH
ai,82282189,20220414,20220712,false,,CN,UNIV CHINESE HONG KONG SHENZHEN
ai,88328936,20220414,20231019,false,|CN|GB,CN|WO,ARTIFICIAL INTELLIGENCE DESIGN INST CO LTD | LABORATORY FOR ARTIFICIAL INTELLIGENCE IN DESIGN LTD | ROYAL COLLEGE OF ART | UNIV HONG KONG POLYTECHNIC
ai,82330474,20220418,20220715,false,,CN,HKUST FOK YING TUNG RES INST
ai,82717138,20220418,20220812,false,,CN,HKUST FOK YING TUNG RES INST
ai,88419170,20220419,20231026,true,|CN|SG,CN|WO,HUAWEI TECH CO LTD | SINGAPORE MANAGEMENT UNIV
ai,82332080,20220420,20220715,false,,CN,HKUST FOK YING TUNG RES INST
ai,84285262,20220420,20221208,false,CN,US,UNIV HONG KONG SCIENCE & TECH
ai,83668294,20220421,20221025,false,,CN,NAT UNIV SINGAPORE
ai,83723733,20220421,20221027,true,SG,US|WO,UNIV NANYANG TECH
ai,82282824,20220422,20220712,false,,CN,SENSETIME INT PTE LTD | UNIV NANYANG TECH
ai,82283682,20220422,20220712,false,,CN,SENSETIME INT PTE LTD | UNIV NANYANG TECH
ai,83723731,20220422,20221027,true,SG,US|WO,UNIV NANYANG TECH
ai,82283156,20220424,20220712,false,,CN,SENSETIME INT PTE LTD | UNIV NANYANG TECH
ai,82144996,20220425,20220701,false,,CN,HONG KONG CHINESE UNIV SHENZHEN
ai,83848882,20220426,20221103,true,SG,US|WO,UNIV NANYANG TECH
ai,83848885,20220428,20221103,true,SG,WO,NAT UNIV SINGAPORE
ai,83848886,20220428,20221103,true,SG,WO,UNIV NANYANG TECH
ai,82511466,20220429,20220729,false,,CN,SHENZHEN INSTITUTE OF ARTIFICIAL INTELLIGENCE AND ROBOTICS FOR SOC | UNIV CHINESE HONG KONG SHENZHEN
ai,83948519,20220429,20221115,false,,CN,SHENZHEN INSTITUTE OF ARTIFICIAL INTELLIGENCE AND ROBOTICS FOR SOC | UNIV CHINESE HONG KONG SHENZHEN
ai,88637787,20220429,20231110,false,,CN,CITY UNIV OF HONG KONG SHENZHEN RESEARCH INSTITUTE
ai,81768931,20220507,20220603,false,,CN,HONG KONG CHINESE UNIV SHENZHEN
ai,88667944,20220507,20231114,false,,CN,CITY UNIV OF HONG KONG SHENZHEN RESEARCH INSTITUTE
ai,83069456,20220510,20220906,false,,CN,UNIV CHINESE HONG KONG SHENZHEN
ai,84029905,20220510,20221117,true,SG,WO,NAT UNIV SINGAPORE
ai,83157165,20220512,20220913,false,,CN,UNIV CHINESE HONG KONG SHENZHEN
ai,84029913,20220512,20221117,true,SG,US|WO,UNIV NANYANG TECH
ai,84029912,20220513,20221117,true,SG,WO,NAT UNIV SINGAPORE
ai,88699149,20220513,20231116,false,|CN,CN|US,UNIV CITY HONG KONG
ai,85156016,20220517,20230209,false,CN|KR,US|WO,LG ELECTRONICS INC | UNIV HONG KONG
ai,82864784,20220519,20220823,false,,CN,SHENZHEN RESEARCH INSTITUTE THE CHINESE UNIV OF HONG KONG
ai,88309336,20220519,20231017,true,CN|HK,AU|EP|US|WO,UNIV HONG KONG CHINESE
ai,88851392,20220520,20231128,false,,CN,UNIV HONG KONG CHINESE
ai,83120955,20220523,20220909,false,,CN,UNIV CHINESE HONG KONG SHENZHEN
ai,88885472,20220524,20231201,false,,CN,CITY UNIV OF HONG KONG SHENZHEN RESEARCH INSTITUTE
ai,88897406,20220524,20231201,false,,CN,CITY UNIV OF HONG KONG SHENZHEN RESEARCH INSTITUTE
ai,84798406,20220525,20230112,false,|CN,CN|US,UNIV HONG KONG SCIENCE & TECH
ai,82769908,20220531,20220816,false,,CN,SHENZHEN RESEARCH INSTITUTE THE CHINESE UNIV OF HONG KONG
ai,89026912,20220531,20231207,false,|CN|GB,CN|WO,ARTIFICIAL INTELLIGENCE DESIGN INST CO LTD | LABORATORY FOR ARTIFICIAL INTELLIGENCE IN DESIGN LTD | ROYAL COLLEGE OF ART | UNIV HONG KONG POLYTECHNIC
ai,84706531,20220606,20230105,true,|SG,CN|EP|US|WO,NAT UNIV SINGAPORE
ai,82319837,20220607,20221215,true,|DE|SG,CN|EP|US|WO,AUMOVIO GERMANY GMBH | CONTINENTAL AUTOMOTIVE TECH GMBH | UNIV NANYANG TECH
ai,89077505,20220608,20231214,true,HK,US,UNIV CITY HONG KONG
ai,82321667,20220609,20221215,true,DE|SG,WO,CONTINENTAL AUTOMOTIVE TECH GMBH | UNIV NANYANG TECH
ai,84527674,20220610,20221222,true,|SG,CN|EP|US|WO,UNIV NANYANG TECH
ai,84706486,20220610,20230105,true,|SG,CN|WO,NAT UNIV SINGAPORE
ai,84706488,20220610,20230105,true,|SG,CN|EP|US|WO,NAT UNIV SINGAPORE
ai,84422793,20220615,20221216,false,,CN,UNIV HONG KONG SCIENCE & TECH
ai,83200881,20220616,20220916,false,,CN,SHENZHEN RES INSTITUTE OF BIG DATA | UNIV CHINESE HONG KONG SHENZHEN
ai,83202684,20220617,20220916,false,,CN,SHENZHEN RES INSTITUTE OF BIG DATA | TSINGHUA SHENZHEN INT GRADUATE SCHOOL | UNIV CHINESE HONG KONG SHENZHEN
ai,89168899,20220617,20231221,true,|HK,CN|US,CITY UNIV OF HONG KONG SHENZHEN RESEARCH INSTITUTE | UNIV CITY HONG KONG
ai,84501764,20220622,20221223,false,|CN,CN|US,UNIV HONG KONG SCIENCE & TECH
ai,83203792,20220627,20220916,false,,CN,BEIJING NORMAL UNIV HONG KONG BAPTIST UNIV UNITED INTERNATIONAL COLLEGE
ai,89206923,20220628,20231222,false,,CN,TENCENT TECH SHENZHEN CO LTD | UNIV CHINESE HONG KONG SHENZHEN
ai,83409614,20220629,20221004,false,,CN,SHENZHEN RESEARCH INSTITUTE THE HONG KONG POLYTECHNIC UNIV
ai,84785573,20220630,20230105,false,CN,US,UNIV HONG KONG
ai,83257398,20220701,20220920,false,,CN,SHENZHEN RES INSTITUTE OF BIG DATA | UNIV CHINESE HONG KONG SHENZHEN
ai,89433910,20220704,20240104,false,|CN,CN|US,UNIV HONG KONG POLYTECHNIC
ai,84801313,20220706,20230112,false,CN,US|WO,THE EDUCATION UNIV OF HONG KONG | VERSITECH LTD
ai,84891098,20220706,20230119,true,SG,US,UNIV NANYANG TECH
ai,84802140,20220707,20230112,true,SG,US|WO,SINGAPORE UNIV OF TECHNOLOGY & DESIGN | UNIV SINGAPORE TECHNOLOGY & DESIGN
ai,91279773,20220711,20240606,true,HK,US,UNIV CITY HONG KONG
ai,82772678,20220713,20220816,false,,CN,UNIV CHINESE HONG KONG SHENZHEN
ai,83332255,20220713,20220927,false,,CN,TENCENT INC | UNIV CHINESE HONG KONG SHENZHEN
ai,84540047,20220713,20220824,true,|DE|SG,EP|GB|US|WO,CONTINENTAL AUTOMOTIVE TECH GMBH | UNIV NANYANG TECH
ai,89498871,20220714,20240116,true,|CA|HK,CN|US,CENTRE FOR EYE AND VISION RES LIMITED | EYE VISION RES CENTER LIMITED | HOPKINS WILLIAM SCOTT | UNIV HONG KONG POLYTECHNIC
ai,85177672,20220715,20230216,true,|HK,CN|US,UNIV HONG KONG SCIENCE & TECH
ai,83857200,20220718,20221108,false,,CN,SHENZHEN INSTITUTE OF ARTIFICIAL INTELLIGENCE AND ROBOTICS FOR SOC | UNIV CHINESE HONG KONG SHENZHEN
ai,85088218,20220719,20230202,true,SG,EP|US|WO,UNIV NANYANG TECH
ai,83335042,20220721,20220927,false,,CN,TENCENT INC | UNIV CHINESE HONG KONG SHENZHEN
ai,83673831,20220721,20221025,false,|CN,CN|US|WO,SHENZHEN RES INSTITUTE OF BIG DATA | UNIV CHINESE HONG KONG SHENZHEN
ai,89683470,20220722,20240202,false,,CN,NAT UNIV SINGAPORE | NUS SUZHOU RES INSTITUTE
ai,89740508,20220725,20240206,false,,CN,HKUST FOK YING TUNG RES INST
ai,89759249,20220725,20240206,false,,CN,HKUST FOK YING TUNG RES INST
ai,89759251,20220725,20240206,false,,CN,HKUST FOK YING TUNG RES INST
ai,83242160,20220726,20220920,false,,CN,UNIV CHINESE HONG KONG SHENZHEN
ai,83242841,20220726,20220920,false,,CN,UNIV CHINESE HONG KONG SHENZHEN
ai,83859771,20220726,20221108,false,,CN,SHENZHEN RES INSTITUTE OF BIG DATA | TSINGHUA SHENZHEN INT GRADUATE SCHOOL | UNIV CHINESE HONG KONG SHENZHEN
ai,85718756,20220726,20230330,false,CN,US,THE HONG KONG UNIV OF SCIENCE AND TECHNOLOY | UNIV HONG KONG SCIENCE & TECH
ai,83768760,20220727,20221101,false,,CN,THE CHINESE UNIV OF HONG KONG SHENZHEN FUTURE ZHILIAN NETWORK RESEARCH INSTITUTE
ai,89704718,20220727,20240201,false,CN,US|WO,SHENZHEN FUTURE NETWORK OF INTELLIGENCE INST FNII SHENZHEN | THE CHINESE UNIV OF HONG KONG SHENZHEN FUTURE NETWORK OF INTELLIGENCE INSTITUTE
ai,82970022,20220728,20220830,false,|CN,CN|US|WO,THE CHINESE UNIV OF HONG KONG SHENZHEN FUTURE NETWORK OF INTELLIGENCE INSTITUTE | THE CHINESE UNIV OF HONG KONG SHENZHEN FUTURE ZHILIAN NETWORK RESEARCH INSTITUTE
ai,89784756,20220801,20240209,false,,CN,UNIV HONG KONG CHINESE
ai,87567156,20220804,20240208,true,DE|SG,DE|WO,CONTINENTAL AUTOMOTIVE TECH GMBH | UNIV NANYANG TECH
ai,84196395,20220805,20221202,false,,CN,BEIJING CASIC DATA CO LTD | UNIV HONG KONG POLYTECHNIC
ai,83586174,20220808,20221018,false,,CN,UNIV CHINESE HONG KONG SHENZHEN
ai,86543694,20220808,20230531,true,KR|SG,KR,NAT UNIV SINGAPORE | UNIV KOREA RES & BUS FOUND
ai,85478355,20220809,20230316,true,HK,US,UNIV CITY HONG KONG
ai,90025720,20220816,20240301,false,,CN,ARTIFICIAL INTELLIGENCE DESIGN INST CO LTD | ROYAL COLLEGE OF ART | UNIV HONG KONG POLYTECHNIC
ai,84421943,20220822,20221216,false,,CN,SHENZHEN RESEARCH INSTITUTE THE HONG KONG POLYTECHNIC UNIV
ai,89170780,20220822,20231221,false,|CN,CN|US,THE EDUCATION UNIV OF HONG KONG
ai,85479124,20220825,20230316,false,CN,US,UNIV HONG KONG SCIENCE & TECH
ai,86694751,20220825,20230615,false,|CN,CN|US,UNIV HONG KONG SCIENCE & TECH
ai,83300026,20220826,20220923,false,,CN,UNIV CHINESE HONG KONG SHENZHEN
ai,83300986,20220826,20220923,false,,CN,UNIV CHINESE HONG KONG SHENZHEN
ai,85323516,20220826,20230302,true,FR|SG,US|WO,CENTRE NAT RECH SCIENT | NAT UNIV SINGAPORE | UNIV COTE DAZUR UCA | UNIV NANYANG TECH | UNIV SORBONNE
ai,89997692,20220826,20240229,false,CN,US,UNIV HONG KONG CHINESE
ai,90128766,20220826,20240312,false,,CN,PRODUCT RELIABILITY AND SYSTEM SAFETY RES AND DEVELOPMENT CENTER CO LTD | UNIV HONG KONG POLYTECHNIC
ai,89844236,20220829,20240229,true,DE|SG,DE,CONTINENTAL AUTOMOTIVE TECH GMBH | UNIV NANYANG TECH
ai,90075877,20220831,20240308,false,,CN,UNIV HONG KONG POLYTECHNIC
ai,90127093,20220908,20240312,false,,CN,HONG KONG UNIV OF SCIENCE AND TECHNOLOGY COOPERATION INNOVATION INSTITUTE SHENZHEN FUTIAN
ai,86607820,20220913,20230608,false,|CN,CN|US,UNIV HONG KONG SCIENCE & TECH
ai,90097434,20220913,20240308,false,,CN,THE EDUCATION UNIV OF HONG KONG
ai,84728187,20220914,20221230,false,,CN,SHENZHEN ANBAO MEDICAL SENSING TECH CO LTD | THE UNIV OF HONG KONG SHENZHEN HOSPITAL
ai,84741042,20220914,20230103,false,,CN,SHENZHEN ANBAO MEDICAL SENSING TECH CO LTD | THE UNIV OF HONG KONG SHENZHEN HOSPITAL
ai,90141265,20220914,20240314,true,|HK,CN|US,UNIV CITY HONG KONG
ai,85718640,20220915,20230330,false,CN|IL,US,UNIV HONG KONG | UNIV RAMOT
ai,85987298,20220920,20230420,false,|CN,CN|EP|KR|US|WO,THE HONGKONG UNIV OF SCIENCE & TECHNOLOGY | UNIV HONG KONG SCIENCE & TECH
ai,84305173,20220921,20221209,false,,CN,SHENZHEN INSTITUTE OF ARTIFICIAL INTELLIGENCE AND ROBOTICS FOR SOC | UNIV CHINESE HONG KONG SHENZHEN
ai,84470357,20220921,20221220,false,,CN,CITY UNIV OF HONG KONG SHENZHEN RESEARCH INSTITUTE
ai,90422367,20220923,20240402,false,,CN,UNIV HONG KONG SCIENCE & TECH
ai,84731479,20220928,20221230,false,,CN,SHENZHEN RESEARCH INSTITUTE THE CHINESE UNIV OF HONG KONG
ai,90533073,20220928,20240409,false,,CN,UNIV HONG KONG POLYTECHNIC
ai,84474946,20220930,20221220,false,,CN,SHENZHEN QIANHAI WEBANK CO LTD | UNIV HONG KONG SCIENCE & TECH
ai,84732089,20220930,20221230,false,,CN,SHENZHEN RESEARCH INSTITUTE THE CHINESE UNIV OF HONG KONG
ai,85798147,20221007,20230413,true,HK,US,UNIV CITY HONG KONG
ai,88415773,20221007,20231020,true,|HK,CN|US,UNIV CITY HONG KONG
ai,86205243,20221008,20230509,false,,CN,ALIBABA CHINA CO LTD | UNIV NANYANG TECH
ai,84250329,20221009,20221206,false,,CN,SHENZHEN INSTITUTE OF ARTIFICIAL INTELLIGENCE AND ROBOTICS FOR SOC | UNIV CHINESE HONG KONG SHENZHEN
ai,83819255,20221010,20221104,false,,CN,UNIV CHINESE HONG KONG SHENZHEN
ai,83868484,20221010,20221108,false,,CN,UNIV CHINESE HONG KONG SHENZHEN
ai,89847665,20221012,20240418,true,SG|US,WO,HEWLETT PACKARD DEVELOPMENT CO | UNIV NANYANG TECH
ai,90801962,20221018,20240430,false,,CN,CITY UNIV OF HONG KONG SHENZHEN RESEARCH INSTITUTE
ai,84818484,20221020,20221207,true,|DE|SG,GB|US,CONTINENTAL AUTOMOTIVE TECH GMBH | UNIV NANYANG TECH
ai,86030616,20221020,20230425,false,|CN,CN|US,UNIV HONG KONG | VERSITECH LTD
ai,84703465,20221021,20221227,false,,CN,HONG KONG CHINESE UNIV OF HONG KONG SHENGANG INNOVATION RESEARCH INSTITUTE FUTIAN
ai,86059758,20221021,20230427,true,SG,WO,NAT UNIV SINGAPORE
ai,86059763,20221021,20230427,true,SG,US|WO,UNIV NANYANG TECH
ai,84719245,20221024,20221230,false,,CN,ALIBABA CHINA CO LTD | UNIV NANYANG TECH
ai,86160647,20221025,20230504,true,SG,WO,NAT UNIV SINGAPORE
ai,84864889,20221026,20230117,false,,CN,ALIBABA CHINA CO LTD | NAT UNIV SINGAPORE
ai,84587900,20221027,20230106,false,,CN,SHENZHEN RESEARCH INSTITUTE THE HONG KONG POLYTECHNIC UNIV
ai,84865243,20221027,20230117,false,,CN,SHENZHEN RESEARCH INSTITUTE THE HONG KONG POLYTECHNIC UNIV
ai,86201340,20221027,20230509,false,|CN,CN|US,UNIV CITY HONG KONG | UNIV HONG KONG | VERSITECH LTD
ai,90793345,20221028,20240430,true,|HK,CN|US,UNIV CITY HONG KONG
ai,90834292,20221101,20240502,false,CN,US,UNIV CITY HONG KONG
ai,84908926,20221103,20230120,false,,CN,SHENZHEN INSTITUTE OF ARTIFICIAL INTELLIGENCE AND ROBOTICS FOR SOC | UNIV CHINESE HONG KONG SHENZHEN
ai,86384027,20221104,20230525,true,HK,US,UNIV CITY HONG KONG
ai,90999447,20221104,20240514,false,,CN,UNIV HONG KONG POLYTECHNIC
ai,84839575,20221107,20221221,true,|DE|SG,DE|GB,CONTINENTAL AUTOMOTIVE GMBH | CONTINENTAL AUTOMOTIVE TECH GMBH | UNIV NANYANG TECH
ai,86337340,20221109,20230519,true,|SG,CN|US|WO,NAT UNIV SINGAPORE
ai,87093152,20221109,20230714,false,,CN,UNIV HONG KONG SCIENCE & TECH
ai,86451221,20221110,20230530,false,,CN,UNIV HONG KONG SCIENCE & TECH
ai,86323650,20221111,20230518,false,|CN,CN|US,UNIV HONG KONG SCIENCE & TECH
ai,86337337,20221111,20230519,true,SG,TW|US|WO,NAT UNIV SINGAPORE
ai,91050675,20221115,20240517,false,,CN,UNIV CITY HONG KONG
ai,84888958,20221117,20230104,true,|DE|SG,EP|GB|WO,CONTINENTAL AUTOMOTIVE TECH GMBH | UNIV NANYANG TECH
ai,86397981,20221118,20230525,true,SG,US|WO,SINGAPORE HEALTH SERV PTE LTD | UNIV NANYANG TECH
ai,86397982,20221118,20230525,true,SG,TW|WO,NAT UNIV SINGAPORE
ai,86540471,20221121,20230601,true,SG,DE|US|WO,SURBANA JURONG PTE LTD | UNIV NANYANG TECH
ai,91079891,20221121,20240523,false,CN,US,UNIV CITY HONG KONG
ai,91192175,20221128,20240530,false,|CN,CN|US,UNIV HONG KONG POLYTECHNIC
ai,87608614,20221129,20230822,false,,CN,UNIV HONG KONG SCIENCE & TECH
ai,86499909,20221201,20230601,false,|CN,CN|US,UNIV HONG KONG | VERSITECH LTD
ai,86611523,20221201,20230608,false,|CN,CN|US|WO,UNIV HONG KONG
ai,84721714,20221205,20221230,false,,CN,UNIV CHINESE HONG KONG SHENZHEN
ai,86686939,20221205,20230613,false,|CN,CN|US,UNIV HONG KONG POLYTECHNIC
ai,89222735,20221214,20240620,true,DE|SG,DE|EP|WO,CONTINENTAL AUTOMOTIVE TECH GMBH | UNIV NANYANG TECH
ai,86694731,20221215,20230615,false,|CN|US,CN|US,MASSACHUSETTS INST OF TECHNOLOGY | MASSACHUSETTS INST TECHNOLOGY | UNIV HONG KONG CHINESE
ai,86962137,20221216,20230704,false,,CN,SHENZHEN INSTITUTE OF ARTIFICIAL INTELLIGENCE AND ROBOTICS FOR SOC | UNIV CHINESE HONG KONG SHENZHEN
ai,91448022,20221216,20240618,true,|SG,CN|TW|US,DELTA ELECTRONICS INTL SINGAPORE PTE LTD | UNIV NANYANG TECH
ai,87050401,20221219,20230711,false,,CN,SHENZHEN INSTITUTE OF ARTIFICIAL INTELLIGENCE AND ROBOTICS FOR SOC | UNIV CHINESE HONG KONG SHENZHEN
ai,91509852,20221221,20240621,false,,CN,UNIV CITY HONG KONG
ai,91553441,20221223,20240625,false,,CN,HANGZHOU HIKVISION DIGITAL TEC | UNIV CHINESE HONG KONG SHENZHEN
ai,91716395,20221229,20240704,false,|CN,CN|WO,HUAWEI CLOUD COMPUTING TECH CO LTD | UNIV HONG KONG POLYTECHNIC
ai,86431996,20221230,20230530,false,,CN,THE UNIV OF HONG KONG SHENZHEN HOSPITAL
ai,87074379,20230104,20230713,true,SG,WO,UNIV NANYANG TECH
ai,90245660,20230105,20240321,true,HK,US,THE EDUCATION UNIV OF HONG KONG
ai,91761695,20230105,20240711,false,CN,US,UNIV CITY HONG KONG
ai,87073274,20230106,20230713,false,|CN,CN|US|WO,UNIV HONG KONG CHINESE
ai,91730980,20230106,20240709,false,|CN,CN|US,UNIV CITY HONG KONG
ai,87349310,20230112,20230727,true,SG,US|WO,NAT UNIV SINGAPORE
ai,86198866,20230113,20230509,false,,CN,THE CHINESE UNIV OF HONG KONG SHENGANG INNOVATION INSTITUTE FUTIAN
ai,88308866,20230119,20231019,true,SG,US,UNIV NANYANG TECH
ai,87313974,20230123,20230727,true,SG,US,UNIV NANYANG TECH
ai,92309369,20230131,20240802,false,,CN,LINGNAN UNIV | THE EDUCATION UNIV OF HONG KONG
ai,92119953,20230202,20240808,false,CN,US|WO,UNIV HONG KONG CHINESE
ai,92333962,20230202,20240802,false,,CN,UNIV HONG KONG SCIENCE & TECH
ai,87552877,20230206,20230810,true,SG|US,US|WO,MASSACHUSETTS INST TECHNOLOGY | NANYANG TECH UNVERSITY | UNIV BROWN | UNIV NANYANG TECH
ai,86410946,20230210,20230526,false,,CN,HONG KONG INNOVATION INST OF ARTIFICIAL INTELLIGENCE AND ROBOT INNOVATION CENTER CO LTD CHINESE ACAD | UNIV HONG KONG POLYTECHNIC
ai,87544155,20230210,20230811,false,|CN,CN|US|WO,SHENZHEN RESEARCH INSTITUTE THE CHINESE UNIV OF HONG KONG | THE CHINESE UNIV OF HONG KONG SHENZHEN RESEARCH INSTITUTE
ai,87766812,20230215,20230831,true,SG,US|WO,UNIV NANYANG TECH
ai,88836518,20230215,20231121,true,HK,US,UNIV CITY HONG KONG
ai,87579183,20230216,20230824,true,|SG,CN|EP|US|WO,NAT UNIV SINGAPORE
ai,88649309,20230217,20231109,true,HK,US,UNIV CITY HONG KONG
ai,85382676,20230220,20240829,true,|DE|SG,CN|DE|KR|WO,SCHAEFFLER TECHNOLOGIES AG | UNIV NANYANG TECH
ai,86333440,20230221,20230519,false,,CN,SHENZHEN RESEARCH INSTITUTE THE CHINESE UNIV OF HONG KONG
ai,86357970,20230222,20230523,false,,CN,SENSETIME INT PTE LTD | UNIV NANYANG TECH
ai,87089686,20230222,20230714,false,,CN,SHENZHEN RESEARCH INSTITUTE THE CHINESE UNIV OF HONG KONG
ai,88099921,20230223,20230928,false,|CN,CN|US|WO,UNIV HONG KONG
ai,85794098,20230227,20230412,true,|DE|SG,GB,CONTINENTAL AUTOMOTIVE TECH GMBH | UNIV NANYANG TECH
ai,86373522,20230228,20230523,false,,CN,SENSETIME INT PTE LTD | UNIV NANYANG TECH
ai,87134525,20230228,20230718,false,,CN,HONG KONG ZHUHAI MACAO BRIDGE AUTHORITY | UNIV HONG KONG POLYTECHNIC
ai,87726708,20230228,20230829,false,,CN,HONG KONG ZHUHAI MACAO BRIDGE AUTHORITY | UNIV HONG KONG POLYTECHNIC
ai,87830016,20230301,20230905,false,|CN,CN|US,CENTRE OF ONCOLOGY AND IMMUNOLOGY LTD | ONCOLOGY AND IMMUNOLOGY RES CENTER INC | UNIV HONG KONG | VERSITECH LTD
ai,87048935,20230307,20230711,false,,CN,SHENZHEN INSTITUTE OF ARTIFICIAL INTELLIGENCE AND ROBOTICS FOR SOC | UNIV CHINESE HONG KONG SHENZHEN
ai,88024571,20230310,20230921,true,SG,US|WO,NAT UNIV SINGAPORE
ai,88203627,20230313,20231005,true,SG,US|WO,UNIV NANYANG TECH
ai,87218504,20230314,20230725,false,,CN,SHENZHEN INSTITUTE OF ARTIFICIAL INTELLIGENCE AND ROBOTICS FOR SOC | UNIV CHINESE HONG KONG SHENZHEN
ai,90833611,20230315,20240430,true,|HK,CN|US,UNIV CITY HONG KONG
ai,87016985,20230317,20230707,false,,CN,THE CHINESE UNIV OF HONG KONG SHENGANG INNOVATION INSTITUTE FUTIAN
ai,86976385,20230322,20230704,false,|CN,CN|WO,PENG CHENG LAB | UNIV CHINESE HONG KONG SHENZHEN
ai,94821042,20230324,20231107,false,,CN,UNIV CITY HONG KONG
ai,88416746,20230328,20231026,false,CN,US,UNIV HONG KONG
ai,86228025,20230329,20230510,true,|DE|SG,GB,CONTINENTAL AUTOMOTIVE TECH GMBH | UNIV NANYANG TECH
ai,87126726,20230329,20230718,false,,CN,THE HONG KONG UNIV OF SCIENCE AND TECHNOLOGY GUANGZHOU | UNIV SHENZHEN
ai,87534807,20230329,20230811,false,,CN,THE HONG KONG UNIV OF SCIENCE AND TECHNOLOGY GUANGZHOU | UNIV SHENZHEN
ai,92844399,20230329,20241001,false,,CN,UNIV HONG KONG POLYTECHNIC
ai,92859465,20230329,20241001,false,,CN,UNIV HONG KONG POLYTECHNIC
ai,86316299,20230330,20230516,false,,CN,SENSETIME INT PTE LTD | UNIV NANYANG TECH
ai,86894676,20230330,20230627,false,,CN,SENSETIME INT PTE LTD | UNIV NANYANG TECH
ai,87172807,20230330,20230721,false,,CN,SHENZHEN INSTITUTE OF ARTIFICIAL INTELLIGENCE AND ROBOTICS FOR SOC | UNIV CHINESE HONG KONG SHENZHEN
ai,92844438,20230330,20241001,true,|CN|SG,CN|WO,CHONGQING XINGUODA RES INSTITUTE | NAT UNIV SINGAPORE | NATIONAL UNIV OF SINGAPORE CHONGQING RESEARCH INSTITUTE
ai,92866037,20230330,20241001,false,,CN,HUAWEI TECH CO LTD | UNIV CHINESE HONG KONG SHENZHEN
ai,86882161,20230331,20230627,false,,CN,SENSETIME INT PTE LTD | UNIV NANYANG TECH
ai,86891126,20230331,20230627,false,,CN,SENSETIME INT PTE LTD | UNIV NANYANG TECH
ai,86967033,20230331,20230704,false,,CN,SENSETIME INT PTE LTD | UNIV NANYANG TECH
ai,87183492,20230331,20230721,false,,CN,THE HONG KONG UNIV OF SCIENCE AND TECHNOLOGY GUANGZHOU | UNIV SHENZHEN
ai,92852152,20230331,20241001,false,,CN,UNIV HONG KONG POLYTECHNIC
ai,92896905,20230331,20241003,false,CN,US,UNIV HONG KONG CHINESE
ai,86990835,20230404,20230704,false,,CN,SENSETIME INT PTE LTD | UNIV NANYANG TECH
ai,87092060,20230404,20230714,false,,CN,SENSETIME INT PTE LTD | UNIV NANYANG TECH
ai,87588839,20230404,20230815,false,,CN,SHENZHEN INSTITUTE OF ARTIFICIAL INTELLIGENCE AND ROBOTICS FOR SOC | UNIV CHINESE HONG KONG SHENZHEN
ai,88244253,20230405,20231012,true,SG,WO,ILLINOIS AT SINGAPORE PTE LTD | UNIV SINGAPORE TECHNOLOGY & DESIGN
ai,87119702,20230406,20230718,false,,CN,UNIV CHINESE HONG KONG SHENZHEN
ai,86816874,20230412,20230623,false,,CN,SHENZHEN RES INSTITUTE OF BIG DATA | UNIV CHINESE HONG KONG SHENZHEN
ai,87542267,20230413,20230811,false,,CN,SHENZHEN RES INSTITUTE OF BIG DATA | UNIV CHINESE HONG KONG SHENZHEN
ai,87596264,20230414,20230822,false,,CN,UNIV CHINESE HONG KONG SHENZHEN
ai,88420774,20230419,20231026,true,SG,WO,UNIV NANYANG TECH
ai,88519950,20230420,20231102,true,SG,US|WO,UNIV NANYANG TECH
ai,88482100,20230421,20231031,false,,CN,UNIV HONG KONG
ai,91762501,20230424,20240711,false,CN,EP|US|WO,UNIV HONG KONG POLYTECHNIC
ai,87395320,20230425,20230801,false,,CN,UNIV CHENGDU INFORMATION TECHNOLOGY | UNIV CHINESE HONG KONG SHENZHEN
ai,93139362,20230425,20241025,false,,CN,BEIJING CASIC DATA CO LTD | UNIV HONG KONG POLYTECHNIC
ai,88519960,20230426,20231102,true,|SG,CN|WO,HOUSING & DEV BOARD | UNIV NANYANG TECH
ai,86691929,20230428,20230614,true,|DE|SG,GB,CONTINENTAL AUTOMOTIVE TECH GMBH | UNIV NANYANG TECH
ai,86876138,20230428,20230627,false,|CN,CN|WO,UNIV HONG KONG POLYTECHNIC
ai,87708735,20230428,20230829,false,,CN,ALIBABA CHINA CO LTD | NAT UNIV SINGAPORE
ai,89323097,20230502,20231228,true,HK,US,UNIV CITY HONG KONG
ai,89528986,20230504,20240119,true,|CN|SG,CN|WO,HUAWEI TECH CO LTD | NAT UNIV SINGAPORE
ai,89817311,20230506,20240213,true,|CN|SG,CN|WO,HUAWEI TECH CO LTD | NAT UNIV SINGAPORE
ai,86723903,20230508,20230616,false,|CN,CN|US|WO,CHINA MOBILE INF TECH CO LTD | THE HONG KONG UNIV OF SCIENCE AND TECHNOLOGY GUANGZHOU | UNIV SHENZHEN
ai,88007109,20230510,20230919,false,,CN,ALIBABA CHINA CO LTD | NAT UNIV SINGAPORE
ai,88636015,20230510,20231110,false,,CN,ALIBABA CHINA CO LTD | UNIV SINGAPORE TECHNOLOGY & DESIGN
ai,87622246,20230511,20230825,false,,CN,HKUST FOK YING TUNG RES INST | THE HONG KONG UNIV OF SCIENCE AND TECHNOLOGY GUANGZHOU
ai,87708824,20230512,20230829,false,,CN,SHENZHEN RESEARCH INSTITUTE THE HONG KONG POLYTECHNIC UNIV
ai,93357422,20230512,20241112,false,,CN,ARTIFICIAL INTELLIGENCE DESIGN INST CO LTD | ROYAL COLLEGE OF ART | UNIV HONG KONG POLYTECHNIC
ai,86497485,20230516,20231123,true,DE|SG,WO,CONTINENTAL AUTOMOTIVE TECH GMBH | UNIV NANYANG TECH
ai,86732127,20230516,20231123,true,DE|SG,EP|US|WO,CONTINENTAL AUTOMOTIVE TECH GMBH | Continental Autonomous Mobility Germany GmbH | UNIV NANYANG TECH
ai,87712851,20230516,20230829,false,,CN,BEIJING CASIC DATA CO LTD | UNIV HONG KONG POLYTECHNIC
ai,93469653,20230516,20241122,false,,CN,NAT UNIV SINGAPORE | NUS SUZHOU RES INSTITUTE
ai,93478712,20230517,20241121,false,|CN|GB,CN|WO,ARTIFICIAL INTELLIGENCE DESIGN INST CO LTD | LABORATORY FOR ARTIFICIAL INTELLIGENCE IN DESIGN LTD | ROYAL COLLEGE OF ART | UNIV HONG KONG POLYTECHNIC
ai,93483067,20230518,20241122,false,,CN,UNIV HONG KONG CHINESE
ai,90025887,20230519,20240301,false,,CN,SHANGHAI GENERAL HOSPITAL | UNIV HONG KONG SCIENCE & TECH | UNIV SOUTHERN SCI & TECH
ai,87589450,20230522,20230815,false,,CN,SENSETIME INT PTE LTD | UNIV NANYANG TECH
ai,87907086,20230522,20230912,false,,CN,THE HONG KONG UNIV OF SCIENCE AND TECHNOLOGY GUANGZHOU | UNIV SHENZHEN
ai,87683141,20230523,20230818,false,,CN,LIU GUOZHEN | UNIV CHINESE HONG KONG SHENZHEN
ai,88920720,20230526,20231130,true,|SG,CN|EP|US|WO,UNIV SINGAPORE TECHNOLOGY & DESIGN
ai,93564999,20230526,20241128,false,|CN,CN|US,UNIV HONG KONG POLYTECHNIC
ai,88920716,20230529,20231130,true,SG,WO,NAT UNIV SINGAPORE
ai,89380712,20230529,20231228,true,SG,EP|WO,AGENCY SCIENCE TECH & RES | NAT SKIN CENTRE SINGAPORE PTE LTD | UNIV NANYANG TECH
ai,93641261,20230530,20241203,false,,CN,CHONGQING XINGUODA RES INSTITUTE | NAT UNIV SINGAPORE
ai,88885036,20230531,20231201,false,,CN,UNIV HONG KONG SCIENCE & TECH
ai,87156895,20230605,20230719,true,|DE|SG,GB,CONTINENTAL AUTOMOTIVE GMBH | CONTINENTAL AUTOMOTIVE TECH GMBH | UNIV NANYANG TECH
ai,93652483,20230605,20241205,true,|HK,CN|US,UNIV HONG KONG
ai,89119125,20230607,20231214,true,SG,WO,NAT UNIV SINGAPORE
ai,93720478,20230607,20241210,true,|HK,CN|US,UNIV CITY HONG KONG
ai,87016532,20230609,20230707,false,,CN,SHENZHEN XINRUN FULIAN DIGITAL TECH CO LTD | UNIV CITY HONG KONG
ai,88123374,20230612,20230929,false,,CN,SHENZHEN INSTITUTE OF ARTIFICIAL INTELLIGENCE AND ROBOTICS FOR SOC | UNIV CHINESE HONG KONG SHENZHEN
ai,87869331,20230614,20230908,false,,CN,FOSHAN HINYEUN TECH CO LTD | HONG KONG UNIV OF SCIENCE AND TECHNOLOGY COOPERATION INNOVATION INSTITUTE SHENZHEN FUTIAN
ai,88040924,20230614,20230922,false,,CN,FOSHAN HINYEUN TECH CO LTD | HONG KONG UNIV OF SCIENCE AND TECHNOLOGY COOPERATION INNOVATION INSTITUTE SHENZHEN FUTIAN
ai,88142231,20230614,20230929,false,,CN,THE HONG KONG UNIV OF SCIENCE AND TECHNOLOGY GUANGZHOU
ai,87833713,20230616,20230905,false,,CN,SHENZHEN HAIROU INNOVATION TECH CO LTD | UNIV CHINESE HONG KONG SHENZHEN
ai,87184681,20230619,20230721,false,,CN,SHENZHEN XINRUN FULIAN DIGITAL TECH CO LTD | UNIV CITY HONG KONG
ai,87823754,20230621,20230905,false,,CN,FOSHAN HINYEUN TECH CO LTD | HONG KONG UNIV OF SCIENCE AND TECHNOLOGY COOPERATION INNOVATION INSTITUTE SHENZHEN FUTIAN
ai,88233247,20230625,20231010,false,,CN,HKUST FOK YING TUNG RES INST | THE HONG KONG UNIV OF SCIENCE AND TECHNOLOGY GUANGZHOU | UNIV HONG KONG SCIENCE & TECH
ai,87592212,20230626,20230822,false,,CN,SHENZHEN RES INSTITUTE OF BIG DATA | UNIV CHINESE HONG KONG SHENZHEN
ai,88797243,20230627,20231124,false,|CN,CN|WO,UNIV HONG KONG POLYTECHNIC | UNIV SHANGHAI JIAOTONG
ai,88041457,20230629,20230922,false,,CN,UNIV CHINESE HONG KONG SHENZHEN
ai,88159434,20230630,20231003,false,,CN,SHENZHEN QIANHAI WEBANK CO LTD | UNIV HONG KONG SCIENCE & TECH
ai,94045278,20230630,20241231,false,,CN,UNIV HONG KONG POLYTECHNIC
ai,88701268,20230704,20231117,false,,CN,UNIV HONG KONG
ai,88703156,20230704,20231117,false,,CN,UNIV HONG KONG POLYTECHNIC
ai,88718296,20230704,20231117,false,,CN,UNIV HONG KONG POLYTECHNIC
ai,88170407,20230707,20231003,false,,CN,SHENZHEN INSTITUTE OF ARTIFICIAL INTELLIGENCE AND ROBOTICS FOR SOC | UNIV CHINESE HONG KONG SHENZHEN
ai,88851684,20230707,20231128,false,,CN,UNIV CHINESE HONG KONG SHENZHEN
ai,88230002,20230710,20231010,false,,CN,SHENZHEN RES INSTITUTE OF BIG DATA | UNIV CHINESE HONG KONG SHENZHEN
ai,90638244,20230710,20240416,false,|CN,CN|US,UNIV HONG KONG SCIENCE & TECH
ai,94150318,20230710,20250110,false,|CN|GB,CN|WO,ARTIFICIAL INTELLIGENCE DESIGN INST CO LTD | LABORATORY FOR ARTIFICIAL INTELLIGENCE IN DESIGN LTD | ROYAL COLLEGE OF ART | UNIV HONG KONG POLYTECHNIC
ai,91664394,20230711,20240702,false,,CN,PRODUCT RELIABILITY AND SYSTEM SAFETY RES AND DEVELOPMENT CENTER CO LTD | UNIV HONG KONG POLYTECHNIC
ai,89537553,20230712,20240118,true,SG,WO,UNIV NANYANG TECH
ai,89537556,20230712,20240118,true,SG,WO,UNIV NANYANG TECH
ai,94233001,20230717,20250117,false,,CN,UNIV CITY HONG KONG
ai,87571454,20230718,20230830,true,|DE|SG,GB,CONTINENTAL AUTOMOTIVE TECH GMBH | UNIV NANYANG TECH
ai,88218823,20230718,20231010,false,,CN,TENCENT DADI TONGTU BEIJING TECH CO LTD | UNIV CHINESE HONG KONG SHENZHEN
ai,89769214,20230718,20240208,false,|CN,CN|US,UNIV HONG KONG
ai,94280969,20230718,20250123,false,|CN,CN|US|WO,UNIV HONG KONG SCIENCE & TECH
ai,88630833,20230721,20231110,false,,CN,SHENZHEN RESEARCH INSTITUTE THE CHINESE UNIV OF HONG KONG
ai,87961060,20230724,20230915,false,,CN,UNIV CHINESE HONG KONG SHENZHEN
ai,89707576,20230725,20240201,true,SG,WO,UNIV NANYANG TECH
ai,94338371,20230725,20250128,true,|HK,CN|US,UNIV CITY HONG KONG
ai,88447309,20230727,20231027,false,,CN,UNIV CHINESE HONG KONG SHENZHEN
ai,87720958,20230728,20230829,false,,CN,SHENZHEN RESEARCH INSTITUTE THE HONG KONG POLYTECHNIC UNIV
ai,88460155,20230728,20231027,false,,CN,HKUST FOK YING TUNG RES INST
ai,89848511,20230728,20240208,false,|CN,CN|US|WO,UNIV HONG KONG POLYTECHNIC
ai,88526020,20230731,20231103,true,|HK,CN|US,UNIV HONG KONG POLYTECHNIC
ai,88235954,20230801,20231010,false,,CN,JOINT SHANTOU INTERNATIONAL EYE CENTER OF SHANTOU UNIV AND THE CHINESE UNIV OF HONG KONG
ai,88808262,20230801,20231124,false,,CN,HKUST FOK YING TUNG RES INST
ai,88665614,20230807,20231114,false,,CN,THE HONG KONG UNIV OF SCIENCE AND TECHNOLOGY GUANGZHOU
ai,87696206,20230808,20250213,true,|DE|SG,CN|EP|WO,SCHAEFFLER TECHNOLOGIES AG | UNIV NANYANG TECH
ai,88629450,20230808,20231110,false,,CN,UNIV CHINESE HONG KONG SHENZHEN
ai,94482322,20230808,20250213,false,|CN,CN|US,UNIV CITY HONG KONG
ai,94568944,20230808,20250218,true,|HK,CN|US,UNIV CITY HONG KONG
ai,94534546,20230809,20250213,false,CN|KR,KR|WO,LG ELECTRONICS INC | UNIV HONG KONG
ai,88377194,20230814,20231024,false,,CN,UNIV CHINESE HONG KONG SHENZHEN
ai,93851258,20230815,20241219,false,CN,WO,UNIV HONG KONG CHINESE
ai,88795858,20230816,20231124,false,,CN,SHENZHEN INSTITUTE OF ARTIFICIAL INTELLIGENCE AND ROBOTICS FOR SOC | UNIV CHINESE HONG KONG SHENZHEN
ai,90014179,20230816,20240229,true,SG,WO,UNIV NANYANG TECH
ai,89241550,20230817,20231229,false,,CN,PKU HKUST SHENZHEN HONGKONG INST
ai,94391270,20230817,20250220,true,DE|SG,DE,CONTINENTAL AUTOMOTIVE TECH GMBH | UNIV NANYANG TECH
ai,89942436,20230818,20240222,true,SG,WO,SP POWERASSETS LTD | UNIV NANYANG TECH
ai,89942437,20230818,20240222,true,|SG,CN|EP|KR|US|WO,NAT UNIV SINGAPORE
ai,88258880,20230821,20231013,false,,CN,SHENZHEN RES INSTITUTE OF BIG DATA | UNIV CHINESE HONG KONG SHENZHEN
ai,88365102,20230822,20231020,false,,CN,CITY UNIV OF HONG KONG DONGGUAN
ai,88797790,20230823,20231124,false,,CN,SHENZHEN INSTITUTE OF ARTIFICIAL INTELLIGENCE AND ROBOTICS FOR SOC | UNIV CHINESE HONG KONG SHENZHEN
ai,90014178,20230823,20240229,true,SG,TW|WO,NAT UNIV SINGAPORE
ai,88850277,20230824,20231128,false,,CN,SHENZHEN RES INSTITUTE OF BIG DATA | UNIV CHINESE HONG KONG SHENZHEN
ai,90012598,20230824,20240229,false,|CN,CN|US|WO,UNIV HONG KONG
ai,94696464,20230828,20250228,false,,CN,NAT UNIV SINGAPORE | NUS SUZHOU RES INSTITUTE
ai,89201784,20230829,20231222,false,,CN,SHENZHEN INSTITUTE OF ARTIFICIAL INTELLIGENCE AND ROBOTICS FOR SOC | UNIV CHINESE HONG KONG SHENZHEN
ai,89272745,20230830,20231229,false,,CN,SHENZHEN RES INSTITUTE OF BIG DATA | UNIV CHINESE HONG KONG SHENZHEN
ai,89354758,20230831,20240105,false,,CN,THE HONG KONG UNIV OF SCIENCE AND TECHNOLOGY GUANGZHOU | UNIV SHENZHEN
ai,91106418,20230831,20240524,false,,CN,UNIV HONG KONG SCIENCE & TECH
ai,94803076,20230905,20250307,false,,CN,UNIV HONG KONG SCIENCE & TECH
ai,94814576,20230905,20250307,false,|CN|GB,CN|WO,ARTIFICIAL INTELLIGENCE DESIGN INST CO LTD | LABORATORY FOR ARTIFICIAL INTELLIGENCE IN DESIGN LTD | ROYAL COLLEGE OF ART | UNIV HONG KONG POLYTECHNIC
ai,89207323,20230907,20231222,false,|CN,CN|WO,THE HONG KONG UNIV OF SCIENCE AND TECHNOLOGY GUANGZHOU
ai,90359479,20230908,20240328,true,HK,US,UNIV HONG KONG
ai,88353541,20230915,20231020,false,,CN,UNIV CHINESE HONG KONG SHENZHEN
ai,88507172,20230920,20231101,true,|DE|SG,GB,CONTINENTAL AUTOMOTIVE TECH GMBH | UNIV NANYANG TECH
ai,89132547,20230920,20231219,false,,CN,DOUYIN VISION CO LTD | UNIV HONG KONG CHINESE
ai,90832142,20230921,20240502,true,SG,EP|WO,UNIV NANYANG TECH
ai,90895106,20230921,20240507,false,|CN,CN|US,THE EDUCATION UNIV OF HONG KONG | VERSITECH LTD
ai,90387845,20230922,20240329,true,|HK,CN|US,UNIV HONG KONG
ai,88237707,20230925,20240404,true,DE|SG,DE|WO,CONTINENTAL AUTOMOTIVE TECH GMBH | UNIV NANYANG TECH
ai,89126063,20230925,20231219,false,,CN,SHENZHEN QIANHAI WEBANK CO LTD | UNIV NANYANG TECH
ai,88526945,20230926,20231103,false,,CN,UNIV CHINESE HONG KONG SHENZHEN
ai,89786896,20230926,20240209,false,,CN,UNIV HONG KONG POLYTECHNIC
ai,94875633,20230926,20250327,true,DE|SG,DE,SCHAEFFLER TECHNOLOGIES AG | UNIV NANYANG TECH
ai,88525186,20230927,20231103,false,,CN,UNIV CHINESE HONG KONG SHENZHEN
ai,88297121,20230928,20240412,true,|CN|HK,CN|EP|TW|US,UNIV HONG KONG
ai,90670383,20231005,20240418,true,|SG,CN|WO,UNIV NANYANG TECH
ai,89134762,20231007,20231219,false,,CN,TENCENT TECH SHENZHEN CO LTD | UNIV CHINESE HONG KONG SHENZHEN
ai,89287990,20231008,20231229,false,,CN,CHINA MOBILE GROUP GUANGDONG | UNIV CHINESE HONG KONG SHENZHEN
ai,89426579,20231009,20240109,false,,CN,UNIV HONG KONG POLYTECHNIC
ai,89586472,20231010,20240126,false,,CN,THE HONG KONG UNIV OF SCIENCE AND TECHNOLOGY GUANGZHOU
ai,95360194,20231010,20250418,false,,CN,HUAWEI TECH CO LTD | UNIV HONG KONG SCIENCE & TECH
ai,90670384,20231011,20240418,true,SG,WO,NAT UNIV SINGAPORE
ai,90670387,20231011,20240418,true,SG,WO,UNIV NANYANG TECH
ai,91033674,20231016,20240516,true,|SG,CN|US|WO,AGENCY SCIENCE TECH & RES | UNIV NANYANG TECH
ai,89681880,20231017,20240202,false,,CN,THE HONG KONG UNIV OF SCIENCE AND TECHNOLOGY GUANGZHOU
ai,91031892,20231018,20240516,false,|CN,CN|US|WO,UNIV HONG KONG SCIENCE & TECH
ai,89943270,20231019,20240227,false,,CN,UNIV CHINESE HONG KONG SHENZHEN
ai,88796944,20231023,20231124,false,,CN,UNIV CHINESE HONG KONG SHENZHEN
ai,89405549,20231024,20240109,false,,CN,SHENZHEN INSTITUTE OF ARTIFICIAL INTELLIGENCE AND ROBOTICS FOR SOC | UNIV CHINESE HONG KONG SHENZHEN
ai,89532018,20231024,20240119,false,,CN,SHENZHEN INSTITUTE OF ARTIFICIAL INTELLIGENCE AND ROBOTICS FOR SOC | UNIV CHINESE HONG KONG SHENZHEN
ai,91880973,20231024,20240719,false,,CN,UNIV CENTRAL SOUTH | UNIV HONG KONG SCIENCE & TECH
ai,95401996,20231024,20250424,true,|HK,CN|US,UNIV CITY HONG KONG
ai,89073502,20231026,20231213,true,|DE|SG,GB|WO,CONTINENTAL AUTOMOTIVE TECH GMBH | UNIV NANYANG TECH
ai,89582900,20231026,20240126,false,,CN,SHENZHEN INSTITUTE OF ARTIFICIAL INTELLIGENCE AND ROBOTICS FOR SOC | UNIV CHINESE HONG KONG SHENZHEN
ai,89532184,20231027,20240119,false,,CN,UNIV CHINESE HONG KONG SHENZHEN
ai,95483813,20231030,20250501,true,HK,US,THE EDUCATION UNIV OF HONG KONG
ai,91069632,20231101,20240521,false,,CN,UNIV HONG KONG SCIENCE & TECH
ai,95561761,20231102,20250508,false,CN,US,HONG KONG CENTRE FOR CEREBRO CARDIOVASCULAR HEALTH ENGINEERING LTD | UNIV CITY HONG KONG
ai,90949181,20231107,20240510,false,,CN,UNIV HONG KONG CHINESE
ai,90143188,20231109,20240315,false,,CN,EIDGENOESSISCHE TECHNISCHE HOCHSCHULE ZURICH SWISS FEDERAL INSTITUTE OF TECH ZURICH | THE HONG KONG UNIV OF SCIENCE AND TECHNOLOGY GUANGZHOU | UNIV TONGJI
ai,91085592,20231114,20240523,true,SG,WO,UNIV NANYANG TECH
ai,91085594,20231114,20240523,true,|SG,CN|WO,UNIV NANYANG TECH
ai,91085595,20231114,20240523,true,|SG,CN|WO,UNIV NANYANG TECH
ai,95658472,20231115,20250515,false,CN,US,THE HONG KONG POLYTECHNIC UNIV SHENZHEN RESEACH INSTITUTE
ai,89814288,20231117,20240213,false,,CN,SHENZHEN INSTITUTE OF ARTIFICIAL INTELLIGENCE AND ROBOTICS FOR SOC | UNIV CHINESE HONG KONG SHENZHEN
ai,91085597,20231117,20240523,true,SG,WO,NAT UNIV SINGAPORE
ai,95704877,20231120,20250520,true,|CN|SG,CN|WO,CHONGQING XINGUODA RES INSTITUTE | NAT UNIV SINGAPORE | NATIONAL UNIV OF SINGAPORE CHONGQING RESEARCH INSTITUTE
ai,89862127,20231121,20240220,false,,CN,UNIV CHINESE HONG KONG SHENZHEN
ai,89429089,20231124,20240110,true,|DE|SG,EP|GB|US,Continental Autonomous Mobility Germany GmbH | UNIV NANYANG TECH
ai,91196710,20231124,20240530,true,|SG,CN|WO,UNIV NANYANG TECH
ai,90037012,20231127,20240301,false,,CN,THE HONG KONG UNIV OF SCIENCE AND TECHNOLOGY GUANGZHOU
ai,90521629,20231127,20240405,false,,CN,HUAWEI TECH CO LTD | SINGAPORE MANAGEMENT UNIV
ai,91144806,20231127,20240528,false,,CN,UNIV HONG KONG SCIENCE & TECH
ai,89820373,20231128,20240213,false,,CN,THE CHINESE UNIV OF HONG KONG SHENZHEN FUTURE ZHILIAN NETWORK RESEARCH INSTITUTE
ai,89949436,20231129,20240227,false,,CN,SHENZHEN INSTITUTE OF RESEARCH AND INNOVATION THE UNIV OF HONG KONG
ai,95861825,20231130,20250605,true,HK,US,UNIV CITY HONG KONG
ai,89959320,20231201,20240227,false,,CN,HONG KONG CHINESE UNIV OF HONG KONG SHENGANG INNOVATION RESEARCH INSTITUTE FUTIAN
ai,90804528,20231201,20240430,false,,CN,HONG KONG CHINESE UNIV OF HONG KONG SHENGANG INNOVATION RESEARCH INSTITUTE FUTIAN
ai,93652306,20231204,20241205,true,SG,US,DURAPOWER HOLDINGS PTE LTD | UNIV NANYANG TECH
ai,89954579,20231206,20240227,false,,CN|JP,BEIJING NORMAL UNIV HONG KONG BAPTIST UNIV UNITED INT COLLEGE | BEIJING NORMAL UNIV HONG KONG BAPTIST UNIV UNITED INTERNATIONAL COLLEGE
ai,90149169,20231211,20240315,false,,CN,SHENZHEN INSTITUTE OF ARTIFICIAL INTELLIGENCE AND ROBOTICS FOR SOC | UNIV CHINESE HONG KONG SHENZHEN
ai,91380403,20231211,20240613,true,SG,WO,NAT UNIV HOSPITAL SINGAPORE PTE LTD | NAT UNIV SINGAPORE
ai,91454528,20231212,20240618,false,|CN,CN|US,UNIV HONG KONG
ai,90152890,20231213,20240315,false,,CN,SHENZHEN RES INSTITUTE OF BIG DATA | UNIV CHINESE HONG KONG SHENZHEN
ai,96021819,20231218,20250417,false,|CN,CN|US,UNIV HONG KONG POLYTECHNIC
ai,90986550,20231220,20240514,false,,CN,THE HONG KONG UNIV OF SCIENCE AND TECHNOLOGY GUANGZHOU
ai,96065022,20231223,20250624,true,|HK,CN|US,UNIV CITY HONG KONG
ai,90648141,20231225,20240416,false,,CN,THE HONG KONG UNIV OF SCIENCE AND TECHNOLOGY GUANGZHOU
ai,91192614,20231226,20240530,true,SG,US,NAT UNIV SINGAPORE
ai,90520264,20231227,20240405,false,,CN,SHENZHEN QIANHAI WEBANK CO LTD | UNIV HONG KONG SCIENCE & TECH
ai,91399069,20231228,20240614,false,,CN,SHENZHEN QIANHAI WEBANK CO LTD | UNIV HONG KONG SCIENCE & TECH
ai,91677258,20231228,20240705,false,,CN,UNIV HONG KONG SCIENCE & TECH
ai,91776889,20231228,20240712,true,|CN|HK,CN|US,THE EDUCATION UNIV OF HONG KONG | WUXI NINTH PEOPLE’S HOSPITAL AFFILIATED TO SOOCHOW UNIV | WUXI NO 9 PEOPLES HOSPITAL
ai,90585766,20231229,20240412,false,,CN,SHENZHEN QIANHAI WEBANK CO LTD | UNIV HONG KONG SCIENCE & TECH
ai,91244753,20231229,20240604,false,,CN,THE HONG KONG UNIV OF SCIENCE AND TECHNOLOGY GUANGZHOU
ai,91854740,20240112,20240718,false,|CN,CN|US,UNIV HONG KONG SCIENCE & TECH
ai,89892063,20240115,20240220,false,,CN,SHENZHEN KELU NETWORK TECH CO LTD | THE CHINESE UNIV OF HONG KONG SHENZHEN FUTURE ZHILIAN NETWORK RESEARCH INSTITUTE
ai,90650432,20240118,20240416,false,,CN,KEBO INTELLIGENT CO LTD | SHENZHEN RESEARCH INSTITUTE THE HONG KONG POLYTECHNIC UNIV
ai,90758752,20240118,20240426,false,,CN,KEBO INTELLIGENT CO LTD | SHENZHEN RESEARCH INSTITUTE THE HONG KONG POLYTECHNIC UNIV
ai,90994188,20240123,20240514,false,,CN,SHENZHEN INSTITUTE OF ARTIFICIAL INTELLIGENCE AND ROBOTICS FOR SOC | UNIV CHINESE HONG KONG SHENZHEN
ai,91971242,20240124,20240802,true,SG,EP|WO,UNIV NANYANG TECH
ai,90035825,20240125,20240301,false,|CN,CN|ZA,THE HONG KONG UNIV OF SCIENCE AND TECHNOLOGY GUANGZHOU
ai,91971246,20240126,20240802,true,|SG,CN|EP|US|WO,SINGAPORE HEALTH SERV PTE LTD | UNIV NANYANG TECH
ai,96545370,20240126,20250731,true,SG,WO,UNIV NANYANG TECH
ai,96514468,20240129,20250801,false,,CN,SHENZHEN TENCENT COMPUTER SYSTEMS CO LTD | THE HONG KONG UNIV OF SCIENCE AND TECHNOLOGY GUANGZHOU
ai,90804632,20240130,20240430,false,,CN,SHENZHEN RES INSTITUTE OF BIG DATA | UNIV CHINESE HONG KONG SHENZHEN
ai,91963301,20240131,20240801,false,|CN,CN|US,UNIV HONG KONG
ai,96502015,20240131,20250731,true,|HK,CN|US,UNIV CITY HONG KONG
ai,90898987,20240201,20240507,false,,CN,BEIJING NORMAL UNIV HONG KONG BAPTIST UNIV UNITED INTERNATIONAL COLLEGE
ai,90900361,20240201,20240507,false,,CN,UNIV CHINESE HONG KONG SHENZHEN
ai,96587427,20240206,20250807,true,|HK,CN|US,UNIV CITY HONG KONG
ai,91003599,20240208,20240514,false,,CN,CHENGDU RESEARCH INSTITUTE CITY UNIV OF HONG KONG | UNIV SICHUAN
ai,90322284,20240218,20240326,false,,CN,UNIV CITY HONG KONG | UNIV PEKING SHENZHEN GRADUATE SCHOOL
ai,96743396,20240220,20250822,false,,CN,UNIV HONG KONG POLYTECHNIC
ai,96747853,20240222,20250822,false,,CN,TENCENT TECH SHENZHEN CO LTD | THE HONG KONG UNIV OF SCIENCE AND TECHNOLOGY GUANGZHOU
ai,90057561,20240223,20240912,true,DE|SG,DE|WO,AUMOVIO GERMANY GMBH | CONTINENTAL AUTOMOTIVE TECH GMBH | UNIV NANYANG TECH
ai,91108679,20240227,20240524,false,,CN,UNIV HONG KONG POLYTECHNIC
ai,90572450,20240228,20240410,true,|DE|SG,GB,CONTINENTAL AUTOMOTIVE TECH GMBH | UNIV NANYANG TECH
ai,91412870,20240301,20240614,false,,CN,HKUST FOK YING TUNG RES INST
ai,91412892,20240301,20240614,false,,CN,HKUST FOK YING TUNG RES INST
ai,92544313,20240301,20240905,true,SG,US,UNIV NANYANG TECH
ai,92770770,20240305,20240924,false,|CN,CN|US,UNIV HONG KONG
ai,96889648,20240305,20250905,false,,CN,UNIV HONG KONG POLYTECHNIC
ai,90756055,20240312,20240426,false,,CN,THE CHINESE UNIV OF HONG KONG SHENZHEN FUTURE ZHILIAN NETWORK RESEARCH INSTITUTE | UNIV CHINESE HONG KONG SHENZHEN
ai,93216420,20240313,20241031,false,|CN,CN|US,UNIV HONG KONG CHINESE
ai,93268500,20240315,20241105,false,,CN,UNIV HONG KONG SCIENCE & TECH
ai,91220692,20240318,20240531,false,,CN,HKUST FOK YING TUNG RES INST
ai,91448327,20240319,20240618,false,,CN,SHENZHEN INSTITUTE OF ARTIFICIAL INTELLIGENCE AND ROBOTICS FOR SOC | UNIV CHINESE HONG KONG SHENZHEN
ai,92465951,20240319,20240830,false,,CN,SHENZHEN INSTITUTE OF ARTIFICIAL INTELLIGENCE AND ROBOTICS FOR SOC | UNIV CHINESE HONG KONG SHENZHEN
ai,97105583,20240319,20250925,true,HK,US,UNIV HONG KONG
ai,91683844,20240320,20240705,false,,CN,BEIJING NORMAL UNIV HONG KONG BAPTIST UNIV UNITED INTERNATIONAL COLLEGE | UNIV BEIJING NORMAL
ai,92851738,20240320,20241001,true,|HK,CN|US,UNIV HONG KONG
ai,91554058,20240321,20240625,false,,CN,THE HONG KONG UNIV OF SCIENCE AND TECHNOLOGY GUANGZHOU
ai,91300404,20240322,20240607,false,,CN,SHENZHEN INSTITUTE OF ARTIFICIAL INTELLIGENCE AND ROBOTICS FOR SOC | UNIV CHINESE HONG KONG SHENZHEN
ai,91413261,20240322,20240614,false,,CN,HKUST FOK YING TUNG RES INST
ai,91501932,20240322,20240621,false,,CN,HKUST FOK YING TUNG RES INST | THE HONG KONG UNIV OF SCIENCE AND TECHNOLOGY GUANGZHOU
ai,97120526,20240326,20250926,false,,CN,HUAWEI INT PTE LTD | NAT UNIV SINGAPORE
ai,97184306,20240326,20251003,false,,CN,UNIV HONG KONG CHINESE
ai,92307790,20240327,20240806,false,,CN,SHENZHEN RESEARCH INSTITUTE THE HONG KONG POLYTECHNIC UNIV
ai,97164995,20240327,20250930,false,,CN,UNIV HONG KONG POLYTECHNIC
ai,90858114,20240329,20240503,false,,CN,UNIV CHINESE HONG KONG SHENZHEN
ai,97175797,20240402,20251002,true,|HK,CN|US,UNIV CITY HONG KONG
ai,91023442,20240403,20240515,true,|DE|SG,GB,CONTINENTAL AUTOMOTIVE TECH GMBH | UNIV NANYANG TECH
ai,93898720,20240403,20241224,true,|HK,CN|US,UNIV CITY HONG KONG
ai,97267942,20240404,20251009,true,SG,WO,SP POWERASSETS LTD | UNIV NANYANG TECH
ai,93121705,20240405,20241024,false,CN,US,UNIV HONG KONG CHINESE
ai,92379881,20240407,20240823,false,,CN,THE HONG KONG UNIV OF SCIENCE AND TECHNOLOGY GUANGZHOU
ai,91050468,20240416,20240517,false,,CN,THE HONG KONG UNIV OF SCIENCE AND TECHNOLOGY GUANGZHOU
ai,97306493,20240416,20251016,false,CN,US,UNIV HONG KONG CHINESE
ai,91142244,20240418,20240528,false,,CN,UNIV CHINESE HONG KONG SHENZHEN
ai,91912272,20240418,20240723,false,,CN,THE HONG KONG UNIV OF SCIENCE AND TECHNOLOGY GUANGZHOU
ai,92004531,20240418,20240726,false,,CN,KEBO INTELLIGENT CO LTD | SHENZHEN RESEARCH INSTITUTE THE HONG KONG POLYTECHNIC UNIV
ai,93121856,20240419,20241024,false,CN,US,UNIV HONG KONG CHINESE
ai,91685897,20240422,20240705,false,,CN,BEIJING DAJIA INTERCONNECTION INFORMATION TECH CO LTD | THE HONG KONG UNIV OF SCIENCE AND TECHNOLOGY GUANGZHOU
ai,92159782,20240422,20240809,false,,CN,SHENZHEN INSTITUTE OF ARTIFICIAL INTELLIGENCE AND ROBOTICS FOR SOC | UNIV CHINESE HONG KONG SHENZHEN
ai,91022967,20240424,20240605,true,|DE|SG,GB,CONTINENTAL AUTOMOTIVE TECH GMBH | UNIV NANYANG TECH
ai,93334031,20240424,20241107,true,SG,WO,NAT UNIV SINGAPORE
ai,94574064,20240424,20250218,false,,CN,SHENZHEN INSTITUTE OF ARTIFICIAL INTELLIGENCE AND ROBOTICS FOR SOC | UNIV CHINESE HONG KONG SHENZHEN
ai,93536124,20240425,20241126,false,,CN,HKUST SHENZHEN RES INSTITUTE
ai,95253213,20240425,20250410,true,|HK,CN|US,UNIV HONG KONG SCIENCE & TECH
ai,97409614,20240426,20251028,false,|CN,CN|US,UNIV HONG KONG POLYTECHNIC
ai,92247712,20240429,20240816,false,,CN,UNIV CHINESE HONG KONG SHENZHEN
ai,97452732,20240429,20251031,false,|CN|GB,CN|WO,ARTIFICIAL INTELLIGENCE DESIGN INST CO LTD | LABORATORY FOR ARTIFICIAL INTELLIGENCE IN DESIGN LTD | ROYAL COLLEGE OF ART | UNIV HONG KONG POLYTECHNIC
ai,91375527,20240430,20240612,true,|DE|SG,GB,CONTINENTAL AUTOMOTIVE TECH GMBH | Continental Autonomous Mobility Germany GmbH | UNIV NANYANG TECH
ai,92167609,20240430,20240809,false,,CN,THE HONG KONG UNIV OF SCIENCE AND TECHNOLOGY GUANGZHOU | UNIV HONG KONG SCIENCE & TECH
ai,92283019,20240430,20240820,false,,CN,THE HONG KONG UNIV OF SCIENCE AND TECHNOLOGY GUANGZHOU | UNIV HONG KONG SCIENCE & TECH
ai,93264012,20240430,20241105,false,,CN,SMART WAFER AND SYSTEMS R & D CENTRE LTD | UNIV HONG KONG SCIENCE & TECH | UNIV SHANGHAI JIAOTONG
ai,95605596,20240502,20250710,true,DE|SG,DE,SCHAEFFLER TECHNOLOGIES AG | UNIV NANYANG TECH
ai,91433105,20240506,20240619,true,|DE|SG,GB,CONTINENTAL AUTOMOTIVE TECH GMBH | UNIV NANYANG TECH
ai,93464765,20240515,20241121,true,SG,US,SINGAPORE HEALTH SERV PTE LTD | UNIV NANYANG TECH
ai,93520125,20240515,20241121,true,SG,WO,NAT UNIV SINGAPORE | ST ENGINEERING ADVANCED MAT ENGINEERING PTE LTD
ai,92563741,20240517,20240906,false,,CN,UNIV HONG KONG POLYTECHNIC
ai,93520134,20240517,20241121,true,SG,EP|WO,PANASONIC FACTORY SOLUTIONS ASIA PACIFIC PTE LTD | UNIV NANYANG TECH
ai,97643880,20240517,20251118,false,,CN,NAT UNIV SINGAPORE | NUS SUZHOU RES INSTITUTE
ai,97720343,20240517,20251120,true,SG,WO,NAT UNIV SINGAPORE
ai,92163322,20240520,20240809,false,,CN,SHENZHEN RESEARCH INSTITUTE THE HONG KONG POLYTECHNIC UNIV
ai,93590378,20240521,20241128,true,SG,WO,NAT UNIV SINGAPORE
ai,97727888,20240524,20251125,false,,CN,SHENZHEN INSTITUTE OF RESEARCH AND INNOVATION THE UNIV OF HONG KONG
ai,91554964,20240527,20240625,false,|CN,CN|WO,UNIV CHINESE HONG KONG SHENZHEN
ai,92706457,20240528,20240917,false,,CN,THE HONG KONG UNIV OF SCIENCE AND TECHNOLOGY GUANGZHOU
ai,92389343,20240530,20240823,false,,CN,THE HONG KONG UNIV OF SCIENCE AND TECHNOLOGY GUANGZHOU
ai,92723705,20240530,20240920,false,,CN,THE HONG KONG UNIV OF SCIENCE AND TECHNOLOGY GUANGZHOU
ai,92442699,20240603,20240827,false,,CN,THE HONG KONG UNIV OF SCIENCE AND TECHNOLOGY GUANGZHOU
ai,93804114,20240603,20241217,false,|CN|GB,CN|WO,ARTIFICIAL INTELLIGENCE DESIGN INST CO LTD | LABORATORY FOR ARTIFICIAL INTELLIGENCE IN DESIGN LTD | ROYAL COLLEGE OF ART | UNIV HONG KONG POLYTECHNIC
ai,93712921,20240605,20241210,true,|HK,CN|US,UNIV HONG KONG
ai,93795083,20240605,20241212,true,|CN|HK,CN|TW|US|WO,UNIV HONG KONG CHINESE
ai,92595302,20240607,20240910,false,,CN,SHENZHEN RES INSTITUTE OF BIG DATA | SHENZHEN RES INSTITUTE OF BIG DATA SHENZHEN INTERNATIONAL INDUSTRIAL AND APPLICATION MATHEMATICS CEN | UNIV CHINESE HONG KONG SHENZHEN
ai,93794566,20240607,20241212,true,SG,WO,NAT UNIV SINGAPORE
ai,93794574,20240607,20241212,true,|SG,CN|US|WO,NAT UNIV SINGAPORE | NATIONAL UNIV OF SINGAPORE
ai,93794587,20240607,20241212,true,SG,US|WO,NAT UNIV SINGAPORE | NATIONAL UNIV OF SINGAPORE
ai,93804903,20240612,20241217,true,|HK,CN|US,UNIV HONG KONG
ai,94211638,20240612,20250116,false,CN,US,UNIV HONG KONG SCIENCE & TECH
ai,96171475,20240613,20251218,true,DE|SG,DE,SCHAEFFLER TECHNOLOGIES AG | UNIV NANYANG TECH
ai,96171513,20240613,20251218,true,DE|SG,DE,SCHAEFFLER TECHNOLOGIES AG | UNIV NANYANG TECH
ai,92698991,20240614,20240917,false,,CN,THE HONG KONG UNIV OF SCIENCE AND TECHNOLOGY GUANGZHOU | Zhejiang Lab
ai,94171224,20240614,20250109,false,CN,WO,UNIV CITY HONG KONG
ai,91878323,20240617,20240719,false,,CN,GUANGZHOU NANSHA UNITED CONTAINER TERMINAL CO LTD | THE HONG KONG UNIV OF SCIENCE AND TECHNOLOGY GUANGZHOU
ai,94125952,20240619,20250102,true,HK,US,UNIV HONG KONG
ai,98214416,20240620,20251223,false,,CN,UNIV HONG KONG CHINESE
ai,93937350,20240624,20250102,false,|CN,CN|WO,UNIV HONG KONG
ai,93937292,20240625,20250102,false,|CN,CN|WO,UNIV HONG KONG SCIENCE & TECH
ai,96342712,20240625,20260108,true,DE|SG,DE,SCHAEFFLER TECHNOLOGIES AG | UNIV NANYANG TECH
ai,93157023,20240626,20241029,false,,CN,SHENZHEN INSTITUTE OF ARTIFICIAL INTELLIGENCE AND ROBOTICS FOR SOC | UNIV CHINESE HONG KONG SHENZHEN
ai,93940085,20240626,20250102,true,SG,WO,NAT UNIV SINGAPORE
ai,92213426,20240628,20240814,true,|DE|SG,GB,Continental Autonomous Mobility Germany GmbH | UNIV NANYANG TECH
ai,93156904,20240628,20241029,false,,CN,UNIV CHINESE HONG KONG SHENZHEN
ai,93881638,20240628,20241220,false,,CN,GUANGZHOU ANBIPING MEDICINE TECH CO LTD | THE HONG KONG UNIV OF SCIENCE AND TECHNOLOGY GUANGZHOU | UNIV HONG KONG SCIENCE & TECH
ai,92316495,20240703,20240802,false,,CN,JOINT SHANTOU INTERNATIONAL EYE CENTER OF SHANTOU UNIV AND THE CHINESE UNIV OF HONG KONG
ai,94212464,20240704,20250116,true,HK,US,UNIV HONG KONG
ai,92307583,20240705,20240802,false,,CN,SHENZHEN RESEARCH INSTITUTE THE HONG KONG POLYTECHNIC UNIV
ai,93227014,20240708,20241101,false,,CN,SHENZHEN RES INSTITUTE OF BIG DATA | SHENZHEN RES INSTITUTE OF BIG DATA SHENZHEN INTERNATIONAL INDUSTRIAL AND APPLICATION MATHEMATICS CEN | UNIV CHINESE HONG KONG SHENZHEN
ai,92232917,20240709,20240816,false,,CN,SHENZHEN RESEARCH INSTITUTE THE HONG KONG POLYTECHNIC UNIV
ai,98343829,20240710,20260113,false,,CN,UNIV CITY HONG KONG
ai,92458826,20240711,20240828,false,,GB,CAMBRIDGE ENTPR LTD | UNIV NANYANG TECH
ai,93234235,20240711,20241101,false,,CN,SHENZHEN RESEARCH INSTITUTE THE HONG KONG POLYTECHNIC UNIV
ai,98385674,20240712,20260115,true,CN|HK,EP|WO,THE CITY UNIV OF HONG KONG | UNIV CITY HONG KONG
ai,93404498,20240716,20241115,false,,CN,SHENZHEN RESEARCH INSTITUTE THE HONG KONG POLYTECHNIC UNIV
ai,94282780,20240716,20250123,true,|SG,CN|WO,UNIV NANYANG TECH
ai,92241377,20240717,20240816,false,,CN,SHENZHEN RESEARCH INSTITUTE THE HONG KONG POLYTECHNIC UNIV
ai,92724759,20240717,20240920,false,,CN,THE HONG KONG UNIV OF SCIENCE AND TECHNOLOGY GUANGZHOU
ai,94260331,20240717,20250123,true,|JP|SG,JP|US,NAT UNIV SINGAPORE | NEC CORP
ai,94260353,20240717,20250123,true,|JP|SG,JP|US,NAT UNIV SINGAPORE | NAT UNIVERSOREITY OF SINGAPORE | NEC CORP
ai,93267623,20240718,20241105,false,,CN,SHENZHEN INSTITUTE OF ARTIFICIAL INTELLIGENCE AND ROBOTICS FOR SOC | UNIV CHINESE HONG KONG SHENZHEN
ai,94299555,20240718,20250124,false,,CN,UNIV HONG KONG POLYTECHNIC
ai,93295369,20240722,20241108,false,,CN,UNIV CHINESE HONG KONG SHENZHEN
ai,94159945,20240723,20250110,false,,CN,CHINA MOBILE INF TECH CO LTD | THE HONG KONG UNIV OF SCIENCE AND TECHNOLOGY GUANGZHOU
ai,93388404,20240724,20241115,false,,CN,THE HONG KONG UNIV OF SCIENCE AND TECHNOLOGY GUANGZHOU
ai,98525656,20240724,20260129,true,HK,US,UNIV HONG KONG
ai,92719319,20240725,20240920,false,,CN,THE HONG KONG UNIV OF SCIENCE AND TECHNOLOGY GUANGZHOU
ai,95431895,20240725,20250425,false,,CN,CHINA MOBILE INF TECH CO LTD | THE HONG KONG UNIV OF SCIENCE AND TECHNOLOGY GUANGZHOU
ai,93158244,20240726,20241029,false,,CN,THE HONG KONG UNIV OF SCIENCE AND TECHNOLOGY GUANGZHOU
ai,94371400,20240726,20250130,true,|SG,CN|WO,UNIV NANYANG TECH
ai,93360062,20240729,20241112,false,,CN,SHENZHEN RES INSTITUTE OF BIG DATA | UNIV CHINESE HONG KONG SHENZHEN
ai,93539724,20240729,20241126,false,,CN,SHENZHEN INSTITUTE OF ARTIFICIAL INTELLIGENCE AND ROBOTICS FOR SOC | UNIV CHINESE HONG KONG SHENZHEN
ai,98579785,20240801,20260203,false,,CN,UNIV HONG KONG POLYTECHNIC
ai,94529474,20240802,20250214,false,,CN,UNIV CITY HONG KONG | UNIV HONG KONG SCIENCE & TECH
ai,98735760,20240806,20260212,true,SG,WO,NAT UNIV SINGAPORE
ai,92524893,20240808,20240903,false,,CN,THE HONG KONG UNIV OF SCIENCE AND TECHNOLOGY GUANGZHOU
ai,92556091,20240808,20240906,false,,CN,THE HONG KONG UNIV OF SCIENCE AND TECHNOLOGY GUANGZHOU
ai,93479697,20240808,20241122,false,,CN,THE HONG KONG UNIV OF SCIENCE AND TECHNOLOGY GUANGZHOU
ai,93481075,20240808,20241122,false,,CN,UNIV CHINESE HONG KONG SHENZHEN
ai,94042998,20240809,20241227,false,,CN,THE HONG KONG UNIV OF SCIENCE AND TECHNOLOGY GUANGZHOU
ai,98658502,20240809,20260210,false,,CN,SHENZHEN RESEARCH INSTITUTE THE HONG KONG POLYTECHNIC UNIV
ai,92605357,20240812,20240910,false,,CN,SHENZHEN WEILAIZHILIAN NETWORK RES INSTITUTE | UNIV CHINESE HONG KONG SHENZHEN
ai,98703732,20240812,20260213,false,,CN,UNIV HONG KONG CHINESE
ai,98703765,20240812,20260213,false,,CN,UNIV HONG KONG CHINESE
ai,95386198,20240813,20250422,false,,CN,UNIV HONG KONG SCIENCE & TECH
ai,98712030,20240813,20260213,false,,CN,UNIV HONG KONG POLYTECHNIC
ai,94064590,20240815,20241231,false,,CN,THE HONG KONG UNIV OF SCIENCE AND TECHNOLOGY GUANGZHOU
ai,93454025,20240816,20241119,false,,CN,UNIV HONG KONG POLYTECHNIC
ai,93493102,20240818,20241122,false,,CN,JOINT SHANTOU INTERNATIONAL EYE CENTER OF SHANTOU UNIV AND THE CHINESE UNIV OF HONG KONG
ai,94813230,20240820,20250307,false,,CN,THE HONG KONG UNIV OF SCIENCE AND TECHNOLOGY GUANGZHOU
ai,95253343,20240821,20250410,false,|CN,CN|US,UNIV HONG KONG SCIENCE & TECH
ai,95475914,20240821,20250402,true,KR|SG,KR,HYUNDAI MOTOR CO LTD | KIA CORP | UNIV NANYANG TECH
ai,95253282,20240822,20250410,false,|CN,CN|US,UNIV HONG KONG SCIENCE & TECH
ai,98960214,20240822,20260310,false,,CN,UNIV HONG KONG CHINESE
ai,98864224,20240823,20260226,false,CN,WO,UNIV CHINESE HONG KONG SHENZHEN
ai,98880970,20240826,20260303,false,,CN,UNIV HONG KONG POLYTECHNIC
ai,98900343,20240827,20260305,true,SG|US,US,APPLIED MATERIALS INC | NAT UNIV SINGAPORE
ai,94656332,20240828,20250225,false,,CN,DEEPROUTE AI LTD | GUANGDONG LABORATORY OF ARTIFICIAL INTELLIGENCE AND DIGITAL ECONOMIC SHENZHEN | THE HONG KONG UNIV OF SCIENCE AND TECHNOLOGY GUANGZHOU | UNIV SHENZHEN
ai,93771047,20240829,20241213,false,,CN,SHENZHEN RES INSTITUTE OF BIG DATA | UNIV CHINESE HONG KONG SHENZHEN
ai,94872430,20240829,20250313,false,|CN,CN|US,UNIV HONG KONG SCIENCE & TECH
ai,98946187,20240829,20260310,false,,CN,UNIV HONG KONG CHINESE
ai,93401251,20240830,20241115,false,,CN,PEKING UNIV SHENZHEN HOSPITAL PEKING UNIV SHENZHEN CLINIC MEDICAL COLLEGE | SHENZHEN PKU HKUST MEDICAL CENTER
ai,93482677,20240830,20241122,false,,CN,THE HONG KONG UNIV OF SCIENCE AND TECHNOLOGY GUANGZHOU
ai,93696828,20240830,20241206,false,,CN,HONG KONG UNIV OF SCIENCE AND TECHNOLOGY COOPERATION INNOVATION INSTITUTE SHENZHEN FUTIAN | SHANGHAI XINLIANKE ELECTRONIC TECH CO LTD
ai,94042957,20240830,20241227,false,,CN,PEKING UNIV SHENZHEN HOSPITAL PEKING UNIV SHENZHEN CLINIC MEDICAL COLLEGE | SHENZHEN PKU HKUST MEDICAL CENTER
ai,94049066,20240830,20241227,false,,CN,PEKING UNIV SHENZHEN HOSPITAL PEKING UNIV SHENZHEN CLINIC MEDICAL COLLEGE | SHENZHEN PKU HKUST MEDICAL CENTER
ai,95449369,20240831,20250424,true,|SG,CN|WO,NAT UNIV HOSPITAL SINGAPORE PTE LTD | NAT UNIV SINGAPORE
ai,94312602,20240902,20250124,false,,CN,THE HONG KONG UNIV OF SCIENCE AND TECHNOLOGY GUANGZHOU
ai,98956878,20240902,20260310,false,,CN,UNIV HONG KONG POLYTECHNIC
ai,98960455,20240902,20260310,false,,CN,UNIV HONG KONG POLYTECHNIC
ai,98964109,20240902,20260310,false,,CN,UNIV HONG KONG POLYTECHNIC
ai,92860846,20240903,20241001,false,,CN,UNIV CHINESE HONG KONG SHENZHEN
ai,92864510,20240903,20241001,false,,CN,UNIV CHINESE HONG KONG SHENZHEN
ai,97503960,20240903,20251104,false,,CN,UNIV HONG KONG POLYTECHNIC
ai,92746589,20240904,20250313,true,DE|SG,WO,CONTINENTAL AUTOMOTIVE TECH GMBH | UNIV NANYANG TECH
ai,92945953,20240905,20241011,false,,CN,JOINT SHANTOU INTERNATIONAL EYE CENTER OF SHANTOU UNIV AND THE CHINESE UNIV OF HONG KONG
ai,98898710,20240905,20260313,false,,CN,UNIV HONG KONG POLYTECHNIC
ai,98979857,20240906,20260312,true,HK,US,UNIV CITY HONG KONG
ai,93717442,20240913,20241210,false,,CN,THE HONG KONG UNIV OF SCIENCE AND TECHNOLOGY GUANGZHOU
ai,95022589,20240913,20250320,true,SG,WO,SINGAPORE HEALTH SERV PTE LTD | UNIV NANYANG TECH
ai,95247103,20240916,20250408,false,|CN,CN|US,UNIV HONG KONG SCIENCE & TECH
ai,95393296,20240916,20250422,false,|CN,CN|US,UNIV HONG KONG SCIENCE & TECH
ai,95073573,20240917,20250327,true,SG,WO,NAT UNIV SINGAPORE
ai,95237376,20240917,20250408,false,|CN,CN|US,UNIV HONG KONG SCIENCE & TECH
ai,95516730,20240917,20250501,true,SG,WO,UNIV NANYANG TECH
ai,94015708,20240918,20250103,false,,CN,UNIV CHINESE HONG KONG SHENZHEN
ai,94024809,20240919,20250103,false,,CN,THE HONG KONG UNIV OF SCIENCE AND TECHNOLOGY GUANGZHOU
ai,95067152,20240920,20250327,true,|KR|SG,CN|US,HYUNDAI MOTOR CO LTD | KIA CORP | KIA MOTORS CORP | UNIV NANYANG TECH
ai,95073575,20240920,20250327,true,|SG,CN|WO,UNIV NANYANG TECH
ai,95340348,20240920,20250417,true,HK,US,UNIV HONG KONG SCIENCE & TECH
ai,94033575,20240924,20250103,false,,CN,THE HONG KONG UNIV OF SCIENCE AND TECHNOLOGY GUANGZHOU
ai,95247118,20240924,20250408,false,|CN,CN|US,UNIV HONG KONG SCIENCE & TECH
ai,94158941,20240926,20250110,false,,CN,UNIV CHINESE HONG KONG SHENZHEN
ai,94160573,20240927,20250110,false,,CN,HKUST FOK YING TUNG RES INST
ai,99151563,20240927,20260402,true,CN|HK,US,HUAIYIN INST TECHNOLOGY | UNIV CITY HONG KONG
ai,94027319,20240929,20250103,false,,CN,SHENZHEN INSTITUTE OF ARTIFICIAL INTELLIGENCE AND ROBOTICS FOR SOC | UNIV CHINESE HONG KONG SHENZHEN
ai,95204693,20240930,20250403,true,SG,TW|WO,GARENA ONLINE PRIVATE LTD | NAT UNIV SINGAPORE
ai,95400489,20240930,20250424,true,|HK,CN|US,UNIV HONG KONG SCIENCE & TECH
ai,95340683,20241007,20250417,true,|HK,CN|US,UNIV HONG KONG SCIENCE & TECH
ai,99334802,20241008,20260410,false,,CN,UNIV CITY HONG KONG
ai,95395090,20241009,20250418,false,,CN,PRODUCT RELIABILITY AND SYSTEM SAFETY RES AND DEVELOPMENT CENTER CO LTD | UNIV HONG KONG POLYTECHNIC
ai,95300190,20241010,20250415,false,|CN,CN|US,UNIV HONG KONG SCIENCE & TECH
ai,99338544,20241010,20260416,false,CN,US,UNIV HONG KONG CHINESE
ai,94232432,20241015,20250117,false,,CN,JIANGXI COLLEGE APPLIED TECH | UNIV CENTRAL SOUTH | UNIV CHINESE HONG KONG SHENZHEN
ai,95401642,20241016,20250424,false,|CN,CN|US,UNIV HONG KONG SCIENCE & TECH
ai,93531437,20241018,20241126,false,,CN,UNIV CHINESE HONG KONG SHENZHEN
ai,94023532,20241018,20250103,false,,CN,UNIV HONG KONG CHINESE | UNIV SHANXI MEDICAL
ai,94023541,20241018,20250103,false,,CN,UNIV HONG KONG CHINESE | UNIV SHANXI MEDICAL
ai,94157566,20241018,20250110,false,,CN,UNIV HONG KONG CHINESE | UNIV SHANXI MEDICAL
ai,94692512,20241022,20250228,false,,CN,SHENZHEN RESEARCH INSTITUTE THE CHINESE UNIV OF HONG KONG
ai,95946085,20241022,20250613,false,,CN,UNIV CHINESE HONG KONG SHENZHEN
ai,94511542,20241023,20250214,false,,CN,UNIV CHINESE HONG KONG SHENZHEN
ai,99480202,20241023,20260423,true,HK,US,UNIV CITY HONG KONG
ai,99488365,20241023,20260424,false,,CN,UNIV HONG KONG POLYTECHNIC
ai,99488719,20241024,20260424,false,,CN,UNIV HONG KONG
ai,94702475,20241028,20250228,false,,CN,THE HONG KONG UNIV OF SCIENCE AND TECHNOLOGY GUANGZHOU
ai,94707922,20241029,20250228,false,,CN,SHENZHEN ZHIYU BIOTECHNOLOGY CO LTD | UNIV CHINESE HONG KONG SHENZHEN
ai,94664173,20241030,20250225,false,,CN,HONG KONG CLOUD NETWORK INTERNATIONAL INFORMATION TECH CO LTD | SHENZHEN RESEARCH INSTITUTE THE HONG KONG POLYTECHNIC UNIV
ai,93579993,20241031,20241129,false,,CN,UNIV CHINESE HONG KONG SHENZHEN
ai,95583314,20241101,20250508,true,|SG,CN|WO,UNIV NANYANG TECH
ai,94702412,20241104,20250228,false,,CN,THE HONG KONG UNIV OF SCIENCE AND TECHNOLOGY GUANGZHOU
ai,95091356,20241105,20250328,false,,CN,THE HONG KONG UNIV OF SCIENCE AND TECHNOLOGY GUANGZHOU
ai,95098557,20241105,20250328,false,,CN,SUN YAT SEN UNIV CANCER CENTER | UNIV HONG KONG CHINESE
ai,94569050,20241106,20250218,false,,CN,SHENZHEN TENCENT COMPUTER SYSTEMS CO LTD | THE HONG KONG UNIV OF SCIENCE AND TECHNOLOGY GUANGZHOU
ai,93803885,20241108,20241217,false,,CN,UNIV CHINESE HONG KONG SHENZHEN
ai,94565713,20241108,20250218,false,,CN,UNIV CHINESE HONG KONG SHENZHEN
ai,94710116,20241111,20250228,false,,CN,UNIV CHINESE HONG KONG SHENZHEN
ai,93750378,20241113,20241213,false,,CN,UNIV CHINESE HONG KONG SHENZHEN
ai,94895740,20241115,20250314,false,,CN,SHENZHEN RESEARCH INSTITUTE THE CHINESE UNIV OF HONG KONG
ai,99725293,20241115,20260521,false,CN,WO,UNIV HONG KONG POLYTECHNIC
ai,99803655,20241120,20260528,true,KR|SG,KR,HYUNDAI MOTOR CO LTD | KIA CORP | UNIV SINGAPORE TECHNOLOGY & DESIGN
ai,99804972,20241120,20260528,true,KR|SG,KR,HYUNDAI MOTOR CO LTD | KIA CORP | UNIV SINGAPORE TECHNOLOGY & DESIGN
ai,94901137,20241121,20250314,false,,CN,JOINT SHANTOU INTERNATIONAL EYE CENTER OF SHANTOU UNIV AND THE CHINESE UNIV OF HONG KONG
ai,94573063,20241122,20250218,false,,CN,THE UNIV OF HONG KONG SHENZHEN HOSPITAL
ai,94579586,20241122,20250218,false,,CN,THE UNIV OF HONG KONG SHENZHEN HOSPITAL
ai,94893043,20241122,20250314,false,,CN,THE UNIV OF HONG KONG SHENZHEN HOSPITAL
ai,94897163,20241122,20250314,false,,CN,THE UNIV OF HONG KONG SHENZHEN HOSPITAL
ai,94906171,20241122,20250314,false,,CN,THE UNIV OF HONG KONG SHENZHEN HOSPITAL
ai,95733770,20241122,20250523,false,|CN,CN|US,UNIV HONG KONG SCIENCE & TECH
ai,93900173,20241125,20241224,false,,CN,THE HONG KONG UNIV OF SCIENCE AND TECHNOLOGY GUANGZHOU
ai,94042356,20241125,20241227,false,,CN,UNIV CHINESE HONG KONG SHENZHEN
ai,95738400,20241125,20250523,false,,CN,UNIV HONG KONG SCIENCE & TECH
ai,96160523,20241126,20250701,false,|CN,CN|US,UNIV HONG KONG SCIENCE & TECH
ai,94056950,20241127,20241227,false,,CN,UNIV CHINESE HONG KONG SHENZHEN
ai,95898319,20241127,20250605,true,SG,WO,NAT UNIV SINGAPORE | UNIV NANYANG TECH
ai,99881523,20241127,20260529,false,,CN,UNIV CITY HONG KONG
ai,94659658,20241129,20250225,false,,CN,SHENZHEN QIANHAI WEBANK CO LTD | UNIV HONG KONG SCIENCE & TECH
ai,94391723,20241210,20250122,true,|DE|SG,GB,CONTINENTAL AUTOMOTIVE TECH GMBH | UNIV NANYANG TECH
ai,98607749,20241210,20260219,true,DE|SG,DE,SCHAEFFLER TECHNOLOGIES AG | UNIV NANYANG TECH
ai,94161409,20241211,20250110,false,,CN,JOINT SHANTOU INTERNATIONAL EYE CENTER OF SHANTOU UNIV AND THE CHINESE UNIV OF HONG KONG
ai,94189148,20241213,20250114,false,,CN,UNIV CHINESE HONG KONG SHENZHEN
ai,96058596,20241213,20250619,true,SG,WO,AGENCY SCIENCE TECH & RES | NAT UNIV HOSPITAL SINGAPORE PTE LTD | NAT UNIV SINGAPORE | SINGAPORE HEALTH SERV PTE LTD | TAN TOCK SENG HOSPITAL PTE LTD
ai,95665204,20241216,20250516,false,,CN,THE HONG KONG UNIV OF SCIENCE AND TECHNOLOGY GUANGZHOU | UNIV SHENZHEN
ai,96387968,20241216,20250717,true,SG,WO,NAT UNIV SINGAPORE
ai,94230733,20241217,20250117,false,,CN,UNIV CHINESE HONG KONG SHENZHEN
ai,96160557,20241218,20250701,true,|HK,CN|US,UNIV HONG KONG
ai,94340840,20241224,20250128,false,,CN,UNIV CHINESE HONG KONG SHENZHEN
ai,94316507,20241226,20250124,false,,CN,UNIV CHINESE HONG KONG SHENZHEN
ai,95849722,20241226,20250603,false,,CN,THE HONG KONG UNIV OF SCIENCE AND TECHNOLOGY GUANGZHOU | UNIV GUANGZHOU | UNIV SOUTH CHINA NORMAL
ai,95440581,20241227,20250425,false,,CN,THE HONG KONG UNIV OF SCIENCE AND TECHNOLOGY GUANGZHOU
ai,95853536,20241227,20250603,false,,CN,THE HONG KONG UNIV OF SCIENCE AND TECHNOLOGY GUANGZHOU | UNIV GUANGZHOU | UNIV SOUTH CHINA NORMAL
ai,95856545,20241227,20250603,false,,CN,THE HONG KONG UNIV OF SCIENCE AND TECHNOLOGY GUANGZHOU | UNIV GUANGZHOU | UNIV SOUTH CHINA NORMAL
ai,100293031,20241230,20260702,false,CN,US,THE EDUCATION UNIV OF HONG KONG
ai,94329204,20241230,20250128,false,,CN,FOSHAN ZHIXIANG INTELLIGENT TECH CO LTD | HKUST LED FPD TECH R & D CENTER AT FOSHAN
ai,95549997,20241230,20250506,false,,CN,CHENGDU MORLAB TESTING TECH CO LTD | CHENGDU RESEARCH INSTITUTE CITY UNIV OF HONG KONG
ai,96174146,20241230,20250703,false,CN,US,UNIV HONG KONG CHINESE
ai,99549907,20241230,20260430,false,CN,US,UNIV HONG KONG CHINESE
biomed,43876362,20150106,20160225,true,SG,US,NANYANG TECHNOLOGIES UNIV | UNIV NANYANG TECH
biomed,50112787,20150107,20150716,true,SG,HK|WO,SINGAPORE HEALTH SERV PTE LTD | UNIV NANYANG TECH
biomed,53524452,20150108,20150716,true,|SG,CN|EP|SG|US|WO,SINGAPORE HEALTH SERV PTE LTD | UNIV NANYANG TECH
biomed,52462381,20150114,20150723,true,IL|SG,EP|SG|US|WO,UNIV NANYANG TECH | YISSUM RES DEV CO | YISSUM RES DEV CO OF HEBREW UNIV JERUSALEM LTD
biomed,53520409,20150114,20150716,true,HK,US,UNIV HONG KONG
biomed,53754639,20150115,20150806,false,|CN,CN|EP|US|WO,HU JUN | UNIV HONG KONG | VERSITECH LTD | WONG NAI-KEI | YANG DAN
biomed,25482355,20150116,20150820,false,CN,US,UNIV HONG KONG CHINESE
biomed,56408248,20150116,20160721,true,HK,US,UNIV CITY HONG KONG
biomed,52019426,20150121,20150731,true,HK,HK,UNIV HONG KONG BAPTIST
biomed,56433116,20150126,20160728,true,|SG|US,CN|SG|US,AGENCY SCIENCE TECH & RES | IBM | NAT UNIV SINGAPORE | UNIV SINGAPORE
biomed,53682080,20150127,20150730,true,|CN|SG,CN|SG|US|WO,NAT UNIV SINGAPORE | UNIV HONG KONG SCIENCE & TECH | UNIV HONG KONG SCIENCE & TECHN | UNIV HONG KONG SCIENCE &AMP | UNIV SINGAPORE
biomed,56433675,20150128,20160728,true,HK,US,UNIV CITY HONG KONG
biomed,53759408,20150130,20150806,true,SG,EP|US|WO,CHAO TAR TOONG VICTOR | LIM CHONG HEE | NAT UNIV HOSPITAL (SINGAPORE) PTE LTD | NAT UNIV SINGAPORE | NAT UNIVERSITY HOSPITAL SINGAPORE PTE LTD | NATIONAL UNIV HOSPITAL (SINGAPORE) PTE LTD | NG TZE KIAT | SINGAPORE HEALTH SERV PTE LTD | TAN HOCK HENG DANIEL | UNIV SINGAPORE
biomed,53759409,20150130,20150806,true,SG,EP|SG|US|WO,CHAO TAR TOONG VICTOR | LIM CHONG HEE | NAT HEART CENTRE SINGAPORE PTE LTD | NAT UNIV HOSPITAL (SINGAPORE) PTE LTD | NAT UNIV HOSPITAL SINGAPORE PTE LTD | NAT UNIV SINGAPORE | NAT UNIVERSITY HOSPITAL SINGAPORE PTE LTD | NATIONAL UNIV HOSPITAL (SINGAPORE) PTE LTD | SINGAPORE HEALTH SERV PTE LTD | SINGAPORE HEALTH SERVICES PTE | TAN HOCK HENG DANIEL | UNIV SINGAPORE
biomed,54016289,20150130,20150910,true,|CN|HK,CN|EP|HK|US|WO,UNIV HONG KONG BAPTIST | UNIV HONG KONG BAPTIST UNIV
biomed,56342950,20150203,20160713,true,|HK,CN|US,UNIV HONG KONG POLYTECHNIC
biomed,53778270,20150205,20150813,true,|SG,CN|EP|SG|US|WO,NAT UNIV SINGAPORE | UNIV SINGAPORE
biomed,44312331,20150206,20150604,true,|SG,JP|US,NANYANG TEHNOLOGICAL UNIV | SINGAPORE HEALTH SERV PTE LTD | UNIV NANYANG TECH
biomed,53778272,20150206,20150813,true,SG,SG|US|WO,NAT UNIV SINGAPORE | UNIV SINGAPORE
biomed,53778275,20150206,20150813,true,|SG,EP|ES|SG|US|WO,AGENCY SCIENCE TECH & RES | NAT UNIV SINGAPORE | UNIV SINGAPORE
biomed,43500337,20150210,20160531,true,|CN|HK|US,CY|HK|HR|IL|JP|US,CHINESE UNIV OF HONG KONG | SEQUENOM INC | UNIV HONG KONG CHINESE
biomed,53800452,20150213,20150820,true,SG,SG|US|WO,NAT UNIV SINGAPORE | UNIV SINGAPORE
biomed,53796999,20150216,20150820,true,|CN|HK,CN|EP|US|WO,UNIV HONG KONG BAPTIST | UNIV HONG KONG BAPTIST UNIV
biomed,53878789,20150218,20150827,true,SG|US,EP|SG|US|WO,MASSACHUSETTS INST TECHNOLOGY | NAT UNIV SINGAPORE | UNIV SINGAPORE
biomed,50482727,20150224,20150827,true,SG|US,SG|US,UNIV CALIFORNIA | UNIV CALIFORNIA LOS ANGELES | UNIV SINGAPORE
biomed,53878682,20150224,20150827,true,|SG,CN|EP|US|WO,NAT UNIV HOSPITAL (SINGAPORE) PTE LTD | NAT UNIV HOSPITAL SINGAPORE PTE LTD | NAT UNIV SINGAPORE | NAT UNIVERSITY HOSPITAL SINGAPORE PTE LTD | UNIV SINGAPORE
biomed,53877645,20150225,20150827,false,|CN,CN|EP|ES|US|WO,UNIV HONG KONG | VERSITECH LTD
biomed,53881576,20150226,20150827,true,HK,US,UNIV HONG KONG POLYTECHNIC
biomed,56787823,20150227,20160901,false,|CN,CN|EP|US|WO,UNIV HONG KONG
biomed,50340462,20150302,20150430,false,|CN,AU|CY|HK|HR|IL|JP|ZA,CHINESE UNIV OF HONG KONG | UNIV HONG KONG CHINESE
biomed,54072174,20150310,20150917,true,SG,WO,UNIV NANYANG TECH
biomed,50634766,20150311,20150917,true,SG,SG|WO,HOPE TECHNIK PTE LTD | UNIV SINGAPORE
biomed,53678033,20150311,20150730,true,SG,US,UNIV NANYANG TECH
biomed,51935541,20150312,20150918,true,HK,HK,UNIV HONG KONG BAPTIST
biomed,53520414,20150313,20150716,true,HK,US,UNIV HONG KONG BAPTIST
biomed,54072173,20150313,20150917,true,|SG,CN|EP|SG|US|WO,NAT UNIV SINGAPORE | SINGAPORE HEALTH SERV PTE LTD | UNIV SINGAPORE
biomed,53643716,20150318,20150708,false,,CN,NANJING UNIVERSITY OF TECHNOLOGY | UNIV HONG KONG CHINESE
biomed,54444461,20150318,20151111,false,,CN,NANJING UNIVERSITY OF TECHNOLOGY | UNIV HONG KONG CHINESE
biomed,54110378,20150320,20150923,false,,CN,UNIV CITY HONG KONG
biomed,54145079,20150320,20150924,true,SG,WO,UNIV SINGAPORE
biomed,54145081,20150323,20150924,true,|SG,CN|EP|SG|US|WO,AGENCY SCIENCE TECH & RES | NAT UNIV SINGAPORE | UNIV SINGAPORE
biomed,50737717,20150324,20151008,true,GB|SG,TW|WO,NAT UNIV SINGAPORE | UNIV SINGAPORE | UNIV SOUTHAMPTON
biomed,54332862,20150324,20151029,true,|SG,CN|EP|US|WO,UNIV NANYANG TECH
biomed,54196365,20150325,20151001,true,|SG|US,CN|EP|JP|US|WO,BRIGHAM & WOMENS HOSPITAL | BRIGHAM & WOMENS HOSPITAL INC | DANA FARBER CANCER INST INC | NAT UNIV SINGAPORE | UNIV SINGAPORE
biomed,54196095,20150327,20151001,true,SG,EP|US|WO,NAT UNIV SINGAPORE | UNIV SINGAPORE
biomed,54324367,20150327,20151022,true,|SG,CN|EP|US|WO,UNIV NANYANG TECH
biomed,54271721,20150403,20151014,false,,CN,HKUST SHENZHEN RES INST | SHENZHEN INST OF THE HONG KONG UNIV OF SCIENCE & TECH | SHENZHEN INST OF THE HONG KONG UNIVERSITY OF SCIENCE & TECHNOLOGY | THE HONG KONG UNIV OF SCIENCE & TECH | UNIV HONG KONG SCIENCE & TECHN
biomed,36991289,20150413,20151008,false,CN,US,UNIV HONG KONG CHINESE
biomed,50682290,20150415,20160310,false,CN,US,UNIV HONG KONG
biomed,57120794,20150417,20161018,true,|CN|HK,CN|US,UNIV HONG KONG BAPTIST UNIV | UNIV SHANGHAI TRADITIONAL CHINESE MEDICINE
biomed,39798126,20150420,20150806,true,|CN|HK,CY|HK|HR|JP|US,CHINESE UNIV OF HONGKONG | THE CHINESE UNIV OF HONG KONG TECHNOLOGY LICENSING OFFICE | UNIV HONG KONG CHINESE
biomed,54332861,20150424,20151029,true,|CN|SG,CN|US|WO,NAT UNIV SINGAPORE | UNIV HONG KONG SCIENCE & TECH | UNIV HONG KONG SCIENCE & TECHN | UNIV HONG KONG SCIENCE &AMP | UNIV SINGAPORE
biomed,54332870,20150424,20151029,true,SG,SG|US|WO,NAT UNIV SINGAPORE | UNIV SINGAPORE
biomed,43530526,20150427,20150924,true,|HK,JP|US,CHINESE UNIV OF HONG KONG | UNIV HONG KONG CHINESE
biomed,53797103,20150501,20150820,true,CN|HK,US,SHANGHAI UNIVERSITY OF TRADITIONAL CHINESE MEDICINE | UNIV HONG KONG BAPTIST
biomed,43093046,20150504,20151008,false,|CN,HK|JP|US,CHINESE UNIV OF HONG KONG | UNIV HONG KONG CHINESE
biomed,54392767,20150505,20151112,true,SG,EP|SG|US|WO,AGENCY SCIENCE TECH & RES | NAT UNIV SINGAPORE | UNIV SINGAPORE
biomed,54392770,20150508,20151112,true,SG,WO,UNIV SINGAPORE
biomed,53945661,20150511,20150902,false,|CN,CN|US,THE UNIV OF HONG KONG SHENZHEN INST OF RES AND INNOVATION | UNIV HONG KONG SHENZHEN INST OF RES AND INNOVATION
biomed,54480322,20150514,20151119,true,|SG|US,AU|CA|CN|DK|EP|ES|JP|KR|PT|SG|US|WO,NAT UNIV SINGAPORE | ST JUDE CHILDREN'S RES HOSPITAL | ST JUDE CHILDREN'S RES HOSPITAL INC | ST JUDE CHILDRENS RES HOSPITAL | ST JUDE CHILDRENS RES HOSPITAL INC | UNIV SINGAPORE
biomed,42561987,20150515,20150820,false,,JP,UNIV NANYANG TECH
biomed,51959765,20150522,20160121,true,HK,US,UNIV CITY HONG KONG
biomed,54698090,20150525,20151203,false,CN,WO,UNIV CITY HONG KONG | UNIV HONG KONG POLYTECHNIC
biomed,54698102,20150526,20151203,false,|CN,CN|US|WO,UNIV HONG KONG | VERSITECH LTD
biomed,54446479,20150529,20151111,false,,CN,SHENZHEN PKU HKUST MEDICAL CT
biomed,54699393,20150529,20151203,true,SG,US|WO,ADVANCED ELECTROACOUSTIC PTE LTD | UNIV NANYANG TECH
biomed,54767056,20150602,20151210,true,CN|SG,WO,UNIV SHANGHAI JIAOTONG | UNIV SINGAPORE | WONG FONG ENGINEERING WORKS 1988 PTE LTD
biomed,53677680,20150603,20150715,true,|SG,GB|US|WO,NAT UNIV SINGAPORE | UNIV SINGAPORE
biomed,50897436,20150605,20151210,true,|DE|NL|SG,CA|IL|US|WO,AI LING JOANNA CHOO | GIJSBERT MARNIX GROTENBREG | JIAWEI YAP | NAT UNIV SINGAPORE | SANQUIN BLOEDVOORZIENING | SANQUIN REAGENTS B V | SOCK YUE THONG | STEVEN HENDRIK LEONARD VERHELST | STICHTING SANQUIN BLOEDVOORZIENING | Stiching Sanquin Bloedvoorziening | Technische Universität München | UNIV MUENCHEN TECH | UNIV SINGAPORE | WILHELMUS JOHANNES ELISABETH VAN ESCH
biomed,54833970,20150612,20151217,true,|SG,CN|GB|SG|US|WO,NAT UNIV SINGAPORE | UNIV SINGAPORE
biomed,57586781,20150616,20161222,true,|HK,CN|US,UNIV HONG KONG BAPTIST UNIV
biomed,54868657,20150618,20151224,true,CN|HK,US,CHANGSHU RES INST OF HONG KONG BAPTIST UNIV | CHANGSHU RES INST OF HONG KONG BAPTIST UNIVERSITY | UNIV HONG KONG BAPTIST | UNIV HONG KONG BAPTIST UNIV
biomed,57587540,20150618,20161222,true,CN|HK,US,UNIV HONG KONG BAPTIST UNIV | UNIV YUNNAN MINZU
biomed,57275851,20150621,20161116,true,|HK,CN|TW|US,UNIV HONG KONG POLYTECHNIC
biomed,57276399,20150621,20161116,true,|HK,CN|TW|US,UNIV HONG KONG POLYTECHNIC
biomed,53784289,20150622,20150805,true,|SG,CA|CN|EP|GB|SG|US|WO,NAT UNIV SINGAPORE | NAT UNIVERSITY OF SINGAPORE AND AGENCY FOR SCIENCE TECHNOLOGY AND RES
biomed,57587248,20150622,20161222,true,|HK,CN|US,UNIV CITY HONG KONG
biomed,55018426,20150623,20160107,false,|CN,EP|ES|JP|KR|US|WO,CHINESE UNIV OF HONG KONG | UNIV HONG KONG CHINESE
biomed,54938552,20150624,20151230,true,SG,WO,DSO NAT LAB | UNIV SINGAPORE
biomed,54938553,20150624,20151230,true,SG,WO,DSO NAT LAB | UNIV SINGAPORE
biomed,54929319,20150625,20151230,true,|SG|US,CN|EP|HK|US|WO,IRIDEX CORP | NAT UNIV HOSPITAL (SINGAPORE) PTE LTD | NAT UNIV HOSPITAL SINGAPORE PTE LTD | NAT UNIV SINGAPORE | NAT UNIVERSITY HOSPITAL SINGAPORE PTE LTD | NATIONAL UNIV HOSPITAL (SINGAPORE) PTE LTD | UNIV SINGAPORE
biomed,57601346,20150626,20161229,true,|HK,CN|US,UNIV CITY HONG KONG
biomed,55019739,20150702,20160107,true,|SG,AU|CN|EP|ES|KR|SG|US|WO,NAT UNIV SINGAPORE | UNIV SINGAPORE
biomed,51162586,20150710,20160114,true,DE|SG,WO,MAX DELBRÜCK CT FÜR MOLEKULARE MEDIZIN | UNIV SINGAPORE
biomed,51388739,20150714,20150831,true,|CN|HK,AU|HK|IL|JP|MX|US,CHINESE UNIV OF HONG KONG | UNIV HONG KONG CHINESE
biomed,49114635,20150716,20160108,true,|CN|HK,AU|CY|HK|HR|JP|US,CHINESE UNIV OF HONGKONG | UNIV HONG KONG CHINESE
biomed,55078838,20150716,20160121,true,|SG,CN|EP|SG|US|WO,NANYANG TECHNOLOGY UNIV | UNIV NANYANG TECH
biomed,55074077,20150720,20160121,true,|CN|HK,CN|DK|EP|ES|HK|HU|PT|TW|US|WO,UNIV HONG KONG CHINESE
biomed,55402846,20150720,20160310,false,|CN,CN|WO,UNIV HONG KONG BAPTIST | UNIV HONG KONG BAPTIST UNIV
biomed,54555281,20150721,20151126,true,HK,US,UNIV HONG KONG BAPTIST | UNIV HONG KONG BAPTIST UNIV
biomed,55163392,20150722,20160128,true,SG,WO,UNIV NANYANG TECH
biomed,55163402,20150724,20160128,true,SG,SG|US|WO,AGENCY SCIENCE TECH & RES | NAT UNIV HOSPITAL | NAT UNIV HOSPITAL SINGAPORE PTE LTD | NAT UNIVERSITY HOSPITAL | NATIONAL UNIV HOSPITAL
biomed,54106628,20150727,20150909,true,|SG,GB|WO,NAT UNIV SINGAPORE | UNIV SINGAPORE
biomed,52668154,20150729,20160115,true,HK,HK,UNIV HONG KONG BAPTIST
biomed,55218364,20150731,20160204,false,|CN|US,CN|EP|ES|US|WO,THE GOVERNMENT OF THE UNITED STATES OF AMERICA AS REPRESENTED BY THE SECRETARY OF THE DEPT OF HEALTH | THE GOVERNMENT OF THE US SECRETARY OF THE DEPARTMENT OF | THE GOVERNMENT OF THE US SECRETARY OF THE DEPT OF | UNIV HONG KONG SCI & TECH | UNIV HONG KONG SCIENCE & TECH | UNIV HONG KONG SCIENCE & TECHN | US GOV HEALTH & HUMAN SERV | US GOV HEALTH & HUMAN SERVICES
biomed,40877072,20150803,20160115,true,HK,HK,UNIV HONG KONG
biomed,51587686,20150804,20160211,true,SG,TW|WO,UNIV SINGAPORE
biomed,55264220,20150804,20160211,true,SG,WO,SINGAPORE HEALTH SERV PTE LTD | UNIV SINGAPORE
biomed,44542605,20150810,20160114,false,,JP,MASSACHUSETTS INST TECHNOLOGY | NAT UNIV SINGAPORE
biomed,55264222,20150811,20160211,true,|SG,CN|EP|JP|KR|SG|US|WO,AGENCY FOR SCIENCE TECH & RESEARCH | AGENCY SCIENCE TECH & RES | NAT UNIV HOSPITAL (SINGAPORE) PTE LTD | NAT UNIV HOSPITAL SINGAPORE PTE LTD | NAT UNIV SINGAPORE | NAT UNIVERSITY HOSPITAL | NAT UNIVERSITY HOSPITAL SINGAPORE PTE LTD | NATIONAL UNIV HOSPITAL | UNIV SINGAPORE
biomed,55268081,20150811,20160211,false,|CN,CN|US|WO,UNIV HONG KONG
biomed,52932380,20150812,20160630,true,CN|HK,US,SHANGHAI UNIV OF TRADITIONAL CHINESE | SHANGHAI UNIVERSITY OF TRADITIONAL CHINESE MEDICINE | UNIV HONG KONG BAPTIST | UNIV HONG KONG BAPTIST UNIV | UNIV SHANGHAI TRADITIONAL CHINESE MEDICINE
biomed,55301325,20150812,20160218,true,|CN|HK,CN|US|WO,UNIV HONG KONG | UNIV OF HONG KONG
biomed,55351041,20150818,20160225,true,SG,US|WO,NAT UNIV SINGAPORE | UNIV SINGAPORE
biomed,55351044,20150818,20160225,true,SG,WO,UNIV NANYANG TECH | UNIV SINGAPORE
biomed,55351048,20150819,20160225,true,SG,SG|US|WO,NAT UNIV SINGAPORE | UNIV SINGAPORE
biomed,55351225,20150819,20160225,true,SG|US,US|WO,GEN HOSPITAL CORP | MASSACHUSETTS GEN HOSPITAL | UNIV NANYANG TECH
biomed,58157458,20150819,20170223,true,HK,US,UNIV CITY HONG KONG
biomed,55351050,20150821,20160225,true,SG,SG|US|WO,NAT UNIV SINGAPORE | UNIV NANYANG TECH | UNIV SINGAPORE
biomed,55351051,20150824,20160225,true,SG,DK|EP|SG|US|WO,NAT UNIV SINGAPORE | UNIV NANYANG TECH | UNIV SINGAPORE
biomed,55400793,20150825,20160303,true,SG,AU|EP|SG|US|WO,NAT SKIN CENTRE SINGAPORE PTE LTD | SINGAPORE UNIV OF TECH AND DESIGN | UNIV SINGAPORE TECHNOLOGY & DESIGN
biomed,56162929,20150826,20160630,true,HK,US,UNIV CITY HONG KONG
biomed,51428595,20150827,20151029,true,|SG,IL,NAT UNIV SINGAPORE | UNIV NANYANG TECH | UNIV SINGAPORE
biomed,51752430,20150831,20160310,true,SG,WO,UNIV SINGAPORE
biomed,56888935,20150831,20170301,true,CN|HK,EP|US,UNIV HONG KONG
biomed,51796315,20150904,20160310,true,SG,US,NAT UNIV SINGAPORE | UNIV SINGAPORE
biomed,51796479,20150904,20160317,true,SG,WO,UNIV SINGAPORE
biomed,55458356,20150909,20160317,true,CN|HK,US|WO,UNIV HONG KONG POLYTECHNIC
biomed,55459337,20150909,20160317,true,SG,WO,UNIV NANYANG TECH
biomed,58160821,20150910,20170316,true,DE|SG,DE,BAYERISCHE MOTOREN WERKE AG | UNIV NANYANG TECH
biomed,58160853,20150910,20170316,true,DE|SG,DE,BAYERISCHE MOTOREN WERKE AG | UNIV NANYANG TECH
biomed,35907224,20150915,20160310,true,CA|HK|US,US,UNIV HONG KONG POLYTECHNIC | UNIV MCGILL | UNIV SOUTH FLORIDA | UNIV WAYNE STATE
biomed,51537558,20150915,20160125,true,SG|US,PH|US,60 DEGREES PHARMACEUTICALS LLC | 60O PHARMACEUTICALS LLC | NAT UNIV SINGAPORE | SINGAPORE HEALTH SERV PTE LTD | UNIV SINGAPORE
biomed,55533576,20150915,20160324,true,PL|SG,WO,INST OF BIOORG CHEMISTRY POLISH ACADEMY OF SCIENCES | UNIV NANYANG TECH
biomed,58256974,20150916,20170316,false,CN,US,UNIV HONG KONG
biomed,55533830,20150917,20160324,true,|SG|US,CN|EP|US|WO,MASSACHUSETTS INST TECHNOLOGY | NAT UNIV SINGAPORE | UNIV SINGAPORE
biomed,55533836,20150917,20160324,true,SG|US,US|WO,MASSACHUSETTS INST TECHNOLOGY | NAT UNIV SINGAPORE | UNIV SINGAPORE
biomed,44355681,20150921,20160114,true,SG,US,AGENCY SCIENCE TECH & RES | MARITIME AND PORT AUTHORITY OF SINGAPORE | NAT UNIV SINGAPORE | UNIV SINGAPORE
biomed,55580312,20150922,20160331,false,CN,WO,UNIV HONG KONG SCIENCE & TECHN
biomed,55581579,20150922,20160331,true,SG,US|WO,NAT UNIV SINGAPORE | UNIV SINGAPORE
biomed,45567870,20150923,20160721,true,SG,US,SINGAPORE HEALTH SERV PTE LTD | UNIV NANYANG TECH
biomed,53840667,20150923,20160311,true,HK,HK,UNIV HONG KONG BAPTIST
biomed,55581582,20150923,20160331,true,SG,US|WO,UNIV NANYANG TECH
biomed,55581583,20150923,20160331,true,IL|SG,EP|US|WO,TECHNION RES & DEV FOUNDATION | TECHNION RES & DEVELOPMENT FOUND LTD | UNIV NANYANG TECH
biomed,55581585,20150925,20160331,true,SG,EP|US|WO,SINGAPORE HEALTH SERV PTE LTD | UNIV NANYANG TECH
biomed,55581586,20150925,20160331,true,|SG,EP|IL|US|WO,BHASKAR SATHYAMOORTHY | KUNIYIL AMBILI | LIM SIERIN | MRIDUL SARKER | NAT SKIN CENTER (S) PTE LTD | NAT SKIN CENTER S PTE LTD | NAT SKIN CT S PTE LTD | THNG STEVEN | UNIV NANYANG TECH
biomed,55581587,20150925,20160331,true,|SG,AU|CA|CN|EP|JP|KR|SG|US|WO,NAT UNIV SINGAPORE | NATL UNIV OF SINGAPORE | UNIV SINGAPORE
biomed,58416246,20150925,20170405,false,,CN,SHENZHEN RES INST THE HONG KONG POLYTECHNIC UNIV
biomed,55761239,20150928,20160428,true,SG,WO,UNIV NANYANG TECH
biomed,55631064,20150929,20160407,true,SG,US|WO,UNIV NANYANG TECH
biomed,55632009,20150930,20160407,true,FR|SG,US,INST NAT DE LA SANTÉ ET DE LA RECH MÉDICALE (INSERM) | INST NAT SANTE RECH MED | INST NAT SANTÉ ET DE LA RECH MÉDICALE INSERM | NAT UNIV SINGAPORE | PASTEUR INSTITUT | UNIV SINGAPORE
biomed,55653460,20151006,20160414,true,SG,US|WO,UNIV NANYANG TECH
biomed,55653462,20151007,20160414,true,SG,WO,TAN TOCK SENG HOSPITAL PTE LTD | UNIV NANYANG TECH
biomed,55761245,20151021,20160428,true,SG,SG|US|WO,SINGAPORE UNIV OF TECH AND DESIGN | UNIV SINGAPORE TECHNOLOGY & DESIGN
biomed,55760309,20151022,20160428,false,|CN,BR|CN|EP|KR|US|WO,THE HONGKONG UNIV OF SCIENCE & TECH | UNIV HONG KONG SCI & TECH | UNIV HONG KONG SCIENCE & TECH | UNIV HONG KONG SCIENCE & TECHN
biomed,58558005,20151022,20170427,false,CN,WO,UNIV HONG KONG
biomed,58612764,20151022,20170503,false,,CN,NAT UNIV SINGAPORE | SUZHOU IND PARK NUS INST | UNIV BEIHANG
biomed,55791100,20151023,20160428,false,CN,US,UNIV HONG KONG CHINESE
biomed,43449069,20151026,20160211,true,SG,US,UNIV NANYANG TECH
biomed,51985344,20151026,20160211,false,CN,US,UNIV HONG KONG
biomed,52103444,20151027,20160506,true,SG,WO,UNIV SINGAPORE
biomed,56073569,20151028,20160602,false,CN,WO,UNIV HONG KONG
biomed,55857951,20151029,20160506,true,|SG,EP|JP|SG|US|WO,NAT UNIV SINGAPORE | UNIV SINGAPORE
biomed,55870922,20151029,20160511,true,|CN|HK,CN|HK|US,UNIV HONG KONG CHINESE
biomed,41797335,20151030,20160721,true,SG,US,UNIV NANYANG TECH
biomed,55301656,20151030,20160218,true,HK,US,UNIV HONG KONG BAPTIST | UNIV HONG KONG BAPTIST UNIV
biomed,55301657,20151030,20160218,true,HK,US,UNIV HONG KONG BAPTIST | UNIV HONG KONG BAPTIST UNIV
biomed,58631274,20151030,20170504,false,|CN,CN|WO,HKUST SHENZHEN RES INST
biomed,55909515,20151103,20160512,true,SG,SG|US|WO,UNIV NANYANG TECH
biomed,55909671,20151103,20160512,true,SG|US,SG|US|WO,AGENCY SCIENCE TECH & RES | NAT UNIV SINGAPORE | UNIV NEW YORK | UNIV SINGAPORE
biomed,55954732,20151103,20160519,true,|SG,CN|EP|SG|US|WO,NAT UNIV SINGAPORE | UNIV SINGAPORE
biomed,55909517,20151104,20160512,true,|SG,CN|EP|US|WO,UNIV NANYANG TECH
biomed,47753591,20151105,20160317,true,|HK,JP|US,CHINESE UNIV OF HONGKONG | UNIV HONG KONG CHINESE
biomed,55908622,20151105,20160512,true,|CN|HK,CN|EP|HK|US|WO,UNIV HONG KONG BAPTIST | UNIV HONG KONG BAPTIST UNIV
biomed,55909518,20151105,20160512,true,SG,WO,NAT UNIVERSITY HOSPITAL S PTE LTD | UNIV SINGAPORE
biomed,55912021,20151105,20160512,false,|CN,CN|US,UNIV HONG KONG CHINESE
biomed,55953758,20151113,20160519,false,|CN,AU|CN|EP|HK|US|WO,UNIV HONG KONG | VERSITECH LTD
biomed,55954741,20151113,20160519,true,|SG,AU|CN|EP|KR|SG|US|WO,UNIV NANYANG TECH
biomed,56014299,20151118,20160526,true,SG,AU|EP|SG|WO,UNIV NANYANG TECH
biomed,58932998,20151118,20170524,false,,CN,SHENZHEN PKU-HKUST MEDICAL CENTER
biomed,56013307,20151119,20160526,false,|CN,CN|WO,UNIV HONG KONG SCIENCE & TECH | UNIV HONG KONG SCIENCE & TECHN
biomed,58719860,20151119,20170525,true,|HK,CN|US,UNIV CITY HONG KONG
biomed,58720076,20151124,20170525,true,CN|HK,US,UNIV HONG KONG BAPTIST UNIV | UNIV MACAU
biomed,56074790,20151125,20160602,true,|SG,CN|SG|US|WO,UNIV NANYANG TECH
biomed,59103381,20151127,20170609,false,,CN,NAT UNIV OF SINGAPORE SUZHOU RES INST | NAT UNIV SINGAPORE
biomed,56092104,20151202,20160609,true,SG,WO,UNIV NANYANG TECH
biomed,57650493,20151202,20170104,false,,CN,SHENZHEN RES INST THE CHINESE UNIV OF HONG KONG
biomed,55545372,20151209,20160330,false,,CN,UNIV HONG KONG CHINESE | UNIV KUNMING MEDICAL
biomed,59018998,20151211,20170615,true,|HK,CN|US,UNIV CITY HONG KONG
biomed,56125931,20151215,20160623,false,CN,WO,UNIV HONG KONG CHINESE
biomed,55274842,20151216,20160127,true,|GB|SG,AU|CA|CN|CY|DK|EP|ES|GB|HK|HR|HU|JP|KR|LT|NZ|PL|PT|RS|SG|SI|SM|TR|US|WO|ZA,CLEGG RICHARD IAN | NAT UNIV SINGAPORE | NATIONAL UNIV OF SINGAPO | SINGAPORE HEALTH SERV PTE LTD | SINGAPORE HEALTH SERVICES PTE LTD AND NAT UNIVERSITY OF SINGAPORE THE
biomed,56127089,20151216,20160623,true,|SG,CN|EP|SG|US|WO,NAT UNIV SINGAPORE | SINGAPORE HEALTH SERV PTE LTD | UNIV SINGAPORE
biomed,56125951,20151217,20160623,false,CN,US|WO,UNIV HONG KONG
biomed,59442326,20151229,20170707,false,,CN,UNIV HONG KONG CHINESE
biomed,55922198,20151230,20160518,false,,CN,INST OF BASIC RES IN CLINICAL MEDICINE CHINA ACAD OF CHINESE MEDICAL SCIENCES | SCHOOL OF CHINESE MEDICINE HONG KONG BAPTIST UNIV
biomed,55922199,20151230,20160518,false,,CN,INST OF BASIC RES IN CLINICAL MEDICINE CHINA ACAD OF CHINESE MEDICAL SCIENCES | SCHOOL OF CHINESE MEDICINE HONG KONG BAPTIST UNIV
biomed,55922259,20151230,20160518,false,,CN,INST OF BASIC RES IN CLINICAL MEDICINE CHINA ACAD OF CHINESE MEDICAL SCIENCES | SCHOOL OF CHINESE MEDICINE HONG KONG BAPTIST UNIV
biomed,55922260,20151230,20160518,false,,CN,INST OF BASIC RES IN CLINICAL MEDICINE CHINA ACAD OF CHINESE MEDICAL SCIENCES | SCHOOL OF CHINESE MEDICINE HONG KONG BAPTIST UNIV
biomed,59442713,20151231,20170707,false,,CN,UNIV HONG KONG POLYTECHNIC
biomed,55705650,20160105,20160420,false,|CN,CN|EP|US|WO,UNIV HONG KONG BAPTIST UNIV
biomed,56356227,20160105,20160714,true,SG,WO,SINGAPORE HEALTH SERV PTE LTD | UNIV SINGAPORE
biomed,56367113,20160112,20160714,true,|CN|HK,AU|CA|CN|EP|ES|JP|KR|SG|TW|US|WO,CHINESE UNIV OF HONG KONG | UNIV HONG KONG CHINESE
biomed,56367740,20160112,20160714,true,|CN|HK,CN|EP|TW|US|WO,UNIV HONG KONG CHINESE
biomed,56406140,20160112,20160721,true,SG,WO,UNIV SINGAPORE
biomed,56416439,20160112,20160728,true,|CN|HK,AU|CA|CN|CY|DK|EP|HR|TW|US|WO,HONG KONG CHINESE UNIV | THE CHINESE UNIV OF HONG KONG OFFICE OF RESEARCH AND KNOWLEDGE TRANSFER SERVICES | THE CHINESE UNIV OF HONG KONG OFFICE OF RESEARCH AND KNOWLEDGE TRANSFER SERVICES ORKTS | UNIV HONG KONG CHINESE
biomed,59274953,20160112,20170713,false,CN,US,UNIV HONG KONG CHINESE
biomed,59480749,20160112,20170718,false,,CN,SHENZHEN RESEARCH INSTITUTE THE CHINESE UNIV OF HONG KONG
biomed,56406142,20160115,20160721,true,SG,WO,UNIV SINGAPORE
biomed,56434405,20160122,20160728,true,GB|IN|SG,US,BANGALORE UNIV | CAMBRIDGE ENTPR LTD | NAT UNIV OF SINGPORE | NAT UNIV SINGAPORE | UNIV OF MYSORE
biomed,56433041,20160125,20160728,false,|CN,CN|US,UNIV HONG KONG CHINESE
biomed,46171096,20160128,20160421,true,|CN|HK,HK|IL|JP|US,CHINESE UNIV OF HONG KONG | THE CHINESE UNIV OF HONG KONG OFFICE OF RES AND KNOWLEDGE TRANSFER SERVICES | UNIV HONG KONG CHINESE
biomed,50026152,20160128,20160526,true,HK,US,LAM SIU YIN | TO CHI HO | TSE YAN YIN | UNIV HONG KONG POLYTECHNIC
biomed,56229696,20160128,20160622,false,,CN,SOUTHWEST GUIZOU VOCATIONAL & TECHNICAL COLLEGE FOR NAT | UNIV HONG KONG CHINESE | UNIV KUNMING MEDICAL
biomed,56488199,20160128,20160608,false,,CN,SOUTHWEST GUIZHOU VOCATIONAL & TECHNICAL COLLEGE FOR NAT | UNIV HONG KONG CHINESE | UNIV KUNMING MEDICAL
biomed,56543865,20160129,20160804,true,|SG,CN|EP|SG|US|WO,AGENCY SCIENCE TECH & RES | UNIV NANYANG TECH
biomed,56552743,20160129,20160804,false,CN,US,UNIV HONG KONG CHINESE
biomed,35351726,20160201,20160908,true,CN|HK,US,The Chinese Universtiy of Hong Kong | UNIV HONG KONG CHINESE
biomed,56621890,20160202,20160818,false,CN,US,UNIV HONG KONG CHINESE
biomed,59523959,20160202,20170808,false,,CN,SHENZHEN RESEARCH INSTITUTE THE CHINESE UNIV OF HONG KONG
biomed,56564718,20160204,20160811,true,SG|US,WO,AGENCY SCIENCE TECH & RES | HARVARD COLLEGE | NAT UNIV SINGAPORE | UNIV SINGAPORE
biomed,56564429,20160205,20160811,true,|SG,AU|CA|CN|CY|DK|EP|ES|HR|HU|JP|KR|LT|NZ|PL|PT|RS|SG|SI|SM|US|WO,NAT UNIV SINGAPORE | NATL UNIV OF SINGAPORE | UNIV SINGAPORE
biomed,56614918,20160211,20160818,true,SG,EP|US|WO,AGENCY SCIENCE TECH & RES | NAT UNIV SINGAPORE
biomed,56615337,20160214,20160818,true,|CN|HK,AU|CA|CN|DK|EP|ES|HK|HU|JP|KR|PT|SG|TW|US|WO,CHINESE UNIV OF HONG KONG | THE CHINESS UNIV OF HONG KONG | UNIV HONG KONG CHINESE
biomed,57276385,20160215,20161117,true,SG,US,NAT UNIV SINGAPORE
biomed,60422105,20160216,20171201,false,,CN,SHENZHEN RESEARCH INSTITUTE THE HONG KONG POLYTECHNIC UNIV | UNIV JINAN | XINHUI INT ENTERPRISE CO LTD
biomed,59561249,20160217,20170817,false,CN,US,UNIV HONG KONG CHINESE
biomed,56690260,20160221,20160825,true,HK,US,UNIV HONG KONG BAPTIST UNIV
biomed,59630879,20160222,20170824,true,SG,US,NAT UNIV SINGAPORE
biomed,57127128,20160223,20161020,false,|CN,CN|WO,UNIV HONG KONG SCI & TECH | UNIV HONG KONG SCIENCE & TECH
biomed,56789012,20160224,20160901,true,SG,EP|US|WO,SINGAPORE HEALTH SERV PTE LTD | UNIV NANYANG TECH
biomed,59716902,20160224,20170901,false,,CN,SHENZHEN RESEARCH INSTITUTE THE HONG KONG POLYTECHNIC UNIV | UNIV JINAN
biomed,56788893,20160225,20160901,true,SG,WO,NAT UNIV SINGAPORE | SINGAPORE HEALTH SERV PTE LTD
biomed,49325666,20160226,20160623,false,CN,US,UNIV HONG KONG | VERSITECH LTD
biomed,57247665,20160301,20161117,false,CN,WO,UNIV HONG KONG POLYTECHNIC
biomed,57247755,20160301,20161117,false,CN,WO,UNIV HONG KONG POLYTECHNIC
biomed,56848340,20160304,20160909,true,|SG,CN|US|WO,UNIV NANYANG TECH
biomed,56848537,20160304,20160909,true,SG,WO,AGENCY SCIENCE TECH & RES | UNIV NANYANG TECH
biomed,50544039,20160308,20160929,false,|CN,HK|US,UNIV HONG KONG CHINESE
biomed,59787954,20160309,20170914,false,CN,US,UNIV HONG KONG CHINESE
biomed,56919808,20160314,20160922,true,SG|US,US|WO,AGENCY SCIENCE TECH & RES | METHODIST HOSPITAL | UNIV NANYANG TECH
biomed,59871550,20160314,20170922,false,,CN,UNIV HONG KONG
biomed,56919913,20160315,20160922,true,|SG,CN|SG|US|WO,SINGAPORE HEALTH SERV PTE LTD | UNIV NANYANG TECH
biomed,56552832,20160316,20160804,true,HK,US,UNIV HONG KONG BAPTIST UNIV
biomed,55642907,20160317,20160922,true,|IT|SG|US,US|WO,FOND ST ITALIANO DI TECNOLOGIA (ITALIAN INST OF TECHNOLOGY) | FONDAZIONE ISTITUTO ITALIANO DI TECH ITALIAN INSTITUTE OF TECH | FONDAZIONE ISTITUTO ITALIANO DI TECNOLOGIA ITALIAN INSTITUTE OF TECH | ITALIAN INSTITUTE OF TECH | UNIV DEGLI STUDI DI GENOVA UNIV OF GENOA | UNIV MINNESOTA | UNIV NANYANG TECH | UNIV OF GENOA | Università degli Studi di Genova (University of Genoa)
biomed,56920185,20160317,20160922,true,|SG,CN|EP|SG|US|WO,AGENCY SCIENCE TECH & RES | NAT UNIV SINGAPORE
biomed,56919993,20160318,20160922,true,SG,WO,NAT UNIV SINGAPORE
biomed,59855347,20160318,20170921,false,CN,US,UNIV HONG KONG CHINESE
biomed,49292781,20160321,20160714,true,|CN|HK,AU|HK|US,UNIV HONG KONG CHINESE
biomed,56978532,20160322,20160929,true,SG,DE|US|WO,UNIV NANYANG TECH
biomed,56978557,20160322,20160929,true,|SG,EP|IL|SG|US|WO,COHEN YEHUDA | LAM YEE CHEONG | LIM CHUN PING | NAT UNIV SINGAPORE | NGUYEN QUOC MAI PHUONG | UNIV NANYANG TECH
biomed,56978809,20160323,20160929,true,|SG,CN|HK|SG|US|WO,NAT UNIV SINGAPORE
biomed,57006267,20160328,20161006,true,SG,WO,UNIV NANYANG TECH
biomed,57005271,20160329,20161006,true,|SG,CN|EP|US|WO,UNIV NANYANG TECH
biomed,59958761,20160330,20171005,false,CN,US,UNIV HONG KONG CHINESE
biomed,59959372,20160330,20171005,false,CN,US,UNIV HONG KONG CHINESE
biomed,56526677,20160406,20160803,false,,CN,CHONGQING ACAD OF CHINESE MEDICINE | UNIV HONG KONG BAPTIST UNIV
biomed,56334474,20160408,20160713,false,,CN,SHENZHEN PKU-HKUST MEDICAL CENTER | UNIV PEKING SHENZHEN HOSPITAL
biomed,56636104,20160408,20160817,false,,CN,SHENZHEN PKU-HKUST MEDICAL CENTER | UNIV PEKING SHENZHEN HOSPITAL
biomed,59999233,20160408,20171012,true,HK,US,UNIV HONG KONG | VERSITECH LTD
biomed,52828713,20160413,20160630,true,|SG|US,IL|ZA,NAT UNIV SINGAPORE | ST JUDE CHILDRENS RES HOSPITAL | UNIV SINGAPORE
biomed,57400158,20160413,20161129,true,FR|SG,SG|US,INST NAT DE LA SANTE ET DE LA RECH MEDICALE (INSERM) | INST NAT SANTE RECH MED | NAT UNIV SINGAPORE | UNIV SINGAPORE
biomed,57147165,20160415,20161027,true,|CN|HK,CN|EP|US|WO,UNIV HONG KONG
biomed,57144067,20160420,20161027,true,SG,DK|EP|US|WO,AGENCY SCIENCE TECH & RES | NAT UNIV SINGAPORE | UNIV NANYANG TECH
biomed,57143322,20160422,20161027,true,SG,WO,NAT UNIV SINGAPORE
biomed,57147401,20160422,20161027,true,HK,US,UNIV HONG KONG
biomed,59783458,20160425,20170908,false,,CN,HKUST SHENZHEN RES INSTITUTE
biomed,57199269,20160429,20161103,true,FR|GB|SG,EP|SG|US|WO,MOORFIELDS EYE HOSPITAL | NAT UNIV SINGAPORE | SINGAPORE HEALTH SERV PTE LTD | STROUTHIDIS NICHOLAS | UCL BUSINESS PLC | UNIV OF FRENCH POLYNESIA
biomed,60160829,20160429,20171102,true,|SG,CN|EP|SG|US|WO,NAT UNIV SINGAPORE
biomed,57217821,20160504,20161110,true,|SG|US,CN|EP|US|WO,NAT UNIV SINGAPORE | UNIV CALIFORNIA
biomed,56914003,20160505,20160921,false,,CN,SHENZHEN RES INST THE CHINESE UNIV OF HONG KONG
biomed,57217692,20160505,20161110,true,|CH|SG,AU|CA|CN|EP|US|WO,ETH ZUERICH | NAT UNIV SINGAPORE
biomed,57217707,20160506,20161110,true,SG,WO,NAT UNIV HOSPITAL (SINGAPORE) PTE LTD | NAT UNIV SINGAPORE
biomed,57249284,20160509,20161117,true,|SG,CN|EP|JP|SG|US|WO,AGENCY FOR SCIENCE TECH & RESEARCH | AGENCY FOR SCIENCE TECH & RESEARCH SINGAPORE | AGENCY SCIENCE TECH & RES | METHOD FOR DIAGNOSIS AND PROGNOSIS OF CHRONIC HEART FAILURE | NAT UNIV HOSPITAL | NAT UNIV HOSPITAL SINGAPORE PTE LTD | NAT UNIV SINGAPORE | NATIONAL UNIV HOSPITAL S PTE LTD
biomed,60271092,20160509,20171117,false,,CN,THE UNIV OF HONG KONG SHENZHEN HOSPITAL
biomed,60271706,20160509,20171117,false,,CN,THE UNIV OF HONG KONG SHENZHEN HOSPITAL
biomed,60272059,20160509,20171117,false,,CN,THE UNIV OF HONG KONG SHENZHEN HOSPITAL
biomed,60272149,20160509,20171117,false,,CN,THE UNIV OF HONG KONG SHENZHEN HOSPITAL
biomed,60266154,20160510,20171116,false,CN,WO,THE HONG KONG POLYTECHNIC UNIV SHENZHEN RESEARCH INSTITUTE
biomed,43304815,20160512,20170105,true,SG|US,US,MASSACHUSETTS INST TECHNOLOGY | NAT UNIV SINGAPORE
biomed,57440131,20160513,20161208,false,|CN,CN|US|WO,UNIV HONG KONG
biomed,57097465,20160516,20161012,false,,CN,SHENZHEN PKU-HKUST MEDICAL CENTER | UNIV PEKING SHENZHEN HOSPITAL
biomed,60329316,20160517,20171123,true,HK,US,UNIV CITY HONG KONG
biomed,60324680,20160520,20171123,false,CN,WO,UNIV HONG KONG
biomed,38691712,20160523,20170413,false,CN,US,UNIV HONG KONG CHINESE
biomed,57397422,20160525,20161201,true,SG,US,NAT UNIV SINGAPORE
biomed,57586016,20160527,20161222,false,|CN,CN|EP|US|WO,UNIV HONG KONG
biomed,46244986,20160601,20170105,true,|SG,AU|CY|JP|PH|US,DSO NAT LAB | DSO NAT LABORATORIES | NAT UNIV SINGAPORE
biomed,60485291,20160601,20171208,false,,CN,SHENZHEN RESEARCH INSTITUTE THE HONG KONG POLYTECHNIC UNIV
biomed,60545642,20160602,20171212,false,,CN,SHENZHEN RESEARCH INSTITUTE THE HONG KONG POLYTECHNIC UNIV
biomed,57440189,20160603,20161208,true,|CN|HK,CN|EP|US|WO,UNIV HONG KONG
biomed,57450856,20160603,20161208,true,CN|HK|US,US,UNIV CALIFORNIA | UNIV HONG KONG CHINESE
biomed,60545715,20160603,20171212,false,,CN,THE UNIV OF HONG KONG SHENZHEN HOSPITAL
biomed,57504493,20160606,20161215,false,|CN,CN|EP|US|WO,UNIV HONG KONG SCI & TECH | UNIV HONG KONG SCIENCE & TECH
biomed,56511820,20160607,20171214,true,FR|SG,WO,UNIV GRENOBLE ALPES | UNIV NANYANG TECH
biomed,57515653,20160609,20161215,true,SG,US,NAT UNIV SINGAPORE
biomed,57503795,20160610,20161215,true,|SG,CN|EP|ES|JP|US|WO,NAT UNIV SINGAPORE
biomed,57504923,20160610,20161215,true,|SG,CN|EP|US|WO,AGENCY SCIENCE TECH & RES | NAT UNIV SINGAPORE
biomed,38997441,20160615,20161006,true,SG,US,NAT UNIV SINGAPORE
biomed,57546092,20160617,20161222,true,|SG|SK,AU|CA|CN|EP|HK|IL|KR|MX|PH|RU|SG|US|WO,INST OF ZOOLOGY SLOVAK ACAD OF SCIENCES | INST OF ZOOLOGY SLOVAK ACADEMY OF SCIENCES | INSTITUTE OF ZOOLOGY SLOVAK ACADEMY OF SCIENCES | NAT UNIV SINGAPORE
biomed,57600834,20160623,20161229,true,CN|HK,US,CHANGSHU HKBU TECH COMPANY LTD | UNIV HONG KONG BAPTIST UNIV
biomed,57651379,20160623,20170104,false,,CN,UNIV HONG KONG BAPTIST UNIV
biomed,57651584,20160623,20170104,false,,CN,UNIV HONG KONG BAPTIST UNIV
biomed,61168229,20160623,20180216,false,,CN,HKBU CHANGSHU RES INSTITUTE | UNIV HONG KONG BAPTIST UNIV
biomed,57584688,20160624,20161229,false,|CN,CN|US|WO,UNIV HONG KONG SCI & TECH | UNIV HONG KONG SCIENCE & TECH
biomed,57586064,20160624,20161229,true,|SG,AU|BR|CA|CN|EP|HK|JP|KR|MX|SG|US|WO,UNIV NANYANG TECH
biomed,57757984,20160630,20170119,false,|CN,CN|US|WO,UNIV HONG KONG SCI & TECH | UNIV HONG KONG SCIENCE & TECH
biomed,57685701,20160706,20170112,true,|SG,BR|CN|EP|PH|US|WO,NAT UNIV SINGAPORE | SINGAPORE HEALTH SERV PTE LTD
biomed,40848768,20160707,20161027,true,SG,US,AGENCY SCIENCE TECH & RES | MARITIME AND PORT AUTHORITY OF SINGAPORE | NAT UNIV SINGAPORE
biomed,57757805,20160707,20170119,false,|CN,CN|EP|ES|HK|US|WO,HONG KONG UNIV OF SCIENCE & TECHNOLOGY | UNIV HONG KONG SCI & TECH | UNIV HONG KONG SCIENCE & TECH
biomed,57995345,20160708,20170216,true,SG,US,NAT UNIV SINGAPORE
biomed,57758239,20160711,20170119,true,SG,US|WO,NAT UNIV SINGAPORE
biomed,60952772,20160711,20180118,true,CN|HK,US|WO,UNIV HONG KONG | VERSITECH LTD
biomed,45997185,20160712,20170105,true,SG|US,US,MASSACHUSETTS INST TECHNOLOGY | NAT UNIV SINGAPORE
biomed,45773152,20160713,20161229,true,SG,US,NAT UNIV SINGAPORE
biomed,57756631,20160713,20170119,false,|CN,CN|WO,UNIV HONG KONG SCI & TECH | UNIV HONG KONG SCIENCE & TECH
biomed,57758356,20160713,20170119,true,SG,US|WO,CHANGI GENERAL HOSPITAL PTE LTD | EASTERN HEALTH ALLIANCE PTE LTD | SINGAPORE UNIV OF TECH AND DESIGN | UNIV SINGAPORE TECHNOLOGY & DESIGN
biomed,57756659,20160714,20170119,true,|CN|HK,CN|EP|US|WO,UNIV HONG KONG
biomed,57757628,20160715,20170119,true,SG,TW|WO,UNIV NANYANG TECH
biomed,57833669,20160720,20170126,true,|CN|HK,AU|CA|CN|DK|EP|ES|HK|HU|PT|TW|US|WO,UNIV HONG KONG CHINESE
biomed,57884904,20160721,20170202,true,SG,WO,NAT UNIV SINGAPORE | UNIV NANYANG TECH
biomed,58065567,20160721,20161130,false,,CN,THE HONG KONG UNIV OF SCIENCE & TECH
biomed,57833803,20160725,20170126,true,|CN|HK,AU|CA|CN|DK|EP|ES|FI|HK|HU|IL|JP|KR|PT|SG|TW|US|WO,CHINESE UNIV OF HONG KONG | UNIV HONG KONG CHINESE
biomed,57943347,20160729,20170209,true,|SG,AU|CN|EP|SG|US|WO,AGENCY SCIENCE TECH & RES | NAT UNIV HOSPITAL (SINGAPORE) PTE LTD | NAT UNIV HOSPITAL SINGAPORE PTE LTD | SINGAPORE HEALTH SERV PTE LTD
biomed,57454492,20160803,20161109,false,,CN,FIRST AFFILIATED HOSPITAL KUNMING MEDICAL UNIV | UNIV HONG KONG CHINESE | UNIV KUNMING MEDICAL
biomed,61071576,20160804,20180208,true,HK,US,UNIV CITY HONG KONG
biomed,61072068,20160804,20180208,false,|CN,CN|US,SHANDONG WEIGAO ORTHOPAEDIC DEVICE CO LTD | SHENZHEN INST OF ADV TECH CAS | SHENZHEN INSTITUTES OF ADVANCED TECH CHINESE ACADEMY OF SCIENCE | SHENZHEN INSTIUTES OF ADVANDCED TECH CHINESE ACADEMY OF SCIENCE | UNIV HONG KONG CHINESE
biomed,58051228,20160807,20170223,true,IL|SG,EP|KR|US|WO,ALLIUM MEDICAL LTD | NAT UNIV SINGAPORE
biomed,57983790,20160811,20170216,false,CN|US,US|WO,LEISHVAC LLC | UNIV HONG KONG CHINESE | UNIV ROSALIND FRANKLIN MEDICINE & SCIENCE
biomed,61200486,20160811,20180223,true,|CN|SG,CN|SG,NAT UNIV SINGAPORE | NATIONAL UNIV OF SINGAPORE SUZHOU RESEARCH INSTITUTE
biomed,57983895,20160812,20170216,true,|CN|HK,AU|CA|CN|EP|HK|IL|JP|MY|SA|TW|US|WO,CHINESE UNIV OF HONG KONG | UNIV HONG KONG CHINESE
biomed,43068694,20160815,20161110,false,,JP|US,UNIV HONG KONG | UNIV OF HONG KONG
biomed,52625848,20160816,20170209,false,CN,US,UNIV HONG KONG | VERSITECH LTD
biomed,61259935,20160816,20180306,false,,CN,NAT UNIV SINGAPORE | NATIONAL UNIV OF SINGAPORE SUZHOU RESEARCH INSTITUTE
biomed,61191152,20160818,20180222,true,CN|HK,US|WO,UNIV HONG KONG POLYTECHNIC
biomed,61191345,20160818,20180222,true,HK,US,UNIV CITY HONG KONG
biomed,58100726,20160819,20170302,true,|SG,CN|EP|US|WO,NAT UNIV SINGAPORE | UNIV NANYANG TECH
biomed,58100888,20160823,20170302,true,SG|US,WO,MASSACHUSETTS INST TECHNOLOGY | NAT UNIV SINGAPORE
biomed,58188449,20160829,20170309,false,|CN,CN|US|WO,UNIV HONG KONG
biomed,59783557,20160905,20170908,false,,CN,HKUST SHENZHEN RES INSTITUTE
biomed,58190110,20160906,20170309,true,SG,US,NAT UNIV SINGAPORE
biomed,58239605,20160906,20170316,true,SG,EP|US|WO,NAT UNIV SINGAPORE | UNIV NANYANG TECH
biomed,58289568,20160916,20170323,true,|SG,CN|US|WO,NANYANG TECHNOLOGYICAL UNIV | UNIV NANYANG TECH
biomed,58289696,20160916,20170323,true,SG|US,US|WO,FARAH BENJAMIN L | NAT UNIV SINGAPORE | UNIV DUKE | YEN PAUL M
biomed,58386743,20160919,20170330,true,|SE|SG,CN|EP|US|WO,LIGHTLAB SWEDEN AB | PUREFIZE TECH AB | UNIV NANYANG TECH
biomed,58276749,20160922,20170323,true,|CN|HK,CN|HK|IL|MY|SA|SG|TW|US|WO,UNIV HONG KONG CHINESE
biomed,58236493,20160923,20170316,true,CN|HK|US,US,CASE WESTERN RESEREVE UNIV | UNIV CASE WESTERN RESERVE | UNIV HONG KONG | VERSITECH LTD
biomed,58386667,20160923,20170330,true,SG,US|WO,UNIV NANYANG TECH
biomed,57994273,20160927,20170216,true,HK,US,UNIV HONG KONG BAPTIST UNIV
biomed,60082794,20160927,20171024,true,|CN|HK,CN|US|WO,UNIV HONG KONG BAPTIST UNIV
biomed,61688117,20160928,20180329,false,|CN,CN|US|WO,UNIV HONG KONG
biomed,61761961,20160928,20180403,false,,CN,SHENZHEN RESEARCH INSTITUTE THE HONG KONG POLYTECHNIC UNIV
biomed,58424229,20160929,20170406,true,SG,US|WO,UNIV NANYANG TECH
biomed,59999300,20160929,20171012,false,CA|CN,US|WO,THE ROYAL INST FOR THE ADVANCEMENT OF LEARNING / MCGILL UNIV | THE ROYAL INST FOR THE ADVANCEMENT OF LEARNING/MCGILL UNIV | THE ROYAL INSTITUTION FOR THE ADVANCEMENT OF LEARNING / MCGILL UNIV | THE ROYAL INSTITUTION FOR THE ADVANCEMENT OF LEARNING/MCGILL UNIV | UNIV HONG KONG POLYTECHNIC
biomed,61687839,20160929,20180329,false,|CN,CN|US,UNIV HONG KONG CHINESE
biomed,46881686,20160930,20170209,true,SG,US,NAT UNIV SINGAPORE
biomed,61757371,20160930,20180405,false,CN,US,UNIV HONG KONG CHINESE
biomed,58522836,20161003,20170420,false,CN|US,US,UNIV CALIFORNIA | UNIV HONG KONG CHINESE
biomed,61831631,20161006,20180412,false,|CN,CN|EP|US|WO,UNIV HONG KONG
biomed,58488032,20161010,20170413,true,|SG,CN|SG|US|WO,NAT UNIV SINGAPORE
biomed,61906237,20161011,20180419,true,SG,SG|WO,NAT UNIV SINGAPORE
biomed,58447230,20161014,20170406,true,HK,US,UNIV HONG KONG BAPTIST UNIV
biomed,57680660,20161017,20161130,true,|SG,CN|EP|GB|SG|US|WO,AGENCY FOR SCIENCE TECHNOLOGY AND RESEARCH AND NATIONAL UNIVERSITY OF SINGAPORE AND SINGAPORE HEALTH | AGENCY SCIENCE TECH & RES | NAT UNIV SINGAPORE | SINGAPORE HEALTH SERV PTE LTD
biomed,49081653,20161018,20170216,false,CA|CN,US,THE ROYAL INSTITUTION FOR THE ADVANCEMENT OF LEARNING/MCGILL UNIV | UNIV HONG KONG POLYTECHNIC | UNIV MCGILL
biomed,58631057,20161018,20170504,true,SG,WO,UNIV NANYANG TECH
biomed,58053239,20161019,20170209,true,HK,US,UNIV HONG KONG BAPTIST UNIV
biomed,58557467,20161020,20170427,true,SG,EP|SG|US|WO,NAT UNIV SINGAPORE | SINGAPORE HEALTH SERV PTE LTD
biomed,61996527,20161020,20180427,false,,CN,SHENZHEN RESEARCH INSTITUTE THE HONG KONG POLYTECHNIC UNIV
biomed,62025316,20161024,20180503,true,|SG,CN|SG|WO,NAT UNIV SINGAPORE
biomed,57864072,20161025,20170125,false,,CN,UNIV HONG KONG CHINESE | UNIV KUNMING MEDICAL
biomed,62023008,20161027,20180503,true,CN|HK,US|WO,UNIV CITY HONG KONG
biomed,51228124,20161028,20170420,true,SG|US,US,NAT UNIV SINGAPORE | ST JUDE CHILDREN'S RES HOSPITAL INC | ST JUDE CHILDRENS RES HOSPITAL INC
biomed,58630706,20161028,20170504,true,SG,WO,NAT UNIV SINGAPORE
biomed,62023165,20161028,20180503,false,CN,US|WO,UNIV HONG KONG
biomed,58634465,20161031,20170504,true,SG,US,NAT UNIV SINGAPORE
biomed,58662770,20161101,20170511,true,SG,WO,AGENCY SCIENCE TECH & RES | NAT UNIV SINGAPORE
biomed,62077067,20161101,20180511,true,SG,EP|SG|US|WO,SINGAPORE HEALTH SERV PTE LTD | UNIV NANYANG TECH
biomed,57346073,20161103,20170511,false,CN,US|WO,BEIJING NORMAL UNIV HONG KONG BAPTIST UNIV UNITED INT COLLEGE | BEIJING NORMAL UNIV HONG KONG BAPTIST UNIV UNITED INTERNATIONAL COLLEGE | CHUNG STEPHEN | ZHANG SHIQING
biomed,58694452,20161104,20170518,false,|CN,CN|WO,UNIV HONG KONG SCI & TECH | UNIV HONG KONG SCIENCE & TECH
biomed,58662726,20161107,20170511,true,SG,SG|US|WO,AGENCY SCIENCE TECH & RES | UNIV NANYANG TECH
biomed,62065522,20161107,20180510,false,|CN,CN|US,UNIV HONG KONG CHINESE
biomed,62153840,20161108,20180525,false,,CN,SOUTH CHINA UNIV OF TECHNOLOGY SCUT | UNIV HONG KONG SCIENCE & TECH
biomed,62063671,20161109,20180510,true,HK,US,UNIV CITY HONG KONG
biomed,58409330,20161110,20170330,false,CN,US,UNIV CITY HONG KONG
biomed,58097552,20161115,20170302,true,|HK,CN|US,UNIV HONG KONG BAPTIST UNIV
biomed,58522803,20161115,20170420,true,HK,US,UNIV HONG KONG BAPTIST UNIV
biomed,62106712,20161115,20180517,true,|HK,CN|US,UNIV CITY HONG KONG
biomed,43355934,20161117,20170420,true,FR|SG,US,INST NAT DE LA SANTE ET DE LA RECH MEDICALE (INSERM) | INST NAT SANTE RECH MED | NAT UNIV SINGAPORE | PASTEUR INSTITUT
biomed,59197776,20161117,20170627,false,|CN,CN|US,UNIV HONG KONG CHINESE
biomed,58776940,20161123,20170601,false,CN,US,UNIV HONG KONG CHINESE
biomed,62144294,20161123,20180524,true,HK,US,UNIV CITY HONG KONG
biomed,49383023,20161125,20170316,false,CN|IL,US,HADASIT MED RES SERVICE | HADASIT MEDICAL RSEARCH SERVICES AND DEV LTD | UNIV HONG KONG SCI & TECH | UNIV HONG KONG SCIENCE & TECH
biomed,62204547,20161125,20180601,false,,CN,SHENZHEN RESEARCH INSTITUTE THE HONG KONG POLYTECHNIC UNIV | UNIV JINAN
biomed,59057346,20161128,20170622,true,|SG,CN|SG|US|WO,UNIV NANYANG TECH
biomed,59163909,20161128,20170620,false,|CN,CN|US,UNIV HONG KONG CHINESE
biomed,58776738,20161129,20170601,true,|CN|HK,CN|EP|US|WO,UNIV HONG KONG
biomed,58800557,20161202,20170608,true,|CN|HK,CN|EP|US|WO,UNIV HONG KONG
biomed,59012619,20161209,20170615,false,|CN,CN|US|WO,UNIV HONG KONG SCI & TECH | UNIV HONG KONG SCIENCE & TECH
biomed,59013536,20161209,20170615,true,SG|US,AU|SG|US|WO,60 DEGREES PHARMACEUTICALS INC | 60 DEGREES PHARMACEUTICALS LLC | 60 PHARMACEUTICALS LLC | NAT UNIV SINGAPORE | SINGAPORE HEALTH SERV PTE LTD
biomed,52468749,20161213,20171102,true,SG,US,UNIV NANYANG TECH
biomed,54256997,20161213,20170608,true,SG,US,NAT UNIV SINGAPORE
biomed,58284610,20161216,20170201,true,|GB|SG,AU|BR|CA|CN|EP|GB|KR|MX|TW|US|WO,CLEGG RICHARD IAN | NAT UNIV SINGAPORE | SINGAPORE HEALTH SERV PTE LTD | SINGAPORE HEALTH SERVICES PTE LTD AND NAT UNIV OF SINGAPORE
biomed,58284615,20161216,20170201,true,|GB|SG,EP|GB|US|WO,CLEGG RICHARD IAN | NAT UNIV SINGAPORE | SINGAPORE HEALTH SERV PTE LTD | SINGAPORE HEALTH SERVICES PTE LTD AND NAT UNIV OF SINGAPORE THE
biomed,59087488,20161216,20170629,false,CN,US,UNIV HONG KONG CHINESE
biomed,62559658,20161216,20180621,true,SG,SG|WO,AGENCY SCIENCE TECH & RES | NAT UNIV SINGAPORE
biomed,62561505,20161216,20180621,true,SG,US,AGENCY SCIENCE TECH & RES | NAT UNIV SINGAPORE
biomed,59064017,20161221,20170622,false,|CN,CN|US|WO,UNIV HONG KONG CHINESE
biomed,62656789,20161221,20180629,false,,CN,UNIV HONG KONG POLYTECHNIC
biomed,58637749,20161223,20170504,true,HK,US,UNIV HONG KONG BAPTIST UNIV
biomed,62719831,20161228,20180706,false,,CN,NAT UNIV SINGAPORE | SHENZHEN INST OF ADV TECH CAS
biomed,62719127,20161229,20180706,false,,CN,HKUST SHENZHEN RES INSTITUTE | UNIV HONG KONG SCIENCE & TECH
biomed,63658544,20161229,20181002,false,,CN,CITY UNIV OF HONG KONG SHENZHEN RESEARCH INSTITUTE
biomed,62800212,20161230,20180713,false,,CN,HKUST SHENZHEN RES INSTITUTE | UNIV HONG KONG SCIENCE & TECH
biomed,62872080,20170112,20180720,false,,CN,SHENZHEN RESEARCH INSTITUTE THE HONG KONG POLYTECHNIC UNIV | UNIV QUEENSLAND
biomed,59312003,20170116,20170720,true,|SG,EP|IL|KR|SG|US|WO,AGENCY SCIENCE TECH & RES | LIM SIERIN | SARKER MRIDUL | TOMCZAK NIKODEM | UNIV NANYANG TECH
biomed,62891343,20170118,20180724,false,|CN,CN|US,UNIV HONG KONG CHINESE
biomed,58707712,20170119,20180720,true,FR|SG,FR|WO,CENTRE NAT RECH SCIENT | NAT UNIV SINGAPORE
biomed,59361511,20170119,20170727,false,|CN,CN|US|WO,UNIV HONG KONG CHINESE
biomed,62921594,20170119,20180727,false,,CN,SHENZHEN PKU HKUST MEDICAL CENTER
biomed,62922665,20170119,20180727,false,,CN,SHENZHEN PKU HKUST MEDICAL CENTER
biomed,59499927,20170203,20170810,true,|SG,GB|US|WO,UNIV NANYANG TECH
biomed,58719438,20170206,20170525,true,HK,US,UNIV HONG KONG POLYTECHNIC
biomed,59499250,20170206,20170810,false,CA|CN|US,WO,CHAN TAK-HANG | UNIV HONG KONG POLYTECHNIC | UNIV WAYNE STATE | VITEAVA PHARMACEUTICALS INC
biomed,63093725,20170207,20180814,false,,CN,UNIV CITY HONG KONG
biomed,59208243,20170213,20170630,false,,CN,THE UNIV OF HONG KONG SHENZHEN HOSPITAL
biomed,63105058,20170213,20180816,true,HK,US,UNIV CITY HONG KONG
biomed,63222066,20170220,20180828,false,,CN,NAT UNIV SINGAPORE | NATIONAL UNIV OF SINGAPORE SUZHOU RESEARCH INSTITUTE | SINGAPORE HEALTH SERV PTE LTD
biomed,63253511,20170223,20180830,false,|CN,CN|WO,THE HONG KONG BAPTIST UNIV | UNIV HONG KONG BAPTIST UNIV | VERSITECH LTD
biomed,63373617,20170223,20180907,false,,CN,CITY UNIV OF HONG KONG SHENZHEN RESEARCH INSTITUTE
biomed,49161581,20170227,20170921,true,NZ|SG,US,AUCKLAND UNISERVICES LTD | NAT UNIV SINGAPORE
biomed,63246709,20170227,20180830,false,CN,US,UNIV HONG KONG POLYTECHNIC
biomed,59743230,20170302,20170908,true,|CN|SG|US,CN|EP|KR|SG|US|WO,MASSACHUSETTS INST TECHNOLOGY | MASSACHUSETTS INTITUTE OF TECH | NAT UNIV SINGAPORE | UNIV SHANGHAI JIAOTONG
biomed,63488480,20170303,20180914,false,,CN,NAT UNIV SINGAPORE | NUS SUZHOU RES INSTITUTE
biomed,59790863,20170308,20170914,true,SG|US,CA|EP|SG|US|WO,UNIV NANYANG TECH | UNIV NORTHWESTERN
biomed,63577539,20170310,20180925,false,,CN,UNIV HONG KONG SCIENCE & TECH
biomed,59851957,20170314,20170921,true,|SG,CN|EP|SG|US|WO,AGENCY SCIENCE TECH & RES | NAT UNIV SINGAPORE
biomed,63521591,20170315,20180920,false,CN|FR,US,CENTRE NAT RECH SCIENT | UNIV AIX MARSEILLE | UNIV HONG KONG | UNIV HONG KONG CHINESE | UNIVERSITE´ DAIX MARSEILLE | VERSITECH LTD
biomed,59896244,20170317,20170928,true,HK,US,UNIV HONG KONG BAPTIST UNIV
biomed,63687088,20170320,20181009,false,,CN,NAT UNIV SINGAPORE | NATIONAL UNIV OF SINGAPORE SUZHOU RESEARCH INSTITUTE | SINGAPORE HEALTH SERV PTE LTD
biomed,59896838,20170322,20170928,false,|CN,CN|US,UNIV HONG KONG CHINESE
biomed,59900670,20170322,20170928,true,SG,US|WO,UNIV NANYANG TECH
biomed,59899659,20170323,20170928,true,|SG,CN|EP|SG|US|WO,UNIV NANYANG TECH
biomed,59900615,20170324,20170928,true,|SG,CN|SG|US|WO,UNIV NANYANG TECH
biomed,63584672,20170324,20180927,true,|SG,CN|SG|WO,AGENCY SCIENCE TECH & RES | NAT UNIV SINGAPORE
biomed,63786180,20170329,20181016,false,,CN,UNIV HONG KONG SCIENCE & TECH
biomed,42131890,20170330,20170803,true,CN|HK,US,UNIV HONG KONG CHINESE
biomed,59966148,20170331,20171005,true,|SG,AU|CN|EP|SG|US|WO,NAT UNIV SINGAPORE
biomed,59965205,20170403,20171005,true,SG,WO,UNIV NANYANG TECH
biomed,63521172,20170405,20180920,false,CN,US,UNIV HONG KONG CHINESE
biomed,60001520,20170406,20171012,true,SG,WO,AGENCY SCIENCE TECH & RES | NAT UNIV SINGAPORE
biomed,63841945,20170406,20181023,false,,CN,UNIV HONG KONG CHINESE
biomed,63842789,20170406,20181023,false,,CN,UNIV HONG KONG CHINESE
biomed,63842850,20170407,20181023,false,,CN,UNIV HONG KONG SCIENCE & TECH
biomed,60039252,20170412,20171016,true,CN|HK,TW|US|WO,UNIV HONG KONG BAPTIST UNIV
biomed,60041767,20170412,20171019,true,SG,WO,NAT UNIV SINGAPORE
biomed,60042608,20170413,20171019,true,SG,WO,NAT UNIV SINGAPORE
biomed,60042803,20170413,20171019,true,|SG,AU|BR|CN|EP|US|WO,NAT UNIV SINGAPORE
biomed,63705333,20170414,20181009,true,|CN|HK,CN|US|WO,THE CHINESE UNIV OF HONGKONG | UNIV HONG KONG CHINESE
biomed,63791671,20170414,20181018,false,|CN,CN|US|WO,UNIV HONG KONG CHINESE
biomed,63855632,20170417,20181025,false,CN,WO,UNIV HONG KONG CHINESE
biomed,63925088,20170417,20181102,true,|CN|SG,CN|SG,NAT UNIV SINGAPORE | NATIONAL UNIV OF SINGAPORE SUZHOU RESEARCH INSTITUTE | NUS SUZHOU RES INSTITUTE
biomed,63857058,20170418,20181025,true,|SG|US,CN|NZ|US|WO,MASSACHUSETTS INST TECHNOLOGY | UNIV NANYANG TECH
biomed,58744515,20170419,20170531,true,|IN|SG,AU|BR|CA|CN|EP|GB|IL|KR|MX|SG|US|WO,BANGALORE UNIV | NAT UNIV SINGAPORE | UNIV OF MYSORE
biomed,60116224,20170419,20171026,true,SG,EP|SG|US|WO,UNIV NANYANG TECH
biomed,60116958,20170419,20171026,true,|SG,CN|EP|ES|SG|US|WO,SINGAPORE HEALTH SERV PTE LTD | UNIV NANYANG TECH
biomed,63856487,20170419,20181025,false,|CN,CN|WO,SDIVF R&D CENTRE LTD | UNIV HONG KONG CHINESE
biomed,60116250,20170420,20171026,true,CA|SG,WO,UNIV BRITISH COLUMBIA | UNIV NANYANG TECH
biomed,60243048,20170420,20171109,false,CN,US|WO,UNIV HONG KONG CHINESE
biomed,61437766,20170420,20180309,true,|CN|HK,CN|EP|HK|TW|US,UNIV HONG KONG CHINESE
biomed,63852923,20170421,20181025,true,HK,US,UNIV CITY HONG KONG
biomed,60089273,20170424,20171026,true,|CN|HK,CN|EP|TW|US|WO,UNIV HONG KONG BAPTIST UNIV
biomed,60160737,20170426,20171102,false,CN,US|WO,UNIV HONG KONG SCI & TECH | UNIV HONG KONG SCIENCE & TECH
biomed,64069435,20170427,20181113,false,,CN,NAT UNIV SINGAPORE | NUS SUZHOU RES INSTITUTE
biomed,60161190,20170428,20171102,true,|SG|US,CN|SG|US|WO,AGENCY SCIENCE TECH & RES | BRIGHAM & WOMENS HOSPITAL INC | NAT UNIV SINGAPORE
biomed,64053886,20170428,20181113,false,,CN,NAT UNIV SINGAPORE | NUS SUZHOU RES INSTITUTE
biomed,64069282,20170428,20181113,false,,CN,NAT UNIV SINGAPORE | NUS SUZHOU RES INSTITUTE
biomed,50100530,20170501,20170817,true,SG,US,PEDRA TECH PTE LTD | UNIV NANYANG TECH
biomed,60160837,20170502,20171102,true,SG,EP|SG|US|WO,UNIV NANYANG TECH
biomed,59873349,20170503,20170922,false,,CN,UNIV HONG KONG SCIENCE & TECH | UNIV SOUTH CHINA TECH
biomed,64054510,20170504,20181113,false,,CN,UNIV HONG KONG SCIENCE & TECH
biomed,60203156,20170508,20171109,true,|SG,CN|EP|SG|US|WO,NAT UNIV SINGAPORE
biomed,60679376,20170508,20171222,false,|CN,CN|US,CHINESE UNIV OF HONG KONG | UNIV HONG KONG CHINESE
biomed,64097643,20170509,20181115,true,HK,US,UNIV CITY HONG KONG
biomed,60267430,20170511,20171116,true,|SG,WO,ACADEMIA SINICA | NAT UNIV SINGAPORE
biomed,59984949,20170512,20171010,false,,CN,UNIV HONG KONG SCIENCE & TECH
biomed,64462499,20170517,20181207,false,,CN,NAT UNIV SINGAPORE | NATIONAL UNIV OF SINGAPORE SUZHOU RESEARCH INSTITUTE
biomed,64269729,20170519,20181122,false,CN,US,UNIV HONG KONG CHINESE
biomed,64270286,20170519,20181122,false,CN,US,UNIV HONG KONG CHINESE
biomed,64270552,20170519,20181122,false,|CN,CN|US,UNIV HONG KONG CHINESE
biomed,64274531,20170519,20181122,true,|CN|SG,CN|WO,NAT UNIV SINGAPORE | NATIONAL UNIV OF SINGAPORE SUZHOU RESEARCH INSTITUTE
biomed,60329899,20170522,20171123,true,|CN|HK,CN|EP|US|WO,UNIV HONG KONG BAPTIST UNIV
biomed,59905827,20170524,20170926,false,,CN,UNIV HONG KONG SCIENCE & TECH | UNIV SOUTH CHINA TECH
biomed,60411416,20170524,20171130,true,|JP|SG,AR|CA|CN|EP|ES|JP|KR|MY|PH|SG|TW|UA|US|WO,SANTEN PHARMACEUTICAL CO LTD | SINGAPORE HEALTH SERV PTE LTD | SINGAPORE HEALTH SERVICES PTEL LTD | UNIV NANYANG TECH
biomed,60412127,20170525,20171130,true,|CN|HK,CN|EP|TW|US|WO,NEW LIFE MEDICINE TECH COMPANY LIMITED | UNIV HONG KONG BAPTIST UNIV
biomed,64494515,20170525,20181207,false,,CN,NAT UNIV SINGAPORE | NATIONAL UNIV OF SINGAPORE SUZHOU RESEARCH INSTITUTE
biomed,60479040,20170530,20171207,true,|CN|HK,AU|CA|CN|DK|EP|ES|IL|JP|KR|SG|TW|US|WO,CHINESE UNIV OF HONG KONG | UNIV HONG KONG CHINESE
biomed,64459110,20170531,20181206,true,|HK,CN|US,UNIV CITY HONG KONG
biomed,64501340,20170531,20181211,false,,CN,SHENZHEN RESEARCH INSTITUTE THE HONG KONG POLYTECHNIC UNIV
biomed,64502204,20170531,20181211,false,,CN,SHENZHEN RESEARCH INSTITUTE THE HONG KONG POLYTECHNIC UNIV
biomed,59848144,20170601,20170921,true,HK,US,UNIV HONG KONG BAPTIST UNIV
biomed,60478964,20170602,20171207,true,SG,WO,NAT UNIV SINGAPORE
biomed,61689771,20170602,20180329,false,CN,WO,UNIV HONG KONG POLYTECHNIC
biomed,64459232,20170606,20181206,true,HK,US,UNIV CITY HONG KONG
biomed,60664163,20170612,20171221,true,|CN|HK,CN|EP|KR|SG|US|WO,UNIV HONG KONG | VERSITECH LTD
biomed,60806323,20170613,20180104,false,CN,US,UNIV HONG KONG CHINESE
biomed,64839066,20170613,20181225,false,,CN,SHENZHEN RESEARCH INSTITUTE THE HONG KONG POLYTECHNIC UNIV
biomed,64656107,20170614,20181220,true,HK,US,UNIV CITY HONG KONG
biomed,50149449,20170620,20171005,true,CN|HK,US,UNIV HONG KONG CHINESE | UNIV HONG KONG POLYTECHNIC
biomed,60661241,20170621,20171221,true,SG,US,UNIV NANYANG TECH
biomed,64737428,20170621,20181227,false,|CN,CN|US|WO,UNIV HONG KONG POLYTECHNIC
biomed,60675720,20170622,20171228,false,|CN,CN|EP|US|WO,UNIV HONG KONG | VERSITECH LTD
biomed,60784514,20170623,20171228,false,|CN|US,CN|WO,UNIV HONG KONG SCI & TECH | UNIV HONG KONG SCIENCE & TECH | YAN HE
biomed,61619384,20170623,20180322,false,|CN,CN|EP|US|WO,UNIV HONG KONG POLYTECHNIC
biomed,60748785,20170627,20171229,false,,CN,THE UNIV OF HONG KONG SHENZHEN HOSPITAL
biomed,60786154,20170628,20180104,true,SG,WO,UNIV NANYANG TECH
biomed,60806614,20170629,20180104,false,|CN,CN|US,UNIV HONG KONG POLYTECHNIC
biomed,60786583,20170630,20180104,false,|CN,CN|EP|JP|KR|US|WO,THE HONGKONG UNIV OF SCIENCE & TECHNOLOGY | UNIV HONG KONG SCI & TECH | UNIV HONG KONG SCIENCE & TECH
biomed,52274459,20170704,20170727,true,|CN|HK,AU|HK|IL|JP|US,CHINESE UNIV OF HONGKONG | UNIV HONG KONG CHINESE
biomed,61162654,20170710,20180215,false,CN,US|WO,UNIV HONG KONG CHINESE
biomed,50275067,20170712,20180419,true,CN|HK,US,UNIV HONG KONG CHINESE
biomed,52993253,20170712,20171026,true,SG|US,US,MASSACHUSETTS INST TECHNOLOGY | NAT UNIV SINGAPORE
biomed,65050581,20170713,20190122,true,|CN|SG,CN|SG,KOSMODE BIOTECHNOLOGY CO LTD | NAT UNIV SINGAPORE | NATIONAL UNIV OF SINGAPORE SUZHOU RESEARCH INSTITUTE
biomed,65000760,20170714,20190117,true,HK,US,UNIV HONG KONG BAPTIST UNIV
biomed,65051191,20170714,20190122,false,,CN,SHENZHEN RESEARCH INSTITUTE THE HONG KONG POLYTECHNIC UNIV
biomed,65051884,20170714,20190122,false,,CN,SHENZHEN RESEARCH INSTITUTE THE HONG KONG POLYTECHNIC UNIV
biomed,65014253,20170719,20190124,true,HK,US,UNIV CITY HONG KONG
biomed,60992998,20170721,20180125,false,|CN,CN|US|WO,THE HONGKONG UNIV OF SCIENCE AND TECHNOLOGY | UNIV HONG KONG SCI & TECH | UNIV HONG KONG SCIENCE & TECH
biomed,65014608,20170721,20190124,true,HK,US,CITY UNIV OF IIONG KONG | UNIV CITY HONG KONG
biomed,59771766,20170724,20170906,true,|SG|US,GB|WO,NAT UNIV SINGAPORE | VAN ANDEL RES INST | VAN ANDEL RES INSTITUTE
biomed,61017062,20170726,20180201,true,SG,EP|SG|US|WO,SINGAPORE HEALTH SERV PTE LTD | UNIV NANYANG TECH
biomed,65202523,20170727,20190205,false,,CN,UNIV HONG KONG POLYTECHNIC
biomed,61009860,20170728,20180201,false,|CN,CN|US,UNIV HONG KONG CHINESE
biomed,61015874,20170728,20180201,false,|CN,CN|WO,UNIV HONG KONG SCI & TECH
biomed,65202245,20170728,20190205,false,,CN,THE UNIV OF HONG KONG SHENZHEN HOSPITAL
biomed,61072687,20170731,20180208,false,|CN,CN|WO,UNIV HONG KONG
biomed,61162725,20170731,20180215,false,|CN,CN|WO,UNIV HONG KONG
biomed,65244857,20170731,20190212,false,,CN,UNIV HONG KONG
biomed,65413310,20170804,20190226,false,,CN,SHENZHEN RESEARCH INSTITUTE THE HONG KONG POLYTECHNIC UNIV
biomed,61163125,20170810,20180215,true,SG,US|WO,NAT UNIV SINGAPORE
biomed,59828495,20170811,20180308,true,SG,US,NAT UNIV SINGAPORE
biomed,65362769,20170814,20190221,true,|CN|SG,CN|WO,NAT UNIV SINGAPORE | NATIONAL UNIV OF SINGAPORE SUZHOU RESEARCH INSTITUTE
biomed,59829433,20170815,20180222,true,SG,WO,NAT UNIV SINGAPORE
biomed,65360994,20170816,20190221,true,|HK,CN|US,UNIV CITY HONG KONG
biomed,65362684,20170817,20190221,true,SG,SG|US|WO,NAT UNIV HOSPITAL SINGAPORE PTE LTD | NAT UNIV SINGAPORE
biomed,65454943,20170817,20190301,false,,CN,UNIV HONG KONG POLYTECHNIC
biomed,61196932,20170818,20180222,true,|SG,CN|EP|SG|US|WO,NAT UNIV SINGAPORE
biomed,61562838,20170818,20180315,true,|SG,AU|CN|EP|ES|KR|MY|SG|US|WO,NAT UNIV SINGAPORE | SINGAPORE HEALTH SERV PTE LTD
biomed,61532202,20170822,20180313,false,,CN,UNIV HONG KONG SCI & TECH
biomed,61245497,20170823,20180301,false,CN,WO,UNIV HONG KONG CHINESE
biomed,61531673,20170829,20180313,false,,CN,UNIV HONG KONG SCI & TECH
biomed,61301216,20170830,20180308,true,SG,WO,UNIV NANYANG TECH
biomed,65513448,20170905,20190305,false,,CN,SHENZHEN RESEARCH INSTITUTE THE HONG KONG POLYTECHNIC UNIV
biomed,65517110,20170905,20190307,true,HK,US,UNIV CITY HONG KONG
biomed,51061637,20170912,20171005,true,|HK,AU|JP|US,CHINESE UNIV OF HONG KONG | UNIV HONG KONG CHINESE
biomed,61689245,20170912,20180329,true,|SG,CN|EP|SG|US|WO,UNIV NANYANG TECH
biomed,65630142,20170912,20190314,true,HK,US,UNIV CITY HONG KONG
biomed,61619661,20170914,20180322,true,|SG,CN|EP|SG|US|WO,AGENCY SCIENCE TECH & RES | NAT UNIV SINGAPORE
biomed,61619692,20170914,20180322,true,|SG,CN|EP|SG|US|WO,SINGAPORE HEALTH SERV PTE LTD | UNIV NANYANG TECH
biomed,61617904,20170919,20180322,false,CN,US,UNIV HONG KONG CHINESE
biomed,61618233,20170920,20180322,true,CN|HK,TW|US|WO,UNIV HONG KONG BAPTIST UNIV
biomed,61689244,20170920,20180329,true,SG,SG|US|WO,UNIV NANYANG TECH
biomed,65828150,20170921,20190329,false,,CN,SHENZHEN RESEARCH INSTITUTE THE HONG KONG POLYTECHNIC UNIV
biomed,61689824,20170922,20180329,false,|CN,CN|US|WO,UNIV HONG KONG
biomed,60700273,20170929,20171222,false,,CN,SHENZHEN PKU HKUST MEDICAL CENTER | UNIV PEKING SHENZHEN HOSPITAL
biomed,61052772,20170929,20180116,false,|CN,CN|WO,GUANGZHOU HKUST FOK YING TUNG RES INSTITUTE | HKUST FOK YING TUNG RES INST
biomed,61760038,20170929,20180405,true,|SG,CN|US|WO,UNIV NANYANG TECH
biomed,61760669,20170929,20180405,true,SG,US|WO,UNIV NANYANG TECH
biomed,61830766,20170929,20180412,true,|CN|HK,CN|EP|TW|WO,UNIV HONG KONG BAPTIST UNIV
biomed,61831844,20170929,20180412,true,SG,WO,NAT UNIV SINGAPORE
biomed,61935124,20170929,20180420,false,,CN,UNIV HONG KONG SCI & TECH
biomed,64454381,20170930,20181206,false,|CN,CN|WO,UNIV HONG KONG BAPTIST UNIV
biomed,61831159,20171006,20180412,true,|SG,CN|EP|IL|KR|SG|US|WO,NAT UNIV SINGAPORE
biomed,48014639,20171011,20180222,true,SG,US,AGENCY FOR SCIENCE TECH AND RESEARCH A*STAR | NAT UNIV SINGAPORE
biomed,60419099,20171012,20171129,true,|GB|SG,AU|CA|EP|GB|SG|US|WO,INST OF CANCER RESEARCH: ROYAL CANCER HOSPITAL | NAT UNIV SINGAPORE | ROYAL MARSDEN NHS FOUND TRUST | THE INSTITUTE OF CANCER RES ROYAL CANCER HOSPITAL | THE ROYAL MARSDEN NHS FOUND TRUST
biomed,60419332,20171012,20171129,true,|GB|SG,AU|BR|CA|CL|CN|EP|GB|JP|KR|MX|PH|US|WO,CLEGG RICHARD IAN | NAT UNIV SINGAPORE | SINGAPORE HEALTH SERV PTE LTD
biomed,60191507,20171013,20180419,true,|GB|SG|US,AU|CA|CL|CN|CO|CR|CU|DO|EC|EP|MX|MY|NI|PE|PH|SG|US|WO,MASSACHUSETTS INST OF TECHNOLOGY | MASSACHUSETTS INST TECHNOLOGY | NAT UNIV SINGAPORE
biomed,61905179,20171013,20180419,false,CN,WO,UNIV HONG KONG BAPTIST UNIV
biomed,61906368,20171013,20180419,true,SG,WO,UNIV NANYANG TECH
biomed,66138971,20171013,20190423,false,,CN,THE UNIV OF HONG KONG SHENZHEN HOSPITAL
biomed,62018209,20171016,20180426,true,|CN|HK,CN|EP|TW|US|WO,NEW LIFE MEDICINE TECH COMPANY LIMITED | NEW LIFE MEDICINE TECH COMPANY LTD | UNIV HONG KONG BAPTIST UNIV
biomed,60320962,20171017,20190425,true,|SG,CN|EP|JP|SG|US|WO,NAT UNIV SINGAPORE | NATL UNIV OF SINGAPORE
biomed,62019274,20171017,20180426,true,SG,SG|US|WO,AGENCY SCIENCE TECH & RES | UNIV NANYANG TECH
biomed,61903724,20171018,20180419,true,|CN|HK,CN|EP|IL|MY|SG|US|WO,UNIV HONG KONG CHINESE
biomed,61970949,20171020,20180426,true,SG|US,SG|US|WO,NANYANG TECH UNVERSITY | UNIV NANYANG TECH | UNIV NORTHWESTERN
biomed,62239958,20171020,20180607,false,|CN,CN|US,UNIV HONG KONG CHINESE
biomed,62025423,20171024,20180503,true,|CN|HK|US,AU|CA|CN|EP|MY|SG|TW|US|WO,CIRINA INC | GRAIL INC | GRAIL LLC | UNIV HONG KONG CHINESE
biomed,66169210,20171024,20190425,false,CN,US,UNIV HONG KONG POLYTECHNIC
biomed,65514373,20171025,20190305,false,,CN,THE UNIV OF HONG KONG SHENZHEN HOSPITAL
biomed,62145206,20171026,20180524,true,|CN|HK,CN|MY|TW|WO,UNIV HONG KONG BAPTIST UNIV
biomed,62024369,20171030,20180503,false,|CN,CN|US|WO,UNIV HONG KONG SCI & TECH | UNIV HONG KONG SCIENCE & TECH
biomed,64051295,20171030,20190501,true,SG,EP|SG|US,DELTA ELECTRONICS INTL SINGAPORE PTE LTD | UNIV NANYANG TECH
biomed,62076972,20171102,20180511,true,CH|SG,WO,SCHWEIZERISCHES TROPEN UND PUBLIC HEALTH INST | UNIV BASEL VIZEREKTORAT FORSCHUNG | UNIV NANYANG TECH
biomed,62976977,20171102,20180802,false,CN,US,UNIV HONG KONG CHINESE
biomed,61282424,20171103,20180308,true,HK,US,UNIV HONG KONG BAPTIST UNIV
biomed,66328307,20171107,20190509,true,|HK,CN|US,UNIV CITY HONG KONG
biomed,62065312,20171108,20180510,true,HK,US,UNIV HONG KONG BAPTIST UNIV
biomed,62110713,20171109,20180517,true,|SG,CN|EP|US|WO,TAM JAMES P | UNIV NANYANG TECH
biomed,62134952,20171109,20180522,false,|CN,CN|US,UNIV HONG KONG CHINESE
biomed,62110716,20171110,20180517,true,|SG,CN|EP|US|WO,AGENCY SCIENCE TECH & RES | NAT UNIV SINGAPORE
biomed,62157419,20171115,20180525,false,,CN,UNIV HONG KONG SCI & TECH
biomed,62891453,20171115,20180724,false,,CN,CHINA UNIV OF POLITICAL SCIENCE AND LAW | UNIV HONG KONG SCI & TECH
biomed,62144295,20171120,20180524,true,|CN|HK,CN|IL|MY|TW|US|WO,CHINESE UNIV OF HONG KONG | UNIV HONG KONG CHINESE
biomed,62193475,20171122,20180531,true,|SG,AU|CA|CN|EP|KR|NZ|SG|US|WO,NAT UNIV SINGAPORE
biomed,62195558,20171123,20180531,true,SG,WO,AGENCY SCIENCE TECH & RES | NAT UNIV SINGAPORE | TAN TOCK SENG HOSPITAL
biomed,62196188,20171124,20180531,true,SG,EP|US|WO,UNIV NANYANG TECH
biomed,62241855,20171129,20180607,true,|SG,CN|WO,UNIV NANYANG TECH
biomed,66663773,20171129,20190606,true,CN|HK,US|WO,UNIV HONG KONG
biomed,61704047,20171130,20180330,false,,CN,THE UNIV OF HONG KONG SHENZHEN HOSPITAL
biomed,62190770,20171130,20180531,true,|CN|HK|US,AU|CA|CN|EP|IL|JP|KR|US|WO,CHINESE UNIV OF HONG KONG | UNIV HONG KONG CHINESE
biomed,62057084,20171207,20180508,false,,CN,THE UNIV OF HONG KONG SHENZHEN HOSPITAL
biomed,62492355,20171207,20180614,true,|SG,CN|US|WO,NAT UNIV SINGAPORE
biomed,62492365,20171208,20180614,true,|SG,AU|CA|CN|EP|KR|SG|US|WO,NAT UNIV SINGAPORE
biomed,62488197,20171211,20180614,true,HK,US,UNIV HONG KONG POLYTECHNIC
biomed,62558077,20171212,20180621,false,|CN,CN|US|WO,UNIV HONG KONG SCI & TECH | UNIV HONG KONG SCIENCE & TECH
biomed,48044004,20171213,20180719,true,|SG,JP|US,UNIV NANYANG TECH
biomed,60915498,20171215,20180621,true,|GB|SG,AU|BR|CA|CN|EP|KR|MX|TW|US|WO,CLEGG RICHARD IAN | NAT UNIV SINGAPORE | SINGAPORE HEALTH SERV PTE LTD
biomed,62556526,20171219,20180621,false,|CN,CN|US|WO,UNIV HONG KONG CHINESE
biomed,62624545,20171219,20180628,false,CN,WO,UNIV HONG KONG BAPTIST UNIV
biomed,62626894,20171220,20180628,true,|SG,CN|WO,UNIV NANYANG TECH
biomed,62832228,20171222,20180717,false,,CN,THE UNIV OF HONG KONG SHENZHEN HOSPITAL
biomed,62832257,20171222,20180717,false,,CN,THE UNIV OF HONG KONG SHENZHEN HOSPITAL
biomed,62870330,20171222,20180720,false,,CN,THE UNIV OF HONG KONG SHENZHEN HOSPITAL
biomed,62707872,20171225,20180705,false,|CN,CN|WO,UNIV HONG KONG
biomed,67059752,20180102,20190704,true,HK,US,UNIV CITY HONG KONG
biomed,67128914,20180102,20190709,false,|CN,CN|WO,UNIV HONG KONG POLYTECHNIC
biomed,62868480,20180105,20180720,false,|CN,CN|HK|US,THE CHINESE UNIVESITY OF HONG KONG | UNIV HONG KONG CHINESE
biomed,49551267,20180111,20180628,false,,JP,UNIV HONG KONG BAPTIST | UNIV HONG KONG SCIENCE & TECH | UNIV MACAU SCIENCE & TECH
biomed,62840237,20180112,20180719,true,SG,US|WO,CINTECHCO TECH PTE LTD | QUINTECH LIFESCIENCES PTE LTD | UNIV NANYANG TECH
biomed,62840239,20180112,20180719,true,SG,US|WO,UNIV NANYANG TECH
biomed,67234396,20180112,20190719,false,,CN,UNIV HONG KONG SCI & TECH
biomed,62907947,20180117,20180726,false,|CN,CN|WO,UNIV HONG KONG SCI & TECH
biomed,62909195,20180117,20180726,true,|SG,AU|CN|DE|SG|US|WO,NAT UNIV SINGAPORE
biomed,62908348,20180118,20180726,true,|CH|IL|SG|US,AU|BR|CA|CN|DK|EP|ES|HU|IL|PL|US|WO,AGENCY SCIENCE TECH & RES | HAYDEN MICHAEL | NAT UNIV SINGAPORE | POULADI MAHMOUD ABDULHOSSEIN | Prilenia Neurotherapeutics Ltd | TEVA PHARMA | TEVA PHARMACEUTICALS INT GMBH
biomed,65014008,20180119,20190124,true,SG,US,NAT UNIV SINGAPORE
biomed,67299172,20180119,20190725,true,HK,US,UNIV CITY HONG KONG
biomed,62908341,20180122,20180726,false,|CN,CN|WO,UNIV HONG KONG
biomed,67301994,20180122,20190725,true,SG,SG|WO,NAT UNIV SINGAPORE | SINGAPORE HEALTH SERV PTE LTD
biomed,62905753,20180125,20180726,true,|CN|HK|US,AU|CA|CN|DK|EP|ES|MY|SG|TW|US|WO,GRAIL INC | GRAIL LLC | THE CHINESE UNIV OF HONG KONG OFFICE OF RESEARCH AND KNOWLEDGE TRANSFER SERVICES | UNIV HONG KONG CHINESE
biomed,67299958,20180125,20190725,false,CN,US,UNIV HONG KONG CHINESE
biomed,63040265,20180202,20180809,false,|CN,CN|EP|US|WO,UNIV HONG KONG
biomed,63357593,20180213,20180906,false,CN|DK,US,UNIV COPENHAGEN | UNIV HONG KONG CHINESE
biomed,63170652,20180215,20180823,true,|SG,CA|CN|US|WO|ZA,NAT UNIV SINGAPORE | UNIV NANYANG TECH
biomed,63370953,20180219,20180907,true,|SG,CN|EP|SG|US|WO,NAT UNIV SINGAPORE
biomed,63245625,20180221,20180830,true,|SG,CN|EP|JP|KR|SG|US|WO,NAT UNIV SINGAPORE
biomed,49949112,20180226,20180712,true,SG,US,UNIV NANYANG TECH
biomed,62849097,20180228,20180720,false,,CN,SHANTOU UNIV THE CHINESE UNIV OF HONG KONG AND THE SHANTOU INTERNATIONAL EYE CENTER
biomed,63369537,20180301,20180907,true,SG,US|WO,UNIV NANYANG TECH
biomed,63369542,20180301,20180907,true,|SG,CN|KR|SG|US|WO,NAT UNIV SINGAPORE
biomed,67767648,20180302,20190905,false,|CN,CN|US,UNIV HONG KONG CHINESE
biomed,63446114,20180307,20180913,false,|CN,CN|US,UNIV HONG KONG
biomed,62782553,20180308,20180712,true,HK,US,UNIV CITY HONG KONG
biomed,67844423,20180312,20190912,true,HK,US,UNIV CITY HONG KONG
biomed,62905611,20180314,20180726,false,CN,US,UNIV HONG KONG POLYTECHNIC
biomed,63523723,20180314,20180920,false,|CN,CN|US|WO,HONG KONG UNIV OF SCIENCE AND TECHNOLOGY | UNIV HONG KONG SCI & TECH
biomed,63522726,20180316,20180920,true,|SG,CN|EP|KR|US|WO,CLEARLAB SG PTE LTD | UNIV NANYANG TECH
biomed,67907397,20180316,20190919,false,|CN,CN|WO,UNIV HONG KONG CHINESE
biomed,47745805,20180319,20190228,true,CA|HK,US,HONG KONG POLYTECHNIC UNIV | THE ROYAL INSTITUTION FOR THE ADVANCEMENT OF LEARNING/MCGILL UNIV
biomed,63584712,20180320,20180927,true,|SG,CN|WO,UNIV NANYANG TECH
biomed,63710144,20180320,20181011,true,|CN|HK,CN|EP|US|WO,UNIV HONG KONG BAPTIST UNIV
biomed,68765534,20180321,20191212,true,HK,US,UNIV CITY HONG KONG
biomed,63586206,20180323,20180927,true,|SG,CA|CN|EP|KR|SG|US|WO,AGENCY SCIENCE TECH & RES | NAT UNIV SINGAPORE
biomed,68026162,20180323,20191001,false,,CN,SHENZHEN RESEARCH INSTITUTE THE HONG KONG POLYTECHNIC UNIV
biomed,63676404,20180327,20181004,true,|SG,AU|BR|CA|CN|EP|IL|KR|MX|SG|US|WO,NAT UNIV SINGAPORE
biomed,63678226,20180327,20181004,true,|SG|US,AU|BR|CA|CN|EP|IL|JP|KR|MX|NZ|SG|US|WO,NAT UNIV SINGAPORE | NKARTA INC
biomed,63678291,20180327,20181004,true,|SG,CN|SG|WO,NAT UNIV SINGAPORE
biomed,63676732,20180329,20181004,true,|SG,CN|EP|SG|US|WO,AGENCY SCIENCE TECH & RES | NAT UNIV SINGAPORE
biomed,63677174,20180329,20181004,true,SG,WO,UNIV NANYANG TECH
biomed,63678088,20180329,20181004,true,SG,WO,NAT UNIV SINGAPORE
biomed,68173710,20180403,20191018,false,,CN,SHENZHEN RESEARCH INSTITUTE THE HONG KONG POLYTECHNIC UNIV
biomed,68173711,20180404,20191018,false,,CN,THE UNIV OF HONG KONG SHENZHEN HOSPITAL
biomed,68097698,20180409,20191010,true,HK,US,UNIV HONG KONG POLYTECHNIC
biomed,68099260,20180410,20191010,true,HK,US,UNIV HONG KONG POLYTECHNIC
biomed,63792598,20180413,20181018,true,SG,WO,UNIV NANYANG TECH
biomed,63355059,20180416,20180906,true,HK,US,NEW LIFE MEDICINE TECH COMPANY LIMITED | UNIV HONG KONG BAPTIST UNIV
biomed,63856977,20180416,20181025,false,CN,US|WO,UNIV HONG KONG
biomed,68282905,20180416,20191029,false,,CN,GUANGDONG PROVINCIAL WORK INJURY REHABILITATION CENTER | UNIV HONG KONG POLYTECHNIC
biomed,63855599,20180417,20181025,false,CN,WO,UNIV HONG KONG
biomed,63856572,20180417,20181025,false,CN,US|WO,NG TZE CHUEN | UNIV HONG KONG
biomed,63855410,20180418,20181025,true,|SG,AU|CN|EP|PH|SG|US|WO,NAT UNIV SINGAPORE
biomed,63855594,20180418,20181025,false,|CN,CN|US|WO,UNIV HONG KONG SCI & TECH | UNIV HONG KONG SCIENCE & TECH
biomed,68236284,20180419,20191024,true,HK,US,UNIV CITY HONG KONG
biomed,68239964,20180419,20191024,false,CN,WO,UNIV HONG KONG CHINESE
biomed,68239972,20180419,20191024,false,CN,WO,UNIV HONG KONG CHINESE
biomed,63919457,20180425,20181101,true,CN|HK,EP|US|WO,UNIV HONG KONG
biomed,68319928,20180425,20191101,false,,CN,NAT UNIV SINGAPORE | NATIONAL UNIV OF SINGAPORE SUZHOU RESEARCH INSTITUTE
biomed,68357250,20180428,20191105,false,,CN,HKUST SHENZHEN RES INSTITUTE
biomed,68290910,20180430,20191031,true,HK,US,UNIV CITY HONG KONG
biomed,64327561,20180503,20181123,false,,CN,BEIJING NORMAL UNIV HONG KONG BAPTIST UNIV UNITED INTERNATIONAL COLLEGE
biomed,62528819,20180504,20181108,true,|SG,AU|CA|CN|EP|SG|US|WO,NAT UNIV SINGAPORE | SINGAPORE HEALTH SERV PTE LTD
biomed,68384288,20180507,20191107,true,|CN|HK|US,CN|US,CHINESE UNIV OF HONG KONG | MASSACHUSETTS INST TECHNOLOGY | UNIV HONG KONG CHINESE
biomed,68465258,20180509,20191114,true,HK,US,UNIV HONG KONG SCI & TECH
biomed,64102590,20180510,20181115,true,SG,BR|SG|US|WO,NAT UNIV SINGAPORE
biomed,64102592,20180511,20181115,true,|SG,CN|US|WO,NAT UNIV SINGAPORE
biomed,64105502,20180511,20181115,false,|CN,CN|US|WO,HONG KONG UNIV OF SCIENCE AND TECHNOLOGY | UNIV HONG KONG SCI & TECH | UNIV HONG KONG SCIENCE & TECH
biomed,64273355,20180514,20181122,false,|CN,CN|US|WO,UNIV HONG KONG SCI & TECH | UNIV HONG KONG SCIENCE & TECH
biomed,64273458,20180515,20181122,false,|CN,CN|WO,UNIV HONG KONG CHINESE
biomed,64273370,20180516,20181122,false,|CN,CN|US|WO,HONG KONG UNIV OF SCIENCE & TECHNOLOGY | UNIV HONG KONG SCI & TECH | UNIV HONG KONG SCIENCE & TECH
biomed,64273377,20180516,20181122,true,|CN|HK,AU|CA|CN|EP|IL|TW|US|WO,UNIV HONG KONG CHINESE
biomed,64273310,20180518,20181122,false,|CN,CN|WO,UNIV HONG KONG SCI & TECH
biomed,68622013,20180522,20191129,false,,CN,UNIV HONG KONG CHINESE
biomed,64396916,20180523,20181129,true,|SG,CN|US|WO,NAT UNIV SINGAPORE
biomed,64396245,20180524,20181129,false,|CN,CN|US|WO,UNIV HONG KONG SCI & TECH | UNIV HONG KONG SCIENCE & TECH
biomed,64396907,20180524,20181129,true,SG,WO,NAT UNIV SINGAPORE
biomed,66657758,20180524,20190606,false,CN,US,UNIV HONG KONG CHINESE
biomed,53524187,20180525,20180927,true,SG,US,SINGAPORE HEALTH SERV PTE LTD | UNIV NANYANG TECH
biomed,68657084,20180525,20191203,false,,CN,UNIV HONG KONG CHINESE
biomed,68701008,20180528,20191206,false,,CN,UNIV HONG KONG CHINESE
biomed,68734608,20180601,20191210,false,,CN,HKUST SHENZHEN RES INSTITUTE
biomed,64567387,20180605,20181213,true,|IN|SG,AU|BR|CA|CN|EP|IL|KR|US|WO,BANGALORE UNIV | NAT UNIV SINGAPORE | UNIV OF MYSORE
biomed,68695322,20180605,20191205,false,|CN,CN|US,UNIV HONG KONG CHINESE
biomed,64566008,20180607,20181213,true,SG,US|WO,NAT UNIV SINGAPORE
biomed,64566518,20180607,20181213,true,SG,US|WO,NAT UNIV SINGAPORE
biomed,68764344,20180607,20191212,true,HK,US,UNIV CITY HONG KONG
biomed,68763589,20180612,20191212,false,CN,US,UNIV HONG KONG CHINESE
biomed,63042160,20180613,20180801,true,|DE|GB|SG,AU|BR|CA|CL|CN|CO|CR|DO|EC|EP|GB|IL|JO|JP|KR|MA|MX|PE|PH|SA|SG|TW|US|WO,BOEHRINGER INGELHEIM INT | BOEHRINGER INGELHEIM INT GMBH [DE/DE] | CLEGG RICHARD IAN | ENLEOFEN BIO PTD LTD | ENLEOFEN BIO PTE LTD | NAT UNIV SINGAPORE | NATIONAL UNIV OF SINGAPORE [SG/SG] | SEBASTIAN SCHAEFER | SINGAPORE HEALTH SERV PTE LTD | Stuart Alexander Cook
biomed,63042296,20180613,20180801,true,|DE|GB|SG,AU|BR|CA|CL|CN|CO|CR|DO|EC|EP|GB|IL|JO|KR|MA|MX|PE|PH|SG|TW|US|WO,BOEHRINGER INGELHEIM INT | BOEHRINGER INGELHEIM INT GMBH [DE/DE] | CLEGG RICHARD IAN | ENLEOFEN BIO PTD LTD | ENLEOFEN BIO PTE LTD | NAT UNIV SINGAPORE | NATIONAL UNIV OF SINGAPORE [SG/SG] | SEBASTIAN SCHAEFER | SINGAPORE HEALTH SERV PTE LTD | Stuart Alexander Cook
biomed,67687968,20180614,20190829,false,|CN,CN|WO,UNIV HONG KONG SCI & TECH
biomed,68887691,20180614,20191224,false,,CN,HKUST SHENZHEN RES INSTITUTE
biomed,68920823,20180620,20191227,false,,CN,HKUST SHENZHEN RES INSTITUTE
biomed,62948323,20180622,20181227,true,SG,EP|WO,NAT UNIV SINGAPORE
biomed,64657184,20180622,20181220,true,SE|SG,US,BIOLAMINA AB | NAT UNIV SINGAPORE
biomed,66326881,20180622,20190509,true,SG,US,NAT UNIV SINGAPORE
biomed,68967469,20180625,20191231,false,,CN,CITY UNIV OF HONG KONG SHENZHEN RESEARCH INSTITUTE
biomed,68967958,20180625,20191231,false,,CN,CITY UNIV OF HONG KONG SHENZHEN RESEARCH INSTITUTE
biomed,69192494,20180625,20200117,false,,CN,CITY UNIV OF HONG KONG SHENZHEN RESEARCH INSTITUTE
biomed,69008971,20180627,20200103,false,,CN,CITY UNIV OF HONG KONG SHENZHEN RESEARCH INSTITUTE
biomed,68987349,20180629,20200102,true,|CN|SG,CN|WO,NAT UNIV SINGAPORE | NATIONAL UNIV OF SINGAPORE SUZHOU RESEARCH INSTITUTE | NUS SUZHOU RES INSTITUTE
biomed,64598604,20180705,20181214,false,|CN,CN|US|WO,UNIV HONG KONG CHINESE | UNIV JINAN
biomed,64990263,20180705,20190115,false,,CN,UNIV HONG KONG SCIENCE & TECH
biomed,65000532,20180705,20190117,false,CN,US,UNIV HONG KONG CHINESE
biomed,69059321,20180705,20200109,true,|CN|SG,CN|WO,NAT UNIV HOSPITAL SINGAPORE PTE LTD | NAT UNIV SINGAPORE | NATIONAL UNIV OF SINGAPORE SUZHOU RESEARCH INSTITUTE | NUS SUZHOU RES INSTITUTE
biomed,63014990,20180706,20190110,true,SG,EP|US|WO,NAT UNIV SINGAPORE
biomed,64014077,20180709,20181108,true,HK,US,UNIV HONG KONG BAPTIST UNIV
biomed,65186254,20180710,20190129,false,,CN,UNIV HONG KONG SCI & TECH
biomed,65513712,20180710,20190305,false,,CN,UNIV HONG KONG SCIENCE & TECH
biomed,65000725,20180711,20190117,false,|CN,CN|US,UNIV HONG KONG
biomed,69138833,20180712,20200116,false,CN,US,UNIV HONG KONG CHINESE
biomed,47668720,20180716,20181108,true,SG,US,UNIV NANYANG TECH
biomed,64481547,20180717,20181207,false,,CN,UNIV HONG KONG | UNIV ZHEJIANG
biomed,65014315,20180722,20190124,true,|CN|HK,AU|BR|CA|CL|CN|EP|IL|KR|MY|SG|US|WO,UNIV HONG KONG | UNIV OF HONG KONG VERSITECH LIMITED | VERSITECH LTD
biomed,65040684,20180724,20190131,true,|SG,CN|EP|SG|US|WO,NAT UNIV SINGAPORE | SINGAPORE HEALTH SERV PTE LTD | SINGAPORE HEALTH SERVICE PTE LTD
biomed,69594213,20180724,20200228,false,,CN,HKUST SHENZHEN RES INSTITUTE
biomed,65039389,20180725,20190131,true,|CN|HK,AU|CA|CN|DK|EP|ES|IL|JP|KR|PH|SG|TW|US|WO,CHINESE UNIV OF HONGKONG | UNIV HONG KONG CHINESE
biomed,65041093,20180726,20190131,false,|CN,CN|WO,UNIV HONG KONG
biomed,65137844,20180726,20190131,false,CN,US|WO,UNIV HONG KONG CHINESE
biomed,65041288,20180727,20190131,true,SG,EP|KR|US|WO,NAT UNIV SINGAPORE
biomed,67089808,20180727,20190705,false,|CN,CN|US,UNIV HONG KONG POLYTECHNIC
biomed,65234024,20180801,20190207,true,|SG,CN|US|WO,UNIV NANYANG TECH
biomed,65234054,20180802,20190207,true,|SG,CN|EP|US|WO,UNIV NANYANG TECH
biomed,65070403,20180803,20190118,false,,CN,HKUST SHENZHEN RES INSTITUTE
biomed,69405673,20180807,20200213,true,HK,US,UNIV CITY HONG KONG
biomed,65271277,20180808,20190214,true,JP|SG,WO,UNIV NANYANG TECH | WAKAYAMA MEDICAL UNIV
biomed,65231396,20180809,20190207,true,|SG,AU|CA|CN|EP|KR|SG|US|WO|ZA,MediSix Therapeutics Pte Ltd | NAT UNIV SINGAPORE
biomed,69405529,20180809,20200213,false,CN,US,UNIV HONG KONG
biomed,63760814,20180810,20181012,false,,CN,HKUST SHENZHEN RES INSTITUTE
biomed,63794586,20180816,20190221,true,|SG|US,CN|EP|US|WO,PROCTER & GAMBLE | UNIV NANYANG TECH
biomed,69525971,20180816,20200220,true,SG,AU|SG|US|WO,NAT UNIV HOSPITAL SINGAPORE PTE LTD | NAT UNIV SINGAPORE
biomed,69595710,20180820,20200228,false,,CN,HKUST SHENZHEN RES INSTITUTE
biomed,64627243,20180821,20181218,false,,CN,UNIV HONG KONG POLYTECHNIC
biomed,65439799,20180822,20190228,true,SG,WO,NAT UNIV SINGAPORE | SINGAPORE HEALTH SERV PTE LTD
biomed,64916308,20180827,20190111,false,,CN,UNIV HONG KONG POLYTECHNIC
biomed,65436730,20180827,20190228,false,|CN,CN|US,UNIV HONG KONG CHINESE
biomed,65438787,20180827,20190228,true,SG,WO,UNIV NANYANG TECH
biomed,69584520,20180827,20200227,false,CN,US,UNIV HONG KONG POLYTECHNIC
biomed,69640763,20180829,20200305,true,HK,US,UNIV HONG KONG POLYTECHNIC
biomed,69643713,20180829,20200305,true,|SG,CN|EP|SG|US|WO,AGENCY FOR SCIENCE TECH & RESEARCH SINGAPORE | AGENCY SCIENCE TECH & RES | NAT UNIV SINGAPORE
biomed,64829546,20180830,20190104,false,,CN,UNIV HONG KONG POLYTECHNIC
biomed,43448907,20180831,20181227,false,CN,US,UNIV CITY HONG KONG | VERSITECH LTD
biomed,65525123,20180831,20190307,true,|IL|SG,AU|CN|EP|SG|US|WO,BELKIN MICHAEL | NAT UNIV SINGAPORE | SINGAPORE HEALTH SERV PTE LTD
biomed,69643719,20180831,20200305,true,|CN|SG,CN|WO,NAT UNIV HOSPITAL SINGAPORE PTE LTD | NAT UNIV OF HOSPITAL SINGAPORE PTE LTD | NAT UNIV SINGAPORE | NATIONAL UNIV OF SINGAPORE SUZHOU RESEARCH INSTITUTE | NUS SUZHOU RES INSTITUTE
biomed,69716828,20180903,20200310,false,,CN,SHENZHEN RESEARCH INSTITUTE THE HONG KONG POLYTECHNIC UNIV
biomed,65606503,20180904,20190312,false,,CN,UNIV HONG KONG SCI & TECH
biomed,69727240,20180905,20200313,false,,CN,NAT UNIV HOSPITAL SINGAPORE PTE LTD | NAT UNIV SINGAPORE | NUS SUZHOU RES INSTITUTE
biomed,65634109,20180906,20190314,true,|SG,CN|EP|KR|US|WO,UNIV NANYANG TECH
biomed,63684576,20180907,20190314,true,|SG|US,CN|US|WO,NAT UNIV SINGAPORE | PROCTER & GAMBLE | THE PROCTER & GAMBIE COMPANY
biomed,69744933,20180910,20200317,false,,CN,SHENZHEN RESEARCH INSTITUTE THE HONG KONG POLYTECHNIC UNIV
biomed,69785202,20180910,20200320,false,,CN,SHENZHEN RESEARCH INSTITUTE THE HONG KONG POLYTECHNIC UNIV
biomed,69720400,20180911,20200312,true,HK,US,UNIV CITY HONG KONG
biomed,65722617,20180913,20190321,true,|SG,CN|EP|SG|US|WO,NAT UNIV SINGAPORE
biomed,69888046,20180917,20200326,true,SG,SG|WO,NAT UNIV HOSPITAL SINGAPORE PTE LTD | NGEE ANN POLYTECHNIC
biomed,65810078,20180918,20190328,true,|CN|HK,CN|EP|JP|US|WO,HONG KONG UNIV OF SCIENCE & TECH | UNIV HONG KONG SCI & TECH | UNIV HONG KONG SCIENCE & TECH
biomed,65810089,20180919,20190328,false,|CN,CN|WO,Cai Xuekai | NG TZE CHUEN | UNIV HONG KONG
biomed,66432048,20180920,20190516,false,CN,US|WO,UNIV HONG KONG CHINESE
biomed,69953568,20180924,20200402,true,|SG,CN|SG|WO,NAT UNIV HOSPITAL SINGAPORE PTE LTD | NAT UNIV SINGAPORE
biomed,65809551,20180925,20190328,false,CN,WO,UNIV HONG KONG SCI & TECH
biomed,69905418,20180925,20200331,false,,CN,SHENZHEN RESEARCH INSTITUTE THE CHINESE UNIV OF HONG KONG
biomed,69945528,20180928,20200402,true,HK,US,UNIV CITY HONG KONG
biomed,64766807,20180930,20181221,false,,CN,CITY UNIV OF HONG KONG SHENZHEN RESEARCH INSTITUTE
biomed,65689479,20181008,20190319,false,|CN,CN|US|WO,UNIV HONG KONG SCI & TECH | UNIV HONG KONG SCIENCE & TECH
biomed,66100400,20181011,20190418,false,|CN,CN|WO,UNIV HONG KONG SCI & TECH | UNIV HONG KONG SCIENCE & TECH
biomed,66096821,20181012,20190418,true,CN|HK,US,UNIV HONG KONG CHINESE
biomed,46457270,20181023,20190207,true,HK,US,UNIV HONG KONG CHINESE
biomed,66247267,20181023,20190502,true,|SG,AU|CN|SG|US|WO,NAT UNIV SINGAPORE
biomed,66230116,20181024,20190430,false,,CN,UNIV HONG KONG SCIENCE & TECH
biomed,66246326,20181024,20190502,true,SG,US|WO,NAT UNIV SINGAPORE
biomed,66247170,20181024,20190502,false,|CN,CN|US|WO,UNIV HONG KONG SCI & TECH | UNIV HONG KONG SCIENCE & TECH
biomed,66247287,20181024,20190502,true,SG,WO,SINGAPORE HEALTH SERV PTE LTD | UNIV NANYANG TECH
biomed,65434676,20181025,20190228,true,HK,US,UNIV HONG KONG BAPTIST UNIV
biomed,46382249,20181030,20190228,false,CN,US,UNIV HONG KONG SCI & TECH
biomed,70326202,20181030,20200430,false,|CN,CN|US,UNIV HONG KONG CHINESE
biomed,70327515,20181030,20200430,true,|CN|HK,CN|US|WO,UNIV CITY HONG KONG
biomed,66331412,20181031,20190509,true,|SG,BR|CN|SG|US|WO,NAT UNIV SINGAPORE
biomed,66331440,20181031,20190509,true,SG,SG|US|WO,UNIV NANYANG TECH
biomed,66332918,20181031,20190509,true,|SG,CN|US|WO,NAT UNIV SINGAPORE
biomed,70485405,20181031,20200508,false,,CN,UNIV HONG KONG
biomed,66243987,20181101,20190502,true,|CN|HK|US,AU|CA|CN|DK|EP|IL|JP|KR|TW|US|WO,CHINESE UNIV OF HONG KONG | GRAIL GMBH | GRAIL INC | GRAIL LLC | UNIV HONG KONG CHINESE
biomed,70494334,20181101,20200508,false,,CN,CITY UNIV OF HONG KONG SHENZHEN RESEARCH INSTITUTE
biomed,66539329,20181105,20190523,false,|CN,CN|US|WO,UNIV HONG KONG SCI & TECH | UNIV HONG KONG SCIENCE & TECH
biomed,52688316,20181106,20190307,true,CN|HK,US,UNIV HONG KONG CHINESE
biomed,67908622,20181106,20190919,false,CN,WO,UNIV HONG KONG POLYTECHNIC
biomed,66438186,20181107,20190516,false,|CN,CN|US|WO,UNIV HONG KONG SCI & TECH | UNIV HONG KONG SCIENCE & TECH
biomed,67907318,20181107,20190919,false,CN,WO,UNIV HONG KONG POLYTECHNIC
biomed,51208228,20181109,20181129,true,|SG,AU|JP|US,PEDRA TECH PTE LTD | UNIV NANYANG TECH
biomed,66438174,20181109,20190516,true,|SG|US,CN|EP|JP|KR|SG|US|WO,HARVARD COLLEGE | UNIV NANYANG TECH
biomed,65847212,20181113,20190329,false,,CN,HKUST SHENZHEN RES INSTITUTE
biomed,70648654,20181113,20200519,false,,CN,CITY UNIV OF HONG KONG SHENZHEN RESEARCH INSTITUTE
biomed,66537768,20181114,20190523,true,|JP|SG,CN|SG|US|WO,UNIV SINGAPORE TECH & DESIGN | UNIV SINGAPORE TECHNOLOGY & DESIGN | YU WENWEI
biomed,66537770,20181114,20190523,true,SG,WO,NAT UNIV SINGAPORE
biomed,66538750,20181114,20190523,true,SG,WO,NAT UNIV SINGAPORE
biomed,66537772,20181115,20190523,true,|SG,CN|SG|US|WO,AGENCY SCIENCE TECH & RES | NAT UNIV HOSPITAL SINGAPORE PTE LTD | NAT UNIV SINGAPORE
biomed,52008470,20181116,20190404,false,,JP,PEDRA TECH PTE LTD | UNIV NANYANG TECH
biomed,70730394,20181116,20200522,false,|CN,AU|CA|CN|EP|US|WO,UNIV HONG KONG | VERSITECH LTD
biomed,56128727,20181119,20190530,false,CN,US,UNIV HONG KONG CHINESE
biomed,64564831,20181120,20190523,true,GB|SG,TW|WO,CLEGG RICHARD IAN | NAT UNIV SINGAPORE | TESSA THERAPEUTICS PTE LTD
biomed,70744604,20181120,20200526,false,,CN,CITY UNIV OF HONG KONG SHENZHEN RESEARCH INSTITUTE | SHENZHEN BGI LIFE SCIENCE RES INSTITUTE
biomed,66630744,20181123,20190531,true,|SG,AU|CA|CN|EP|ES|KR|PL|SG|US|WO,IRNOVATE PTE LTD | NAT UNIV HOSPITAL SINGAPORE PTE LTD | NAT UNIV SINGAPORE | NATIONAL UNIV HOSPITAL (SINGAPORE) PTE LTD | THE BIOFACTORY PTE LTD
biomed,66630497,20181126,20190531,true,|CN|HK,CN|EP|US|WO,UNIV HONG KONG
biomed,70825441,20181126,20200602,false,,CN,NAT UNIV HOSPITAL SINGAPORE PTE LTD | NAT UNIV SINGAPORE | NUS SUZHOU RES INSTITUTE
biomed,70923525,20181130,20200609,false,,CN,JIANGSU ACAD AGRICULTURAL SCI | NAT UNIV SINGAPORE | NUS SUZHOU RES INSTITUTE
biomed,65993017,20181204,20190411,true,HK,US,UNIV HONG KONG BAPTIST UNIV
biomed,66749890,20181205,20190613,true,|SG,CN|US|WO,UNIV NANYANG TECH
biomed,68161681,20181205,20191017,true,|CN|HK,CN|EP|US|WO,UNIV HONG KONG POLYTECHNIC
biomed,69887709,20181206,20200326,true,|HK,JP|US|WO,UNIV CITY HONG KONG
biomed,71159533,20181211,20200619,false,,CN,HKUST SHENZHEN RES INSTITUTE
biomed,66820029,20181212,20190620,true,|SG,CN|EP|WO,UNIV NANYANG TECH
biomed,66820056,20181212,20190620,true,SG,WO,UNIV NANYANG TECH
biomed,66820028,20181214,20190620,true,SG,WO,NAT UNIV SINGAPORE | SINGAPORE HEALTH SERV PTE LTD
biomed,66820032,20181214,20190620,true,SG,WO,AGENCY SCIENCE TECH & RES | UNIV NANYANG TECH
biomed,66992800,20181214,20190627,true,SG,AU|EP|SG|US|WO,NAT UNIV SINGAPORE
biomed,67904846,20181214,20190919,true,|HK,CN|US,UNIV HONG KONG BAPTIST UNIV
biomed,66949437,20181218,20190627,false,CN|US,US,ANN & ROBERT H LURIE CHILDRENS HOSPITAL OF CHICAGO | UNIV HONG KONG CHINESE
biomed,67144076,20181220,20190711,false,|CN,CN|EP|US|WO,UNIV HONG KONG POLYTECHNIC | VERSITECH LTD
biomed,71188211,20181220,20200630,false,,CN,CITY UNIV OF HONG KONG SHENZHEN RESEARCH INSTITUTE
biomed,69104442,20181221,20200625,true,|FR|SG,EP|ES|SG|US|WO,OREAL | THE NATIONAL UNIV OF SINGAPORE | UNIV NANYANG TECH
biomed,67143880,20181225,20190711,false,|CN,CN|WO,UNIV HONG KONG CHINESE
biomed,52744542,20181226,20190307,true,|SG,AU|JP|US,NAT UNIV SINGAPORE | NAT UNIVERESITY OF SINGAPORE
biomed,67066495,20181228,20190704,true,SG,EP|SG|US|WO,CHANGI GENERAL HOSPITAL PTE LTD | UNIV SINGAPORE TECHNOLOGY & DESIGN
biomed,71121541,20181228,20200702,true,HK,US,RECYCLEGREEN PROJECT LTD | UNIV HONG KONG POLYTECHNIC
biomed,67144167,20190107,20190711,true,SG,WO,NAT UNIV SINGAPORE | UNIV NANYANG TECH
biomed,67218614,20190108,20190718,true,|CN|HK,CN|EP|US|WO,UNIV HONG KONG CHINESE | UNIV HONG KONG POLYTECHNIC
biomed,67218818,20190108,20190718,false,|CN,CN|WO,UNIV HONG KONG SCI & TECH | UNIV HONG KONG SCIENCE & TECH
biomed,67218870,20190111,20190718,false,|CN,CN|US|WO,UNIV HONG KONG SCI & TECH | UNIV HONG KONG SCIENCE & TECH
biomed,71522292,20190111,20200716,true,SG,SG|WO,NAT UNIV SINGAPORE
biomed,71579831,20190111,20200721,false,,CN,SHENZHEN RESEARCH INSTITUTE THE HONG KONG POLYTECHNIC UNIV
biomed,65678734,20190114,20190315,false,,CN,UNIV HONG KONG POLYTECHNIC
biomed,67301327,20190115,20190725,true,SG,WO,UNIV NANYANG TECH
biomed,71614096,20190115,20200723,true,SG,SG|WO,NAT UNIV SINGAPORE | SINGAPORE HEALTH SERV PTE LTD
biomed,67301666,20190117,20190725,true,|CN|HK,CN|SG|TW|US|WO,UNIV HONG KONG BAPTIST UNIV
biomed,67301802,20190117,20190725,true,|SG,CN|EP|JP|SG|US|WO,AGENCY FOR SCIENCE TECH & RESEARCH | AGENCY SCIENCE TECH & RES | UNIV NANYANG TECH
biomed,67395655,20190122,20190801,true,|SG,CN|DE|SG|US|WO,NAT UNIV SINGAPORE
biomed,67843845,20190122,20190912,true,CN|HK,US,UNIV HONG KONG SCI & TECH
biomed,67299156,20190123,20190725,false,|CN,CN|US,CHINA OCEAN MINERAL RESOURCES R&D ASS | CHINA OCEAN MINERAL RESOURCES R&D ASS (COMRA) | CHINA OCEAN MINERAL RESOURCES R&D ASS COMRA | China Ocean Mineral Resources R&D Assocation (COMRA) | UNIV HONG KONG SCI & TECH
biomed,69526295,20190123,20200730,true,|SG,BR|CN|EP|KR|SG|US|WO,AGENCY FOR SCIENCE TECH & RESEARCH SINGAPORE | AGENCY FOR SCIENCE TECH AND RESEARCH ASTARSTAR | AGENCY FOR SCIENCE TECHNOLOGY AND RESEARCH ASTARSTAR | AGENCY SCIENCE TECH & RES | NAT UNIV SINGAPORE | NATIONAL UNIV OF SINGAPORE NUS
biomed,71737446,20190123,20200730,true,|SG,BR|CN|EP|SG|US|WO,AGENCY FOR SCIENCE TECH & RESEARCH SINGAPORE | AGENCY FOR SCIENCE TECH AND RESEARCH ASTARSTAR | AGENCY FOR SCIENCE TECH AND RESEARCH ASTARSTAR] | AGENCY FOR SCIENCE TECHNOLOGY AND RESEARCH ASTARSTAR | AGENCY FOR SCIENCE TECHNOLOGY AND RESEARCH ASTARSTAR] | NAT UNIV SINGAPORE
biomed,67395251,20190124,20190801,false,|CN,CN|EP|US|WO,UNIV HONG KONG | UNIV OF HONG KONG
biomed,71736584,20190124,20200730,false,|CN,CN|WO,INST GENETICS & DEVELOPMENTAL BIOLOGY CAS | INST OF GENETICS AND DEVELOPMENTAL BIOLOGY CHINESE ACADEMY SCIENCES | THE CHINESE UNIV OF HONGKONG | UNIV HONG KONG CHINESE | UNIV TSINGHUA
biomed,67395665,20190129,20190801,true,SG,US|WO,UNIV NANYANG TECH
biomed,71732731,20190129,20200730,false,CN,US,UNIV HONG KONG CHINESE
biomed,67478357,20190130,20190808,true,|SG,CN|SG|US|WO,UNIV NANYANG TECH
biomed,67479594,20190201,20190808,true,|CN|HK,GB|TW|US|WO,CHINESE UNIV OF HONG KONG | UNIV HONG KONG CHINESE
biomed,71835743,20190201,20200806,true,HK,US,UNIV HONG KONG
biomed,69902701,20190204,20200324,false,|CN,CN|US,UNIV HONG KONG CHINESE
biomed,67548047,20190207,20190815,true,|SG,AU|CA|CN|EP|SG|US|WO,NAT UNIV SINGAPORE
biomed,67549311,20190207,20190815,true,|SG,AU|CA|CN|EP|SG|US|WO,NAT UNIV SINGAPORE
biomed,67621039,20190213,20190822,true,SG,WO,AGENCY SCIENCE TECH & RES | NAT UNIV HOSPITAL SINGAPORE PTE LTD
biomed,67805130,20190214,20190906,false,CN,US|WO,UNIV HONG KONG SCI & TECH | UNIV HONG KONG SCIENCE & TECH
biomed,67751462,20190219,20190903,false,,CN,UNIV HONG KONG SCI & TECH
biomed,67686993,20190220,20190829,true,SG,WO,UNIV NANYANG TECH
biomed,65998854,20190222,20190410,true,|GB|SG,AU|BR|CA|CL|CN|EP|GB|MX|PH|TW|US|WO,CLEGG RICHARD IAN | NAT UNIV SINGAPORE | SINGAPORE HEALTH SERV PTE LTD
biomed,67687980,20190222,20190829,true,|SG,CN|WO,NAT UNIV SINGAPORE
biomed,67808798,20190227,20190906,true,SG,EP|US|WO,AGENCY SCIENCE TECH & RES | UNIV NANYANG TECH
biomed,72236536,20190228,20200903,true,|CN|HK,CN|EP|US|WO,THE HONGKONG POLYTECHNIC UNIV | UNIV HONG KONG POLYTECHNIC
biomed,72240222,20190228,20200903,true,|SG,AU|CN|EP|MY|SG|US|WO,NAT UNIV SINGAPORE
biomed,47436517,20190304,20190620,false,CN,US,UNIV HONG KONG
biomed,68237233,20190305,20191024,false,CN,US,UNIV HONG KONG CHINESE
biomed,72338771,20190306,20200910,true,|SG,AU|CN|EP|SG|US|WO,NAT UNIV SINGAPORE
biomed,72338788,20190306,20200910,true,|SG,CN|EP|SG|US|WO,NAT UNIV SINGAPORE
biomed,72336646,20190307,20200910,true,HK,US,UNIV CITY HONG KONG
biomed,67845950,20190308,20190912,false,|CN,CN|EP|US|WO,UNIV HONG KONG | VERSITECH LTD
biomed,67847030,20190311,20190912,false,|CN,CN|EP|US|WO,UNIV HONG KONG
biomed,72474743,20190312,20200922,false,,CN,NAT RES CT REHABILITATION TECHNICAL AIDS | SHENZHEN RESEARCH INSTITUTE THE HONG KONG POLYTECHNIC UNIV
biomed,67908435,20190315,20190919,true,SG,WO,NAT UNIV SINGAPORE
biomed,67984302,20190319,20190926,false,CN,US,UNIV HONG KONG CHINESE
biomed,67986854,20190321,20190926,false,CN,WO,UNIV HONG KONG
biomed,72422385,20190322,20200917,false,CN,US,UNIV HONG KONG CHINESE
biomed,72425931,20190328,20200917,true,|CN|SG,CN|WO,NAT UNIV SINGAPORE | NATIONAL UNIV OF SINGAPORE SUZHOU RESEARCH INSTITUTE | SINGAPORE HEALTH SERV PTE LTD
biomed,42038404,20190329,20190926,true,SG|US,US,IRIDEX CORP | NAT UNIV HOSPITAL SINGAPORE PTE LTD | NAT UNIV SINGAPORE
biomed,68101154,20190329,20191010,true,|SG,AU|CA|CN|EP|KR|SG|US|WO,NAT UNIV SINGAPORE
biomed,72606782,20190401,20201001,false,CN,US,UNIV HONG KONG CHINESE
biomed,68055282,20190402,20191003,true,|CN|HK,AU|CN|GB|TW|US|WO,UNIV HONG KONG BAPTIST UNIV
biomed,68357601,20190403,20191105,false,,CN,HONG KONG UNIV OF SCIENCE AND TECHNOLOGY
biomed,66092346,20190404,20191010,true,CN|DK|HK,EP|US|WO,UNIV AARHUS | UNIV HONG KONG CHINESE
biomed,72666569,20190404,20201008,true,|CN|HK,CN|EP|US|WO,UNIV HONG KONG | UNIV OF HONG KONG | VERSITECH LTD
biomed,72755273,20190404,20201016,false,,CN,HKUST SHENZHEN RES INSTITUTE
biomed,67238047,20190411,20190719,false,,CN,SHENZHEN RESEARCH INSTITUTE THE HONG KONG POLYTECHNIC UNIV
biomed,67414812,20190412,20190802,false,,CN,HKUST SHENZHEN RES INSTITUTE
biomed,67414866,20190412,20190802,false,,CN,SHENZHEN RESEARCH INSTITUTE THE CHINESE UNIV OF HONG KONG
biomed,68239193,20190415,20191024,true,SG,WO,NAT UNIV SINGAPORE
biomed,68284942,20190415,20191029,false,,CN,UNIV HONG KONG SCI & TECH
biomed,68236127,20190416,20191024,true,SG,US,NAT UNIV HOSPITAL SINGAPORE PTE LTD | NAT UNIV SINGAPORE
biomed,72838440,20190416,20201022,true,|SG,AU|CN|EP|KR|SG|WO,NAT UNIV HOSPITAL SINGAPORE PTE LTD | NAT UNIV SINGAPORE
biomed,67476489,20190419,20190808,true,HK,US,UNIV HONG KONG CHINESE
biomed,68240614,20190419,20191024,false,|CN,CN|US|WO,UNIV HONG KONG
biomed,72915020,20190419,20201027,false,,CN,UNIV HONG KONG
biomed,72912329,20190422,20201027,false,,CN,NAT UNIV SINGAPORE | NUS SUZHOU RES INSTITUTE
biomed,68295656,20190425,20191031,true,|SG,CN|US|WO,NAT UNIV SINGAPORE | UNIV NANYANG TECH
biomed,68294828,20190426,20191031,true,|CN|HK,CN|EP|US|WO,UNIV HONG KONG
biomed,72917605,20190426,20201029,true,|HK,CN|US,UNIV CITY HONG KONG
biomed,68387079,20190502,20191107,true,SG,US|WO,UNIV NANYANG TECH
biomed,66641155,20190503,20190619,false,,GB,NAT UNIV SINGAPORE | SINGAPORE HEALTH SERV PTE LTD
biomed,68385476,20190503,20191107,true,|CN|HK|US,AU|CA|CN|EP|KR|TW|US|WO,GRAIL INC | GRAIL LLC | UNIV HONG KONG CHINESE
biomed,73242581,20190507,20201110,false,,CN,SHENZHEN RESEARCH INSTITUTE THE HONG KONG POLYTECHNIC UNIV
biomed,73046046,20190508,20201112,true,HK,US,UNIV CITY HONG KONG
biomed,73047630,20190508,20201110,true,|HK,CN|US,CITY UNIV OF HONG KONG SHENZHEN RESEARCH INSTITUTE | UNIV CITY HONG KONG
biomed,73047740,20190508,20201112,true,HK,US,UNIV CITY HONG KONG
biomed,68118838,20190509,20191011,false,,CN,UNIV HONG KONG POLYTECHNIC
biomed,68616234,20190514,20191128,false,|CN,CN|WO,UNIV HONG KONG
biomed,69140075,20190514,20200116,false,CN,US,UNIV HONG KONG CHINESE
biomed,68534024,20190516,20191121,true,HK,US,UNIV HONG KONG
biomed,68617444,20190522,20191128,true,|SG,CN|US|WO,UNIV NANYANG TECH
biomed,68617214,20190523,20191128,true,|SG,CN|EP|SG|US|WO,NAT UNIV SINGAPORE
biomed,68617219,20190523,20191128,true,|SG,AU|CA|CN|EP|JP|KR|SG|US|WO,NAT UNIV SINGAPORE | NATL UNIV OF SINGAPORE
biomed,73436730,20190524,20201124,false,,CN,NAT UNIV SINGAPORE
biomed,73501552,20190529,20201201,false,,CN,HKUST SHENZHEN RES INSTITUTE | UNIV HONG KONG SCIENCE & TECH
biomed,73551971,20190530,20201203,false,|CN,CN|WO,THE UNIV OF HONG KONG SHENZHEN HOSPITAL
biomed,73552714,20190530,20201203,false,|CN,CN|WO,THE UNIV OF HONG KONG SHENZHEN HOSPITAL
biomed,73552995,20190530,20201203,true,SG,SG|US|WO,NAT UNIV HOSPITAL SINGAPORE PTE LTD | NAT UNIV SINGAPORE
biomed,68696825,20190531,20191205,true,|CN|HK|NL,CN|EP|US|WO,KONINKLIJKE NEDERLANDSE AKADEMIE VAN WETENSCHAPPEN | UNIV HONG KONG
biomed,68697862,20190531,20191205,true,|CN|HK,AU|BR|CA|CN|EP|ES|IL|JP|KR|SG|TW|US|WO,CHINESE UNIV OF HONGKONG | HONG KONG POLYTECHNIC UNIV | LEUNG YUN CHUNG | SHUM ALISA SAU WUN | UNIV HONG KONG CHINESE | UNIV HONG KONG POLYTECHNIC
biomed,67450404,20190605,20190806,false,,CN,SHENZHEN PKU HKUST MEDICAL CENTER | UNIV PEKING SHENZHEN HOSPITAL
biomed,68770804,20190606,20191212,false,CN,WO,UNIV HONG KONG
biomed,67721419,20190611,20190830,false,,CN,SHENZHEN PKU HKUST MEDICAL CENTER | UNIV PEKING SHENZHEN HOSPITAL
biomed,67887068,20190613,20190917,false,,CN,SHENZHEN RESEARCH INSTITUTE THE CHINESE UNIV OF HONG KONG
biomed,67432331,20190614,20190731,true,|GB|SG,CN|EP|GB|US|WO,CLEGG RICHARD IAN | NAT UNIV SINGAPORE | SINGASIAN SLOPE NATIONAL UNIV
biomed,68842742,20190614,20191219,false,|CN,CN|US|WO,HKUST SHENZHEN RES INSTITUTE | THE HONG KONG UNIVERSTIY OF SCIENCE AND TECH | UNIV HONG KONG SCI & TECH | UNIV HONG KONG SCIENCE & TECH
biomed,68984346,20190614,20191226,true,|SG|US,AU|BR|CA|CN|EP|IL|KR|MX|SG|US|WO,JACOBSEN JACOB PADE RAMSOE | NAT UNIV HOSPITAL SINGAPORE PTE LTD | NAT UNIV SINGAPORE | UNIV NANYANG TECH
biomed,73745056,20190617,20201217,true,CH|HK,US,HEMY8 SA | UNIV CITY HONG KONG
biomed,68982769,20190618,20191226,false,|CN,CN|EP|US|WO,UNIV HONG KONG CHINESE
biomed,68986139,20190618,20200102,false,|CN,CN|US|WO,UNIV HONG KONG POLYTECHNIC
biomed,74037189,20190618,20201224,false,|CN,CN|US|WO,UNIV HONG KONG POLYTECHNIC
biomed,50731551,20190620,20191031,true,SG|US,US,MASSACHUSETTS INST OF TECHNOLOGY | MASSACHUSETTS INST TECHNOLOGY | NAT UNIV SINGAPORE
biomed,68981288,20190620,20191226,true,SG,US,UNIV NANYANG TECH
biomed,73796694,20190620,20201222,false,|CN,CN|US,UNIV HONG KONG POLYTECHNIC
biomed,68983257,20190621,20191226,true,SG,WO,NAT UNIV SINGAPORE
biomed,71736428,20190626,20200730,false,|CN,CN|WO,UNIV HONG KONG POLYTECHNIC
biomed,73869983,20190626,20201229,false,,CN,SHENZHEN RESEARCH INSTITUTE THE HONG KONG POLYTECHNIC UNIV
biomed,74060436,20190626,20201230,true,|AU|GB|SG,AU|CA|CN|EP|JP|SG|US|WO,CELL MOGRIFY AUSTRALIA PTY LTD | MOGRIFY LTD | NAT UNIV SINGAPORE | UNIV MONASH
biomed,74062102,20190626,20201230,true,|SG,CN|SG|WO,NAT UNIV SINGAPORE
biomed,67723773,20190627,20190830,false,,CN,HKUST SHENZHEN RES INSTITUTE
biomed,67723774,20190627,20190830,false,,CN,HKUST SHENZHEN RES INSTITUTE
biomed,67723874,20190627,20190830,false,,CN,HKUST SHENZHEN RES INSTITUTE
biomed,69193154,20190627,20200117,false,,CN,UNIV HONG KONG SCI & TECH
biomed,74044226,20190627,20201231,true,HK,US,UNIV CITY HONG KONG
biomed,69054880,20190628,20200102,true,HK,US,UNIV HONG KONG BAPTIST UNIV
biomed,73915281,20190701,20210105,false,,CN,SHENZHEN RESEARCH INSTITUTE THE HONG KONG POLYTECHNIC UNIV
biomed,69060998,20190702,20200109,true,|SG,AU|CA|CN|EP|JP|KR|SG|US|WO,AGENCY FOR SCIENCE TECH & RESEARCH | AGENCY FOR SCIENCE TECH & RESEARCH SINGAPORE | AGENCY SCIENCE TECH & RES | NAT UNIV SINGAPORE
biomed,69193160,20190703,20200117,false,,CN,UNIV HONG KONG BAPTIST UNIV
biomed,74101373,20190704,20210107,true,|SG,CN|EP|SG|US|WO,NAT UNIV SINGAPORE | SINGASIAN SLOPE NATIONAL UNIV | SOUTH ART SCIENCE AND ENGINEERING UNIV | UNIV NANYANG TECH
biomed,73915692,20190705,20210105,false,,CN,UNIV CITY HONG KONG
biomed,74115343,20190708,20210114,true,SG,GB|SG|US|WO,NAT UNIV SINGAPORE
biomed,67891768,20190710,20190917,false,,CN,THE UNIV OF HONG KONG SHENZHEN HOSPITAL
biomed,69142147,20190710,20200116,true,|CN|HK,CN|EP|US|WO,UNIV HONG KONG
biomed,69193361,20190710,20200117,false,,CN,UNIV HONG KONG
biomed,68430221,20190711,20191112,false,,CN,HKUST SHENZHEN RES INSTITUTE
biomed,69142110,20190711,20200116,false,|CN,CN|US|WO,UNIV HONG KONG SCI & TECH | UNIV HONG KONG SCIENCE & TECH
biomed,74103013,20190712,20210114,true,HK,US,UNIV CITY HONG KONG
biomed,74181438,20190717,20210121,true,|SG,AU|CA|CN|EP|SG|US|WO,AGENCY SCIENCE TECH & RES | NAT UNIV SINGAPORE | SINGAPORE SCIENCE AND TECH RESEARCH BUREAU | SINGASIAN SLOPE NATIONAL UNIV
biomed,69164257,20190718,20200123,false,|CN,CN|WO,UNIV HONG KONG SCI & TECH | UNIV HONG KONG SCIENCE & TECH
biomed,69163600,20190719,20200123,true,|CN|HK,CN|EP|US|WO,UNIV HONG KONG SCI & TECH | UNIV HONG KONG SCIENCE & TECH
biomed,69164470,20190719,20200123,false,|CA|CN,CN|US|WO,THE ROYAL INST FOR THE ADVANCEMENT OF LEARNING / MCGILL UNIV | THE ROYAL INSTITUTION FOR THE ADVANCEMENT OF LEARNING / MCGILL UNIV | THE ROYAL INSTITUTION FOR THE ADVANCEMENT OF LEARNING/MCGILL UNIV | UNIV HONG KONG POLYTECHNIC
biomed,51537213,20190722,20191107,true,SG,US,UNIV NANYANG TECH
biomed,69231953,20190722,20200206,true,|SG|US,CN|EP|US|WO,JOHNSON & JOHNSON CONSUMER COMPANIES INC | JOHNSON & JOHNSON CONSUMER INC | JOHNSON & JOHNSON PTE LTD | KENVUE BRANDS LLC | UNIV NANYANG TECH
biomed,69181340,20190723,20200130,true,|CN|HK|US,AU|CA|CN|EP|IL|JP|KR|SG|TW|US|WO,CHINESE UNIV OF HONG KONG | GRAIL INC | UNIV HONG KONG CHINESE
biomed,69231949,20190730,20200206,true,|SG,CN|SG|US|WO,AGENCY FOR SCIENCE TECH & RESEARCH SINGAPORE | AGENCY SCIENCE TECH & RES | NAT UNIV SINGAPORE
biomed,69230472,20190731,20200206,false,|CN,CN|US|WO,UNIV HONG KONG
biomed,69232377,20190802,20200206,false,|CN,CN|US|WO,UNIV HONG KONG
biomed,70327941,20190802,20200430,false,CN,US,UNIV HONG KONG CHINESE
biomed,69405245,20190807,20200213,false,CN,US,UNIV HONG KONG CHINESE
biomed,74504310,20190808,20210211,true,|SG,CN|EP|SG|US|WO,NAT UNIV SINGAPORE | SINGASIAN SLOPE NATIONAL UNIV
biomed,74602263,20190812,20210223,false,,CN,NAT UNIV SINGAPORE | NUS SUZHOU RES INSTITUTE
biomed,74566915,20190815,20210218,true,HK|US,US,UNIV CITY HONG KONG | UNIV CORNELL
biomed,74601591,20190815,20210223,false,,CN,SHENZHEN RESEARCH INSTITUTE THE HONG KONG POLYTECHNIC UNIV
biomed,68510109,20190816,20191119,false,,CN,HKUST SHENZHEN RES INSTITUTE
biomed,69640978,20190819,20200305,false,CN,US,UNIV HONG KONG POLYTECHNIC
biomed,74603213,20190819,20210223,false,,CN,UNIV HONG KONG CHINESE
biomed,74603460,20190819,20210223,false,,CN,SHENZHEN RESEARCH INSTITUTE THE HONG KONG POLYTECHNIC UNIV
biomed,69593386,20190820,20200227,true,SG,WO,UNIV NANYANG TECH
biomed,52392664,20190821,20191212,false,CN,US,UNIV HONG KONG CHINESE
biomed,69591322,20190821,20200227,true,SG|US,US|WO,UNIV CALIFORNIA | UNIV NANYANG TECH
biomed,69591360,20190821,20200227,false,|CN,CN|US|WO,UNIV HONG KONG
biomed,69645138,20190827,20200305,true,|SG,AU|CN|EP|KR|SG|US|WO,NAT UNIV SINGAPORE
biomed,74680923,20190827,20210304,true,HK,US,UNIV CITY HONG KONG
biomed,74681973,20190827,20210304,false,CN,US,UNIV HONG KONG POLYTECHNIC
biomed,68513785,20190828,20191119,false,|CN,CN|WO,THE UNIV OF HONG KONG SHENZHEN HOSPITAL
biomed,69645834,20190828,20200305,true,SG,WO,UNIV NANYANG TECH
biomed,69645837,20190828,20200305,true,SG,WO,NAT UNIV SINGAPORE
biomed,74685189,20190830,20210304,true,|CN|SG,CN|WO,NAT UNIV SINGAPORE | NATIONAL UNIV OF SINGAPORE SUZHOU RESEARCH INSTITUTE | NUS SUZHOU RES INSTITUTE
biomed,74682591,20190904,20210304,true,HK,US,6J BIOTECHNOLOGY HONG KONG LTD | UNIV CITY HONG KONG
biomed,67902522,20190905,20200312,true,FR|SG,WO,INST NAT SANTE RECH MED | NAT UNIV SINGAPORE | PASTEUR INSTITUT
biomed,74853472,20190906,20210311,true,|SG,CN|SG|WO,NAT UNIV SINGAPORE
biomed,69723305,20190909,20200312,true,SG,SG|WO,SINGAPORE HEALTH SERV PTE LTD | UNIV NANYANG TECH
biomed,69745949,20190910,20200317,false,,CN,UNIV HONG KONG
biomed,69953566,20190910,20200402,true,|SG,CN|WO,NAT UNIV SINGAPORE
biomed,69779246,20190913,20200319,true,SG,WO,NAT UNIV SINGAPORE
biomed,74882901,20190916,20210325,false,|CN,CN|US|WO,HONG KONG UNIV | UNIV HONG KONG
biomed,69888347,20190917,20200326,false,|CN,CN|EP|JP|KR|US|WO,UNIV HONG KONG | UNIV OF HONG KONG
biomed,69888267,20190918,20200326,false,|CN,CN|EP|US|WO,UNIV HONG KONG SCI & TECH | UNIV HONG KONG SCIENCE & TECH
biomed,69888053,20190919,20200326,true,|SG,CN|SG|US|WO,NAT UNIV SINGAPORE | UNIV NANYANG TECH
biomed,69888284,20190919,20200326,true,|CN|HK,CN|US|WO,UNIV HONG KONG
biomed,69888295,20190919,20200326,false,CN,WO,UNIV HONG KONG SCI & TECH
biomed,69887697,20190920,20200326,true,|CN|HK,CN|EP|SG|US|WO,JAYASINGHE MIGARA KAVISHKA | LE THI NGUYET MINH | PHAM CHANH TIN | SHI JIAHAI | UNIV CITY HONG KONG | USMAN WAQAS MUHAMMAD | WEI LIKUN
biomed,69888055,20190920,20200326,true,|SG,CN|EP|SG|US|WO,SINGAPORE HEALTH SERV PTE LTD | UNIV NANYANG TECH
biomed,75282642,20190924,20210409,false,,CN,NAT UNIV SINGAPORE | NUS SUZHOU RES INSTITUTE
biomed,75282739,20190924,20210409,false,,CN,NAT UNIV SINGAPORE | NUS SUZHOU RES INSTITUTE
biomed,75283169,20190924,20210409,false,,CN,NAT UNIV SINGAPORE | NUS SUZHOU RES INSTITUTE
biomed,69219377,20190925,20200124,false,,CN,HKUST SHENZHEN RES INSTITUTE
biomed,69487758,20190925,20200218,false,,CN,HKUST SHENZHEN RES INSTITUTE
biomed,68742130,20190930,20191210,true,|CN|HK,CN|TW|WO,UNIV HONG KONG SCIENCE & TECH
biomed,71070894,20190930,20200618,false,CN,US,UNIV HONG KONG CHINESE
biomed,75283129,20191008,20210409,false,,CN,NAT UNIV SINGAPORE | NUS SUZHOU RES INSTITUTE
biomed,70164137,20191010,20200416,false,CN,WO,UNIV HONG KONG
biomed,75438331,20191011,20210415,true,|SG,CN|SG|WO,NAT UNIV SINGAPORE
biomed,70284799,20191017,20200423,true,|SG,CN|SG|US|WO,NAT UNIV SINGAPORE
biomed,70284800,20191018,20200423,true,|SG,CN|US|WO,NAT UNIV SINGAPORE
biomed,70278876,20191021,20200423,true,|CN|HK,CN|EP|SG|TW|US|WO,UNIV HONG KONG CHINESE
biomed,70327792,20191025,20200430,false,CN,US,UNIV HONG KONG CHINESE
biomed,75541396,20191025,20210427,false,,CN,NAT UNIV SINGAPORE | NUS SUZHOU RES INSTITUTE
biomed,75541417,20191025,20210427,false,,CN,NAT UNIV SINGAPORE | NUS SUZHOU RES INSTITUTE
biomed,70459747,20191031,20200507,false,CN,US,UNIV HONG KONG
biomed,68785989,20191104,20191213,false,,CN,LAI CHEN | PKU HKUST SHENZHEN HONGKONG INST
biomed,68852410,20191104,20191220,false,|CN,CN|US,CHEN LAI | LAI CHEN | PKU HKUST SHENZHEN HONGKONG INST
biomed,69203051,20191104,20200117,false,,CN,LAI CHEN | PKU HKUST SHENZHEN HONGKONG INST
biomed,75849049,20191104,20210514,false,|CN,CN|US|WO,UNIV CITY HONG KONG | UNIV HONG KONG | VERSITECH LTD
biomed,69816446,20191106,20200324,false,,CN,SHENZHEN RESEARCH INSTITUTE THE HONG KONG POLYTECHNIC UNIV
biomed,70517021,20191106,20200512,true,|CN|SG,CN|US,NAT UNIV SINGAPORE | UNIV SHANGHAI JIAOTONG
biomed,75747774,20191107,20210511,false,,CN,SHENZHEN RESEARCH INSTITUTE THE HONG KONG POLYTECHNIC UNIV
biomed,75848589,20191108,20210514,true,|CN|HK|US,CN|EP|US|WO,AVALON BIOMEDICAL MAN LIMITED | LAU JOHNSON YIU NAM | UNIV HONG KONG | VERSITECH LTD
biomed,75849250,20191108,20210514,true,SG,SG|WO,SINGAPORE MANAGEMENT UNIV
biomed,75749753,20191111,20210511,false,,CN,SHENZHEN RESEARCH INSTITUTE THE CHINESE UNIV OF HONG KONG
biomed,75984561,20191112,20210528,false,,CN,HKUST SHENZHEN RES INSTITUTE | UNIV HONG KONG SCIENCE & TECH
biomed,70684386,20191114,20200521,false,|CN,CN|US,UNIV HONG KONG CHINESE
biomed,75980075,20191119,20210527,true,CN|SG|US,WO,NAT UNIV SINGAPORE | UNIV CALIFORNIA | UNIV SHANGHAI JIAOTONG | UNIV TAIPEI MEDICAL
biomed,75906478,20191121,20210521,false,,CN,HKUST SHENZHEN RES INSTITUTE | UNIV HONG KONG SCIENCE & TECH
biomed,75907295,20191121,20210521,false,,CN,THE UNIV OF HONG KONG SHENZHEN HOSPITAL
biomed,75980247,20191121,20210527,false,CN,WO,THE UNIV OF HONG KONG SHENZHEN HOSPITAL
biomed,75922738,20191125,20210525,false,,CN,CITY UNIV OF HONG KONG SHENZHEN RESEARCH INSTITUTE
biomed,70853650,20191126,20200604,false,CN,WO,UNIV HONG KONG SCI & TECH
biomed,75971220,20191126,20210527,false,|CN,CN|US,UNIV HONG KONG CHINESE
biomed,75973584,20191127,20210527,false,|CN,CN|US,SHENZHEN RESEARCH INSTITUTE THE HONG KONG POLYTECHNIC UNIV | THE HONG KONG POLYTECHNIC UNIV SHENZHEN RESEARCH INSTITUTE
biomed,70855377,20191128,20200604,true,|SG,CN|EP|SG|US|WO,NAT UNIV SINGAPORE
biomed,76132742,20191129,20210603,true,|SG,CN|EP|SG|US|WO,NAT UNIV SINGAPORE
biomed,69730732,20191202,20200313,false,,CN,SHENZHEN RESEARCH INSTITUTE THE HONG KONG POLYTECHNIC UNIV
biomed,70975616,20191202,20200611,true,|SG,CN|EP|US|WO,UNIV NANYANG TECH
biomed,70850668,20191204,20200604,true,|HK,CN|US,UNIV HONG KONG
biomed,76380902,20191204,20210622,false,,CN,NAT UNIV SINGAPORE | NUS SUZHOU RES INSTITUTE
biomed,76209085,20191209,20210610,true,HK,US,UNIV CITY HONG KONG
biomed,70034078,20191211,20200407,false,,CN,HKUST SHENZHEN RES INSTITUTE
biomed,76236016,20191211,20210611,true,|HK,CN|US,UNIV CITY HONG KONG
biomed,70396211,20191218,20200501,false,,CN,HKUST SHENZHEN RES INSTITUTE
biomed,76343868,20191218,20210618,false,,CN,NAT UNIV SINGAPORE | NUS SUZHOU RES INSTITUTE
biomed,71099178,20191219,20200625,true,|CN|HK|US,AU|CA|CN|DK|EP|ES|JP|KR|SG|TW|US|WO,CHINESE UNIV OF HONG KONG | GRAIL GMBH | GRAIL INC | GRAIL LLC | UNIV HONG KONG CHINESE
biomed,71102589,20191219,20200625,true,SG|US,EP|US|WO,UNIV MONTANA STATE | UNIV NANYANG TECH | UNIV NOTRE DAME DU LAC
biomed,71102946,20191220,20200625,true,|SG,CN|EP|JP|KR|SG|US|WO,AGENCY FOR SCIENCE TECH & RESEARCH | AGENCY FOR SCIENCE TECH & RESEARCH SINGAPORE | AGENCY SCIENCE TECH & RES | NAT UNIV HOSPITAL SINGAPORE PTE LTD | NAT UNIV SINGAPORE | NATIONAL UNIV HOSPITAL S PTE LTD
biomed,71130186,20191226,20200702,true,|SG,CA|CN|EP|SG|US|WO,AGENCY FOR SCIENCE TECH & RESEARCH SINGAPORE | AGENCY SCIENCE TECH & RES | NAT UNIV SINGAPORE
biomed,71125929,20191227,20200702,true,|CN|HK,CN|GB|TW|US|WO,CHINESE UNIV OF HONG KONG | UNIV HONG KONG CHINESE
biomed,76767489,20191230,20210716,false,,CN,CITY UNIV OF HONG KONG SHENZHEN RESEARCH INSTITUTE
biomed,71840637,20200102,20200806,false,|CN,CN|US|WO,UNIV HONG KONG SCI & TECH | UNIV HONG KONG SCIENCE & TECH
biomed,71404059,20200109,20200709,true,|CN|HK|US,CN|EP|TW|US|WO,EMV ENHANCE HK LTD | LAU JOHNSON YIU NAM | UNIV HONG KONG | VERSITECH LTD
biomed,71521332,20200110,20200716,true,SG,WO,NAT UNIV HOSPITAL SINGAPORE PTE LTD | NAT UNIV SINGAPORE
biomed,71522293,20200110,20200716,true,|SG,CN|US|WO,NAT UNIV SINGAPORE
biomed,71613692,20200110,20200723,false,|CN,CN|WO,UNIV HONG KONG SCI & TECH | UNIV HONG KONG SCIENCE & TECH
biomed,71517407,20200113,20200716,false,|CN,CN|US,UNIV HONG KONG SCI & TECH | UNIV HONG KONG SCIENCE & TECH
biomed,76771235,20200113,20210716,false,,CN,CITY UNIV OF HONG KONG SHENZHEN RESEARCH INSTITUTE
biomed,71614119,20200115,20200723,false,|CN,CN|WO,UNIV HONG KONG SCI & TECH | UNIV HONG KONG SCIENCE & TECH
biomed,77084960,20200117,20210806,false,,CN,HKUST SHENZHEN RES INSTITUTE
biomed,69190770,20200121,20200730,true,|GB|SG,AU|BR|CA|CL|CN|EP|MX|PH|TW|US|WO,CLEGG RICHARD IAN | NAT UNIV SINGAPORE | SINGAPORE HEALTH SERV PTE LTD
biomed,71840881,20200122,20200806,false,|CN,CN|WO,UNIV HONG KONG
biomed,76991958,20200122,20210729,false,CN,WO,FIRST AFFILIATED HOSPITAL OF GUANGZHOU MEDICAL UNIV | SHENZHEN INST OF ADV TECH CAS | THE UNIV OF HONG KONG SHENZHEN HOSPITAL | UNIV BEIJING CHEM TECH
biomed,71848075,20200123,20200807,false,|CN,CN|US,UNIV HONG KONG CHINESE
biomed,76881967,20200123,20210723,false,,CN,NAT UNIV SINGAPORE | NUS SUZHOU RES INSTITUTE
biomed,71737451,20200124,20200730,true,SG,WO,NAT UNIV SINGAPORE
biomed,71842479,20200129,20200806,true,|SG,CN|EP|SG|US|WO,TAN TOCK SENG HOSPITAL | TAN TOCK SENG HOSPITAL PTE LTD | UNIV NANYANG TECH
biomed,71841387,20200130,20200806,true,|SG,CN|EP|JP|SG|US|WO,NAT UNIV HOSPITAL SINGAPORE PTE LTD | NAT UNIV SINGAPORE | NATIONAL UNIV HOSPITAL (SINGAPORE) PTE LTD
biomed,71841398,20200130,20200806,true,|SG,CN|EP|KR|SG|US|WO,NAT UNIV SINGAPORE
biomed,71841288,20200131,20200806,true,CN|HK|US,US|WO,CHILDREN'S HOSPITAL MEDICAL CENTER | CHILDRENS HOSPITAL MED CT | UNIV HONG KONG
biomed,71842477,20200131,20200806,true,SG,US|WO,UNIV NANYANG TECH
biomed,72041178,20200205,20200820,false,CN,US,UNIV HONG KONG CHINESE
biomed,77085468,20200205,20210806,false,,CN,NAT UNIV SINGAPORE | NUS SUZHOU RES INSTITUTE
biomed,71947485,20200207,20200813,true,SG,EP|SG|US|WO,NAT UNIV SINGAPORE
biomed,71947487,20200210,20200813,true,SG,AU|EP|SG|US|WO,UNIV NANYANG TECH
biomed,72045105,20200210,20200820,false,|CN,CN|WO,UNIV HONG KONG SCI & TECH | UNIV HONG KONG SCIENCE & TECH
biomed,72045666,20200211,20200820,true,|SG,CN|EP|SG|US|WO,NAT UNIV SINGAPORE | SINGAPORE HEALTH SERV PTE LTD
biomed,72045673,20200211,20200820,true,|SG,CN|EP|KR|US|WO,SINGAPORE HEALTH SERV PTE LTD | UNIV SINGAPORE TECHNOLOGY & DESIGN
biomed,74921054,20200214,20210312,false,,CN,NAT UNIV SINGAPORE
biomed,77391109,20200220,20210826,true,SG,EP|SG|WO,NAT UNIV SINGAPORE
biomed,69742851,20200227,20200902,true,|SG,CN|EP|JP|SG|US,AGENCY FOR SCIENCE TECH & RESEARCH | AGENCY SCIENCE TECH & RES | NAT UNIV HOSPITAL SINGAPORE PTE LTD | NAT UNIV SINGAPORE | SINGAPORE HEALTH SERV PTE LTD
biomed,72338790,20200227,20200910,true,|SG,AU|CN|EP|SG|US|WO,NAT UNIV SINGAPORE
biomed,77490932,20200227,20210902,false,CN,WO,UNIV HONG KONG CHINESE
biomed,75597106,20200302,20210430,false,,CN,UNIV HONG KONG SCIENCE & TECH
biomed,77523083,20200302,20210907,false,,CN,HKUST SHENZHEN RES INSTITUTE
biomed,72338774,20200305,20200910,true,SG,WO,UNIV SINGAPORE TECHNOLOGY & DESIGN
biomed,72338778,20200305,20200910,true,SG,WO,UNIV SINGAPORE TECHNOLOGY & DESIGN
biomed,72338785,20200305,20200910,true,SG,WO,SINGAPORE HEALTH SERV PTE LTD | UNIV NANYANG TECH
biomed,72425930,20200309,20200917,true,SG,WO,UNIV SINGAPORE TECHNOLOGY & DESIGN
biomed,72427706,20200310,20200917,false,|CN,CN|US|WO,UNIV HONG KONG CHINESE
biomed,72427770,20200312,20200917,false,|CN,CN|WO,UNIV HONG KONG SCI & TECH | UNIV HONG KONG SCIENCE & TECH
biomed,77671146,20200312,20210916,false,|CN,CN|US|WO,UNIV HONG KONG
biomed,72425920,20200313,20200917,true,|SG,AU|CN|EP|TW|US|WO,NAT UNIV HOSPITAL SINGAPORE PTE LTD | NAT UNIV SINGAPORE
biomed,71019229,20200317,20200616,false,,CN,HKUST SHENZHEN RES INSTITUTE
biomed,77677066,20200317,20210917,false,,CN,SHENZHEN RESEARCH INSTITUTE THE HONG KONG POLYTECHNIC UNIV
biomed,71549615,20200318,20200717,false,,CN,SHENZHEN INSTITUTE OF ARTIFICIAL INTELLIGENCE AND ROBOTICS FOR SOC | UNIV CHINESE HONG KONG SHENZHEN
biomed,77892790,20200323,20210930,true,SG|US,SG|US|WO,NAT UNIV SINGAPORE | UNIV NORTHWESTERN
biomed,72609607,20200325,20201001,true,|CN|HK|US,AU|CA|CN|EP|ES|TW|US|WO,GRAIL INC | GRAIL LLC | UNIV HONG KONG CHINESE
biomed,77856282,20200326,20210930,true,HK,US,UNIV HONG KONG
biomed,72608496,20200327,20201001,false,|CN,CN|EP|US|WO,UNIV HONG KONG CHINESE
biomed,72667615,20200327,20201008,false,|CN,CN|EP|US|WO,UNIV HONG KONG
biomed,71174851,20200330,20200626,false,|CN,CN|WO,UNIV HONG KONG SCIENCE & TECH
biomed,72667482,20200330,20201008,true,|SG,CN|EP|SG|US|WO,AGENCY FOR SCIENCE TECH & RESEARCH SINGAPORE | AGENCY SCIENCE TECH & RES | NAT UNIV SINGAPORE
biomed,72667484,20200330,20201008,true,|SG,AU|CA|CN|EP|US|WO,UNIV NANYANG TECH
biomed,72667495,20200402,20201008,true,|SG,AU|CA|CN|EP|KR|SG|US|WO,NAT UNIV SINGAPORE | SINGASIAN SLOPE NATIONAL UNIV
biomed,77921492,20200403,20211007,true,HK,US,UNIV CITY HONG KONG
biomed,71608544,20200408,20200723,false,CN,US,UNIV HONG KONG SCI & TECH | UNIV HONG KONG SCIENCE & TECH
biomed,72752216,20200408,20201015,true,|SG,CN|EP|JP|SG|US|WO,NAT UNIV SINGAPORE | SINGASIAN SLOPE NATIONAL UNIV
biomed,72750954,20200409,20201015,true,|CN|HK,CN|EP|US|WO,UNIV HONG KONG
biomed,72751951,20200409,20201015,true,SG,EP|SG|US|WO,NAT UNIV SINGAPORE
biomed,74869356,20200409,20210318,false,CN,US,UNIV HONG KONG BAPTIST UNIV
biomed,72750751,20200410,20201015,false,|CN|US,CN|US|WO,MICROLINE SURGICAL INC | RETRACTION LTD | UNIV HONG KONG CHINESE
biomed,72750918,20200410,20201015,false,CN,US|WO,UNIV HONG KONG CHINESE
biomed,72838031,20200414,20201022,true,CN|HK,US|WO,UNIV HONG KONG
biomed,71733143,20200415,20200730,true,SG,US,NAT UNIV HOSPITAL SINGAPORE PTE LTD | NAT UNIV SINGAPORE
biomed,72837032,20200415,20201022,true,|CN|HK,CN|EP|US|WO,UNIV HONG KONG CHINESE
biomed,78120134,20200415,20211022,false,,CN,UNIV HONG KONG CHINESE
biomed,47217514,20200416,20200730,true,SG,US,UNIV NANYANG TECH
biomed,72838441,20200417,20201022,true,SG,AU|EP|SG|US|WO,NAT UNIV SINGAPORE
biomed,78123822,20200421,20211022,false,|CN,CN|WO,SHENZHEN RESEARCH INSTITUTE THE HONG KONG POLYTECHNIC UNIV | THE HONG KONG POLYTECHNIC UNIV SHENZHEN RESEARCH INSTITUTE SHENZHEN CHINA
biomed,72940862,20200424,20201029,false,CN,EP|US|WO,UNIV HONG KONG CHINESE
biomed,73357971,20200424,20201120,false,,CN,UNIV HONG KONG SCIENCE & TECH
biomed,78414825,20200424,20211112,false,,CN,UNIV HONG KONG POLYTECHNIC
biomed,72476681,20200426,20200922,false,,CN,SHENZHEN INSTITUTE OF ARTIFICIAL INTELLIGENCE AND ROBOTICS FOR SOC | UNIV CHINESE HONG KONG SHENZHEN
biomed,72940648,20200427,20201029,true,SG|US,US|WO,UNIV NANYANG TECH | UNIV NORTHWESTERN
biomed,73017869,20200430,20201103,false,|CN,CN|US,UNIV HONG KONG SCI & TECH | UNIV HONG KONG SCIENCE & TECH
biomed,73029665,20200430,20201105,false,CN,US|WO,UNIV CITY HONG KONG
biomed,78237045,20200430,20211102,true,|HK,CN|US,CITY UNIV OF HONG KONG SHENZHEN RESEARCH INSTITUTE | UNIV CITY HONG KONG
biomed,73051262,20200501,20201112,true,|GB|SG,AU|BR|CA|CL|CN|EP|KR|MX|PH|TW|US|WO,CLEGG RICHARD IAN | COOK STUART ALEXANDER | NAT UNIV SINGAPORE | SCHAEFER SEBASTIAN | SINGAPORE HEALTH CARE SERVICE PRIVATE LTD COMPANY | SINGAPORE HEALTH SERV PTE LTD | SINGASIAN SLOPE NATIONAL UNIV | SINGH BRIJESH KUMAR | WIDJAJA ANISSA
biomed,74102899,20200501,20210114,false,CN,US,UNIV HONG KONG
biomed,73051360,20200506,20201112,true,|SG,CN|EP|KR|SG|US|WO,UNIV NANYANG TECH
biomed,66625892,20200507,20201112,true,|FR|SG,AU|CA|CN|EP|SG|US|WO,NAT UNIV SINGAPORE | ROQUETTE FRERES
biomed,73290358,20200508,20201119,true,SG,WO,KIKKOMAN SINGAPORE R&D LABORATORY PTE LTD | NAT UNIV SINGAPORE
biomed,73051418,20200509,20201112,true,|CN|HK,CN|EP|US|WO,UNIV HONG KONG
biomed,73046053,20200511,20201112,true,|CN|HK,AU|BR|CA|CN|EP|GB|IL|KR|MX|MY|NZ|PH|SG|TW|US|WO,CHINESE UNIV OF HONG KONG | UNIV HONG KONG CHINESE
biomed,72847682,20200512,20201023,false,,CN,UNIV HONG KONG POLYTECHNIC
biomed,78476799,20200512,20211116,false,,CN,CITY UNIV OF HONG KONG SHENZHEN RESEARCH INSTITUTE
biomed,73289804,20200513,20201119,false,|CN,CN|US|WO,HONG KONG CHINESE UNIV | UNIV HONG KONG CHINESE
biomed,73290352,20200513,20201119,true,SG,WO,NAT UNIV SINGAPORE
biomed,75750075,20200513,20210511,false,|CN,CN|US,UNIV HONG KONG CHINESE
biomed,73290350,20200515,20201119,true,|SG,AU|CN|EP|KR|US|WO,ASPEX OF BIODYNAMICS PTE LTD | ASPEX OF DESIGN PTE LTD | ASPID BIOPOWER PRIVATE LTD | NAT UNIV SINGAPORE
biomed,73290354,20200515,20201119,true,SG,AU|EP|SG|US|WO,NAT UNIV SINGAPORE
biomed,71672357,20200518,20200728,false,,CN,SHENZHEN PKU HKUST MEDICAL CENTER | UNIV PEKING SHENZHEN HOSPITAL
biomed,73552993,20200519,20201203,true,SG|US,WO,AGENCY SCIENCE TECH & RES | BRIGHAM & WOMENS HOSPITAL | NAT UNIV SINGAPORE
biomed,78718219,20200519,20211125,true,SG,EP|SG|TW|WO,NAT UNIV SINGAPORE
biomed,78718222,20200519,20211125,true,SG,EP|SG|TW|US|WO,NAT UNIV SINGAPORE
biomed,78645626,20200520,20211126,false,,CN,SHENZHEN RESEARCH INSTITUTE THE HONG KONG POLYTECHNIC UNIV
biomed,70922109,20200522,20201203,true,|SG,CN|EP|SG|US|WO,NAT UNIV SINGAPORE | SINGASIAN SLOPE NATIONAL UNIV
biomed,73507003,20200522,20201201,false,|CN,CN|US,HONG KONG UNIV OF SCIENCE & TECHNOLOGY | UNIV HONG KONG SCI & TECH | UNIV HONG KONG SCIENCE & TECH
biomed,73552991,20200522,20201203,true,SG,WO,NAT UNIV SINGAPORE
biomed,73552481,20200528,20201203,false,|CN,CN|WO,UNIV HONG KONG SCI & TECH | UNIV HONG KONG SCIENCE & TECH
biomed,78707383,20200528,20211202,false,CN,US,UNIV HONG KONG CHINESE
biomed,73552996,20200529,20201203,true,SG,US|WO,UNIV NANYANG TECH
biomed,73553504,20200529,20201203,false,|CN,CN|US|WO,UNIV HONG KONG POLYTECHNIC
biomed,71763781,20200603,20200731,false,,CN,UNIV HONG KONG POLYTECHNIC
biomed,73579686,20200603,20201204,false,|CN,CN|US,UNIV HONG KONG CHINESE
biomed,72566383,20200610,20200929,false,,CN,THE UNIV OF HONG KONG SHENZHEN HOSPITAL
biomed,78834832,20200610,20211210,false,,CN,CITY UNIV OF HONG KONG SHENZHEN RESEARCH INSTITUTE
biomed,72125677,20200611,20200825,false,,CN,UNIV HONG KONG BAPTIST UNIV | UNIV PEKING SHENZHEN GRADUATE SCHOOL
biomed,73782269,20200612,20201217,true,SG,US|WO,UNIV NANYANG TECH
biomed,73750434,20200615,20201218,false,,CN,UNIV HONG KONG SCIENCE & TECH
biomed,75338626,20200615,20210408,true,|CH|SG,CN|GB|US|WO,ETH Z ¨ 1 RICH | ETH ZUERICH | NAT UNIV SINGAPORE
biomed,71838326,20200618,20200805,true,|GB|SG,GB|US|WO,CLEGG RICHARD IAN | NAT UNIV SINGAPORE | SINGAPORE HEALTH SERV PTE LTD
biomed,74040658,20200618,20201224,false,|CN,CN|WO,UNIV HONG KONG SCI & TECH | UNIV HONG KONG SCIENCE & TECH
biomed,74040939,20200619,20201224,true,|SG,CN|EP|SG|US|WO,NAT UNIV SINGAPORE
biomed,79023157,20200619,20211223,true,HK,US,UNIV CITY HONG KONG
biomed,74040942,20200622,20201224,true,SG,US|WO,SINGAPORE HEALTH SERV PTE LTD | UNIV SINGAPORE TECHNOLOGY & DESIGN
biomed,74040943,20200622,20201224,true,SG,WO,SINGAPORE HEALTH SERV PTE LTD | UNIV SINGAPORE TECHNOLOGY & DESIGN
biomed,83901980,20200622,20221110,true,SG,US,SINGAPORE HEALTH SERV PTE LTD | UNIV SINGAPORE TECHNOLOGY & DESIGN
biomed,74060450,20200623,20201230,false,|CN,CN|US|WO,HONG KONG CHINESE UNIV | HONG KONG SCIENCE AND ENGINEERING UNIV | UNIV HONG KONG CHINESE | UNIV HONG KONG POLYTECHNIC
biomed,73850544,20200624,20201225,false,,CN,UNIV HONG KONG POLYTECHNIC
biomed,74062095,20200625,20201230,true,|SG,CN|EP|US|WO,NAT UNIV SINGAPORE
biomed,74062097,20200625,20201230,true,|SG,EP|ES|US|WO,UNIV NANYANG TECH
biomed,74115342,20200625,20210114,true,|SG,CN|EP|US|WO,NAT UNIV SINGAPORE
biomed,78972087,20200628,20211228,false,|CN,CN|US,UNIV HONG KONG CHINESE
biomed,79273039,20200629,20220114,false,,CN,UNIV HONG KONG
biomed,72723462,20200702,20201013,false,,CN,UNIV HONG KONG SCIENCE & TECH | UNIV SHENZHEN
biomed,74058773,20200707,20210112,false,,CN,UNIV HONG KONG SCIENCE & TECH
biomed,71670388,20200708,20210114,true,|SG,BR|CA|CN|EP|MX|US|WO,NAT UNIV SINGAPORE | SINGASIAN SLOPE NATIONAL UNIV
biomed,74115348,20200709,20210114,true,|SG,CN|US|WO,UNIV NANYANG TECH
biomed,74114955,20200710,20210114,false,|CN,CN|EP|US|WO,HONG KONG UNIV | UNIV HONG KONG
biomed,72899877,20200713,20201027,false,,CN,THE UNIV OF HONG KONG SHENZHEN HOSPITAL
biomed,79172109,20200713,20220113,true,HK,US,UNIV CITY HONG KONG
biomed,79273818,20200714,20220114,false,,CN,UNIV HONG KONG
biomed,74210274,20200715,20210121,true,|SG,AU|CA|CN|EP|US|WO,NAT UNIV SINGAPORE | SINGASIAN SLOPE NATIONAL UNIV
biomed,74211317,20200715,20210121,true,|SG|US,CN|EP|US|WO,BASSRAEL FEMALE AFFAIR HANDLING MEDICAL CENTER LTD COMPANY | BETH ISRAEL DEACONESS MEDICAL CT INC | NAT UNIV SINGAPORE | SINGASIAN SLOPE NATIONAL UNIV
biomed,79459348,20200717,20220120,false,|CN,AU|CN|GB|US|WO,CHINESE UNIV OF HONG KONG | UNIV HONG KONG CHINESE
biomed,74189969,20200721,20210128,false,|CN,CN|US,UNIV HONG KONG CHINESE
biomed,79728806,20200722,20220127,true,|SG,CN|EP|GB|US|WO,ADVANCED OPHTHALMIC INNOVATIONS PTE LTD | NAT UNIV HOSPITAL SINGAPORE PTE LTD | SHINZE OPHTHALMIC INNOVATIONS LTD
biomed,72290786,20200724,20201124,true,|SG,BR|CN|DE|EP|KR|SG|US|WO,NAT UNIV SINGAPORE | SINGASIAN SLOPE NATIONAL UNIV
biomed,74193134,20200724,20210128,false,|CN,CN|WO,UNIV HONG KONG SCI & TECH | UNIV HONG KONG SCIENCE & TECH
biomed,74483159,20200724,20210202,false,,CN,UNIV HONG KONG SCIENCE & TECH
biomed,79687592,20200724,20220127,true,HK,US,6J BIOTECHNOLOGY HONG KONG LTD | 6J BIOTECHNOLOGY LTD | UNIV CITY HONG KONG
biomed,74230856,20200727,20210204,true,SG,WO,NAT UNIV SINGAPORE
biomed,74682394,20200728,20210304,false,|CN,CN|US,UNIV HONG KONG SCI & TECH | UNIV HONG KONG SCIENCE & TECH
biomed,72863357,20200730,20201023,false,,CN,THE UNIV OF HONG KONG SHENZHEN HOSPITAL
biomed,74504304,20200730,20210211,true,SG,EP|KR|WO,UNIV NANYANG TECH
biomed,74503304,20200731,20210211,false,|CN,CN|US|WO,UNIV HONG KONG SCI & TECH | UNIV HONG KONG SCIENCE & TECH
biomed,80119245,20200803,20220210,false,CN,WO,SHENZHEN INST ADV TECH | UNIV CITY HONG KONG
biomed,80231623,20200803,20220218,false,,CN,SHENZHEN INST ADV TECH | UNIV CITY HONG KONG
biomed,72050725,20200811,20210217,true,|CN|HK,CN|EP|US,UNIV HONG KONG CHINESE
biomed,75358332,20200811,20210325,false,|CN,CN|EP|US|WO,HONG KONG SCIENCE AND TECHNOLOGY UNIV | THE HONG KONG UNIVERSITY OF SCIENCE AND TECHNOLOGY | UNIV HONG KONG SCIENCE & TECH
biomed,80224596,20200813,20220217,false,|CN,CN|US|WO,UNIV HONG KONG CHINESE
biomed,74567577,20200817,20210218,true,|CN|HK,AU|BR|CA|CN|DK|EP|ES|GB|IL|JP|KR|MX|NZ|PH|SG|TW|US|WO|ZA,CHINESE UNIV OF HONG KONG | UNIV HONG KONG CHINESE
biomed,73359463,20200821,20201117,false,,CN,UNIV HONG KONG POLYTECHNIC
biomed,74645290,20200821,20210225,true,|HK,CN|US,UNIV HONG KONG SCI & TECH | UNIV HONG KONG SCIENCE & TECH
biomed,74647544,20200821,20210225,false,|CN,CN|US,CHINA OCEAN MINERAL RESOURCES R&D ASS | CHINA OCEAN MINERAL RESOURCES R&D ASS COMRA | UNIV HONG KONG SCI & TECH | UNIV HONG KONG SCIENCE & TECH
biomed,74660765,20200821,20210225,true,|SG,CN|EP|KR|US|WO,NAT UNIV SINGAPORE | SINGASIAN SLOPE NATIONAL UNIV
biomed,74684207,20200821,20210304,true,|CN|HK,CN|US|WO,HONG KONG UNIV | UNIV HONG KONG
biomed,74682082,20200825,20210304,true,|CN|HK,CN|EP|US|WO,HONG KONG SOAKING UNIV | UNIV HONG KONG BAPTIST UNIV
biomed,74684531,20200825,20210304,false,|CN,CN|US|WO,HONG KONG NEURODETIC CENTER LTD | HONG KONG SCIENCE AND TECHNOLOGY UNIV | UNIV HONG KONG SCI & TECH | UNIV HONG KONG SCIENCE & TECH
biomed,74685185,20200825,20210304,false,|CN,CN|US|WO,HONG KONG CHINESE UNIV | UNIV HONG KONG CHINESE
biomed,73887653,20200827,20201229,false,,CN,CITY UNIV OF HONG KONG SHENZHEN RESEARCH INSTITUTE | SEISMOLOGICAL BUREAU OF GUANGDONG PROVINCE
biomed,74683426,20200828,20210304,true,IN|SG|US,CA|EP|US|WO,BRIGHAM & WOMENS HOSPITAL INC | INDIAN INSTITUTE OF CHEMICAL TECH | NAT UNIV SINGAPORE | THE BRIGHAM AND WOMEN’S HOSPITAL INC
biomed,75538312,20200831,20210422,true,|CN|HK,CN|EP|US|WO,HONG KONG UNIV | UNIV HONG KONG
biomed,74853462,20200901,20210311,true,|SG,CN|US|WO,TAN TOCK SENG HOSPITAL PTE LTD | UNIV NANYANG TECH
biomed,80644229,20200902,20220318,false,,CN,HONG KONG CITY UNIV SHENZHEN RESEARCH INSTITUTE
biomed,80644541,20200902,20220318,false,,CN,HONG KONG SCIENCE AND TECHNOLOGY UNIV SHENZHEN RESEARCH INSTITUTE
biomed,80438496,20200903,20220304,false,,CN,HONG KONG SCIENCE AND TECHNOLOGY UNIV SHENZHEN RESEARCH INSTITUTE
biomed,74853205,20200904,20210311,false,CN,WO,6J BIOTECHNOLOGY HONG KONG LTD | UNIV CITY HONG KONG
biomed,84194662,20200904,20221201,true,HK,US,6J BIOTECHNOLOGY HONG KONG LTD | UNIV CITY HONG KONG
biomed,74883920,20200907,20210325,false,|CN,CN|US|WO,HONG KONG UNIV | UNIV HONG KONG
biomed,80460773,20200907,20220308,false,,CN,HONG KONG CITY UNIV SHENZHEN RESEARCH INSTITUTE
biomed,74117281,20200911,20210115,false,,CN,HKUST SHENZHEN RES INSTITUTE
biomed,73611544,20200914,20201208,false,,CN,THE UNIV OF HONG KONG SHENZHEN HOSPITAL
biomed,74884314,20200916,20210325,false,|CN,CN|US|WO,HONG KONG SCIENCE AND ENGINEERING UNIV | UNIV HONG KONG POLYTECHNIC
biomed,73842369,20200922,20201225,false,,CN,SHENZHEN INSTITUTE OF ARTIFICIAL INTELLIGENCE AND ROBOTICS FOR SOC | UNIV CHINESE HONG KONG SHENZHEN
biomed,73897714,20200922,20201229,false,,CN,SHENZHEN INSTITUTE OF ARTIFICIAL INTELLIGENCE AND ROBOTICS FOR SOC | UNIV CHINESE HONG KONG SHENZHEN
biomed,74349444,20200922,20210126,false,,CN,SHENZHEN INSTITUTE OF ARTIFICIAL INTELLIGENCE AND ROBOTICS FOR SOC | UNIV CHINESE HONG KONG SHENZHEN
biomed,80789578,20200922,20220329,false,,CN,HONG KONG SCIENCE AND TECHNOLOGY UNIV
biomed,73860970,20200930,20210101,false,,CN,1ST AFFILIATED HOSPITAL SUN YAT SEN UNIV | UNIV HONG KONG CHINESE
biomed,75338631,20200930,20210408,true,SG,WO,UNIV NANYANG TECH
biomed,52587058,20201001,20210304,true,SG,US,INST OF TECHNICAL EDUCATION | INVIVO MEDICAL PTE LTD | NAT UNIV HOSPITAL SINGAPORE PTE LTD | NAT UNIV SINGAPORE
biomed,72811742,20201002,20210415,false,|CN,CN|EP|US,UNIV HONG KONG CHINESE
biomed,75338635,20201002,20210408,true,SG|US,US|WO,MASSACHUSETTS INST TECHNOLOGY | NAT UNIV SINGAPORE
biomed,80931177,20201006,20220407,true,HK,US,UNIV CITY HONG KONG
biomed,79023139,20201007,20211223,false,CN,US,UNIV HONG KONG CHINESE
biomed,81125949,20201007,20220414,true,SG,US|WO,AGENCY SCIENCE TECH & RES | NAT UNIV SINGAPORE
biomed,75224686,20201009,20210406,false,,CN,UNIV HONG KONG CHINESE
biomed,75382735,20201009,20210415,false,CN,US,UNIV HONG KONG SCIENCE & TECH
biomed,73798060,20201010,20201222,false,,CN,SHENZHEN PKU HKUST MEDICAL CENTER | UNIV PEKING SHENZHEN HOSPITAL
biomed,81032475,20201010,20220412,false,|CN,CN|WO,HONG KONG SCIENCE AND TECHNOLOGY UNIV | UNIV HONG KONG SCIENCE & TECH
biomed,74882208,20201012,20210325,false,CN,US,UNIV HONG KONG POLYTECHNIC
biomed,75437440,20201012,20210415,true,|SG,AU|CA|CN|EP|KR|MY|US|WO,NAT UNIV SINGAPORE | SINGASIAN SLOPE NATIONAL UNIV
biomed,75437554,20201012,20210415,true,|SG,AU|CA|CN|EP|KR|MY|US|WO,NAT UNIV SINGAPORE | SINGASIAN SLOPE NATIONAL UNIV
biomed,75437555,20201012,20210415,true,|SG,AU|CA|CN|EP|KR|MY|US|WO,NAT UNIV SINGAPORE | SINGASIAN SLOPE NATIONAL UNIV
biomed,81137781,20201014,20220419,false,,CN,HONG KONG SCIENCE AND TECHNOLOGY UNIV
biomed,81184886,20201015,20220421,false,CN,US|WO,UNIV HONG KONG POLYTECHNIC
biomed,75538030,20201016,20210422,true,|SG,CA|CN|KR|US|WO,NAT UNIV SINGAPORE
biomed,75538307,20201016,20210422,true,SG,AU|EP|US|WO,KYAN TECH PTE LTD | KYAN THERAPEUTICS | NAT UNIV HOSPITAL SINGAPORE PTE LTD | NAT UNIV SINGAPORE
biomed,75538321,20201019,20210422,true,SG,US|WO,UNIV NANYANG TECH
biomed,75585670,20201022,20210429,true,CN|HK,TW|US,UNIV HONG KONG CHINESE
biomed,75620678,20201022,20210429,true,|SG,CN|US|WO,NAT UNIV SINGAPORE | SINGASIAN SLOPE NATIONAL UNIV
biomed,75620909,20201023,20210429,true,SG,WO,NAT UNIV SINGAPORE | UNIV SINGAPORE TECHNOLOGY & DESIGN
biomed,75541839,20201026,20210427,false,|CN,CN|US,UNIV HONG KONG CHINESE
biomed,70480323,20201028,20210506,true,IT|SG|US,EP|US|WO,BETH ISRAEL DEACONESS MEDICAL CT INC | CONSIGLIO NAZIONALE RICERCHE | NAT UNIV SINGAPORE
biomed,81260654,20201028,20220429,false,,CN,HONG KONG CHINESE UNIV
biomed,81309666,20201029,20220503,false,|CN,CN|US,HONG KONG SCIENCE AND ENGINEERING UNIV | UNIV HONG KONG POLYTECHNIC
biomed,73776540,20201030,20201216,true,|GB|SG,AU|CA|CN|EP|GB|KR|US|WO,CLEGG RICHARD | NAT UNIV SINGAPORE | SINGAPORE HEALTH SERV PTE LTD
biomed,81357768,20201030,20220506,false,,CN,HONG KONG SCIENCE AND TECHNOLOGY UNIV
biomed,81380473,20201030,20220301,true,HK|TW,TW|US,UNIV CITY HONG KONG | UNIV NAT TSING HUA
biomed,81384482,20201030,20220505,true,|SG,AU|CA|CN|EP|KR|TW|US|WO,NAT UNIV SINGAPORE
biomed,73955158,20201102,20201229,false,,CN,SHENZHEN PKU HKUST MEDICAL CENTER | UNIV PEKING SHENZHEN HOSPITAL
biomed,74334227,20201102,20210202,false,,CN,SHENZHEN PKU HKUST MEDICAL CENTER | UNIV PEKING SHENZHEN HOSPITAL
biomed,81361781,20201105,20220506,false,,CN,HONG KONG CITY UNIV SHENZHEN RESEARCH INSTITUTE
biomed,75846609,20201106,20210513,true,HK,US,UNIV HONG KONG BAPTIST UNIV
biomed,75912282,20201109,20210520,true,|SG,CN|US|WO,NAT UNIV SINGAPORE
biomed,75912845,20201112,20210520,true,SG|US,US|WO,NAT UNIV SINGAPORE | UNIV CALIFORNIA | UNIV NANYANG TECH
biomed,75981746,20201112,20210527,true,SG,WO,NAT UNIV SINGAPORE
biomed,75911264,20201113,20210520,true,AU|FR|SG,AU|EP|US|WO,NAT UNIV SINGAPORE | UNIV MONASH | UNIV NANTES
biomed,76132752,20201117,20210603,true,|SG,CN|US|WO,NAT UNIV SINGAPORE
biomed,76132753,20201118,20210603,true,SG,EP|WO,UNIV NANYANG TECH
biomed,75981751,20201120,20210527,true,|SG,AU|CA|CN|EP|KR|US|WO,NAT UNIV SINGAPORE
biomed,76129153,20201123,20210603,false,|CN|US,CN|EP|US|WO,SHEN FANGFANG | UNIV HONG KONG | UNIV WESTLAKE | YANG DAN
biomed,76132741,20201125,20210603,true,SG,WO,NAT UNIV SINGAPORE
biomed,81658741,20201125,20220526,false,CN,US,UNIV HONG KONG SCIENCE & TECH
biomed,76132738,20201126,20210603,true,|SG,CN|WO,UNIV NANYANG TECH
biomed,76132739,20201126,20210603,true,|SG,CA|CN|US|WO,AGENCY SCIENCE TECH & RES | UNIV NANYANG TECH
biomed,76132746,20201126,20210603,true,|SG,CN|KR|US|WO,NAT UNIV SINGAPORE
biomed,76129166,20201127,20210603,false,|CN,CN|US|WO,UNIV HONG KONG
biomed,76132740,20201127,20210603,true,SG,EP|SG|US|WO,KLASS ENG & SOLUTIONS PTE LTD | UNIV NANYANG TECH
biomed,76132748,20201127,20210603,true,SG,WO,NAT UNIV SINGAPORE
biomed,76132749,20201127,20210603,true,SG,EP|WO,AGENCY SCIENCE TECH & RES | NAT UNIV SINGAPORE
biomed,76132750,20201127,20210603,true,SG,US|WO,NAT UNIV SINGAPORE
biomed,74309337,20201130,20210205,true,|CN|SG,CN|WO,INST CHEMISTRY CAS | NAT UNIV SINGAPORE
biomed,76330779,20201130,20210617,true,SG,US|WO,NAT UNIV SINGAPORE
biomed,76209468,20201201,20210610,false,CN,US,UNIV CITY HONG KONG | UNIV HONG KONG
biomed,76092238,20201202,20210603,false,|CN,CN|EP|US|WO,UNIV HONG KONG CHINESE | UNIV HONG KONG POLYTECHNIC
biomed,76222720,20201202,20210610,true,|SG,AU|CN|EP|KR|US|WO,NAT UNIV SINGAPORE
biomed,76222722,20201204,20210610,true,SG,TW|US|WO,NAT UNIV SINGAPORE
biomed,77524487,20201204,20210907,false,,CN,UNIV HONG KONG
biomed,76222726,20201207,20210610,true,|SG,AU|CN|EP|KR|US|WO,UNIV NANYANG TECH
biomed,76330788,20201209,20210617,true,SG,US|WO,LOMANTO DAVIDE | NAT UNIV HOSPITAL SINGAPORE PTE LTD | UNIV NANYANG TECH
biomed,76330785,20201210,20210617,true,SG|US,US|WO,UNIV SINGAPORE TECHNOLOGY & DESIGN
biomed,76329614,20201211,20210617,true,|CN|HK,CN|EP|US|WO,UNIV HONG KONG
biomed,74973037,20201214,20210316,false,,CN,HKUST SHENZHEN RES INSTITUTE
biomed,76478858,20201215,20210624,true,SG,US|WO,NAT UNIV SINGAPORE
biomed,75001064,20201217,20210319,false,,CN,UNIV HONG KONG SCIENCE & TECH
biomed,76478854,20201217,20210624,true,SG,US|WO,UNIV NANYANG TECH
biomed,76439147,20201218,20210624,true,|CN|HK|US,AU|CA|CN|EP|US|WO,GRAIL GMBH | GRAIL INC | UNIV HONG KONG CHINESE
biomed,76477957,20201218,20210624,true,SG,EP|US|WO,AGENCY SCIENCE TECH & RES | NAT UNIV SINGAPORE | SINGAPORE HEALTH SERV PTE LTD
biomed,76478482,20201218,20210624,false,CN,WO,UNIV HONG KONG
biomed,79586278,20201221,20220125,true,|HK,CN|US,UNIV CITY HONG KONG
biomed,76572820,20201223,20210701,true,AU|CN|HK,AU|US|WO,CHEN BERNARD | GERARD JEAN MARC | N VADIVELU ARVIND KUMAR | UNIV HONG KONG POLYTECHNIC | UNIV MELBOURNE
biomed,74782621,20201225,20210226,false,,CN,JOINT SHANTOU INTERNATIONAL EYE CENTER OF SHANTOU UNIV AND THE CHINESE UNIV OF HONG KONG
biomed,75511375,20201228,20210423,false,,CN,SHENZHEN INSTITUTE OF ARTIFICIAL INTELLIGENCE AND ROBOTICS FOR SOC | UNIV CHINESE HONG KONG SHENZHEN
biomed,76689736,20201228,20210708,true,|SG,AU|CN|EP|US|WO,NAT UNIV SINGAPORE | SINGAPORE HEALTH SERV PTE LTD
biomed,82129596,20201228,20220701,false,,CN,HONG KONG CHINESE UNIV
biomed,75607605,20201229,20210430,false,,CN,NAT RES CT REHABILITATION TECHNICAL AIDS | SHENZHEN RESEARCH INSTITUTE THE HONG KONG POLYTECHNIC UNIV
biomed,75646713,20201229,20210504,false,,CN,UNIV CHINESE HONG KONG SHENZHEN
biomed,76788437,20210107,20210715,true,|CN|HK|US,AU|CA|CN|EP|US|WO,GRAIL GMBH | GRAIL INC | UNIV HONG KONG CHINESE
biomed,76788903,20210108,20210715,true,|SG,CN|EP|US|WO,AGENCY SCIENCE TECH & RES | NAT UNIV SINGAPORE
biomed,76788100,20210111,20210715,false,|CN,CN|EP|US|WO,UNIV HONG KONG
biomed,76788907,20210111,20210715,true,SG,US|WO,UNIV NANYANG TECH
biomed,76045168,20210112,20210601,false,,CN,UNIV HONG KONG POLYTECHNIC
biomed,82322755,20210112,20220714,true,|SG|US,CN|EP|KR|US|WO,APPLIED MATERIALS INC | NAT UNIV SINGAPORE
biomed,82364031,20210112,20220719,false,,CN,CITY UNIV OF HONG KONG SHENZHEN RESEARCH INSTITUTE
biomed,76863658,20210113,20210722,false,|CN,CN|EP|US|WO,UNIV HONG KONG SCIENCE & TECH
biomed,82406761,20210115,20220721,false,CN,US,UNIV HONG KONG CHINESE
biomed,75592158,20210118,20210430,false,,CN,SHENZHEN PKU HKUST MEDICAL CENTER | UNIV PEKING SHENZHEN HOSPITAL
biomed,82447501,20210118,20220721,true,|SG,CN|WO,NAT UNIV SINGAPORE
biomed,75702990,20210119,20210507,false,,CN,SHENZHEN PKU HKUST MEDICAL CENTER | UNIV PEKING SHENZHEN HOSPITAL
biomed,77365820,20210119,20210826,false,|CN,CN|EP|US|WO,UNIV HONG KONG | VERSITECH LTD
biomed,77084422,20210120,20210806,false,,CN,UNIV HONG KONG SCIENCE & TECH
biomed,77390446,20210120,20210826,false,CN,US|WO,UNIV HONG KONG
biomed,82622843,20210120,20220805,false,,CN,UNIV HONG KONG CHINESE
biomed,75758214,20210121,20210511,false,,CN,UNIV HONG KONG SCIENCE & TECH
biomed,76856765,20210121,20210722,false,|CN,CN|US,UNIV HONG KONG SCIENCE & TECH
biomed,75593821,20210122,20210430,false,,CN,THE UNIV OF HONG KONG SHENZHEN HOSPITAL SHENZHEN BINHAI HOSPITAL
biomed,76236066,20210122,20210611,false,,CN,THE UNIV OF HONG KONG SHENZHEN HOSPITAL
biomed,76921619,20210122,20210727,false,|CN,CN|US,THE HONG KONG UNIV OF SCIENCE AND TECHNOLOGYY | UNIV HONG KONG SCIENCE & TECH
biomed,78609312,20210122,20211125,false,|CN,CN|US,UNIV HONG KONG
biomed,82523810,20210122,20220729,false,,CN,SHENZHEN RESEARCH INSTITUTE THE HONG KONG POLYTECHNIC UNIV
biomed,74346857,20210126,20210803,true,|CN|HK,CN|EP|US,UNIV HONG KONG CHINESE
biomed,76384676,20210127,20210622,false,,CN,SHENZHEN RESEARCH INSTITUTE THE HONG KONG POLYTECHNIC UNIV
biomed,82325666,20210201,20220714,false,|CN,CN|WO,UNIV HONG KONG
biomed,82560792,20210202,20220802,false,,CN,HKUST SHENZHEN RES INSTITUTE
biomed,77178666,20210204,20210812,true,SG,SG|US,UNIV NANYANG TECH
biomed,77390433,20210204,20210826,false,CN,AU|CA|US|WO,UNIV HONG KONG | VERSITECH LTD
biomed,75760980,20210205,20210511,false,,CN,SHENZHEN INSTITUTE OF ARTIFICIAL INTELLIGENCE AND ROBOTICS FOR SOC | UNIV CHINESE HONG KONG SHENZHEN
biomed,77177355,20210205,20210812,false,|CN,CN|EP|US|WO,UNIV HONG KONG | VERSITECH LTD
biomed,77199166,20210205,20210812,true,|CN|HK,AU|BR|CA|CN|EP|GB|IL|JP|KR|MX|NZ|TW|US|WO,CHINESE UNIV OF HONG KONG | UNIV HONG KONG CHINESE
biomed,76972917,20210207,20210730,false,,CN,SHENZHEN RESEARCH INSTITUTE THE HONG KONG POLYTECHNIC UNIV
biomed,77370681,20210208,20210827,false,,CN,UNIV HONG KONG POLYTECHNIC
biomed,75989620,20210209,20210528,false,,CN,SHENZHEN INSTITUTE OF ARTIFICIAL INTELLIGENCE AND ROBOTICS FOR SOC | UNIV CHINESE HONG KONG SHENZHEN
biomed,77295173,20210209,20210819,true,SG,WO,NAT UNIV SINGAPORE
biomed,82762014,20210209,20220816,false,,CN,UNIV HONG KONG SCIENCE & TECH
biomed,77291292,20210210,20210819,true,AU|SG,WO,NAT UNIV SINGAPORE | THE UNIV OF WOLLONGONG | UNIV NANYANG TECH
biomed,77391764,20210219,20210826,false,CN|US,WO,UNIV CALIFORNIA | UNIV HONG KONG
biomed,76245434,20210222,20210611,false,,CN,UNIV HONG KONG SCIENCE & TECH
biomed,76461101,20210222,20210625,false,,CN,UNIV HONG KONG SCIENCE & TECH
biomed,77492146,20210224,20210902,true,SG,AU|WO,NAT UNIV SINGAPORE
biomed,77569586,20210225,20210910,false,|CN,CN|US,UNIV HONG KONG CHINESE
biomed,77490336,20210226,20210902,false,|CN|US,CN|EP|US|WO,JACKSON LAB | UNIV HONG KONG CHINESE
biomed,77490728,20210226,20210902,false,|CN,CN|WO,UNIV HONG KONG CHINESE
biomed,76883716,20210301,20210723,false,,CN,SHENZHEN PKU HKUST MEDICAL CENTER | UNIV PEKING SHENZHEN HOSPITAL
biomed,76883729,20210301,20210723,false,,CN,SHENZHEN PKU HKUST MEDICAL CENTER | UNIV PEKING SHENZHEN HOSPITAL
biomed,76883739,20210301,20210723,false,,CN,SHENZHEN PKU HKUST MEDICAL CENTER | UNIV PEKING SHENZHEN HOSPITAL
biomed,77746654,20210301,20210923,false,|CN,CN|US,UNIV HONG KONG SCIENCE & TECH
biomed,78161238,20210301,20211029,true,|CN|HK,CN|TW|US|WO,UNIV HONG KONG CHINESE
biomed,77614403,20210302,20210910,false,|CN,CN|US|WO,UNIV HONG KONG SCIENCE & TECH
biomed,77614515,20210302,20210910,true,|SG,CN|TW|US|WO,NAT UNIV SINGAPORE
biomed,77671202,20210302,20210916,false,CN,US|WO,UNIV HONG KONG | VERSITECH LTD
biomed,77771937,20210302,20210923,false,|CN,CN|EP|US|WO,UNIV HONG KONG
biomed,75816429,20210303,20210514,false,,CN,THE UNIV OF HONG KONG SHENZHEN HOSPITAL
biomed,75862766,20210303,20210518,false,,CN,THE UNIV OF HONG KONG SHENZHEN HOSPITAL
biomed,77614511,20210303,20210910,true,SG,WO,NAT UNIV SINGAPORE
biomed,77672467,20210304,20210916,true,SG,US|WO,UNIV NANYANG TECH
biomed,77614512,20210305,20210910,true,|SG,CN|US|WO,NAT UNIV SINGAPORE
biomed,78608659,20210305,20211125,false,CN,US,UNIV HONG KONG CHINESE
biomed,83118226,20210305,20220909,false,,CN,UNIV HONG KONG CHINESE
biomed,77671232,20210309,20210916,false,|CN,CN|WO,UNIV HONG KONG CHINESE
biomed,83193965,20210309,20220915,true,HK,US,UNIV HONG KONG POLYTECHNIC
biomed,76403938,20210310,20210622,false,,CN,SHENZHEN RESEARCH INSTITUTE THE HONG KONG POLYTECHNIC UNIV
biomed,76811256,20210310,20210720,false,,CN,HKUST SHENZHEN RES INSTITUTE
biomed,77617488,20210311,20210914,true,|IL|SG,CN|EP|US|WO,HADASIT MED RES SERVICE | HADASIT MEDICAL RES SERVICE AND DEVELOPMENT CO LTD | NAT UNIV SINGAPORE | YISSUM RES DEV CO OF HEBREW UNIV JERUSALEM LTD
biomed,77672460,20210311,20210916,true,|SG,CN|US|WO,UNIV NANYANG TECH
biomed,77672129,20210312,20210916,true,CN|HK,TW|WO,UNIV HONG KONG BAPTIST UNIV
biomed,77672461,20210312,20210916,true,SG,WO,AGENCY SCIENCE TECH & RES | NAT UNIV SINGAPORE
biomed,83241400,20210315,20220920,false,,CN,NAT UNIV SINGAPORE
biomed,75930245,20210316,20210525,false,,CN,JOINT SHANTOU INTERNATIONAL EYE CENTER OF SHANTOU UNIV AND THE CHINESE UNIV OF HONG KONG
biomed,78271109,20210317,20211028,false,|CN,CN|EP|US|WO,UNIV HONG KONG
biomed,77772215,20210318,20210923,true,|SG,CN|US|WO,AGENCY SCIENCE TECH & RES | UNIV NANYANG TECH
biomed,77768024,20210319,20210923,true,CN|HK,TW|WO,UNIV HONG KONG BAPTIST UNIV
biomed,77772216,20210319,20210923,true,SG,WO,NAT UNIV SINGAPORE
biomed,77772220,20210322,20210923,true,|SG,CN|EP|US|WO,AGENCY SCIENCE TECH & RES | NAT UNIV SINGAPORE
biomed,83322780,20210323,20220927,false,,CN,CITY UNIV OF HONG KONG SHENZHEN RESEARCH INSTITUTE
biomed,77892793,20210324,20210930,true,SG,AU|EP|US|WO,NAT UNIV SINGAPORE
biomed,76884667,20210325,20210723,false,,CN,SHENZHEN INSTITUTE OF ARTIFICIAL INTELLIGENCE AND ROBOTICS FOR SOC | UNIV CHINESE HONG KONG SHENZHEN
biomed,77890566,20210325,20210930,true,|SG|US,CN|EP|US|WO,NAT UNIV SINGAPORE | UNIV CORNELL
biomed,76712350,20210326,20210713,false,,CN,UNIV HONG KONG SCIENCE & TECH
biomed,83375465,20210329,20220930,false,,CN,SHENZHEN PKU HKUST MEDICAL CENTER
biomed,76774806,20210330,20210716,false,,CN,HKUST SHENZHEN RES INSTITUTE
biomed,78270264,20210331,20211028,false,CN,US|WO,UNIV HONG KONG
biomed,83403852,20210331,20221004,false,,CN,CITY UNIV OF HONG KONG SHENZHEN RESEARCH INSTITUTE
biomed,83404324,20210331,20221004,false,,CN,BEIJING TIANTAN HOSPITAL CAPITAL MEDICAL UNIV | UNIV HONG KONG SCIENCE & TECH
biomed,78082834,20210401,20211021,false,|CN,CN|US,UNIV HONG KONG
biomed,81712406,20210401,20220531,false,|CN,CN|US,HONG KONG CHINESE UNIV | UNIV HONG KONG CHINESE
biomed,78023717,20210406,20211014,false,CN,WO,UNIV HONG KONG
biomed,83511634,20210406,20221014,false,,CN,UNIV CITY HONG KONG
biomed,76923204,20210407,20210727,false,,CN,HKUST SHENZHEN RES INSTITUTE
biomed,76923208,20210407,20210727,false,,CN,HKUST SHENZHEN RES INSTITUTE
biomed,78023897,20210407,20211014,true,HK|US,US|WO,City Iniversity of Hong Kong | KENNEDY KRIEGER INST | KENNEDY KRIEGER INST INC | UNIV CITY HONG KONG | UNIV JOHNS HOPKINS
biomed,78026170,20210407,20211014,true,|SG,CN|EP|KR|US|WO,AGENCY SCIENCE TECH & RES | NAT UNIV SINGAPORE
biomed,78005702,20210408,20211014,false,|CN,CN|US,UNIV HONG KONG SCIENCE & TECH
biomed,52000884,20210409,20210930,true,SE|SG,US,BIOLAMINA AB | NAT UNIV SINGAPORE
biomed,76566367,20210412,20210702,false,,CN,CITY UNIV OF HONG KONG SHENZHEN RESEARCH INSTITUTE | UNIV GUANGDONG TECHNOLOGY
biomed,78006121,20210413,20211014,true,|SG,CN|EP|KR|US|WO,NAT UNIV SINGAPORE
biomed,78083634,20210413,20211021,true,SG,US|WO,UNIV NANYANG TECH
biomed,78083975,20210413,20211021,true,|SG,CN|US|WO,NAT UNIV SINGAPORE
biomed,78084489,20210413,20211021,true,SG,WO,NAT UNIV SINGAPORE
biomed,76716609,20210414,20210713,false,,CN,BEIJING NORMAL UNIV HONG KONG BAPTIST UNIV UNITED INTERNATIONAL COLLEGE
biomed,76975739,20210414,20210730,false,,CN,BEIJING NORMAL UNIV HONG KONG BAPTIST UNIV UNITED INTERNATIONAL COLLEGE
biomed,78084020,20210414,20211021,false,|CN,CN|EP|US|WO,UNIV HONG KONG
biomed,76969711,20210415,20210729,true,SG,US,NAT UNIV HOSPITAL SINGAPORE PTE LTD | NAT UNIV SINGAPORE
biomed,78084465,20210415,20211021,true,|SG,AU|CN|EP|KR|WO,NAT UNIV HOSPITAL SINGAPORE PTE LTD | NAT UNIV SINGAPORE
biomed,83605791,20210415,20221020,false,|CN,CN|WO,PEKING UNIV 3RD HOSPITAL | UNIV HONG KONG | UNIV PEKING THIRD HOSPITAL
biomed,78082684,20210416,20211021,true,SG,US,UNIV NANYANG TECH
biomed,78084452,20210416,20211021,true,|SG,CN|US|WO,UNIV NANYANG TECH
biomed,78081394,20210419,20211021,false,|CN,CN|US,UNIV HONG KONG SCIENCE & TECH
biomed,83721983,20210421,20221027,false,|CN,CN|US|WO,UNIV HONG KONG | UNIV OF HONG KONG
biomed,83809220,20210421,20221103,true,HK,US,UNIV CITY | UNIV CITY HONG KONG
biomed,78269755,20210422,20211028,true,SG,EP|US|WO,AGENCY SCIENCE TECH & RES | NAT UNIV SINGAPORE
biomed,78513300,20210422,20211118,false,CN,US,UNIV HONG KONG
biomed,83666597,20210423,20221025,false,,CN,SHENZHEN RESEARCH INSTITUTE THE HONG KONG POLYTECHNIC UNIV
biomed,78374228,20210426,20211104,true,|SG,CN|US|WO,UNIV NANYANG TECH
biomed,78331791,20210427,20211104,true,|CN|HK,CN|TW|US|WO,UNIV HONG KONG CHINESE
biomed,76979927,20210428,20210730,false,,CN,UNIV HONG KONG POLYTECHNIC
biomed,78331795,20210428,20211104,false,|CN|FR,CN|US|WO,PASTEUR INSTITUT | UNIV HONG KONG | VERSITECH LTD
biomed,78467819,20210428,20211111,false,CN,WO,UNIV HONG KONG
biomed,76872632,20210430,20210723,false,,CN,BEIJING NORMAL UNIV HONG KONG BAPTIST UNIV UNITED INTERNATIONAL COLLEGE
biomed,77090885,20210430,20210806,false,,CN,THE JOINT SHANTOU INTERNATIONAL EYE CENTER JSIEC OF SHANTOU UNIV AND THE CHINESE UNIV OF HONG KONG
biomed,78468776,20210430,20211111,true,SG,EP|TW|US|WO,NAT UNIV SINGAPORE
biomed,78745727,20210505,20211202,true,|SG,CN|EP|US|WO,NAT UNIV SINGAPORE
biomed,83854279,20210506,20221108,false,,CN,HARVARD COLLEGE | UNIV HONG KONG CHINESE
biomed,83901809,20210506,20221110,false,CN|US,US,HARVARD COLLEGE | UNIV HONG KONG CHINESE
biomed,80295955,20210507,20220225,false,,CN,THE UNIV OF HONG KONG SHENZHEN HOSPITAL SHENZHEN BINHAI HOSPITAL
biomed,77678139,20210508,20210917,false,,CN,SHENZHEN RESEARCH INSTITUTE THE HONG KONG POLYTECHNIC UNIV
biomed,78525294,20210510,20211118,false,|CN,CN|WO,UNIV HONG KONG | VERSITECH LTD
biomed,76444534,20210511,20211118,true,|SG|US,AU|CA|CN|EP|KR|US|WO,ILLUMINA INC | ILLUMINA SINGAPORE PTE LTD | NAT UNIV SINGAPORE
biomed,83912779,20210511,20221111,false,|CN,CN|US,UNIV HONG KONG POLYTECHNIC
biomed,84029766,20210511,20221117,true,SG|US,US|WO,HEWLETT PACKARD DEVELOPMENT CO | UNIV NANYANG TECH
biomed,77678434,20210512,20210917,false,|CN,AU|CN|EP|US|WO,SHENZHEN RESEARCH INST OF THE HONG KONG POLYTECHNIC UNIVERSITY | SHENZHEN RESEARCH INSTITUTE OF THE HONG KONG POLYTECHNIC UNIV | SHENZHEN RESEARCH INSTITUTE THE HONG KONG POLYTECHNIC UNIV | UNIV FUDAN
biomed,78525273,20210512,20211118,true,|CN|HK,AU|CN|EP|IL|KR|US|WO,THE HONGKONG UNIV OF SCIENCE & TECHNOLOGY | UNIV HONG KONG SCIENCE & TECH
biomed,78526459,20210512,20211118,true,|SG,CN|US|WO,NAT UNIV SINGAPORE
biomed,78526462,20210514,20211118,true,SG,US|WO,SINGAPORE HEALTH SERV PTE LTD | UNIV SINGAPORE TECHNOLOGY & DESIGN
biomed,78718221,20210519,20211125,true,|SG,CN|WO,NAT UNIV HOSPITAL SINGAPORE PTE LTD | NAT UNIV SINGAPORE
biomed,84104148,20210519,20221124,false,CN,US,UNIV HONG KONG
biomed,82323567,20210520,20220714,false,|CN,CN|US,UNIV HONG KONG POLYTECHNIC
biomed,78718216,20210521,20211125,true,SG,WO,UNIV NANYANG TECH
biomed,78745729,20210525,20211202,true,|SG,CN|EP|US|WO,UNIV NANYANG TECH
biomed,79731756,20210525,20220128,false,,CN,THE UNIV OF HONG KONG SHENZHEN HOSPITAL SHENZHEN BINHAI HOSPITAL
biomed,78745733,20210527,20211202,true,SG,US|WO,NAT UNIV SINGAPORE
biomed,79729991,20210527,20220127,true,SG,EP|US|WO,NAT UNIV SINGAPORE
biomed,78707088,20210528,20211202,false,|CN,CN|US,UNIV HONG KONG SCIENCE & TECH
biomed,76355424,20210531,20221207,true,FR|SG,EP|US|WO,NAT UNIV SINGAPORE | ROQUETTE FRERES
biomed,78830649,20210531,20211209,false,|CN,CN|US|WO,UNIV HONG KONG
biomed,78831692,20210531,20211209,true,|SG,CN|EP|US|WO,AGENCY SCIENCE TECH & RES | NAT UNIV HOSPITAL SINGAPORE PTE LTD
biomed,84420635,20210531,20221216,false,|CN,CN|US,UNIV HONG KONG
biomed,78817277,20210601,20211209,false,CN,US,UNIV HONG KONG CHINESE
biomed,78831691,20210601,20211209,true,|SG,CN|EP|US|WO,UNIV NANYANG TECH
biomed,84324052,20210601,20221208,true,|CN|HK,CN|EP|US|WO,UNIV HONG KONG | UNIV OF HONG KONG
biomed,78831697,20210602,20211209,true,|SG,AU|CN|EP|KR|US|WO,NAT UNIV SINGAPORE | SINGAPORE HEALTH SERV PTE LTD
biomed,82115682,20210602,20221017,false,|SE,CN|EP|NO|US|WO,AXICHEM AB | UNIV HONG KONG SCIENCE & TECH
biomed,78831699,20210604,20211209,true,|SG,CN|EP|US|WO,NAT UNIV SINGAPORE
biomed,78962644,20210607,20211224,false,,CN,UNIV HONG KONG SCIENCE & TECH
biomed,80296046,20210608,20220225,false,,CN,UNIV HONG KONG SCIENCE & TECH
biomed,77683310,20210609,20210917,false,,CN,SHENZHEN RESEARCH INSTITUTE THE HONG KONG POLYTECHNIC UNIV
biomed,78095731,20210609,20211022,false,,CN,SHENZHEN RESEARCH INSTITUTE THE CHINESE UNIV OF HONG KONG
biomed,78095808,20210610,20211022,false,,CN,HKUST SHENZHEN RES INSTITUTE
biomed,84786633,20210610,20230105,true,HK,US,UNIV CITY HONG KONG
biomed,78824216,20210611,20211216,true,HK,US,UNIV CITY HONG KONG
biomed,78893009,20210611,20211217,false,,CN,UNIV HONG KONG SCIENCE & TECH
biomed,79268464,20210611,20211223,true,|CN|HK,CN|TW|US|WO,UNIV HONG KONG CHINESE
biomed,84424521,20210611,20221215,false,|CN,CN|US|WO,UNIV HONG KONG POLYTECHNIC
biomed,79268729,20210615,20211223,true,SG,WO,NAT UNIV SINGAPORE
biomed,84419623,20210615,20221216,false,,CN,SHENZHEN INSTITUTE OF RESEARCH AND INNOVATION UNIV OF HONG KONG
biomed,84419809,20210615,20221216,false,,CN,SHENZHEN INSTITUTE OF RESEARCH AND INNOVATION UNIV OF HONG KONG
biomed,84420181,20210615,20221216,false,,CN,SHENZHEN INSTITUTE OF RESEARCH AND INNOVATION UNIV OF HONG KONG
biomed,76730904,20210616,20211223,true,GB|SG,EP|US|WO,UNIV NANYANG TECH | UNIV OXFORD INNOVATION LTD
biomed,76958994,20210616,20211223,true,GB|SG,EP|US|WO,UNIV NANYANG TECH | UNIV OXFORD INNOVATION LTD
biomed,79268507,20210616,20211223,false,|CN,CN|US|WO,UNIV HONG KONG CHINESE
biomed,79022778,20210617,20211223,false,CN,US,MULTI SCALE MEDICAL ROBOTICS CENTER LTD | UNIV HONG KONG CHINESE
biomed,79023177,20210617,20211223,true,HK,US,UNIV CITY HONG KONG
biomed,79023838,20210617,20211223,false,CN,US,MULTI SCALE MEDICAL ROBOTICS CENTER LTD | UNIV HONG KONG CHINESE
biomed,79022731,20210618,20211223,true,HK,US,UNIV CITY HONG KONG
biomed,79268508,20210618,20211223,true,CN|HK,EP|US|WO,UNIV HONG KONG CHINESE
biomed,79282836,20210618,20211230,true,SG,WO,NAT UNIV SINGAPORE
biomed,77821840,20210622,20221223,true,FR|SG,FR,OREAL | THE NATIONAL UNIV OF SINGAPORE | UNIV NANYANG TECH
biomed,79023110,20210622,20211223,false,CN,US,UNIV HONG KONG BAPTIST UNIV
biomed,79032639,20210624,20211230,true,HK,US,UNIV CITY HONG KONG
biomed,79282837,20210624,20211230,true,|SG,CN|EP|US|WO,NAT UNIV SINGAPORE
biomed,79282838,20210625,20211230,true,SG,US|WO,AGENCY SCIENCE TECH & RES | UNIV NANYANG TECH
biomed,79687849,20210630,20220127,true,SG,US,UNIV NANYANG TECH
biomed,84689800,20210630,20221230,true,|CN|HK,CN|EP|US|WO,UNIV HONG KONG POLYTECHNIC
biomed,84737657,20210630,20230103,false,,CN,CITY UNIV OF HONG KONG SHENZHEN RESEARCH INSTITUTE
biomed,79317858,20210702,20220106,true,|CN|HK|SG|SR,CN|DE|GB|US|WO,NAT UNIV SINGAPORE | WELL BEING DIGITAL LTD
biomed,79317860,20210702,20220106,true,SG,US|WO,NAT UNIV SINGAPORE
biomed,82494324,20210706,20220728,true,HK,US,UNIV CITY HONG KONG
biomed,79172229,20210709,20220113,false,CN,US,UNIV CITY HONG KONG
biomed,79274299,20210709,20220114,false,,CN,UNIV HONG KONG SCIENCE & TECH
biomed,79556151,20210709,20220120,true,|SG,AU|CN|EP|US|WO,NAT UNIV SINGAPORE
biomed,84840503,20210709,20230113,false,,CN,GUANGDONG PROVINCIAL PEOPLES HOSPITAL | UNIV HONG KONG CHINESE
biomed,79172283,20210713,20220113,true,|CN|HK|US,AU|CN|EP|KR|TW|US|WO,GRAIL INC | GRAIL LLC | UNIV HONG KONG CHINESE
biomed,77941055,20210716,20211008,false,,CN,SHENZHEN RESEARCH INSTITUTE THE CHINESE UNIV OF HONG KONG
biomed,79293243,20210716,20220120,true,HK,US,UNIV CITY HONG KONG
biomed,79556145,20210716,20220120,true,|SG,CN|EP|US|WO,NAT UNIV SINGAPORE
biomed,77367460,20210720,20220127,true,|SG,AU|CA|CN|EP|ES|KR|US|WO,ILLUMINA SINGAPORE PTE LTD | UNIV NANYANG TECH
biomed,79728978,20210720,20220127,true,CN|HK,US|WO,UNIV HONG KONG
biomed,84976764,20210721,20230126,false,|CN,CN|US,UNIV HONG KONG CHINESE
biomed,79730000,20210723,20220127,true,|SG,CA|CN|EP|US|WO,UNIV NANYANG TECH
biomed,80037631,20210727,20220203,false,|CN,CN|US|WO,UNIV HONG KONG
biomed,80356116,20210727,20220303,true,HK,US,UNIV CITY HONG KONG
biomed,87761086,20210727,20230209,true,HK,US,UNIV CITY HONG KONG
biomed,87932968,20210727,20230202,true,HK,US,UNIV CITY HONG KONG
biomed,80002792,20210729,20220203,false,|CN,CN|US|WO,UNIV HONG KONG BAPTIST UNIV
biomed,80114789,20210729,20220210,false,|CN,CN|US,UNIV HONG KONG SCIENCE & TECH
biomed,85154883,20210802,20230209,false,CN,WO,UNIV HONG KONG CHINESE
biomed,85156251,20210803,20230209,true,SG|US,WO,HEWLETT PACKARD DEVELOPMENT CO | UNIV NANYANG TECH
biomed,85228020,20210804,20230223,false,CN,US,UNIV CITY HONG KONG
biomed,78478505,20210805,20211116,false,,CN,THE UNIV OF HONG KONG SHENZHEN HOSPITAL
biomed,80120153,20210805,20220210,true,SG,EP|US|WO,NAT UNIV SINGAPORE
biomed,80233513,20210805,20220218,false,,CN,UNIV HONG KONG SCIENCE & TECH
biomed,80120109,20210806,20220210,true,|CN|HK,CN|EP|US|WO,UNIV HONG KONG SCIENCE & TECH
biomed,80120154,20210806,20220210,true,SG,US|WO,NAT UNIV SINGAPORE
biomed,78171161,20210809,20211029,false,,CN,ADVANCED ENERGY SCIENCE AND TECH GUANGDONG LABORATORY | THE UNIV OF HONG KONG SHENZHEN HOSPITAL
biomed,78675185,20210809,20211130,false,,CN,ADVANCED ENERGY SCIENCE AND TECH GUANGDONG LABORATORY | THE UNIV OF HONG KONG SHENZHEN HOSPITAL
biomed,80352942,20210810,20220303,true,SG,WO,NAT UNIV SINGAPORE | SINGAPORE HEALTH SERV PTE LTD
biomed,83375238,20210810,20220930,false,,CN,UNIV HONG KONG SCIENCE & TECH
biomed,85200959,20210813,20230216,true,SG,US|WO,NAT UNIV SINGAPORE
biomed,80323401,20210816,20220224,false,|CN,CN|WO,UNIV HONG KONG
biomed,80322584,20210818,20220224,true,|CN|HK,CN|TW|WO,UNIV HONG KONG CHINESE
biomed,80631121,20210819,20220317,true,|SG,CN|EP|US|WO,NAT UNIV SINGAPORE
biomed,80352950,20210823,20220303,true,SG,EP|US|WO,UNIV NANYANG TECH
biomed,80846201,20210824,20220331,false,CN,WO,UNIV HONG KONG
biomed,85285681,20210827,20230302,true,HK,US,UNIV CITY HONG KONG
biomed,78733628,20210829,20211203,false,,CN,UNIV CHINESE HONG KONG SHENZHEN
biomed,77543439,20210830,20220301,true,|CN|HK,CN|EP|US,HONG KONG CHINESE UNIV | UNIV HONG KONG CHINESE
biomed,85386060,20210831,20230309,false,AE|CN,US,CENTRAL VETERINARY RES LABORATORY | UNIV HONG KONG | VERSITECH LTD
biomed,85286426,20210901,20230302,true,|HK,CN|US,UNIV CITY HONG KONG
biomed,80492474,20210902,20220310,true,|SG,CN|EP|US|WO,SINGAPORE HEALTH SERV PTE LTD | UNIV NANYANG TECH
biomed,80627920,20210903,20220317,false,|CN,CN|US,HONG KONG CHINESE UNIV | UNIV HONG KONG CHINESE
biomed,80631128,20210906,20220317,true,|SG,CN|US|WO,NAT UNIV SINGAPORE
biomed,80631125,20210908,20220317,true,SG,WO,NAT UNIV SINGAPORE
biomed,85386277,20210908,20230309,false,CN,US,UNIV CITY HONG KONG
biomed,80629784,20210909,20220317,true,|SG,CN|EP|US|WO,NAT UNIV SINGAPORE
biomed,80629729,20210910,20220317,true,|SG,CN|KR|US|WO,NAT UNIV SINGAPORE
biomed,85417039,20210910,20230314,false,|CN,CN|TW|WO,UNIV HONG KONG CHINESE
biomed,80601056,20210914,20220315,false,|CN,CN|US,GUANGDONG LABORATORY GUANGZHOU FOR SOUTHERN MARINE SCIENCE AND ENG | HONG KONG SCIENCE AND TECHNOLOGY UNIV | SOUTHERN MARINE SCIENCE AND ENG GUANGDONG LABORATORY GUANGZHOU | UNIV HONG KONG SCIENCE & TECH
biomed,80626017,20210915,20220317,false,CN,US,UNIV CITY HONG KONG
biomed,80777868,20210915,20220324,true,SG,EP|US|WO,NAT UNIV HOSPITAL SINGAPORE PTE LTD | NAT UNIV SINGAPORE
biomed,80777869,20210915,20220324,true,|SG,CN|WO,NAT UNIV SINGAPORE
biomed,79000545,20210916,20211231,false,|CN,CN|US,UNIV HONG KONG SCIENCE & TECH
biomed,80777874,20210916,20220324,true,|SG,CN|EP|US|WO,AGENCY SCIENCE TECH & RES | UNIV NANYANG TECH
biomed,78895792,20210917,20211217,false,,CN,THE UNIV OF HONG KONG SHENZHEN HOSPITAL
biomed,80739697,20210921,20220324,false,CN,US,UNIV CITY HONG KONG
biomed,80845506,20210921,20220331,true,JP|SG,WO,UNIV MIYAZAKI | UNIV SINGAPORE TECHNOLOGY & DESIGN
biomed,78106580,20210922,20211026,false,,CN,CITY UNIV OF HONG KONG SHENZHEN RESEARCH INSTITUTE | GUANGZHOU KINGMED DIAGNOSTICS GROUP CO LTD | GUANGZHOU KINGMED DIAGNOSTICS TRANSLATIONAL MEDICAL RES INSTITUTE CO LTD | KINGMED CENTER FOR CLINICAL CO LTD
biomed,80847041,20210922,20220331,true,SG,WO,NAT UNIV SINGAPORE
biomed,85721727,20210922,20230330,true,HK,US,UNIV CITY HONG KONG
biomed,80844940,20210923,20220331,false,CN,US|WO,UNIV HONG KONG POLYTECHNIC
biomed,80847039,20210923,20220331,true,|SG,CN|EP|KR|US|WO,NAT UNIV SINGAPORE
biomed,85571632,20210923,20230323,true,HK,US,UNIV CITY HONG KONG
biomed,81257496,20210927,20220428,true,|HK,CN|US,HONG KONG UNIV | UNIV HONG KONG
biomed,79001379,20210930,20211231,false,,CN,UNIV CHINESE HONG KONG SHENZHEN
biomed,80951932,20211001,20220407,true,|SG,CN|US|WO,NAT UNIV SINGAPORE
biomed,81077570,20211005,20220414,true,SG,US,NAT UNIV SINGAPORE
biomed,81079245,20211005,20220414,false,CN,US,UNIV CITY HONG KONG
biomed,79238642,20211009,20220111,false,,CN,SHENZHEN RESEARCH INSTITUTE THE CHINESE UNIV OF HONG KONG
biomed,79238789,20211009,20220111,false,,CN,SHENZHEN RESEARCH INSTITUTE THE HONG KONG POLYTECHNIC UNIV
biomed,81209487,20211012,20220421,true,SG,WO,NAT UNIV SINGAPORE
biomed,81209488,20211012,20220421,true,CH|SG,EP|US|WO,ETH ZUERICH | NAT UNIV SINGAPORE
biomed,82612446,20211012,20220804,true,HK,US,UNIV CITY HONG KONG
biomed,85982635,20211012,20230419,true,CN|HK|KR,KR|US,POSTECH RES & BUSINESS DEV FOUND | UNIV HONG KONG | VERSITECH LTD
biomed,81096349,20211013,20220415,false,,CN,HONG KONG SCIENCE AND TECHNOLOGY UNIV
biomed,85797502,20211013,20230413,true,|HK,CN|US,UNIV CITY HONG KONG
biomed,81077613,20211014,20220414,false,|CN,CN|US,UNIV CITY HONG KONG | UNIV HONG KONG POLYTECHNIC
biomed,81209491,20211014,20220421,true,SG,EP|WO,NAT UNIV HOSPITAL SINGAPORE PTE LTD
biomed,80224608,20211016,20220217,true,SG,US,NAT UNIV HOSPITAL SINGAPORE PTE LTD | NAT UNIV SINGAPORE
biomed,79241200,20211018,20220111,false,,CN,THE UNIV OF HONG KONG SHENZHEN HOSPITAL
biomed,81291757,20211018,20220428,true,SG,EP|US|WO,NAT UNIV SINGAPORE
biomed,85980968,20211018,20230420,true,HK,US,UNIV CITY HONG KONG
biomed,79000280,20211019,20211231,false,,CN,THE UNIV OF HONG KONG SHENZHEN HOSPITAL
biomed,79192796,20211019,20220107,false,,CN,THE UNIV OF HONG KONG SHENZHEN HOSPITAL
biomed,79192817,20211019,20220107,false,,CN,THE UNIV OF HONG KONG SHENZHEN HOSPITAL
biomed,79280440,20211019,20220114,false,,CN,THE UNIV OF HONG KONG SHENZHEN HOSPITAL
biomed,79464626,20211019,20220121,true,|SG,AU|CN|EP|KR|US|WO,NAT UNIV SINGAPORE
biomed,81290137,20211019,20220428,false,|CN,CN|US|WO,UNIV HONG KONG SCIENCE & TECH
biomed,81458606,20211019,20220512,true,|SG,CN|EP|US|WO,UNIV NANYANG TECH
biomed,78784103,20211020,20211207,false,|CN,CN|WO,THE UNIV OF HONG KONG SHENZHEN HOSPITAL
biomed,79280840,20211020,20220114,true,|CN|HK,AU|CA|CN|EP|KR|US|WO|ZA,CENTRE FOR REGENERATIVE MEDICINE & HEALTH HONG KONG INST OF SCIENCE & INNOVATION CHINESE | CENTRE FOR REGENERATIVE MEDICINE AND HEALTH HONG KONG INST OF | CENTRE FOR REGENERATIVE MEDICINE AND HEALTH HONG KONG INST OF SCIENCE & INNOVATION CHINESE ACADEMY O | CENTRE FOR REGENERATIVE MEDICINE AND HEALTH HONG KONG INSTITUTE OF SCIENCE & INNOVATION CHINESE ACAD | CENTRE FOR REGENERATIVE MEDICINE AND HEALTH HONG KONG INSTITUTE OF SCIENCE AND INNOVATION | REGENERATIVE MEDICINE AND HEALTH INNOVATION CENTER CO LTD HONG KONG INST OF SCIENCE & INNOVATION CHI | UNIV CITY HONG KONG
biomed,81291750,20211021,20220428,true,|SG,AU|CA|CN|EP|KR|US|WO,NAT UNIV SINGAPORE
biomed,81291637,20211022,20220428,true,|CN|HK,CN|EP|US|WO,UNIV HONG KONG
biomed,81588475,20211022,20220519,false,CN,US,UNIV HONG KONG CHINESE
biomed,80206262,20211026,20220215,false,,CN,FUTIAN BIOMEDICAL INNOVATION R&D CENTER OF THE CHINESE UNIV OF HONGKONG SHENZHEN | UNIV CHINESE HONG KONG SHENZHEN
biomed,80235524,20211026,20220218,false,,CN,FUTIAN BIOMEDICAL INNOVATION R&D CENTER THE CHINESE UNIV OF HONG KONG SHENZHEN | UNIV CHINESE HONG KONG SHENZHEN
biomed,81384451,20211026,20220505,false,|CN,CN|WO,CYTOGRAM CO LTD | CYTOMICS LTD | HONG KONG CHINESE UNIV | UNIV HONG KONG CHINESE
biomed,81384486,20211027,20220505,true,SG,WO,NAT UNIV SINGAPORE
biomed,86160300,20211027,20230504,false,CN,US|WO,UNIV HONG KONG POLYTECHNIC
biomed,81384197,20211028,20220505,true,|SG|US,CN|US|WO,MASSACHUSETTS INST TECHNOLOGY | NAT UNIV SINGAPORE
biomed,86146889,20211028,20230504,true,HK,US,UNIV CITY HONG KONG
biomed,86146418,20211102,20230504,false,CN,US,UNIV CITY HONG KONG
biomed,81458609,20211103,20220512,true,SG,WO,UNIV NANYANG TECH
biomed,86240488,20211103,20230511,false,|CN,CN|WO,BGI SHENZHEN | CITY UNIV OF HONG KONG SHENZHEN RESEARCH INSTITUTE | SHENZHEN BGI LIFE SCIENCE RES INSTITUTE
biomed,81456965,20211104,20220512,false,|CN,CN|US|WO,UNIV HONG KONG
biomed,81458615,20211105,20220512,true,|GB|SG,CN|EP|GB|US|WO,NAT UNIV HOSPITAL SINGAPORE PTE LTD | NAT UNIV SINGAPORE | PAXMAN COOLERS LTD
biomed,81458620,20211105,20220512,true,|GB|SG,CN|EP|GB|US|WO,NAT UNIV HOSPITAL SINGAPORE PTE LTD | NAT UNIV SINGAPORE | PAXMAN COOLERS LTD
biomed,81457291,20211109,20220512,true,|SG,CN|EP|KR|US|WO,NAT UNIV SINGAPORE
biomed,81458616,20211109,20220512,true,SG,US|WO,NAT UNIV SINGAPORE
biomed,81458617,20211109,20220512,true,SG,WO,NAT UNIV SINGAPORE
biomed,85482351,20211109,20230317,false,|CN,CN|US,CITY UNIV OF HONG KONG SHENZHEN RESEARCH INSTITUTE | UNIV CITY HONG KONG
biomed,86256652,20211109,20230512,false,,CN,CITY UNIV OF HONG KONG SHENZHEN RESEARCH INSTITUTE
biomed,81602688,20211110,20220519,true,SG,EP|US|WO,UNIV NANYANG TECH
biomed,81045259,20211112,20220412,false,|CN,CN|US|ZA,HONG KONG SCIENCE AND TECHNOLOGY UNIV | UNIV HONG KONG SCIENCE & TECH | UNIV QINGDAO AGRICULTURAL
biomed,80209212,20211115,20220215,false,,CN,Guangdong yuegang water supply co ltd | UNIV CHINESE HONG KONG SHENZHEN
biomed,81587365,20211115,20220519,false,CN,US,UNIV CITY HONG KONG
biomed,86324038,20211117,20230518,true,HK,US,UNIV CITY HONG KONG
biomed,79471142,20211118,20220121,false,,CN,GUANGZHOU WANGLAOJI GREAT HEALTH INDUSTRY COMPANY LTD | UNIV HONG KONG
biomed,81708389,20211118,20220527,true,CN|HK,EP|TW|US|WO,UNIV HONG KONG CHINESE
biomed,81754982,20211124,20220602,false,|CN,CN|US|WO,UNIV HONG KONG
biomed,81755089,20211124,20220602,false,CN,WO,UNIV HONG KONG
biomed,81756314,20211124,20220602,true,SG,WO,UNIV NANYANG TECH
biomed,82220003,20211124,20220707,true,SG,US,UNIV NANYANG TECH
biomed,85154821,20211125,20230209,false,|CN,CN|GB|US|WO,CHINESE UNIV OF HONG KONG | UNIV HONG KONG CHINESE
biomed,86415049,20211125,20230526,false,,CN,SHENZHEN RESEARCH INSTITUTE THE HONG KONG POLYTECHNIC UNIV
biomed,81756301,20211130,20220602,true,|CN|SG,AU|CA|CN|EP|KR|US|WO,CHANDY GEORGE KANIANTHARA | ICE BIOSCIENCE INC | ONG SEOW THENG | UNIV NANYANG TECH
biomed,81756302,20211130,20220602,true,SG,EP|US|WO,UNIV NANYANG TECH
biomed,81854927,20211201,20220609,true,|SG,CN|US|WO,NAT UNIV SINGAPORE
biomed,86499275,20211201,20230601,false,CN,US,UNIV CITY HONG KONG
biomed,86577285,20211202,20230606,false,,CN,NAT UNIV SINGAPORE | NATIONAL UNIV OF SINGAPORE SUZHOU RESEARCH INSTITUTE
biomed,86573659,20211203,20230606,false,,CN,UNIV HONG KONG
biomed,81974851,20211206,20220616,true,|SG,CN|US|WO,NAT UNIV SINGAPORE
biomed,86607757,20211206,20230608,true,HK,US,UNIV CITY HONG KONG
biomed,81848575,20211207,20220609,true,CN|HK|US,AU|CA|EP|IL|KR|TW|US|WO,GRAIL INC | GRAIL LLC | UNIV HONG KONG CHINESE
biomed,82157348,20211207,20220630,false,|CN,CN|EP|US|WO,UNIV HONG KONG BAPTIST UNIV
biomed,82613130,20211208,20220804,false,CN,US,UNIV HONG KONG
biomed,86826255,20211209,20230623,false,,CN,UNIV HONG KONG POLYTECHNIC
biomed,81406164,20211210,20220510,true,|SG,CN|WO,NAT UNIV SINGAPORE | SINGASIAN SLOPE NATIONAL UNIV
biomed,81974859,20211210,20220616,true,|SG,CN|EP|US|WO,NAT UNIV SINGAPORE
biomed,81974861,20211210,20220616,true,|SG,AU|CA|CN|EP|GB|KR|US|WO,BIOFACTORY PTE LTD | DEBIO FACTORY PTE LTD | IRNOVATE PTE LTD | NAT UNIV HOSPITAL SINGAPORE PTE LTD | NATIONAL UNIV HOSPITAL SINGAPORE PTL LTD | THE BIOFACTORY PTE LTD
biomed,81974862,20211210,20220616,true,|SG,AU|CA|CN|EP|GB|KR|US|WO,BIOFACTORY PTE LTD | DEBIO FACTORY PTE LTD | IRNOVATE PTE LTD | NAT UNIV HOSPITAL SINGAPORE PTE LTD | THE BIOFACTORY PTE LTD
biomed,81898799,20211213,20220614,false,,CN,HONG KONG SCIENCE AND TECHNOLOGY UNIV
biomed,81943042,20211213,20220616,true,HK,US,UNIV CITY HONG KONG
biomed,80365446,20211215,20220301,false,,CN,HONG KONG SCIENCE AND TECHNOLOGY UNIV
biomed,80654109,20211215,20220318,false,,CN,SHENZHEN HOSPITAL OF HONG KONG UNIV
biomed,86722666,20211215,20230616,false,,CN,NAT UNIV SINGAPORE | NATIONAL UNIV OF SINGAPORE SUZHOU RESEARCH INSTITUTE
biomed,80365992,20211216,20220301,false,,CN,HONG KONG CHINESE UNIV SHENZHEN
biomed,82060083,20211216,20220623,false,|CN,AU|CN|EP|US|WO,UNIV HONG KONG CHINESE
biomed,82060121,20211216,20220623,true,SG,WO,NAT UNIV SINGAPORE
biomed,82060123,20211217,20220623,true,|SG,CN|WO,UNIV NANYANG TECH
biomed,86766800,20211217,20230622,true,HK,US,UNIV CITY HONG KONG
biomed,86774684,20211217,20230622,false,|CN,CN|GB|US|WO,CELL TOPE INC | CHINESE UNIV OF HONG KONG | CYTOMICS LTD | UNIV HONG KONG CHINESE
biomed,82157421,20211220,20220630,true,FR|SG,BR|EP|KR|US|WO,LOEAL | NAT UNIV SINGAPORE | OREAL | THE NATIONAL UNIV OF SINGAPORE | UNIV NANYANG TECH
biomed,82261137,20211220,20220707,true,SG,WO,NAT UNIV SINGAPORE
biomed,82261125,20211221,20220707,true,|SG,CN|WO,NAT UNIV SINGAPORE
biomed,80761153,20211222,20220325,false,,CN,HONG KONG CHINESE UNIV SHENZHEN RESEARCH INSTITUTE
biomed,82160161,20211222,20220630,true,SG,WO,UNIV NANYANG TECH
biomed,82160171,20211222,20220630,true,SG,EP|US|WO,NAT UNIV SINGAPORE
biomed,80875743,20211224,20220405,false,|CN,CN|US,JOINT SHANTOU INTERNATIONAL EYE CENTER OF SHANTOU UNIV AND THE CHINESE UNIV OF HONG KONG | PHENG UNIV HONG KONG CHINESE UNIV COMBINED PHENG INTERNATIONAL OPHTHALMOLOGY CENTER
biomed,86890159,20211224,20230627,false,,CN,UNIV HONG KONG CHINESE
biomed,86910609,20211228,20230630,false,,CN,HKUST SHENZHEN RES INSTITUTE
biomed,81016864,20211229,20220412,false,|CN,CN|WO,HONG KONG SCIENCE AND TECHNOLOGY UNIV | UNIV HONG KONG SCIENCE & TECH
biomed,81199495,20211230,20220422,false,,CN,HONG KONG CHINESE UNIV SHENZHEN RESEARCH INSTITUTE
biomed,87087727,20211230,20230714,false,,CN,UNIV HONG KONG
biomed,80657880,20211231,20220318,false,,CN,HONG KONG SCIENCE AND TECHNOLOGY UNIV
biomed,82259094,20211231,20220707,false,|CN,CN|WO,UNIV HONG KONG CHINESE
biomed,87055200,20211231,20230711,false,,CN,NAT UNIV SINGAPORE | NATIONAL UNIV OF SINGAPORE SUZHOU RESEARCH INSTITUTE
biomed,82357701,20220104,20220714,false,|CN,CN|WO,UNIV HONG KONG POLYTECHNIC
biomed,80796260,20220107,20220329,true,|SG,CN|WO,NAT UNIV SINGAPORE | SINGASIAN SLOPE NATIONAL UNIV
biomed,80796301,20220107,20220329,true,|SG,CN|WO,NAT UNIV SINGAPORE | SINGASIAN SLOPE NATIONAL UNIV
biomed,82357945,20220110,20220714,true,CN|HK,US|WO,UNIV HONG KONG SCIENCE & TECH
biomed,82357948,20220110,20220714,false,|CN,CN|EP|US|WO,UNIV HONG KONG
biomed,87173998,20220111,20230721,false,,CN,SHENZHEN PKU HKUST MEDICAL CENTER
biomed,87069955,20220112,20230713,false,|CN|US,CN|US,CAPITAL MEDICAL UNIV | JIN JIANYUE | KIM HYUN YEOL | Kong Fengming | THE UNIV OF HONG KONG—SHENZHEN HOSPITAL
biomed,82448736,20220114,20220721,true,SG,WO,UNIV NANYANG TECH
biomed,87216475,20220117,20230725,false,,CN,UNIV HONG KONG CHINESE
biomed,82448738,20220118,20220721,true,SG,US|WO,NAT UNIV SINGAPORE
biomed,82549190,20220119,20220728,true,|SG,CN|EP|US|WO,SINGAPORE HEALTH SERV PTE LTD | UNIV NANYANG TECH
biomed,82549184,20220120,20220728,true,|SG,CN|EP|US|WO,NAT UNIV SINGAPORE | SINGAPORE HEALTH SERV PTE LTD
biomed,82931189,20220120,20220825,false,|CN,CN|EP|US|WO,UNIV HONG KONG
biomed,82406013,20220121,20220721,false,CN,US,UNIV HONG KONG CHINESE
biomed,82548455,20220121,20220728,true,|SG,CN|US|WO,NAT SKIN CENTER | NAT SKIN CENTRE SINGAPORE PTE LTD | UNIV NANYANG TECH
biomed,82654174,20220121,20220801,true,|CN|HK,AU|CA|CN|EP|GB|KR|TW|US|WO,UNIV HONG KONG | VERSITECH LTD
biomed,82742575,20220124,20220811,true,|SG,CN|EP|KR|US|WO,NAT UNIV SINGAPORE
biomed,84363371,20220125,20221213,false,,CN,HONG KONG CHINESE UNIV SHENZHEN FUTIAN BIOLOGICAL MEDICINE INNOVATION RESEARCH AND DEVELOPMENT CENTE | UNIV CHINESE HONG KONG SHENZHEN
biomed,87500508,20220126,20230808,false,,CN,UNIV HONG KONG POLYTECHNIC
biomed,87313716,20220127,20230727,true,HK,US,UNIV CITY HONG KONG
biomed,82655037,20220128,20220804,true,|CN|HK|SG,CN|EP|US|WO,NAT UNIV SINGAPORE | UNIV CITY HONG KONG
biomed,82612119,20220201,20220804,true,HK,US,UNIV CITY HONG KONG
biomed,82742016,20220207,20220811,false,CN,EP|US|WO,UNIV HONG KONG
biomed,82742081,20220208,20220811,true,|SG,CN|EP|US|WO,NAT UNIV SINGAPORE
biomed,81370905,20220209,20220506,false,,CN,HONG KONG CHINESE UNIV SHENZHEN | HONG KONG CHINESE UNIV SHENZHEN FUTIAN BIOLOGICAL MEDICINE INNOVATION RESEARCH AND DEVELOPMENT CENTE | SHENZHEN RESEARCH COLLEGE OF BEIJING UNIV
biomed,82704538,20220209,20220811,false,CN|US,US,SCHEPENS EYE RES INST | UNIV HONG KONG POLYTECHNIC
biomed,82838897,20220210,20220818,true,|SG,CN|EP|US|WO,UNIV NANYANG TECH
biomed,82838895,20220214,20220818,true,SG,EP|US|WO,NAT SKIN CENTRE SINGAPORE PTE LTD | TAN TOCK SENG HOSPITAL PTE LTD | UNIV SINGAPORE TECHNOLOGY & DESIGN
biomed,81206088,20220218,20220422,false,,CN,MEDICAL CENTER OF HONG KONG SCIENCE AND TECHNOLOGY UNIV OF BEIJING UNIV IN SHENZHEN | SHENZHEN HOSPITAL OF BEIJING UNIV
biomed,82932303,20220218,20220825,true,SG,US|WO,UNIV NANYANG TECH
biomed,87578924,20220218,20230824,true,SG|US,WO,HEWLETT PACKARD DEVELOPMENT CO | UNIV NANYANG TECH
biomed,82932300,20220221,20220825,true,|SG,CN|US|WO,UNIV NANYANG TECH
biomed,83050170,20220223,20220901,true,|SG,CN|EP|KR|US|WO,UNIV NANYANG TECH
biomed,83050173,20220223,20220901,true,SG,EP|US|WO,AGENCY SCIENCE TECH & RES | UNIV NANYANG TECH
biomed,83047789,20220224,20220901,false,CN,WO,CENTRE FOR VIROLOGY VACCINOLOGY AND THERAPEUTICS LTD | UNIV HONG KONG
biomed,80819592,20220225,20220830,false,|CN,CN|EP|US,UNIV HONG KONG CHINESE
biomed,83050175,20220225,20220901,true,SG,US|WO,UNIV SINGAPORE TECHNOLOGY & DESIGN
biomed,83153684,20220225,20220909,false,|CN,CN|EP|US|WO,UNIV HONG KONG
biomed,81552989,20220228,20220517,false,,CN,SHENZHEN RESEARCH INSTITUTE OF HONG KONG SCIENCE AND INDUSTRY UNIV
biomed,83155638,20220307,20220909,true,|SG,CN|US|WO,UNIV NANYANG TECH
biomed,83285711,20220307,20220922,true,|HK,CN|US,UNIV HONG KONG
biomed,81774461,20220308,20220603,false,,CN,SHENZHEN RESEARCH INSTITUTE OF HONG KONG SCIENCE AND INDUSTRY UNIV
biomed,83227426,20220309,20220915,true,CN|HK,DE|EP|US|WO,UNIV HONG KONG
biomed,83195370,20220311,20220915,false,|CN,CN|US,UNIV HONG KONG
biomed,83228526,20220311,20220915,true,|SG,CN|EP|US|WO,UNIV NANYANG TECH
biomed,83228499,20220314,20220915,true,|SG,CN|EP|US|WO,NAT UNIV SINGAPORE
biomed,83999347,20220314,20221117,false,CN,US,THE CHINESS UNIV OF HONG KONG | UNIV HONG KONG CHINESE
biomed,83321413,20220315,20220922,true,SG,IL|WO,BOEY YIN CHIANG | CHIA NGEOW KHING | HUANG YINGYING | NAT UNIV SINGAPORE
biomed,83459988,20220315,20221006,true,SG,WO,ALEXANDRA HEALTH PTE LTD | UNIV SINGAPORE TECHNOLOGY & DESIGN
biomed,83320800,20220317,20220922,true,SG|US,US|WO,MASSACHUSETTS INST TECHNOLOGY | UNIV BROWN | UNIV NANYANG TECH
biomed,83396339,20220317,20220929,true,|CN|HK,CN|TW|WO,UNIV HONG KONG CHINESE
biomed,83286109,20220318,20220922,false,|CN,CN|US,GUANGDONG PROVINCIAL LABORATORY OF SOUTHERN MARINE SCIENCE AND ENG GUANGZHOU | SOUTHERN MARINE SCIENCE AND ENG GUANGDONG LABORATORY GUANGZHOU | UNIV HONG KONG SCIENCE & TECH
biomed,88066197,20220318,20230921,false,CN,US,UNIV CITY HONG KONG
biomed,83321893,20220321,20220922,false,|CN,CN|EP|US|WO,UNIV HONG KONG POLYTECHNIC
biomed,83364046,20220321,20220929,true,HK,US,6J BIOTECHNOLOGY HONG KONG LTD | UNIV CITY HONG KONG
biomed,83395173,20220321,20220929,false,|CN,CN|WO,CENTRO DE INVESTIG Y VACCINE SRL | UNIV HONG KONG
biomed,81206276,20220322,20220422,false,|CN,CN|US,JOINT SHANTOU INTERNATIONAL EYE CENTER OF SHANTOU UNIV AND THE CHINESE UNIV OF HONG KONG | JOUNT SHANTOU INTERNATIONAL EYE CENTER OF SHANTOU UNIV AND THE CHINESE UNIV OF HONG KONG | PHENG UNIV HONG KONG CHINESE UNIV COMBINED PHENG INTERNATIONAL OPHTHALMOLOGY CENTER
biomed,83395998,20220323,20220929,true,|SG|US,CN|KR|US|WO,NAT UNIV SINGAPORE | UNIV MINNESOTA
biomed,83459993,20220329,20221006,true,|SG,CN|EP|US|WO,NAT UNIV HOSPITAL SINGAPORE PTE LTD | NAT UNIV SINGAPORE
biomed,83455239,20220330,20221006,true,AU|CN|HK,AU|US|WO,MELBOURNE INST TECH | UNIV CITY HONG KONG
biomed,88198368,20220330,20231005,true,|CN|HK,CN|EP|TW|US|WO,UNIV HONG KONG POLYTECHNIC
biomed,88375861,20220330,20231024,false,,CN,SHENZHEN PKU HKUST MEDICAL CENTER
biomed,83456750,20220331,20221006,true,SG|US,US|WO,MASSACHUSETTS INST TECHNOLOGY | UNIV NANYANG TECH
biomed,83458031,20220331,20221006,true,|CN|HK,CN|TW|US|WO,UNIV HONG KONG CHINESE
biomed,81952434,20220401,20220617,false,,CN,SHENZHEN HOSPITAL OF HONG KONG UNIV
biomed,88195726,20220401,20231005,false,CN,US,UNIV CITY HONG KONG
biomed,88194905,20220404,20231005,true,SG,US,AGENCY SCIENCE TECH & RES | MIRXES LAB PTE LTD | NAT UNIV HOSPITAL SINGAPORE PTE LTD | SINGAPORE HEALTH SERV PTE LTD | TAN TOCK SENG HOSPITAL PTE LTD | TAN TOCK SENG HOSPITAL PTE LTD TTSH
biomed,82978372,20220407,20220830,false,,CN,SHENZHEN RESEARCH INSTITUTE THE HONG KONG POLYTECHNIC UNIV
biomed,83546653,20220407,20221013,true,|SG,CN|WO,UNIV NANYANG TECH
biomed,88243752,20220407,20231012,false,CN,WO,UNIV HONG KONG CHINESE
biomed,83545099,20220408,20221013,true,CN|HK|US,EP|TW|US|WO,GRAIL INC | GRAIL LLC | UNIV HONG KONG CHINESE
biomed,83603296,20220408,20221020,false,CN,US,UNIV HONG KONG
biomed,83640183,20220408,20221020,true,|CN|HK,CN|TW|WO,UNIV HONG KONG CHINESE
biomed,82534230,20220412,20220729,false,,CN,CITY UNIV OF HONG KONG SHENZHEN RESEARCH INSTITUTE
biomed,83509521,20220412,20221013,true,|CN|HK,AU|CA|CN|EP|IL|KR|TW|US|WO,CHAN KWAN CHEE | CHENG SUK HANG | CHIU ROSSA WAI KWUN | DENG JIAEN | JIANG PEIYONG | LO YUK MING DENNIS | UNIV HONG KONG CHINESE
biomed,83641075,20220412,20221020,true,|SG,CN|WO,UNIV NANYANG TECH
biomed,88386727,20220412,20231024,false,,CN,UNIV HONG KONG CHINESE
biomed,83641076,20220413,20221020,true,SG,US|WO,UNIV NANYANG TECH
biomed,83808134,20220413,20221103,true,HK|SG,US,NAT UNIV SINGAPORE | UNIV CITY HONG KONG
biomed,83693876,20220414,20221027,true,SG,US,UNIV NANYANG TECH
biomed,83641069,20220418,20221020,true,|SG,CN|EP|US|WO,NAT UNIV SINGAPORE | SINGAPORE HEALTH SERV PTE LTD
biomed,83848881,20220418,20221103,true,SG|US,EP|US|WO,MASSACHUSETTS INST TECHNOLOGY | NAT UNIV SINGAPORE | UNIV NANYANG TECH
biomed,83606444,20220419,20221021,false,,CN,UNIV HONG KONG SCIENCE & TECH
biomed,83723737,20220419,20221027,true,SG,WO,UNIV NANYANG TECH
biomed,83723740,20220419,20221027,true,|SG,CN|EP|US|WO,UNIV NANYANG TECH
biomed,83723742,20220419,20221027,true,SG,WO,UNIV NANYANG TECH
biomed,81951213,20220420,20220617,false,,CN,HONG KONG CITY UNIV SHENZHEN RESEARCH INSTITUTE
biomed,83723729,20220420,20221027,true,|SG,CN|US|WO,UNIV NANYANG TECH
biomed,83847816,20220422,20221103,false,|CN,CN|US|WO,City Unversity of Hong Kong | UNIV CITY HONG KONG | UNIV HONG KONG POLYTECHNIC
biomed,84029904,20220422,20221117,true,|SG,CN|US|WO,NAT UNIV SINGAPORE | UNIV NANYANG TECH
biomed,81387256,20220425,20221027,false,|CN,CN|EP|US,UNIV HONG KONG | VERSITECH LTD
biomed,83067181,20220425,20220906,false,,CN,THE UNIV OF HONG KONG SHENZHEN HOSPITAL
biomed,83848883,20220427,20221103,true,|SG,AU|CN|EP|IL|US|WO,CHIBA SHUNSUKE | KOH CHENG GEE | LAI SOAK KUAN | LI HOI YEUNG | NANYANG BIOLOGICS PTE LTD | NANYANG HERBAL MEDICINE CO LTD | NANYANG HERBS PTE LTD | ONG TOON WAH ROLAND | UNIV NANYANG TECH
biomed,83933020,20220428,20221110,true,SG,US|WO,UNIV NANYANG TECH
biomed,82245552,20220429,20220708,false,,CN,UNIV CHINESE HONG KONG SHENZHEN | UNIV SOUTHERN SCI & TECH
biomed,83848698,20220429,20221103,true,|CN|SG,CN|EP|US|WO,NAT UNIV SINGAPORE | NATIONAL UNIV OF SINGAPORE SUZHOU RESEARCH INSTITUTE | NUS SUZHOU RES INSTITUTE
biomed,88562247,20220429,20231107,false,,CN,EYE VISION RES CENTER LIMITED | UNIV HONG KONG POLYTECHNIC
biomed,88648962,20220503,20231109,false,CN,US,CENTRE FOR ONCOLOGY AND IMMUNOLOGY LTD | LABORATORY FOR SYNTHETIC CHEMISTRY AND CHEMICAL BIOLOGY LTD | UNIV HONG KONG
biomed,83932488,20220505,20221110,false,CN|US,EP|WO,HARVARD COLLEGE | UNIV HONG KONG CHINESE
biomed,83933010,20220506,20221110,true,SG,EP|US|WO,UNIV NANYANG TECH
biomed,84029906,20220506,20221117,true,SG,WO,NAT UNIV SINGAPORE
biomed,84103383,20220510,20221124,true,SG,PH|US,NAT UNIV SINGAPORE
biomed,83246774,20220511,20220920,false,,CN,SHENZHEN RESEARCH INSTITUTE THE CHINESE UNIV OF HONG KONG
biomed,81997714,20220512,20220621,false,,CN,MEDICAL CENTER OF HONG KONG SCIENCE AND TECHNOLOGY UNIV OF BEIJING UNIV IN SHENZHEN
biomed,83948665,20220512,20221115,false,|CN,CN|US,CENTRE FOR VIROLOGY VACCINOLOGY AND THERAPEUTICS LTD | UNIV HONG KONG
biomed,84028099,20220512,20221117,false,|CN,CN|WO,UNIV HONG KONG
biomed,84030485,20220513,20221118,false,,CN,UNIV HONG KONG SCIENCE & TECH
biomed,88699149,20220513,20231116,false,|CN,CN|US,UNIV CITY HONG KONG
biomed,84141976,20220515,20221124,true,|SG,AU|CA|CN|EP|KR|US|WO,NAT UNIV SINGAPORE
biomed,84141982,20220515,20221124,true,SG,AU|CA|EP|KR|US|WO,NAT UNIV SINGAPORE
biomed,84141989,20220517,20221124,true,SG,US|WO,UNIV NANYANG TECH
biomed,88809772,20220517,20231124,false,,CN,UNIV HONG KONG CHINESE
biomed,82809396,20220519,20220819,false,,CN,UNIV CHINESE HONG KONG SHENZHEN
biomed,83326653,20220519,20220927,false,,CN,SHENZHEN RESEARCH INSTITUTE THE HONG KONG POLYTECHNIC UNIV | UNIV ZHEJIANG
biomed,83574805,20220519,20221018,false,|CN,CN|US,SHENZHEN FUTIAN RESEARCH INSTITUTE CITY UNIV OF HONG KONG | UNIV CITY HONG KONG
biomed,84141112,20220520,20221124,false,|CN,CN|US|WO,UNIV HONG KONG
biomed,84284743,20220520,20221208,false,|CN,CN|US,UNIV HONG KONG
biomed,84543026,20220520,20221229,false,CN,US,UNIV HONG KONG CHINESE
biomed,88906724,20220523,20231201,false,,CN,UNIV CITY HONG KONG
biomed,84229504,20220524,20221201,false,|CN,CN|US|WO,UNIV HONG KONG BAPTIST UNIV
biomed,82956350,20220525,20220830,false,,CN,THE UNIV OF HONG KONG SHENZHEN HOSPITAL
biomed,84695431,20220525,20221227,true,|HK,CN|US,UNIV CITY HONG KONG
biomed,84798406,20220525,20230112,false,|CN,CN|US,UNIV HONG KONG SCIENCE & TECH
biomed,84771674,20220526,20230110,true,|HK,CN|US,UNIV CITY HONG KONG
biomed,88877435,20220526,20231130,false,CN,US,UNIV CITY HONG KONG
biomed,82810623,20220527,20220819,false,,CN,SHENZHEN PKU HKUST MEDICAL CENTER
biomed,84228448,20220527,20221201,false,|CN,CN|US|WO,UNIV HONG KONG
biomed,84230329,20220527,20221201,true,SG,EP|US|WO,NAT UNIV SINGAPORE | REXADVANCE TECH PTE LTD
biomed,88985556,20220530,20231207,false,|CN,CN|US|WO,UNIV CITY HONG KONG
biomed,84241311,20220531,20221206,false,|CN,CN|US,GUANGDONG PROVINCIAL LABORATORY OF SOUTHERN MARINE SCIENCE AND ENG GUANGZHOU | SOUTHERN MARINE SCIENCE AND ENG GUANGDONG LABORATORY GUANGZHOU | UNIV HONG KONG SCIENCE & TECH
biomed,100314218,20220601,20260630,true,HK,US,UNIV CITY HONG KONG
biomed,82769788,20220602,20220816,false,,CN,UNIV HONG KONG CHINESE
biomed,84324626,20220602,20221208,true,|SG,CN|US|WO,NAT UNIV SINGAPORE
biomed,84324630,20220602,20221208,true,|SG,CN|WO,NAT UNIV HOSPITAL SINGAPORE PTE LTD | NAT UNIV SINGAPORE | NATIONAL UNIV HOSPITAL
biomed,88977195,20220607,20231207,false,CN,US,UNIV HONG KONG BAPTIST UNIV | UNIV MACAU
biomed,89095373,20220607,20231214,false,|CN,CN|WO,UNIV HONG KONG POLYTECHNIC
biomed,83513338,20220608,20221014,false,,CN,THE UNIV OF HONG KONG SHENZHEN HOSPITAL
biomed,83514055,20220608,20221014,false,,CN,THE UNIV OF HONG KONG SHENZHEN HOSPITAL
biomed,83033918,20220609,20220902,false,,CN,SHENZHEN PKU HKUST MEDICAL CENTER
biomed,84424764,20220609,20221215,false,|CN,CN|US|WO,UNIV HONG KONG
biomed,84426389,20220609,20221215,true,|SG,CN|EP|US|WO,NAT UNIV SINGAPORE | SINGAPORE HEALTH SERV PTE LTD
biomed,84390895,20220610,20221215,true,HK,US,UNIV CITY HONG KONG
biomed,84706488,20220610,20230105,true,|SG,CN|EP|US|WO,NAT UNIV SINGAPORE
biomed,89077714,20220610,20231214,false,|CN,CN|US,UNIV CITY HONG KONG
biomed,84977269,20220612,20230126,true,HK,US,UNIV CITY HONG KONG
biomed,84526832,20220613,20221222,false,|CN,CN|US|WO,UNIV HONG KONG
biomed,83408231,20220614,20221004,false,,CN,THE UNIV OF HONG KONG SHENZHEN HOSPITAL
biomed,89216549,20220614,20231222,false,,CN,CITY UNIV OF HONG KONG SHENZHEN RESEARCH INSTITUTE
biomed,84464462,20220616,20221220,false,|CN,CN|US,UNIV HONG KONG SCIENCE & TECH
biomed,84527673,20220616,20221222,true,|SG,CN|US|WO,NAT UNIV SINGAPORE
biomed,89170302,20220616,20231221,true,|HK,CN|US,CITY UNIV OF HONG KONG SHENZHEN RESEARCH INSTITUTE | UNIV CITY HONG KONG
biomed,84526207,20220617,20221222,false,|CN,CN|US|WO,UNIV HONG KONG SCIENCE & TECH
biomed,85321385,20220621,20230302,true,|CN|HK,CN|EP|US|WO,UNIV CITY HONG KONG | VERSITECH LTD
biomed,82626855,20220623,20220805,false,,CN,UNIV CHINESE HONG KONG SHENZHEN
biomed,89248618,20220623,20231229,false,,CN,THE UNIV OF HONG KONG SHENZHEN HOSPITAL | UNIV HONG KONG
biomed,83407836,20220624,20221004,false,,CN,THE UNIV OF HONG KONG SHENZHEN HOSPITAL
biomed,84546007,20220624,20221229,true,|SG,CN|WO,NAT UNIV SINGAPORE
biomed,84723384,20220627,20221230,false,|CN,CN|US,UNIV HONG KONG
biomed,83762581,20220628,20221101,false,,CN,UNIV DALIAN | UNIV HONG KONG CHINESE
biomed,85176826,20220628,20230216,false,CN,US,UNIV HONG KONG BAPTIST UNIV | UNIV HONG KONG POLYTECHNIC
biomed,83380886,20220629,20220930,false,,CN,THE UNIV OF HONG KONG SHENZHEN HOSPITAL
biomed,84738162,20220629,20230103,false,,CN,UNIV HONG KONG SCIENCE & TECH
biomed,82910379,20220630,20220826,false,,CN,THE UNIV OF HONG KONG SHENZHEN HOSPITAL
biomed,83294220,20220630,20220923,false,,CN,UNIV HONG KONG SCIENCE & TECH
biomed,83947768,20220701,20221115,false,,CN,GUANGDONG PHARMACEUTICAL UNIV HONG KONG HONG KONG BIOMEDICAL INNOVATION PLATFORM
biomed,89433910,20220704,20240104,false,|CN,CN|US,UNIV HONG KONG POLYTECHNIC
biomed,84801313,20220706,20230112,false,CN,US|WO,THE EDUCATION UNIV OF HONG KONG | VERSITECH LTD
biomed,84802138,20220706,20230112,true,SG,US|WO,UNIV NANYANG TECH
biomed,84919040,20220706,20230119,false,|CN,CN|US|WO,UNIV HONG KONG
biomed,84922587,20220706,20230119,true,|SG,CN|US|WO,AGENCY SCIENCE TECH & RES | NAT UNIV HOSPITAL SINGAPORE PTE LTD | NAT UNIV SINGAPORE
biomed,83297583,20220707,20220923,false,,CN,SHENZHEN PKU HKUST MEDICAL CENTER | UNIV PEKING SHENZHEN HOSPITAL
biomed,83855897,20220707,20221108,false,,CN,THE UNIV OF HONG KONG SHENZHEN HOSPITAL
biomed,84802141,20220708,20230112,true,|SG,CN|WO,NAT UNIV SINGAPORE | WILMAR INTERNATIONAL LTD
biomed,89432010,20220708,20240111,true,CN|HK|US,TW|US|WO,GRAIL INC | GRAIL LLC | UNIV HONG KONG CHINESE
biomed,84802144,20220712,20230112,true,|SG,CN|US|WO,AGENCY SCIENCE TECH & RES | UNIV NANYANG TECH
biomed,89511046,20220712,20240118,true,HK,US,UNIV CITY HONG KONG
biomed,89511077,20220713,20240118,false,|CN,CN|US,CITY UNIV OF HONG KONG SHENZHEN FUTIAN RESEARCH INSTITUTE | CITY UNIVERSITY OF HONG KONG SHENZHEN FUTIAN RESEARCH INST | SHENZHEN FUTIAN RESEARCH INSTITUTE CITY UNIV OF HONG KONG
biomed,86205131,20220715,20230509,false,,CN,UNIV HONG KONG SCIENCE & TECH
biomed,83519705,20220718,20221014,false,,CN,HKUST SHENZHEN RES INSTITUTE | Shenzhen Bay Laboratory
biomed,89636578,20220718,20240130,false,,CN,UNIV CITY HONG KONG
biomed,84980601,20220722,20230126,true,|SG,CN|WO,UNIV NANYANG TECH
biomed,85086279,20220725,20230202,false,|CN,CN|US|WO,UNIV HONG KONG
biomed,89577532,20220725,20240125,false,CN,US,UNIV CITY HONG KONG
biomed,87426908,20220726,20240126,false,|CN,CN|EP|US,UNIV HONG KONG CHINESE
biomed,85087486,20220727,20230202,true,|CN|HK,CN|EP|US|WO,HONG KONG CENTER FOR NEURODEGENERATIVE DISEASES LTD | HONG KONG NEURODETIC CENTER LTD | UNIV HONG KONG SCIENCE & TECH
biomed,85240031,20220728,20230223,false,|CN,CN|US|WO,UNIV HONG KONG
biomed,85223706,20220729,20230210,true,KR|SG,KR,POSTECH RES & BUSINESS DEV FOUND | UNIV NANYANG TECH
biomed,89794418,20220801,20240209,false,,CN,UNIV CHINESE HONG KONG SHENZHEN | UNIV SOUTHERN SCI & TECH
biomed,85156461,20220802,20230209,true,SG,WO,NAT UNIV SINGAPORE
biomed,85156467,20220802,20230209,true,SG|US,EP|US|WO,BETH ISRAEL DEACONESS MEDICAL CT INC | BETH LSRAEL DEACONESS MEDICAL CENTER INC | NAT UNIV SINGAPORE
biomed,85156471,20220802,20230209,true,|SG,CN|EP|US|WO,MIRUI LABS PTE LTD | MIRXES LAB PTE LTD | NAT UNIV HOSPITAL SINGAPORE PTE LTD | NAT UNIV SINGAPORE | NATIONAL UNIV HOSPITAL S PTE LTD | SINGAPORE HEALTH SERV PTE LTD
biomed,89769677,20220802,20240208,false,CN,US,UNIV CITY HONG KONG
biomed,89770077,20220802,20240208,false,|CN,CN|US,UNIV CITY HONG KONG
biomed,89770400,20220802,20240208,true,HK,US,UNIV CITY HONG KONG
biomed,85154834,20220803,20230209,true,|CN|HK|US,CN|US|WO,UNIV HONG KONG | UNIV PRINCETON | VERSITECH LTD
biomed,85323510,20220803,20230302,true,SG,WO,NAT UNIV SINGAPORE
biomed,85154827,20220805,20230209,false,|CN,CN|EP|US|WO,UNIV HONG KONG
biomed,85156462,20220805,20230209,true,SG,EP|US|WO,AGENCY SCIENCE TECH & RES | NAT UNIV HOSPITAL SINGAPORE PTE LTD | NATION UNIV HOSPITAL SINGAPORE PTE LTD
biomed,85156464,20220805,20230209,true,SG,EP|US|WO,AGENCY SCIENCE TECH & RES | NAT UNIV SINGAPORE
biomed,89761381,20220805,20240206,true,|HK,CN|US,UNIV CITY HONG KONG
biomed,83522948,20220808,20221014,false,,CN,THE UNIV OF HONG KONG SHENZHEN HOSPITAL
biomed,85199874,20220809,20230216,true,|CN|HK,CN|EP|US|WO,UNIV HONG KONG
biomed,85478355,20220809,20230316,true,HK,US,UNIV CITY HONG KONG
biomed,85201125,20220810,20230216,true,SG,US|WO,UNIV NANYANG TECH
biomed,83924226,20220811,20221111,false,,CN,JOINT SHANTOU INTERNATIONAL EYE CENTER OF SHANTOU UNIV AND THE CHINESE UNIV OF HONG KONG
biomed,85201119,20220811,20230216,true,|SG,CN|EP|US|WO,UNIV NANYANG TECH
biomed,85201126,20220811,20230216,true,SG,US|WO,NAT UNIV SINGAPORE
biomed,85199888,20220812,20230216,false,|CN,CN|US|WO,UNIV HONG KONG
biomed,83166811,20220815,20220913,false,|CN,CN|US,JOINT SHANTOU INTERNATIONAL EYE CENTER OF SHANTOU UNIV AND THE CHINESE UNIV OF HONG KONG
biomed,85241159,20220816,20230223,true,SG,US|WO,UNIV NANYANG TECH
biomed,85241161,20220816,20230223,true,|SG,CN|EP|US|WO,NAT UNIV SINGAPORE
biomed,89906082,20220816,20240222,true,|HK,CN|US,UNIV CITY HONG KONG
biomed,90025720,20220816,20240301,false,,CN,ARTIFICIAL INTELLIGENCE DESIGN INST CO LTD | ROYAL COLLEGE OF ART | UNIV HONG KONG POLYTECHNIC
biomed,87087794,20220819,20230714,false,,CN,UNIV HONG KONG SCIENCE & TECH
biomed,89910350,20220819,20240223,false,,CN,HKUST SHENZHEN RES INSTITUTE
biomed,86893531,20220820,20230627,false,,CN,CHINESE PEOPLE'S LIBERATION ARMY AIR FORCE MILITARY MEDICAL UNIV | UNIV HONG KONG | UNIV HONG KONG CHINESE
biomed,90012053,20220820,20240229,false,CN,WO,AIRFORCE MEDICAL UNIV | UNIV HONG KONG CHINESE | UNIV OF HONG KONG
biomed,83689357,20220822,20230224,true,|CN|HK,CN|EP|US,LABORATORY FOR SYNTHETIC CHEMISTRY AND CHEMICAL BIOLOGY LTD | SYNTHETIC CHEMISTRY AND MOLECULAR BIOLOGY LTD | UNIV HONG KONG | VERSITECH LTD
biomed,84786299,20220822,20230105,true,HK,US,UNIV CITY HONG KONG
biomed,85241169,20220822,20230223,true,|SG,CN|EP|US|WO,NAT UNIV HOSPITAL SINGAPORE PTE LTD | NAT UNIV SINGAPORE
biomed,85323513,20220823,20230302,true,|SG,CN|WO,UNIV NANYANG TECH
biomed,89998660,20220823,20240229,false,|CN,CN|US,UNIV CITY HONG KONG
biomed,85323511,20220825,20230302,true,SG,US|WO,UNIV NANYANG TECH
biomed,90012557,20220825,20240229,false,|CN,CN|WO,UNIV HONG KONG POLYTECHNIC
biomed,85322461,20220826,20230302,false,|CN,CN|US|WO,UNIV HONG KONG SCIENCE & TECH
biomed,85323515,20220826,20230302,true,|SG,CN|US|WO,NAT UNIV SINGAPORE
biomed,85384965,20220830,20230309,false,CN,US,UNIV HONG KONG CHINESE
biomed,84468744,20220831,20221220,false,,CN,CENTER FOR EXCELLENCE IN MOLECULAR CELL SCIENCE CHINESE ACAD OF SCIENCES | Shanghai tongji hospital | UNIV CHINESE HONG KONG SHENZHEN
biomed,86144757,20220831,20230504,false,CN,US,UNIV HONG KONG POLYTECHNIC
biomed,87431248,20220831,20230803,false,CN,US,CENTER FOR VIROLOGY VACCINOLOGY AND THERAPEUTICS LTD | CENTRE FOR VIROLOGY VACCINOLOGY AND THERAPEUTICS LTD | UNIV HONG KONG | VERSITECH LTD
biomed,84070222,20220901,20221122,false,,CN,SHENZHEN PKU HKUST MEDICAL CENTER
biomed,85413174,20220902,20230309,true,|CN|SG,AU|CN|EP|US|WO,NAT UNIV SINGAPORE | UNIV ZHEJIANG
biomed,85413176,20220902,20230309,true,SG,WO,NAT UNIV SINGAPORE | NATIONAL UNIV HEALTH SYSTEM PTE LTD
biomed,83834977,20220905,20221104,false,,CN,THE UNIV OF HONG KONG SHENZHEN HOSPITAL
biomed,85981165,20220905,20230420,true,HK,US,UNIV CITY HONG KONG
biomed,85286540,20220907,20230302,false,CN,US,UNIV HONG KONG BAPTIST UNIV
biomed,85507792,20220912,20230316,true,SG,TW|US|WO,SINGAPORE HEALTH SERV PTE LTD | UNIV SINGAPORE TECHNOLOGY & DESIGN
biomed,85507793,20220912,20230316,true,SG,WO,NAT UNIV SINGAPORE
biomed,90097434,20220913,20240308,false,,CN,THE EDUCATION UNIV OF HONG KONG
biomed,84728187,20220914,20221230,false,,CN,SHENZHEN ANBAO MEDICAL SENSING TECH CO LTD | THE UNIV OF HONG KONG SHENZHEN HOSPITAL
biomed,84741042,20220914,20230103,false,,CN,SHENZHEN ANBAO MEDICAL SENSING TECH CO LTD | THE UNIV OF HONG KONG SHENZHEN HOSPITAL
biomed,90244354,20220914,20240321,false,CN,US,UNIV CITY HONG KONG
biomed,85718640,20220915,20230330,false,CN|IL,US,UNIV HONG KONG | UNIV RAMOT
biomed,90245265,20220915,20240321,false,CN,US,UNIV HONG KONG CHINESE
biomed,88195236,20220916,20231005,false,|CN,CN|EP|US|WO,UNIV HONG KONG CHINESE
biomed,84237954,20220920,20230330,false,CN|US,US|WO,HERBALIFE INT OF AMERICA INC | UNIV HONG KONG CHINESE
biomed,85721346,20220920,20230330,true,|SG,CN|WO,UNIV NANYANG TECH
biomed,85987298,20220920,20230420,false,|CN,CN|EP|KR|US|WO,THE HONGKONG UNIV OF SCIENCE & TECHNOLOGY | UNIV HONG KONG SCIENCE & TECH
biomed,85721348,20220921,20230330,true,|SG,CN|EP|US|WO,UNIV NANYANG TECH
biomed,85721364,20220921,20230330,true,|SG,AU|CN|EP|US|WO,NAT UNIV HOSPITAL SINGAPORE PTE LTD | NAT UNIV SINGAPORE
biomed,90257885,20220921,20240322,false,|CN,CN|WO,HONG KONG CHINESE UNIV SHENZHEN FUTIAN BIOLOGICAL MEDICINE INNOVATION RESEARCH AND DEVELOPMENT CENTE | THE CHINESE UNIV OF HONG KONG SHENZHEN FUTIAN BIOMEDICAL INNOVATION R & D CENTER | UNIV CHINESE HONG KONG SHENZHEN
biomed,85721347,20220922,20230330,true,|SG,AU|CN|EP|US|WO,NAT UNIV HOSPITAL SINGAPORE PTE LTD | NAT UNIV SINGAPORE
biomed,85783724,20220922,20230406,true,SG,US|WO,UNIV NANYANG TECH
biomed,85783721,20220923,20230406,true,SG,WO,NAT UNIV SINGAPORE
biomed,84053277,20220927,20230330,true,GB|SG,EP|KR|US|WO,CLEGG RICHARD IAN | NAT UNIV SINGAPORE
biomed,90360576,20220927,20240328,true,HK,US,UNIV CITY HONG KONG
biomed,90471542,20220927,20240404,true,HK,US,UNIV CITY HONG KONG
biomed,84699300,20220928,20221227,false,,CN,JOINT SHANTOU INTERNATIONAL EYE CENTER OF SHANTOU UNIV AND THE CHINESE UNIV OF HONG KONG
biomed,85773771,20220928,20230406,false,|CN,CN|US,UNIV HONG KONG
biomed,85775155,20220929,20230406,true,|CN|HK|US,AU|CA|CN|EP|IL|KR|TW|US|WO,CHAN CHIU TUNG | CHAN KWAN CHEE | GRAIL GMBH | GRAIL INC | GRAIL LLC | LAM WAI KEI | LO YUK MING DENNIS | UNIV HONG KONG CHINESE
biomed,84699456,20220930,20221227,false,,CN,SHENZHEN FUTIAN RESEARCH INSTITUTE CITY UNIV OF HONG KONG
biomed,84778675,20220930,20230110,false,,CN,HKUST FOK YING TUNG RES INST
biomed,84845839,20220930,20230113,false,,CN,UNIV CHINESE HONG KONG SHENZHEN
biomed,85288681,20220930,20230302,false,CN,US,UNIV HONG KONG POLYTECHNIC
biomed,85798413,20220930,20230413,false,|CN,CN|US,UNIV HONG KONG POLYTECHNIC
biomed,86254990,20220930,20230512,false,,CN,CITY UNIV OF HONG KONG SHENZHEN FUTIAN RESEARCH INSTITUTE
biomed,90418921,20220930,20240402,false,,CN,NAT UNIV SINGAPORE | NUS SUZHOU RES INSTITUTE | UNIV JIANGNAN
biomed,90471170,20221003,20240404,true,|HK,CN|US,UNIV CITY HONG KONG
biomed,85804834,20221005,20230413,true,|SG,CN|US|WO,UNIV NANYANG TECH
biomed,85988832,20221005,20230420,true,SG,WO,AGENCY SCIENCE TECH & RES | UNIV NANYANG TECH
biomed,85798147,20221007,20230413,true,HK,US,UNIV CITY HONG KONG
biomed,85804836,20221007,20230413,true,SG,EP|WO,NAT UNIV SINGAPORE
biomed,85988834,20221007,20230420,true,SG,WO,UNIV NANYANG TECH
biomed,90581702,20221010,20240412,true,|HK,CN|US,UNIV CITY HONG KONG
biomed,86057912,20221011,20230427,false,|CN,CN|US|WO,UNIV HONG KONG
biomed,85988835,20221013,20230420,true,SG,EP|US|WO,UNIV NANYANG TECH
biomed,90668841,20221013,20240418,false,|CN,CN|US|WO,UNIV HONG KONG BAPTIST UNIV
biomed,90754292,20221013,20240426,false,,CN,CITY UNIV OF HONG KONG SHENZHEN RESEARCH INSTITUTE
biomed,85988842,20221014,20230420,true,SG,WO,NAT UNIV SINGAPORE
biomed,86337335,20221017,20230519,true,SG,EP|US|WO,AGENCY SCIENCE TECH & RES | NAT UNIV HOSPITAL SINGAPORE PTE LTD
biomed,90682552,20221018,20240419,false,,CN,CITY UNIV OF HONG KONG SHENZHEN RESEARCH INSTITUTE
biomed,86030616,20221020,20230425,false,|CN,CN|US,UNIV HONG KONG | VERSITECH LTD
biomed,90803656,20221020,20240430,false,,CN,UNIV CITY HONG KONG
biomed,84703465,20221021,20221227,false,,CN,HONG KONG CHINESE UNIV OF HONG KONG SHENGANG INNOVATION RESEARCH INSTITUTE FUTIAN
biomed,85961515,20221021,20230418,false,|CN,CN|US,UNIV HONG KONG CHINESE
biomed,86059763,20221021,20230427,true,SG,US|WO,UNIV NANYANG TECH
biomed,86059765,20221021,20230427,true,|SG,CN|US|WO,UNIV NANYANG TECH
biomed,86160646,20221021,20230504,true,SG,WO,NAT UNIV HOSPITAL SINGAPORE PTE LTD | NAT UNIV SINGAPORE
biomed,86056776,20221025,20230427,true,|CN|HK,CN|TW|US,UNIV HONG KONG CHINESE
biomed,86160645,20221025,20230504,true,|SG,EP|US|WO,DRUM CHESTER LEE | NAT UNIV SINGAPORE
biomed,86144788,20221026,20230504,false,|CN,CN|US,UNIV HONG KONG SCIENCE & TECH
biomed,86160486,20221026,20230504,true,|CN|HK,CN|TW|US|WO,UNIV HONG KONG CHINESE | VERSITECH LTD
biomed,86160648,20221026,20230504,true,SG,EP|US|WO,AGENCY SCIENCE TECH & RES | NAT UNIV SINGAPORE
biomed,86160649,20221026,20230504,true,|SG,CN|US|WO,UNIV NANYANG TECH
biomed,86201340,20221027,20230509,false,|CN,CN|US,UNIV CITY HONG KONG | UNIV HONG KONG | VERSITECH LTD
biomed,90885835,20221027,20240507,false,,CN,NAT UNIV SINGAPORE
biomed,86159250,20221028,20230504,true,CN|HK,EP|US|WO,HONG KONG CENTER FOR NEURODEGENERATIVE DISEASES LTD | UNIV HONG KONG SCIENCE & TECH
biomed,86337332,20221031,20230519,true,SG,WO,NAT UNIV SINGAPORE
biomed,86160640,20221101,20230504,true,SG,WO,NAT UNIV SINGAPORE
biomed,90892395,20221102,20240507,false,,CN,UNIV HONG KONG POLYTECHNIC
biomed,86242211,20221104,20230511,false,CN|DE|US,AU|CA|EP|US|WO,CHINESE UNIV OF HONG KONG SHENZHEN | CHINESE UNIVERSITY OF HONG KONG SHENZHEN | DU YANG | FRIEDRICH ALEXANDER UNIV NURNBERG | GMEINER PETER | HUBNER HARALD | PFEIFFER TARA | SEEMANN PHILIPP | UNIV CALIFORNIA | UNIV FRIEDRICH ALEXANDER ER | XU JUN | XU JUN JUN
biomed,86242265,20221104,20230511,true,|SG,CN|US|WO,HUANG ZHIWEI | NAT UNIV SINGAPORE
biomed,86898325,20221104,20230629,true,HK,US,UNIV CITY HONG KONG
biomed,90891576,20221107,20240507,false,,CN,ARTIFICIAL INTELLIGENCE DESIGN INST CO LTD | ROYAL COLLEGE OF ART | UNIV HONG KONG POLYTECHNIC
biomed,86337338,20221108,20230519,true,SG,WO,NAT UNIV SINGAPORE
biomed,87163070,20221108,20230720,true,HK,US,UNIV CITY HONG KONG
biomed,86230156,20221109,20230511,false,CN,US,UNIV HONG KONG
biomed,86337343,20221110,20230519,true,|SG,CN|WO,UNIV NANYANG TECH
biomed,86397977,20221110,20230525,true,SG,EP|US|WO,AGENCY SCIENCE TECH & RES | NAT UNIV HOSPITAL SINGAPORE PTE LTD
biomed,86335084,20221111,20230519,false,|CN,CN|US|WO,KENING BIOPHARMACEUTICAL SHENZHEN CO LTD | PLERYON THERAPEUTICS SHENZHEN LTD | UNIV HONG KONG SCIENCE & TECH
biomed,86337319,20221111,20230519,false,CN,WO,UNIV HONG KONG CHINESE
biomed,86337337,20221111,20230519,true,SG,TW|US|WO,NAT UNIV SINGAPORE
biomed,86337344,20221111,20230519,true,SG,TW|WO,NAT UNIV SINGAPORE
biomed,90994031,20221111,20240514,true,|HK,CN|US,UNIV CITY HONG KONG
biomed,91097764,20221114,20240524,false,,CN,SHENZHEN PKU HKUST MEDICAL CENTER | UNIV PEKING SHENZHEN HOSPITAL
biomed,86384348,20221116,20230525,false,CN,US,UNIV HONG KONG BAPTIST UNIV
biomed,86181039,20221117,20230505,false,,CN,THE UNIV OF HONG KONG SHENZHEN HOSPITAL
biomed,86540481,20221118,20230601,true,|GB|SG,AU|CA|CN|EP|US|WO,IMPERIAL COLLEGE INNOVATIONS LTD | IMPERIAL INNOVATIONS LTD | NAT UNIV SINGAPORE
biomed,84520021,20221121,20230530,true,|CN|HK,CN|EP|US,UNIV HONG KONG CHINESE
biomed,86396276,20221121,20230525,true,|CN|HK,CN|GB|TW|WO,CHINESE UNIV OF HONG KONG | UNIV HONG KONG CHINESE
biomed,87567974,20221121,20230803,false,CN|KR,KR|US,UNIV CITY HONG KONG | UNIV KOREA RES & BUS FOUND
biomed,86384875,20221122,20230525,false,|CN,CN|US,CENTRE FOR VIROLOGY VACCINOLOGY AND THERAPEUTICS LTD | UNIV HONG KONG | VERSITECH LTD | VIRAL AND VACCINE RES CENTER PTY LTD
biomed,91144626,20221122,20240528,false,,CN,SHENZHEN PKU HKUST MEDICAL CENTER | Shenzhen Bay Laboratory
biomed,91142911,20221125,20240528,false,,CN,CITY UNIV OF HONG KONG SHENZHEN RESEARCH INSTITUTE
biomed,91239404,20221125,20240604,false,,CN,UNIV HONG KONG
biomed,91192175,20221128,20240530,false,|CN,CN|US,UNIV HONG KONG POLYTECHNIC
biomed,91207551,20221129,20240531,true,|HK,CN|US,UNIV CITY HONG KONG
biomed,86611565,20221130,20230608,false,|CN,CN|US|WO,UNIV HONG KONG
biomed,87073041,20221130,20230713,false,|CN,CN|US|WO,UNIV HONG KONG POLYTECHNIC
biomed,86611517,20221201,20230608,false,|CN,CN|US|WO,UNIV HONG KONG POLYTECHNIC
biomed,91241168,20221201,20240604,false,|CN,CN|US,UNIV CITY HONG KONG
biomed,91228990,20221202,20240604,false,,CN,PEKING UNIV SHENZHEN HOSPITAL PEKING UNIV SHENZHEN CLINIC MEDICAL COLLEGE | SHENZHEN PKU HKUST MEDICAL CENTER
biomed,91240868,20221202,20240604,false,,CN,PEKING UNIV SHENZHEN HOSPITAL PEKING UNIV SHENZHEN CLINIC MEDICAL COLLEGE | SHENZHEN PKU HKUST MEDICAL CENTER
biomed,86686939,20221205,20230613,false,|CN,CN|US,UNIV HONG KONG POLYTECHNIC
biomed,87127831,20221205,20230718,false,,CN,SHENZHEN BAY LABORATORY PINGSHAN BIOLOGY MEDICINE R&D AND TRANSLATION CENTER | SHENZHEN BAY LABORATORY PINGSHAN BIOMEDICAL RES AND DEVELOPMENT CONVERSION CENTER | UNIV HONG KONG SCIENCE & TECH
biomed,86112315,20221207,20230502,false,|CN,CN|WO,GENIEBIOME DIAGNOSTIC SHENZHEN CO LTD | UNIV HONG KONG CHINESE | ZHENAO BIO TECH DETECTION SHENZHEN CO LTD
biomed,91379924,20221207,20240613,true,SG,US|WO,AGENCY SCIENCE TECH & RES | NAT UNIV SINGAPORE
biomed,87070488,20221208,20230713,false,CN,US,UNIV HONG KONG CHINESE | VERSITECH LTD
biomed,86774898,20221209,20230622,false,|CN,CN|EP|US|WO,UNIV HONG KONG POLYTECHNIC
biomed,86775365,20221213,20230622,true,|SG,CN|US|WO,UNIV NANYANG TECH
biomed,84537669,20221214,20230621,true,|CN|HK,CN|EP|US,CENTRE FOR ONCOLOGY AND IMMUNOLOGY LTD | THE CENTER FOR CANCER AND IMMUNOLOGY LTD | UNIV HONG KONG | VERSITECH LTD
biomed,86211176,20221214,20230509,false,,CN,HKUST FOK YING TUNG RES INST
biomed,84888883,20221215,20230622,true,GB|SG,EP|US|WO,CLEGG RICHARD IAN | NAT UNIV SINGAPORE | SINGAPORE HEALTH SERV PTE LTD
biomed,87000407,20221219,20230706,true,|SG,CN|EP|US|WO,NAT UNIV SINGAPORE
biomed,91503459,20221219,20240621,false,,CN,UNIV CITY HONG KONG
biomed,86903851,20221222,20230629,true,SG,EP|US|WO,NAT UNIV SINGAPORE | UNIV NANYANG TECH
biomed,87073102,20221222,20230713,false,|CN,CN|US|WO,UNIV HONG KONG POLYTECHNIC
biomed,85476202,20221228,20230706,true,SG,EP|US|WO,NAT UNIV SINGAPORE
biomed,86992416,20221229,20230706,true,HK,US,UNIV CITY HONG KONG
biomed,87000412,20221229,20230706,true,|SG,CN|EP|US|WO,UNIV NANYANG TECH
biomed,85656492,20221230,20230328,false,|CN,CN|US|WO,UNIV HONG KONG SCIENCE & TECH
biomed,86431996,20221230,20230530,false,,CN,THE UNIV OF HONG KONG SHENZHEN HOSPITAL
biomed,91634864,20221230,20240702,false,,CN,UNIV HONG KONG CHINESE
biomed,91637430,20221230,20240702,false,,CN,SHENZHEN RESEARCH INSTITUTE THE HONG KONG POLYTECHNIC UNIV
biomed,91667544,20221230,20240704,true,HK,US,UNIV CITY HONG KONG
biomed,91667219,20230103,20240704,true,HK,US,UNIV CITY HONG KONG
biomed,87074382,20230104,20230713,true,|SG|US,CN|US|WO,MASSACHUSETTS INST TECHNOLOGY | UNIV NANYANG TECH
biomed,87074383,20230104,20230713,true,|SG,CN|US|WO,AGENCY SCIENCE TECH & RES | NAT UNIV HOSPITAL SINGAPORE PTE LTD
biomed,90142899,20230104,20240314,true,|HK,CN|US,THE EDUCATION UNIV OF HONG KONG
biomed,91667391,20230104,20240704,true,HK,US,CENTER FOR REGENERATIVE MEDICINE AND HONG KONG HEALTH HONG KONG INST OF SCIENCE & INNOVATION | UNIV CITY HONG KONG
biomed,87074384,20230105,20230713,true,SG|US,US|WO,PURDUE RESEARCH FOUNDATION | UNIV NANYANG TECH
biomed,87074385,20230105,20230713,true,SG,WO,NAT UNIV SINGAPORE
biomed,87012922,20230106,20230707,false,,CN,UNIV CITY HONG KONG
biomed,87055462,20230106,20230711,false,|CN,CN|US,UNIV HONG KONG
biomed,87074376,20230106,20230713,true,|SG,CN|US|WO,AGENCY SCIENCE TECH & RES | NAT UNIV SINGAPORE | TAN TOCK SENG HOSPITAL PTE LTD
biomed,87935801,20230106,20230914,true,CN|HK|US,US|WO,UNIV HONG KONG POLYTECHNIC | UNIV NORTHWESTERN
biomed,88066188,20230106,20230921,true,HK,US,UNIV CITY HONG KONG
biomed,91730980,20230106,20240709,false,|CN,CN|US,UNIV CITY HONG KONG
biomed,91817749,20230106,20240716,false,,CN,UNIV HONG KONG CHINESE
biomed,86253698,20230110,20230512,false,,CN,BEIJING TIANTAN HOSPITAL CAPITAL MEDICAL UNIV | UNIV HONG KONG
biomed,87069833,20230110,20230713,false,CN,US,UNIV HONG KONG CHINESE
biomed,87278492,20230111,20230720,true,|IL|SG,CN|EP|US|WO,HADASIT MED RES SERVICE | HADASIT MEDICAL RES SERVICE AND DEVELOPMENT CO LTD | HADASIT MEDICAL RES SERVICES&DEVELOPMENT LTD | NAT UNIV SINGAPORE | YISSUM RES DEV CO OF HEBREW UNIV JERUSALEM LTD
biomed,86114366,20230113,20230502,false,,CN,UNIV CHINESE HONG KONG SHENZHEN | UNIV SOUTHERN SCI & TECH
biomed,91816596,20230116,20240716,false,,CN,UNIV HONG KONG BAPTIST UNIV
biomed,87349311,20230118,20230727,true,|SG,AU|CN|EP|US|WO,NAT UNIV SINGAPORE
biomed,88849683,20230118,20231128,false,|CN,CN|US,UNIV HONG KONG BAPTIST UNIV | UNIV MACAU
biomed,87317268,20230119,20230728,false,|CN,CN|US,UNIV HONG KONG CHINESE
biomed,87347872,20230119,20230727,false,|CN,CN|WO,UNIV HONG KONG
biomed,87349315,20230119,20230727,true,SG,WO,NAT UNIV SINGAPORE
biomed,87349314,20230120,20230727,true,SG,US|WO,TAN TOCK SENG HOSPITAL PTE LTD | UNIV NANYANG TECH
biomed,87392861,20230120,20230801,false,|CN,CN|US,UNIV HONG KONG
biomed,87313866,20230124,20230727,false,CN,US,UNIV HONG KONG CHINESE
biomed,87851179,20230126,20230907,false,CN,US,UNIV HONG KONG SCIENCE & TECH
biomed,87470845,20230127,20230803,false,CN,WO,UNIV HONG KONG CHINESE
biomed,87470616,20230128,20230803,true,|CN|HK,CN|US|WO,UNIV CITY HONG KONG
biomed,87563565,20230130,20230817,false,CN,US|WO,UNIV HONG KONG
biomed,91964753,20230131,20240801,true,|HK,CN|US,UNIV CITY HONG KONG
biomed,91964791,20230201,20240801,true,|HK,CN|US,UNIV CITY HONG KONG
biomed,92119953,20230202,20240808,false,CN,US|WO,UNIV HONG KONG CHINESE
biomed,92120707,20230202,20240808,true,HK,US,UNIV CITY HONG KONG
biomed,92049192,20230203,20240806,true,|HK,CN|US,UNIV CITY HONG KONG
biomed,92120577,20230203,20240808,false,CN,US,UNIV HONG KONG POLYTECHNIC
biomed,92043720,20230206,20240806,true,|CA|HK,CN|US,CENTRE FOR EYE AND VISION RES LIMITED | EYE VISION RES CENTER LIMITED | LIU JUEWEN | LIU YIBO | UNIV HONG KONG POLYTECHNIC
biomed,86340280,20230208,20230523,false,,CN,LULE HEALTH TECH CO LTD | UNIV HONG KONG POLYTECHNIC
biomed,87563639,20230208,20230817,true,|CN|HK,CN|EP|US|WO,UNIV HONG KONG CHINESE
biomed,87565226,20230208,20230817,true,SG,WO,NAT UNIV SINGAPORE
biomed,87544155,20230210,20230811,false,|CN,CN|US|WO,SHENZHEN RESEARCH INSTITUTE THE CHINESE UNIV OF HONG KONG | THE CHINESE UNIV OF HONG KONG SHENZHEN RESEARCH INSTITUTE
biomed,87563739,20230210,20230817,false,|CN,CN|US|WO,UNIV HONG KONG SCIENCE & TECH
biomed,87565230,20230210,20230817,true,|SG,CN|US|WO,NANYANG HERBAL MEDICINE CO LTD | NANYANG HERBS PTE LTD | UNIV NANYANG TECH
biomed,92193621,20230210,20240813,false,,CN,SHENZHEN RESEARCH INSTITUTE THE HONG KONG POLYTECHNIC UNIV
biomed,87579180,20230214,20230824,true,SG,US|WO,UNIV NANYANG TECH
biomed,87579184,20230216,20230824,true,|SG,CN|EP|US|WO,AGENCY SCIENCE TECH & RES | NAT UNIV SINGAPORE
biomed,87851705,20230216,20230907,false,CN,US,UNIV HONG KONG CHINESE
biomed,92305129,20230216,20240822,false,CN,US,UNIV HONG KONG
biomed,87577633,20230217,20230824,false,CN,WO,UNIV HONG KONG CHINESE
biomed,87726728,20230223,20230829,false,|CN,CN|WO,NINGBO COMBIREG PHARMACEUTICAL TECH CO LTD | NINGBO KANGBAI RUIGE PHARMACEUTICAL TECH CO LTD | UNIV HONG KONG | VERSITECH LTD
biomed,92461280,20230223,20240829,false,CN,US,UNIV HONG KONG POLYTECHNIC
biomed,87766821,20230224,20230831,true,|SG,CN|WO,NAT UNIV SINGAPORE
biomed,87766822,20230224,20230831,true,|SG,CN|WO,NAT UNIV SINGAPORE
biomed,87766824,20230224,20230831,true,|SG,CN|WO,NAT UNIV SINGAPORE
biomed,87764883,20230227,20230831,false,CN,WO,UNIV HONG KONG CHINESE
biomed,87766825,20230228,20230831,true,|SG,CN|EP|US|WO,NAT UNIV SINGAPORE
biomed,87831771,20230228,20230905,false,,CN,UNIV HONG KONG
biomed,87830016,20230301,20230905,false,|CN,CN|US,CENTRE OF ONCOLOGY AND IMMUNOLOGY LTD | ONCOLOGY AND IMMUNOLOGY RES CENTER INC | UNIV HONG KONG | VERSITECH LTD
biomed,92530609,20230303,20240903,false,,CN,SHENZHEN INSTITUTE OF RESEARCH AND INNOVATION THE UNIV OF HONG KONG | Shenzhen Bay Laboratory
biomed,92608645,20230306,20240910,false,,CN,UNIV CITY HONG KONG
biomed,88512579,20230307,20231102,false,|CN|NZ,CN|US,AUCKLAND UNISERVICES LTD | UNIV HONG KONG CHINESE
biomed,92600572,20230307,20240910,false,|CN,CN|US,UNIV HONG KONG
biomed,88022192,20230308,20230921,false,|CN,CN|US|WO,UNIV HONG KONG
biomed,88099809,20230309,20230928,true,|CN|HK,CN|EP|WO,UNIV HONG KONG POLYTECHNIC
biomed,86631362,20230313,20230609,false,,CN,THE UNIV OF HONG KONG SHENZHEN HOSPITAL
biomed,87317368,20230313,20230728,false,,CN,THE UNIV OF HONG KONG SHENZHEN HOSPITAL
biomed,87937291,20230313,20230914,true,|SG,CN|EP|US|WO,CARMINE THERAPEUTICS PTE LTD | NAT UNIV SINGAPORE | UNIV NANYANG TECH | YANZHI RED THERAPEUTICS PRIVATE LTD
biomed,90364549,20230313,20240916,false,|SE,AU|CN|EP|NO|US|WO,AXICHEM AB | UNIV HONG KONG SCIENCE & TECH
biomed,92659874,20230313,20240913,false,,CN,SHENZHEN INSTITUTE OF RESEARCH AND INNOVATION THE UNIV OF HONG KONG | Shenzhen Bay Laboratory
biomed,88022709,20230314,20230921,true,IL|SG,WO,CARMEL HAIFA UNIV ECONOMIC CORPORATION LTD | NAT UNIV SINGAPORE | SINGAPORE HEALTH SERV PTE LTD
biomed,88024570,20230314,20230921,true,SG,WO,NAT UNIV SINGAPORE
biomed,92754131,20230315,20240919,false,CN,WO,BGI TECH SOLUTIONS CO LTD | UNIV HONG KONG BAPTIST UNIV
biomed,85704569,20230317,20230919,true,|CN|HK,CN|EP|US,UNIV HONG KONG
biomed,87405436,20230321,20230801,false,,CN,UNIV HONG KONG SCIENCE & TECH
biomed,90988328,20230323,20240514,false,,CN,UNIV HONG KONG CHINESE
biomed,92770557,20230323,20240924,false,|CN,CN|US,UNIV CITY HONG KONG
biomed,92773291,20230323,20240924,false,|CN,CN|US,CITY UNIV OF HONG KONG SHENZHEN RESEARCH INSTITUTE | UNIV CITY HONG KONG
biomed,88102113,20230324,20230928,true,|AU|SG|US,AU|CA|CN|EP|KR|US|WO,BOYD BENJAMIN | CERECIN INC | KAASGAARD THOMAS | NAT UNIV SINGAPORE | RAMIREZ GISELA | XTRUSION INC
biomed,88513511,20230324,20231102,false,CN,US,UNIV HONG KONG
biomed,86960925,20230329,20230704,false,,CN,THE UNIV OF HONG KONG SHENZHEN HOSPITAL
biomed,92859465,20230329,20241001,false,,CN,UNIV HONG KONG POLYTECHNIC
biomed,88198459,20230330,20231005,true,AU|CN|HK,AU|US|WO,NEWSOUTH INNOVATIONS PTY LTD | UNIV HONG KONG POLYTECHNIC
biomed,88203634,20230330,20231005,true,SG,WO,NAT UNIV SINGAPORE
biomed,88203619,20230331,20231005,true,|SG,CN|US|WO,AGENCY SCIENCE TECH & RES | UNIV NANYANG TECH
biomed,88203622,20230331,20231005,true,|SG,CN|EP|KR|US|WO,UNIV NANYANG TECH
biomed,89535370,20230331,20240118,false,CN,WO,UNIV HONG KONG POLYTECHNIC
biomed,92851954,20230331,20241001,false,,CN,UNIV HONG KONG SCIENCE & TECH
biomed,92852152,20230331,20241001,false,,CN,UNIV HONG KONG POLYTECHNIC
biomed,92862788,20230331,20241001,false,,CN,UNIV HONG KONG SCIENCE & TECH
biomed,92896905,20230331,20241003,false,CN,US,UNIV HONG KONG CHINESE
biomed,86824058,20230403,20230623,false,,CN,JOINT SHANTOU INTERNATIONAL EYE CENTER OF SHANTOU UNIV AND THE CHINESE UNIV OF HONG KONG
biomed,88199566,20230404,20231005,false,|CN,CN|US|WO,ILLUMINATIO MEDICAL TECH LIMITED | MINGJIAN MEDICAL TECH CO LTD | THE CHINESE UNIV OF HONG KONG CUHK | UNIV HONG KONG CHINESE
biomed,88244203,20230404,20231012,true,SG,WO,AGENCY SCIENCE TECH & RES | NAT UNIV SINGAPORE | SINGAPORE HEALTH SERV PTE LTD
biomed,88330445,20230405,20231019,true,|SG,CN|US|WO,UNIV NANYANG TECH
biomed,88244227,20230406,20231012,true,|SG,CN|EP|US|WO,NAT UNIV HOSPITAL SINGAPORE PTE LTD | NAT UNIV SINGAPORE
biomed,87442588,20230407,20230804,false,,CN,THE UNIV OF HONG KONG SHENZHEN HOSPITAL
biomed,92935323,20230407,20241010,true,HK,US,UNIV HONG KONG POLYTECHNIC
biomed,85984945,20230410,20231012,true,|CN|HK,CN|EP|US,THE HONGKONG POLYTECHNIC UNIV | UNIV HONG KONG POLYTECHNIC
biomed,88244228,20230410,20231012,true,|SG,CA|KR|US|WO,UNIV NANYANG TECH
biomed,93032301,20230411,20241017,false,|CN,CN|US|WO,UNIV HONG KONG POLYTECHNIC
biomed,88240865,20230413,20231012,true,HK,US,UNIV CITY HONG KONG
biomed,88329084,20230414,20231019,true,|CN|HK,CN|EP|US|WO,UNIV HONG KONG CHINESE
biomed,88330448,20230414,20231019,true,|SG,CN|EP|US|WO,NAT UNIV SINGAPORE
biomed,88066174,20230417,20230921,false,CN,US,UNIV HONG KONG BAPTIST UNIV | UNIV HONG KONG SCIENCE & TECH | UNIV MACAU SCI & TECH
biomed,88977676,20230419,20231207,false,CN,US,UNIV HONG KONG
biomed,88519952,20230421,20231102,true,|SG,CN|WO,FIRE DYNAMICS LTD | FLEXOSENSE PTE LTD | NAT UNIV SINGAPORE
biomed,92773215,20230421,20240924,false,,CN,UNIV CITY HONG KONG
biomed,88420772,20230424,20231026,true,|SG,CN|EP|US|WO,UNIV NANYANG TECH
biomed,88517856,20230424,20231102,false,|CN,CN|WO,UNIV HONG KONG BAPTIST UNIV
biomed,91762501,20230424,20240711,false,CN,EP|US|WO,UNIV HONG KONG POLYTECHNIC
biomed,88217789,20230426,20231010,false,,CN,SHENZHEN RESEARCH INSTITUTE THE CHINESE UNIV OF HONG KONG
biomed,91667221,20230426,20240704,true,HK,US,UNIV CITY HONG KONG
biomed,88512728,20230427,20231102,true,HK,US,UNIV CITY HONG KONG
biomed,88849815,20230427,20231128,false,|CN,CN|US,ADVANCED BIOMEDICAL INSTR CENTER INC | ADVANCED BIOMEDICAL INSTRUMENTATION CENTRE LTD | UNIV HONG KONG | VERSITECH LTD
biomed,88859015,20230427,20231128,false,|CN,CN|US,UNIV HONG KONG
biomed,86876138,20230428,20230627,false,|CN,CN|WO,UNIV HONG KONG POLYTECHNIC
biomed,87448106,20230428,20230804,false,,CN,UNIV CHINESE HONG KONG SHENZHEN | UNIV SOUTHERN SCI & TECH
biomed,87851177,20230428,20230907,true,SG,US,NAT UNIV SINGAPORE
biomed,88647199,20230503,20231109,true,SG|US,EP|US|WO,UNIV MONTANA STATE | UNIV NANYANG TECH | UNIV NOTRE DAME DU LAC
biomed,87917677,20230504,20230912,false,,CN,HKUST SHENZHEN RES INSTITUTE | Shenzhen Bay Laboratory
biomed,88564338,20230504,20231107,false,,CN,UNIV HONG KONG SCIENCE & TECH
biomed,88647749,20230505,20231109,true,SG,WO,NAT UNIV SINGAPORE
biomed,88878118,20230506,20231130,false,|CN,CN|US,LABORATORY FOR SYNTHETIC CHEMISTRY AND CHEMICAL BIOLOGY LTD | SYNTHETIC CHEMISTRY AND MOLECULAR BIOLOGY LTD | UNIV HONG KONG
biomed,89028188,20230508,20231207,true,|SG,CN|EP|US|WO,AGENCY SCIENCE TECH & RES | NAT UNIV SINGAPORE
biomed,93429960,20230508,20241114,true,|JP|SG,JP|WO,SINGAPORE UNIV OF TECH & DESIGN | UNIV CHIBA NAT UNIV CORP | UNIV SINGAPORE TECHNOLOGY & DESIGN
biomed,93355076,20230510,20241112,false,,CN,UNIV HONG KONG BAPTIST UNIV | UNIV MACAU | UNIV MACAU SCI & TECH
biomed,93348871,20230511,20241112,false,,CN,UNIV HONG KONG POLYTECHNIC
biomed,87786286,20230512,20230901,false,,CN,THE UNIV OF HONG KONG SHENZHEN HOSPITAL
biomed,88731205,20230512,20231116,true,|SG,CN|EP|US|WO,NAT UNIV SINGAPORE
biomed,93357422,20230512,20241112,false,,CN,ARTIFICIAL INTELLIGENCE DESIGN INST CO LTD | ROYAL COLLEGE OF ART | UNIV HONG KONG POLYTECHNIC
biomed,88836294,20230517,20231123,true,SG,WO,NAT UNIV SINGAPORE
biomed,88836299,20230517,20231123,true,|SG,CN|EP|US|WO,NAT UNIV SINGAPORE
biomed,86789070,20230518,20230623,false,,CN,JOINT SHANTOU INTERNATIONAL EYE CENTER OF SHANTOU UNIV AND THE CHINESE UNIV OF HONG KONG
biomed,86861738,20230518,20231123,true,SG|US,EP|US|WO,MASSACHUSETTS INST TECHNOLOGY | NAT UNIV SINGAPORE
biomed,90025887,20230519,20240301,false,,CN,SHANGHAI GENERAL HOSPITAL | UNIV HONG KONG SCIENCE & TECH | UNIV SOUTHERN SCI & TECH
biomed,93465346,20230519,20241121,true,|HK,CN|US,UNIV CITY HONG KONG
biomed,93493642,20230519,20241122,false,,CN,UNIV HONG KONG POLYTECHNIC
biomed,93588672,20230519,20241128,false,CN,WO,UNIV HONG KONG POLYTECHNIC
biomed,87907086,20230522,20230912,false,,CN,THE HONG KONG UNIV OF SCIENCE AND TECHNOLOGY GUANGZHOU | UNIV SHENZHEN
biomed,90184463,20230522,20240312,true,|HK,CN|US,UNIV CITY HONG KONG
biomed,88920719,20230523,20231130,true,SG,US|WO,NAT UNIV HOSPITAL SINGAPORE PTE LTD | NAT UNIV SINGAPORE
biomed,87714637,20230525,20230829,false,,CN,SHENZHEN RESEARCH INSTITUTE THE CHINESE UNIV OF HONG KONG
biomed,89026889,20230525,20231207,false,|CN,AU|CA|CN|EP|US|WO,UNIV HONG KONG BAPTIST UNIV
biomed,93527483,20230525,20241126,false,,CN,UNIV CHINESE HONG KONG SHENZHEN
biomed,86604782,20230526,20231128,true,|CN|HK,CN|EP|US,UNIV HONG KONG CHINESE
biomed,89380712,20230529,20231228,true,SG,EP|WO,AGENCY SCIENCE TECH & RES | NAT SKIN CENTRE SINGAPORE PTE LTD | UNIV NANYANG TECH
biomed,93637421,20230530,20241203,false,,CN,UNIV CITY HONG KONG
biomed,87780396,20230531,20230901,false,,CN,THE UNIV OF HONG KONG SHENZHEN HOSPITAL
biomed,89028182,20230531,20231207,true,|SG,CN|US|WO,LAMBDAGEN PTE LTD | LAMDAGEN PTY LTD | UNIV NANYANG TECH
biomed,93265600,20230531,20241105,true,|SG,CN|TW|WO,NAT UNIV SINGAPORE
biomed,93265613,20230531,20241105,true,|SG,CN|TW|WO,NAT UNIV SINGAPORE
biomed,93641897,20230531,20241203,true,|HK,CN|US,CITY UNIV OF HONG KONG SHENZHEN RESEARCH INSTITUTE | UNIV CITY HONG KONG
biomed,93654121,20230531,20241205,false,CN,US,SHENZHEN INST OF ADV TECH CAS | UNIV HONG KONG SCIENCE & TECH
biomed,88162555,20230602,20231003,false,,CN,THE UNIV OF HONG KONG SHENZHEN HOSPITAL
biomed,93265602,20230602,20241105,true,|SG,CN|TW|WO,NAT UNIV SINGAPORE
biomed,88048980,20230605,20230922,false,,CN,THE UNIV OF HONG KONG SHENZHEN HOSPITAL
biomed,93652483,20230605,20241205,true,|HK,CN|US,UNIV HONG KONG
biomed,93706856,20230606,20241206,false,,CN,UNIV CHINESE HONG KONG SHENZHEN | WANG MINGFENG
biomed,88080328,20230608,20230926,false,,CN,SHENZHEN PKU HKUST MEDICAL CENTER
biomed,88987556,20230608,20231208,false,|CN,CN|US,UNIV HONG KONG CHINESE | UNIV HONG KONG POLYTECHNIC
biomed,89119123,20230609,20231214,true,|SG,CN|US|WO,UNIV NANYANG TECH
biomed,93017752,20230612,20241017,true,|HK,CN|US,CENTRE FOR EYE AND VISION RES LIMITED | EYE VISION RES CENTER LIMITED | UNIV HONG KONG POLYTECHNIC
biomed,89432340,20230613,20240111,false,CN,US,UNIV HONG KONG CHINESE
biomed,93747102,20230613,20241213,false,,CN,UNIV HONG KONG SCIENCE & TECH
biomed,88046269,20230614,20230922,false,,CN,UNIV HONG KONG | ZHUJIANG HOSPITAL SOUTHERN MEDICAL UNIV
biomed,89193167,20230614,20231221,true,|SG,CN|DE|US|WO,UNIV NANYANG TECH
biomed,94061661,20230614,20241227,false,,CN,UNIV HONG KONG
biomed,89380715,20230616,20231228,true,SG,WO,NAT UNIV SINGAPORE
biomed,89383208,20230617,20240104,true,|CN|HK,CN|US|WO,UNIV HONG KONG
biomed,88636070,20230619,20231110,false,,CN,SHENZHEN RESEARCH INSTITUTE THE CHINESE UNIV OF HONG KONG
biomed,88222567,20230620,20231010,false,,CN,LIU GUOZHEN | UNIV CHINESE HONG KONG SHENZHEN
biomed,89618644,20230621,20240125,true,SG,US|WO,UNIV NANYANG TECH
biomed,93898358,20230621,20241224,false,,CN,UNIV CHINESE HONG KONG SHENZHEN
biomed,93898731,20230621,20241224,true,|HK,CN|US,UNIV CITY HONG KONG
biomed,89380710,20230622,20231228,true,|SG,CN|EP|US|WO,TAN TOCK SENG HOSPITAL PTE LTD | UNIV NANYANG TECH
biomed,88268929,20230625,20231013,false,,CN,SHENZHEN RESEARCH INSTITUTE THE CHINESE UNIV OF HONG KONG
biomed,88112217,20230626,20230929,false,,CN,THE UNIV OF HONG KONG SHENZHEN HOSPITAL
biomed,90479225,20230626,20240404,true,SG,WO,AGENCY SCIENCE TECH & RES | NAT UNIV SINGAPORE | SINGAPORE HEALTH SERV PTE LTD
biomed,89545115,20230627,20240123,false,|CN,CN|US,UNIV HONG KONG
biomed,89384332,20230628,20240104,true,SG,AU|US|WO,NAT UNIV SINGAPORE
biomed,94067284,20230628,20241231,false,,CN,UNIV CHINESE HONG KONG SHENZHEN
biomed,94070844,20230628,20241231,false,,CN,UNIV CHINESE HONG KONG SHENZHEN
biomed,94126473,20230629,20250102,false,CN,US,UNIV HONG KONG CHINESE
biomed,88118137,20230630,20230929,false,,CN,HKUST SHENZHEN RES INSTITUTE
biomed,88527503,20230630,20231103,false,,CN,SHENZHEN RESEARCH INSTITUTE THE HONG KONG POLYTECHNIC UNIV
biomed,94127252,20230630,20250102,true,HK,US,UNIV CITY HONG KONG
biomed,88173996,20230705,20231003,false,,CN,SHENZHEN RESEARCH INSTITUTE THE HONG KONG POLYTECHNIC UNIV
biomed,89454440,20230705,20240111,true,|CN|HK,CN|EP|US|WO,CENTRE FOR VIROLOGY VACCINOLOGY AND THERAPEUTICS LTD | CENTRO DE INVESTIG Y VACCINE SRL | UNIV OF HONG KONG VERSITECH LIMITED | VERSITECH LTD
biomed,89454809,20230705,20240111,true,SG,WO,AGENCY SCIENCE TECH & RES | KYAN THERAPEUTICS | NAT UNIV SINGAPORE
biomed,94110226,20230706,20250107,false,,CN,UNIV CHINESE HONG KONG SHENZHEN
biomed,89454805,20230707,20240111,true,SG,WO,NAT UNIV SINGAPORE
biomed,89454806,20230707,20240111,true,SG,EP|US|WO,SINGAPORE HEALTH SERV PTE LTD | UNIV SINGAPORE TECHNOLOGY & DESIGN
biomed,94212179,20230710,20250116,false,CN,US,UNIV HONG KONG SCIENCE & TECH
biomed,89537548,20230711,20240118,true,|SG,CN|US|WO,NAT UNIV SINGAPORE
biomed,89578106,20230711,20240125,false,|CN,CN|US,CENTRE FOR VIROLOGY VACCINOLOGY AND THERAPEUTICS LTD | CENTRO DE INVESTIG Y VACCINE SRL | UNIV HONG KONG
biomed,89618649,20230711,20240125,true,SG,WO,NAT UNIV SINGAPORE
biomed,89535617,20230712,20240118,false,CN,US|WO,THE HONG KONG POLYTECHNIC UNIV | UNIV HONG KONG POLYTECHNIC
biomed,89537553,20230712,20240118,true,SG,WO,UNIV NANYANG TECH
biomed,89537557,20230713,20240118,true,|SG,CN|EP|US|WO,TAN TOCK SENG HOSPITAL PTE LTD | UNIV NANYANG TECH
biomed,90244603,20230713,20240321,false,CN,US,UNIV HONG KONG
biomed,94214473,20230713,20250116,false,|CN,CN|WO,UNIV HONG KONG CHINESE
biomed,88654377,20230714,20231114,false,,CN,SHENZHEN BAY LABORATORY PINGSHAN BIOLOGY MEDICINE R&D AND TRANSLATION CENTER | UNIV HONG KONG SCIENCE & TECH
biomed,88663502,20230714,20231114,false,,CN,SHENZHEN BAY LABORATORY PINGSHAN BIOLOGY MEDICINE R&D AND TRANSLATION CENTER | UNIV HONG KONG SCIENCE & TECH
biomed,89535665,20230714,20240118,false,CN,WO,UNIV HONG KONG POLYTECHNIC
biomed,89537555,20230714,20240118,true,|SG,CN|WO,NAT UNIV SINGAPORE | SINGAPORE HEALTH SERV PTE LTD
biomed,88474303,20230717,20231031,false,,CN|JP,BEIJING NORMAL UNIV HONG KONG BAPTIST UNIV UNITED INT COLLEGE | BEIJING NORMAL UNIV HONG KONG BAPTIST UNIV UNITED INTERNATIONAL COLLEGE
biomed,88668255,20230718,20231114,false,,CN,NAT UNIV SINGAPORE | UNIV ZHEJIANG
biomed,94280969,20230718,20250123,false,|CN,CN|US|WO,UNIV HONG KONG SCIENCE & TECH
biomed,89707573,20230719,20240201,true,SG,WO,NAT UNIV SINGAPORE | WILMAR INTERNATIONAL LTD
biomed,89707220,20230721,20240201,true,|SG|US,WO,CARMINE THERAPEUTICS PTE LTD | HAUT JR DONALD DAVID | LAM BRENDA WAN SHING | LE MINH THI NGUYET | NAT UNIV SINGAPORE | PHAM TUAN THACH
biomed,88380208,20230724,20231024,true,|CN|SG,CN|WO,GUANGDONG ZHONGXIN INTELLIGENT REHABILITATION RES CO LTD | UNIV NANYANG TECH
biomed,88456072,20230724,20231027,false,,CN,THE UNIV OF HONG KONG SHENZHEN HOSPITAL
biomed,88883135,20230727,20231201,false,,CN,SHENZHEN INST OF ADV TECH CAS | UNIV HONG KONG POLYTECHNIC
biomed,89707580,20230727,20240201,true,SG,EP|US|WO,NAT UNIV SINGAPORE
biomed,89664519,20230728,20240201,true,|CA|HK,CN|US,CENTRE FOR EYE AND VISION RES LIMITED | EYE VISION RES CENTER LIMITED | THOMPSON BENJAMIN | THOMPSON BENJAMIN SIMON | UNIV HONG KONG POLYTECHNIC
biomed,89707583,20230728,20240201,true,|SG,CN|WO,UNIV NANYANG TECH
biomed,89848511,20230728,20240208,false,|CN,CN|US|WO,UNIV HONG KONG POLYTECHNIC
biomed,87929754,20230731,20230913,true,|DE|SG,GB,CONTINENTAL AUTOMOTIVE TECH GMBH | UNIV NANYANG TECH
biomed,88526020,20230731,20231103,true,|HK,CN|US,UNIV HONG KONG POLYTECHNIC
biomed,88235954,20230801,20231010,false,,CN,JOINT SHANTOU INTERNATIONAL EYE CENTER OF SHANTOU UNIV AND THE CHINESE UNIV OF HONG KONG
biomed,88660036,20230801,20231114,false,,CN,HONG KONG CHINESE UNIV SHENZHEN FUTIAN BIOLOGICAL MEDICINE INNOVATION RESEARCH AND DEVELOPMENT CENTE | UNIV CHINESE HONG KONG SHENZHEN
biomed,88660059,20230801,20231114,false,,CN,HONG KONG CHINESE UNIV SHENZHEN FUTIAN BIOLOGICAL MEDICINE INNOVATION RESEARCH AND DEVELOPMENT CENTE | UNIV CHINESE HONG KONG SHENZHEN
biomed,94525929,20230803,20250214,false,,CN,UNIV CORNELL | UNIV HONG KONG POLYTECHNIC
biomed,94531403,20230803,20250214,false,,CN,UNIV HONG KONG POLYTECHNIC
biomed,89849970,20230804,20240208,true,SG,EP|WO,UNIV NANYANG TECH
biomed,94515414,20230804,20250214,false,,CN,UNIV HONG KONG POLYTECHNIC
biomed,94533193,20230804,20250213,false,CN,WO,UNIV HONG KONG POLYTECHNIC
biomed,94481304,20230807,20250213,true,|HK,CN|US,UNIV CITY HONG KONG
biomed,94526008,20230807,20250214,false,,CN,UNIV HONG KONG POLYTECHNIC
biomed,89850962,20230810,20240215,true,|CN|HK,CN|US|WO,UNIV HONG KONG
biomed,89907517,20230810,20240222,false,CN,US,UNIV HONG KONG POLYTECHNIC
biomed,94625550,20230814,20250220,false,|CN,CN|WO,BAOLIAN BIOTECHNOLOGY CO LTD | BO INNOHEALTH BIOTECHNOLOGY COMPANY LTD | UNIV HONG KONG POLYTECHNIC
biomed,89942428,20230815,20240222,true,SG,WO,NAT UNIV SINGAPORE
biomed,90455367,20230815,20240328,true,SG,EP|WO,NAT UNIV SINGAPORE
biomed,88853895,20230817,20231128,false,,CN,GUANGDONG PHARMACEUTICAL UNIV HONG KONG HONG KONG BIOMEDICAL INNOVATION PLATFORM | UNIV GUANGDONG PHARM
biomed,89942437,20230818,20240222,true,|SG,CN|EP|KR|US|WO,NAT UNIV SINGAPORE
biomed,90142769,20230821,20240314,false,CN,US,CENTRE FOR TRANSLATIONAL STEM CELL BIOLOGY LTD | UNIV HONG KONG
biomed,90926810,20230821,20240509,true,HK,US,UNIV CITY HONG KONG
biomed,90012513,20230822,20240229,false,|CN,CN|US|WO,UNIV HONG KONG
biomed,94660919,20230822,20250225,false,,CN,UNIV CHINESE HONG KONG SHENZHEN
biomed,91402371,20230823,20240614,false,,CN,HONG KONG CHINESE UNIV SHENZHEN FUTIAN BIOLOGICAL MEDICINE INNOVATION RESEARCH AND DEVELOPMENT CENTE | UNIV CHINESE HONG KONG SHENZHEN
biomed,89365657,20230824,20240105,false,,CN,SHENZHEN INSTITUTE OF ARTIFICIAL INTELLIGENCE AND ROBOTICS FOR SOC | UNIV CHINESE HONG KONG SHENZHEN
biomed,90014175,20230824,20240229,true,|SG,CN|EP|KR|US|WO,NAT UNIV SINGAPORE
biomed,94731171,20230824,20250227,false,CN,WO,UNIV HONG KONG
biomed,90061517,20230825,20240307,false,CN,US,UNIV HONG KONG
biomed,94712374,20230828,20250228,false,,CN,NAT UNIV SINGAPORE | NUS SUZHOU RES INSTITUTE
biomed,90100472,20230829,20240307,true,|SG,CN|GB|WO,NAT UNIV SINGAPORE
biomed,94775512,20230829,20250306,false,CN,US,UNIV CITY HONG KONG
biomed,90100465,20230830,20240307,true,SG,WO,NAT UNIV SINGAPORE
biomed,94701255,20230831,20250228,false,,CN,NAT UNIV SINGAPORE | NUOER INDUSTRY UNIV RESEARCH TECHNOLOGY TONGXIANG WUZHEN CO LTD | NUS SUZHOU RES INSTITUTE
biomed,88453164,20230901,20231027,false,,CN,THE UNIV OF HONG KONG SHENZHEN HOSPITAL
biomed,90945944,20230901,20240510,false,|CN,CN|EP|KR|WO,HONG KONG CHINESE UNIV SHENZHEN FUTIAN BIOLOGICAL MEDICINE INNOVATION RESEARCH AND DEVELOPMENT CENTE | THE CHINESE UNIV OF HONG KONG SHENZHEN FUTIAN BIOMEDICAL INNOVATION R & D CENTER | UNIV CHINESE HONG KONG SHENZHEN
biomed,90192059,20230904,20240314,true,|CN|HK,CN|TW|WO,UNIV HONG KONG CHINESE
biomed,89999808,20230905,20240229,false,CN,US,UNIV HONG KONG
biomed,94800162,20230907,20250307,false,,CN,NAT UNIV SINGAPORE | NUOER INDUSTRY UNIV RESEARCH TECHNOLOGY TONGXIANG WUZHEN CO LTD | NUS SUZHOU RES INSTITUTE
biomed,94800443,20230907,20250307,false,,CN,NAT UNIV SINGAPORE | NUOER INDUSTRY UNIV RESEARCH TECHNOLOGY TONGXIANG WUZHEN CO LTD | NUS SUZHOU RES INSTITUTE
biomed,94802386,20230907,20250307,false,,CN,NAT UNIV SINGAPORE | NUOER INDUSTRY UNIV RESEARCH TECHNOLOGY TONGXIANG WUZHEN CO LTD | NUS SUZHOU RES INSTITUTE
biomed,94806132,20230907,20250307,false,,CN,NAT UNIV SINGAPORE | NUOER INDUSTRY UNIV RESEARCH TECHNOLOGY TONGXIANG WUZHEN CO LTD | NUS SUZHOU RES INSTITUTE
biomed,94807249,20230907,20250307,false,,CN,NAT UNIV SINGAPORE | NUOER INDUSTRY UNIV RESEARCH TECHNOLOGY TONGXIANG WUZHEN CO LTD | NUS SUZHOU RES INSTITUTE
biomed,90192762,20230908,20240314,true,SG,WO,NAT UNIV SINGAPORE
biomed,90275963,20230913,20240321,true,SG,WO,NAT UNIV SINGAPORE | WILMAR INTERNATIONAL LTD
biomed,90275964,20230913,20240321,true,SG,EP|US|WO,NAT UNIV HOSPITAL SINGAPORE PTE LTD | NAT UNIV SINGAPORE
biomed,90835468,20230913,20240502,false,CN,US,UNIV HONG KONG SCIENCE & TECH
biomed,90143059,20230914,20240315,true,|HK,CN|US,CENTRE FOR IMMUNOLOGY & INFECTION LTD | CENTRO DE INVESTIG Y INFECTIVES PTY LTD | UNIV HONG KONG
biomed,90275957,20230914,20240321,true,|SG,CN|WO,SINGAPORE HEALTH SERV PTE LTD | UNIV NANYANG TECH
biomed,94895280,20230914,20250314,false,|CN,CN|US,UNIV HONG KONG POLYTECHNIC
biomed,90155892,20230915,20240315,false,,CN,UNIV HONG KONG SCIENCE & TECH
biomed,88098485,20230919,20240321,false,|CN,CN|EP|US,UNIV HONG KONG SCIENCE & TECH
biomed,90471174,20230921,20240404,false,|CN,CN|US|WO,UNIV HONG KONG CHINESE
biomed,90895106,20230921,20240507,false,|CN,CN|US,THE EDUCATION UNIV OF HONG KONG | VERSITECH LTD
biomed,95067761,20230921,20250327,true,HK,US,UNIV CITY HONG KONG
biomed,95039544,20230922,20250325,false,|CN,CN|US,CITY UNIV OF HONG KONG SHENZHEN RESEARCH INSTITUTE | UNIV CITY HONG KONG
biomed,95067783,20230922,20250327,true,HK,US,ADVANCED BIOMEDICAL INSTRUMENTATION CENTRE LTD | CENTRE FOR VIROLOGY VACCINOLOGY AND THERAPEUTICS LTD | UNIV HONG KONG
biomed,95284419,20230922,20250410,true,HK,AU,ADVANCED BIOMEDICAL INSTRUMENTATION CENTRE LTD | CENTRE FOR VIROLOGY VACCINOLOGY AND THERAPEUTICS LIMITED | UNIV HONG KONG
biomed,89406862,20230926,20240109,false,,CN,SHENZHEN RESEARCH INSTITUTE THE CHINESE UNIV OF HONG KONG
biomed,88900856,20230928,20231201,false,,CN,JOINT SHANTOU INTERNATIONAL EYE CENTER OF SHANTOU UNIV AND THE CHINESE UNIV OF HONG KONG
biomed,90736864,20230928,20240425,false,|CN,CN|US|WO,UNIV HONG KONG SCIENCE & TECH
biomed,90736876,20230928,20240425,false,|CN,CN|US|WO,UNIV HONG KONG SCIENCE & TECH
biomed,88696404,20230929,20231115,true,|GB|SG,GB|WO,CAMBRIDGE ENTPR LTD | SINGAPORE MANAGEMENT UNIV
biomed,88585313,20231003,20240411,true,SG|US,EP|WO,MASSACHUSETTS INST TECHNOLOGY | SINGAPORE MIT ALLIANCE FOR RESEARCH & TECH CENTRE | UNIV NANYANG TECH
biomed,90608762,20231003,20240411,true,|SG|US,CN|US|WO,INSTITUTE OF TECH SINGAPORE MASSACHUSETTS INSTITUTE OF RESEARCH AND TECH | MASSACHUSETTS INST OF TECHNOLOGY | MASSACHUSETTS INST TECHNOLOGY | SINGAPORE MIT ALLIANCE FOR RESEARCH AND TECH | SINGAPORE MIT ALLIANCE FOR RESEARCH AND TECH CENTRE | UNIV NANYANG TECH
biomed,90609102,20231003,20240411,true,|SG,CN|EP|US|WO,NAT UNIV SINGAPORE
biomed,90575193,20231004,20240411,true,HK,US,UNIV CITY HONG KONG
biomed,90609095,20231005,20240411,true,SG,WO,NAT UNIV SINGAPORE
biomed,90607579,20231007,20240411,true,|CN|HK,AU|CN|EP|WO,HONG KONG CENTER FOR NEURODEGENERATIVE DISEASES LTD | HONG KONG NEURODETIC CENTER LTD | UNIV HONG KONG SCIENCE & TECH
biomed,90668794,20231009,20240418,false,CN,WO,UNIV HONG KONG POLYTECHNIC
biomed,95253509,20231009,20250410,false,|CN,CN|US|WO,UNIV HONG KONG POLYTECHNIC
biomed,89274968,20231010,20240102,false,,CN,SHENZHEN RESEARCH INSTITUTE THE HONG KONG POLYTECHNIC UNIV
biomed,89586472,20231010,20240126,false,,CN,THE HONG KONG UNIV OF SCIENCE AND TECHNOLOGY GUANGZHOU
biomed,90668772,20231010,20240418,false,|CN,CN|WO,UNIV HONG KONG CHINESE
biomed,95253754,20231010,20250410,false,CN,US,UNIV HONG KONG POLYTECHNIC
biomed,89914063,20231011,20240223,false,,CN,GUANGDONG WEIREN MEDICAL TECH CO LTD | HKUST LED FPD TECH R & D CENTER AT FOSHAN | WEIREN MEDICAL FOSHAN CO LTD | WEIZHI MEDICAL TECH FOSHAN CO LTD
biomed,90669764,20231011,20240418,true,SG,US|WO,NAT UNIV SINGAPORE
biomed,90670384,20231011,20240418,true,SG,WO,NAT UNIV SINGAPORE
biomed,90670388,20231012,20240418,true,SG,WO,NAT UNIV SINGAPORE
biomed,90929695,20231013,20240510,false,|CN,CN|WO,UNIV HONG KONG
biomed,95341514,20231013,20250417,false,CN,US|WO,UNIV CITY HONG KONG | UNIV HONG KONG POLYTECHNIC
biomed,91033674,20231016,20240516,true,|SG,CN|US|WO,AGENCY SCIENCE TECH & RES | UNIV NANYANG TECH
biomed,89943270,20231019,20240227,false,,CN,UNIV CHINESE HONG KONG SHENZHEN
biomed,95389897,20231019,20250422,false,,CN,UNIV HONG KONG POLYTECHNIC
biomed,95447630,20231019,20250424,false,CN,WO,UNIV HONG KONG POLYTECHNIC
biomed,90738579,20231020,20240425,true,SG,TW|WO,NAT UNIV SINGAPORE
biomed,90079706,20231023,20240308,false,,CN,UNIV CHINESE HONG KONG SHENZHEN
biomed,91716392,20231023,20240704,false,|CN,CN|WO,UNIV HONG KONG BAPTIST UNIV
biomed,95401996,20231024,20250424,true,|HK,CN|US,UNIV CITY HONG KONG
biomed,91029319,20231025,20240516,false,CN,US,UNIV CITY HONG KONG
biomed,90831568,20231026,20240502,true,|CN|SG,CN|US|WO,NAT UNIV SINGAPORE | UNIV SHANGHAI JIAOTONG
biomed,95485229,20231026,20250501,false,CN,US|WO,UNIV HONG KONG CHINESE
biomed,89490413,20231027,20240116,false,,CN,PKU HKUST SHENZHEN HONGKONG INST | UNIV PEKING SHENZHEN GRADUATE SCHOOL
biomed,90830110,20231027,20240502,false,|CN,CN|WO,PINGSHAN TRANSLATIONAL MEDICINE CENTER SHENZHEN BAY LABORATORY | SHENZHEN BAY LABORATORY PINGSHAN BIOLOGY MEDICINE R&D AND TRANSLATION CENTER | UNIV HONG KONG SCIENCE & TECH
biomed,90830130,20231027,20240502,false,|CN,CN|WO,PINGSHAN TRANSLATIONAL MEDICINE CENTER SHENZHEN BAY LABORATORY | SHENZHEN BAY LABORATORY PINGSHAN BIOLOGY MEDICINE R&D AND TRANSLATION CENTER | UNIV HONG KONG SCIENCE & TECH
biomed,90832146,20231027,20240502,true,|SG,CN|US|WO,UNIV NANYANG TECH
biomed,95514885,20231027,20250501,false,CN,WO,PINGSHAN TRANSLATIONAL MEDICINE CENTER SHENZHEN BAY LABORATORY | UNIV HONG KONG SCIENCE & TECH
biomed,90799128,20231031,20240430,false,|CN,CN|US,UNIV HONG KONG SCIENCE & TECH
biomed,89637372,20231101,20240130,false,,CN,UNIV HONG KONG POLYTECHNIC
biomed,89524538,20231102,20240119,false,,CN,UNIV HONG KONG SCIENCE & TECH
biomed,90083519,20231102,20240308,false,,CN,GUANGDONG PHARMACEUTICAL UNIV HONG KONG HONG KONG BIOMEDICAL INNOVATION PLATFORM | UNIV GUANGDONG PHARM
biomed,89486925,20231103,20240116,false,|CN,CN|WO,UNIV CHINESE HONG KONG SHENZHEN
biomed,91028781,20231103,20240516,true,HK,US,UNIV CITY HONG KONG
biomed,95543622,20231103,20250506,false,|CN,CN|US|WO,UNIV HONG KONG POLYTECHNIC
biomed,89321942,20231106,20240510,false,CN|US,US|WO,GENKARDIA INC | UNIV HONG KONG CHINESE
biomed,89757796,20231106,20240206,false,,CN,PEKING UNIV SHENZHEN HOSPITAL PEKING UNIV SHENZHEN CLINIC MEDICAL COLLEGE | SHENZHEN PKU HKUST MEDICAL CENTER
biomed,89221815,20231107,20231222,false,,CN,UNIV CHINESE HONG KONG SHENZHEN
biomed,89750565,20231107,20240206,false,,CN,UNIV HONG KONG POLYTECHNIC
biomed,90949181,20231107,20240510,false,,CN,UNIV HONG KONG CHINESE
biomed,91085587,20231107,20240523,true,SG,WO,NAT UNIV SINGAPORE
biomed,91033675,20231109,20240516,true,|SG,CN|WO,UNIV NANYANG TECH
biomed,91029094,20231110,20240516,true,SG,US,UNIV NANYANG TECH
biomed,91033676,20231110,20240516,true,SG,TW|WO,NAT UNIV SINGAPORE
biomed,89677923,20231113,20240202,false,,CN,SHENZHEN INSTITUTE OF ARTIFICIAL INTELLIGENCE AND ROBOTICS FOR SOC | UNIV CHINESE HONG KONG SHENZHEN
biomed,91085589,20231114,20240523,true,|SG,CN|EP|WO,UNIV NANYANG TECH
biomed,91085590,20231114,20240523,true,SG,US|WO,NAT UNIV SINGAPORE
biomed,91085592,20231114,20240523,true,SG,WO,UNIV NANYANG TECH
biomed,91085595,20231114,20240523,true,|SG,CN|WO,UNIV NANYANG TECH
biomed,91085596,20231114,20240523,true,|SG,AU|CN|WO,NAT UNIV SINGAPORE
biomed,91730981,20231114,20240709,false,|CN,CN|US,CITY UNIV OF HONG KONG SHENZHEN FUTIAN RESEARCH INSTITUTE | SHENZHEN FUTIAN RESEARCH INSTITUTE CITY UNIV OF HONG KONG
biomed,95666603,20231114,20250516,false,,CN,UNIV CITY HONG KONG
biomed,89789388,20231115,20240209,false,,CN,UNIV CHINESE HONG KONG SHENZHEN
biomed,91085586,20231115,20240523,true,SG,WO,UNIV NANYANG TECH
biomed,95661346,20231116,20250516,false,,CN,PKU HKUST SHENZHEN HONGKONG INST
biomed,95673763,20231116,20250516,false,,CN,PKU HKUST SHENZHEN HONGKONG INST
biomed,91083906,20231117,20240523,false,CN,US|WO,UNIV HONG KONG CHINESE
biomed,91196707,20231117,20240530,true,|FR|SG,CN|EP|WO,AGENCY SCIENCE TECH & RES | AGRONOMIQUE INST NAT RECH | CENTRE NAT RECH SCIENT | CNRS@CREATE | INSTITUT NAT DES SCIENCES APPLIQUEES DE TOULOUSE | INSTITUT NAT DES SCIENCES APPLIQUEES DE TOULOUSE INSA TOULOUSE | INSTITUT NATIONAL DE LA RECH POUR LAGRICULTURE LALIMENTATION ET LENVIRONNEMENT | INSTITUT NATIONAL DE RECH POUR LAGRICULTURE LALIMENTATION ET LENVIRONNEMENT | NAT UNIV SINGAPORE
biomed,90044361,20231121,20240305,false,,CN,SHENZHEN RESEARCH INSTITUTE THE HONG KONG POLYTECHNIC UNIV
biomed,91195280,20231121,20240530,true,CN|HK,US|WO,CENTRE FOR EYE AND VISION RES LIMITED | UNIV HONG KONG POLYTECHNIC
biomed,89741719,20231122,20240206,false,,CN,THE UNIV OF HONG KONG SHENZHEN HOSPITAL
biomed,91196709,20231122,20240530,true,AU|SG,WO,UNIV QUEENSLAND TECHNOLOGY | UNIV SINGAPORE TECHNOLOGY & DESIGN
biomed,90148828,20231123,20240315,false,,CN,SHENZHEN PKU HKUST MEDICAL CENTER
biomed,90157909,20231123,20240315,false,,CN,SHENZHEN PKU HKUST MEDICAL CENTER
biomed,95746939,20231127,20250527,false,,CN,UNIV CHINESE HONG KONG SHENZHEN
biomed,95897471,20231127,20250605,true,SG,WO,NAT UNIV SINGAPORE
biomed,91160317,20231128,20240528,true,|CN|SG,CN|WO,NAT UNIV SINGAPORE | UNIV TIANJIN
biomed,91325104,20231128,20240606,true,SG,WO,NAT UNIV SINGAPORE
biomed,95788414,20231128,20250530,true,|CN|SG,CN|WO,NAT UNIV SINGAPORE | UNIV TIANJIN
biomed,95801070,20231128,20250529,false,|CN,CN|US,UNIV HONG KONG POLYTECHNIC
biomed,95802942,20231128,20250530,true,|CN|SG,CN|WO,NAT UNIV SINGAPORE | UNIV TIANJIN
biomed,90022930,20231129,20240301,false,,CN,UNIV CHINESE HONG KONG SHENZHEN
biomed,90587325,20231129,20240412,false,,CN,UNIV HONG KONG SCIENCE & TECH
biomed,95861825,20231130,20250605,true,HK,US,UNIV CITY HONG KONG
biomed,90017843,20231201,20240301,false,,CN,HONG KONG CHINESE UNIV OF HONG KONG SHENGANG INNOVATION RESEARCH INSTITUTE FUTIAN
biomed,90804528,20231201,20240430,false,,CN,HONG KONG CHINESE UNIV OF HONG KONG SHENGANG INNOVATION RESEARCH INSTITUTE FUTIAN
biomed,91325102,20231201,20240606,true,SG,WO,NAT UNIV SINGAPORE
biomed,91325103,20231201,20240606,true,IN|SG,WO,NAT UNIV SINGAPORE | UNIV OF MYSORE
biomed,95851199,20231201,20250603,true,|HK,CN|US,UNIV CITY HONG KONG
biomed,95861970,20231204,20250605,false,|CN,CN|US,UNIV HONG KONG | ZHONGSHAN OPHTHALMIC CT SUN YAT SEN UNIV
biomed,89954579,20231206,20240227,false,,CN|JP,BEIJING NORMAL UNIV HONG KONG BAPTIST UNIV UNITED INT COLLEGE | BEIJING NORMAL UNIV HONG KONG BAPTIST UNIV UNITED INTERNATIONAL COLLEGE
biomed,89627699,20231208,20240130,false,,CN,THE UNIV OF HONG KONG SHENZHEN HOSPITAL
biomed,95914479,20231208,20250610,false,,CN,NAT UNIV SINGAPORE | NUS SUZHOU RES INSTITUTE
biomed,91380403,20231211,20240613,true,SG,WO,NAT UNIV HOSPITAL SINGAPORE PTE LTD | NAT UNIV SINGAPORE
biomed,95020844,20231211,20250320,false,CN,WO,UNIV HONG KONG CHINESE
biomed,90161825,20231212,20240315,false,,CN,SHENZHEN PKU HKUST MEDICAL CENTER
biomed,90156464,20231213,20240315,false,,CN,GUANGZHOU TIJIE TECH CO LTD | THE HONG KONG UNIV OF SCIENCE AND TECHNOLOGY GUANGZHOU
biomed,91474658,20231213,20240620,false,CN,US,UNIV HONG KONG CHINESE
biomed,96023451,20231213,20250619,false,CN,US,UNIV HONG KONG
biomed,91474673,20231214,20240620,false,CN,US,UNIV HONG KONG
biomed,91486366,20231214,20240620,true,SG,AU|WO,SIIX AGT MEDTECH PTE LTD | SINGAPORE HEALTH SERV PTE LTD | UNIV SINGAPORE TECHNOLOGY & DESIGN
biomed,89818514,20231218,20240213,false,,CN,LUNALER HEALTH TECH CO LTD | UNIV HONG KONG POLYTECHNIC
biomed,91590251,20231218,20240627,true,|SG,CN|US|WO,NAT UNIV SINGAPORE
biomed,96021819,20231218,20250417,false,|CN,CN|US,UNIV HONG KONG POLYTECHNIC
biomed,89920223,20231220,20240223,false,,CN,SHANGHAI CHILDRENS HOSPITAL | THE EDUCATION UNIV OF HONG KONG
biomed,91587774,20231220,20240627,true,|GB|SG,CN|EP|US|WO,CLEGG RICHARD IAN | NAT UNIV SINGAPORE
biomed,91590249,20231220,20240627,true,SG,WO,NAT UNIV SINGAPORE
biomed,90591113,20231222,20240412,false,,CN,HKUST SHENZHEN RES INSTITUTE
biomed,90687006,20231222,20240419,false,,CN,HKUST SHENZHEN RES INSTITUTE
biomed,91667587,20231222,20240704,false,CN,US,UNIV HONG KONG SCIENCE & TECH
biomed,91680825,20231222,20240705,false,,CN,UNIV HONG KONG SCIENCE & TECH
biomed,96096998,20231222,20250626,false,|CN,AU|JP|US,CHINESE UNIV OF HONGKONG | UNIV HONG KONG CHINESE
biomed,91716664,20231227,20240704,false,|CN,CN|US|WO,UNIV HONG KONG SCIENCE & TECH
biomed,96112500,20231227,20250627,true,|CN|SG,CN|WO,HUAWEI TECH CO LTD | NAT UNIV SINGAPORE
biomed,91716653,20231228,20240704,false,|CN,CN|US|WO,UNIV HONG KONG SCIENCE & TECH
biomed,91776889,20231228,20240712,true,|CN|HK,CN|US,THE EDUCATION UNIV OF HONG KONG | WUXI NINTH PEOPLE’S HOSPITAL AFFILIATED TO SOOCHOW UNIV | WUXI NO 9 PEOPLES HOSPITAL
biomed,96160830,20231228,20250701,true,|HK,CN|US,UNIV CITY HONG KONG
biomed,91716554,20231229,20240704,false,CN,WO,UNIV HONG KONG POLYTECHNIC | VERSITECH LTD
biomed,96174633,20240103,20250703,false,CN,US,UNIV HONG KONG CHINESE
biomed,89905726,20240104,20240711,true,SG,WO,MIRXES LAB PTE LTD | NAT UNIV HOSPITAL SINGAPORE PTE LTD | NAT UNIV SINGAPORE
biomed,89901511,20240105,20240221,false,|CN,GB,CHINESE UNIV OF HONG KONG | CYTOMICS LTD | UNIV HONG KONG CHINESE
biomed,91723270,20240105,20240709,true,|HK,CN|US,UNIV CITY HONG KONG
biomed,91804439,20240105,20240711,true,|SG,CN|WO,NAT UNIV HOSPITAL SINGAPORE PTE LTD | NAT UNIV SINGAPORE
biomed,90160896,20240106,20240315,false,,CN,THE UNIV OF HONG KONG SHENZHEN HOSPITAL
biomed,91723301,20240108,20240709,false,|CN,CN|US,UNIV HONG KONG SCIENCE & TECH
biomed,91897890,20240109,20240718,false,|CN|US,CN|WO,UNIV CHICAGO | UNIV HONG KONG BAPTIST UNIV
biomed,90366534,20240111,20240718,true,|SG,AU|CN|EP|KR|WO,NAT UNIV SINGAPORE
biomed,90957245,20240112,20240510,false,,CN,UNIV HONG KONG SCIENCE & TECH
biomed,91855611,20240112,20240718,true,|CN|HK,CN|EP|US|WO,UNIV HONG KONG
biomed,91897779,20240112,20240718,true,|CN|HK,CN|TW|WO,GENIEBIOME LTD | JINGJIN MICROBIAL TECH CO LTD | UNIV HONG KONG CHINESE
biomed,91897926,20240112,20240718,true,|SG,CN|US|WO,NAT UNIV SINGAPORE
biomed,96335974,20240112,20250715,false,,CN,SHENZHEN FUTIAN RESEARCH INSTITUTE CITY UNIV OF HONG KONG
biomed,92120539,20240115,20240808,true,HK,US,UNIV CITY HONG KONG
biomed,91955282,20240116,20240725,false,|CN,CN|KR|WO,UNIV HONG KONG POLYTECHNIC
biomed,92263600,20240116,20240815,true,CH|SG,EP|US|WO,ETH ZUERICH | UNIV NANYANG TECH
biomed,91955294,20240117,20240725,true,CN|SG,WO,NAT UNIV SINGAPORE | UNIV TSINGHUA
biomed,96347708,20240117,20250717,false,CN,US,INNOVATION TECH COMPANY LIMITED | INNOVATION TECHNOLOGY CO LIMITED | THE EDUCATION UNIV OF HONG KONG | UNIV HONG KONG POLYTECHNIC
biomed,96360557,20240117,20250718,false,,CN,UNIV HONG KONG
biomed,90862739,20240118,20240503,false,,CN,THE UNIV OF HONG KONG SHENZHEN HOSPITAL
biomed,91971247,20240118,20240802,true,SG,WO,AGENCY SCIENCE TECH & RES | NAT UNIV SINGAPORE
biomed,90517471,20240119,20240405,true,|CN|SG,CN|WO,GUANGDONG ZHONGXIN INTELLIGENT REHABILITATION RES CO LTD | UNIV NANYANG TECH
biomed,91951833,20240119,20240725,false,CN,US,UNIV HONG KONG POLYTECHNIC
biomed,90994188,20240123,20240514,false,,CN,SHENZHEN INSTITUTE OF ARTIFICIAL INTELLIGENCE AND ROBOTICS FOR SOC | UNIV CHINESE HONG KONG SHENZHEN
biomed,91241383,20240124,20240604,false,,CN,SHENZHEN RESEARCH INSTITUTE THE HONG KONG POLYTECHNIC UNIV
biomed,91636880,20240124,20240702,false,,CN,SHENZHEN RESEARCH INSTITUTE THE HONG KONG POLYTECHNIC UNIV
biomed,90770114,20240126,20240426,false,|CN,CN|WO,HKBU INSTITUTE OF RES AND CONTINUING EDUCATION | INSTITUTE FOR RESEARCH AND CONTINUING EDUCATION HONG KONG BAPTIST UNIV
biomed,91971246,20240126,20240802,true,|SG,CN|EP|US|WO,SINGAPORE HEALTH SERV PTE LTD | UNIV NANYANG TECH
biomed,91001492,20240130,20240514,false,|CN,CN|EP,BEIJING NORMAL UNIV HONG KONG BAPTIST UNIV UNITED INTERNATIONAL COLLEGE
biomed,91964274,20240130,20240801,true,HK,US,UNIV CITY HONG KONG
biomed,92147636,20240130,20240808,true,SG,WO,NAT UNIV SINGAPORE | SINGAPORE HEALTH SERV PTE LTD
biomed,96589368,20240130,20250807,false,CN,WO,PKU HKUST SHENZHEN HONGKONG INST
biomed,91963301,20240131,20240801,false,|CN,CN|US,UNIV HONG KONG
biomed,92043544,20240202,20240806,false,|CN,CN|US,UNIV HONG KONG
biomed,94976250,20240202,20250320,true,|HK,CN|US,UNIV CITY HONG KONG
biomed,90951581,20240205,20240510,false,|CN,CN|WO,PKU HKUST SHENZHEN HONGKONG INST
biomed,90955562,20240205,20240510,false,|CN,CN|WO,PKU HKUST SHENZHEN HONGKONG INST
biomed,90957448,20240205,20240510,false,|CN,CN|WO,PKU HKUST SHENZHEN HONGKONG INST
biomed,92262021,20240205,20240815,false,CN,WO,UNIV HONG KONG
biomed,96642755,20240205,20250812,false,,CN,UNIV HONG KONG CHINESE
biomed,90958092,20240206,20240510,false,,CN,THE UNIV OF HONG KONG SHENZHEN HOSPITAL
biomed,92237178,20240206,20240816,false,|CN,CN|US,UNIV HONG KONG CHINESE
biomed,92262054,20240206,20240815,false,|CN,CN|WO,UNIV HONG KONG SCIENCE & TECH
biomed,92263601,20240206,20240815,true,SG,WO,NAT UNIV HOSPITAL SINGAPORE PTE LTD | NAT UNIV SINGAPORE
biomed,92263597,20240207,20240815,true,|SG,CN|EP|US|WO,AGENCY SCIENCE TECH & RES | NAT UNIV HOSPITAL SINGAPORE PTE LTD | NAT UNIV SINGAPORE | NATIONAL UNIV HOSPITAL S PTE LTD
biomed,92186701,20240208,20240813,false,|CN,CN|US,UNIV HONG KONG CHINESE
biomed,92501736,20240208,20240829,true,|SG,CN|WO,NAT UNIV SINGAPORE
biomed,95341314,20240209,20250417,false,|CN,CN|US,UNIV CITY HONG KONG
biomed,92422251,20240213,20240822,true,SG,WO,NAT UNIV HOSPITAL SINGAPORE PTE LTD | NAT UNIV SINGAPORE
biomed,96673905,20240215,20250815,false,|CN,CN|US,UNIV CITY HONG KONG
biomed,92305136,20240216,20240822,false,CN,US,UNIV HONG KONG CHINESE
biomed,95736948,20240216,20250523,true,|CN|HK,AU|CN|JP|KR|TW,UNIV HONG KONG | UNIV OF HONG KONG | ZERO BIOTECH CO LTD | ZERO BIOTECH COMPANY LTD | ZHIHE BIOTECHNOLOGY CO LTD
biomed,92422172,20240218,20240822,false,|CN,CN|WO,UNIV HONG KONG
biomed,92501723,20240220,20240829,false,|CN,CN|WO,UNIV HONG KONG SCIENCE & TECH
biomed,96740658,20240221,20250821,false,|CN,CN|US,UNIV HONG KONG CHINESE | UNIV HONG KONG POLYTECHNIC
biomed,92501734,20240222,20240829,true,SG,WO,NAT UNIV HOSPITAL SINGAPORE PTE LTD | NAT UNIV SINGAPORE
biomed,92589145,20240222,20240906,false,|CN,CN|US|WO,UNIV HONG KONG POLYTECHNIC | UNIV OF HONG KONG VERSITECH LIMITED | VERSITECH LTD
biomed,90770331,20240223,20240426,false,,CN,SHENZHEN INSTITUTE OF RESEARCH AND INNOVATION THE UNIV OF HONG KONG
biomed,91349729,20240226,20240611,false,,CN,SHENZHEN INSTITUTE OF ARTIFICIAL INTELLIGENCE AND ROBOTICS FOR SOC | UNIV CHINESE HONG KONG SHENZHEN
biomed,92590312,20240227,20240906,true,CN|SG,WO,NAT UNIV SINGAPORE | OCEAN UNIV CHINA
biomed,96829261,20240227,20250829,false,,CN,HONG KONG CHINESE UNIV SHENZHEN FUTIAN BIOLOGICAL MEDICINE INNOVATION RESEARCH AND DEVELOPMENT CENTE | UNIV CHINESE HONG KONG SHENZHEN
biomed,96814317,20240228,20250829,false,,CN,SIMATELEX MANUFACTORY CO LTD | UNIV HONG KONG POLYTECHNIC
biomed,96828526,20240228,20250829,false,,CN,UNIV CHINESE HONG KONG SHENZHEN
biomed,93465263,20240229,20241121,true,|HK,CN|US,CENTRE FOR EYE AND VISION RES LIMITED | EYE VISION RES CENTER LIMITED | UNIV HONG KONG POLYTECHNIC
biomed,92590327,20240301,20240906,true,|BE|SG,CN|EP|WO,UNIV BRUSSEL VRIJE | UNIV NANYANG TECH
biomed,92590334,20240301,20240906,true,SG,WO,AGENCY SCIENCE TECH & RES | UNIV NANYANG TECH
biomed,92675606,20240301,20240912,true,SG,WO,NAT UNIV SINGAPORE
biomed,92714709,20240301,20240919,true,HK,US,UNIV CITY HONG KONG
biomed,96881657,20240301,20250904,true,HK,US,UNIV CITY HONG KONG
biomed,91294043,20240304,20240607,false,,CN,CHANGZHI MEDICAL COLLEGE | THE HONG KONG UNIV OF SCIENCE AND TECHNOLOGY GUANGZHOU
biomed,91410850,20240304,20240614,false,,CN,CHANGZHI MEDICAL COLLEGE | THE HONG KONG UNIV OF SCIENCE AND TECHNOLOGY GUANGZHOU
biomed,96887545,20240305,20250905,false,,CN,THE THIRD XIANGYA HOSPITAL OF CENTRAL SOUTH UNIV | UNIV HONG KONG POLYTECHNIC
biomed,96989967,20240305,20250916,false,,CN,UNIV HONG KONG CHINESE
biomed,92636068,20240306,20240912,false,CN,US,UNIV HONG KONG
biomed,92636520,20240306,20240912,false,CN,US,UNIV HONG KONG CHINESE
biomed,96929188,20240306,20250909,false,,CN,UNIV HONG KONG POLYTECHNIC
biomed,96931413,20240306,20250909,false,|CN,CN|US,UNIV HONG KONG POLYTECHNIC
biomed,92675621,20240307,20240912,true,|SG,CN|WO,UNIV NANYANG TECH
biomed,91294597,20240308,20240607,false,,CN,SHENZHEN FUTIAN RESEARCH INSTITUTE CITY UNIV OF HONG KONG
biomed,92984981,20240308,20241015,false,,CN,SYNTHETIC CHEMISTRY AND MOLECULAR BIOLOGY LTD | UNIV HONG KONG
biomed,96948770,20240308,20250911,false,CN,US,UNIV HONG KONG
biomed,90853257,20240311,20240503,false,,CN,BEIJING NORMAL UNIV HONG KONG BAPTIST UNIV UNITED INTERNATIONAL COLLEGE
biomed,92714660,20240311,20240919,false,CN,US,UNIV HONG KONG SCIENCE & TECH
biomed,96972242,20240311,20250912,false,,CN,UNIV HONG KONG POLYTECHNIC
biomed,94895248,20240312,20250314,false,,CN,UNIV HONG KONG POLYTECHNIC
biomed,96643044,20240312,20250812,false,|CN,CN|US,CITY UNIV OF HONG KONG SHENZHEN RESEARCH INSTITUTE | UNIV CITY HONG KONG
biomed,90768621,20240313,20240426,false,,CN,JOINT SHANTOU INTERNATIONAL EYE CENTER OF SHANTOU UNIV AND THE CHINESE UNIV OF HONG KONG
biomed,94922856,20240313,20250313,true,|CN|HK,CN|EP|WO,UNIV HONG KONG
biomed,92754334,20240314,20240919,false,|CN,CN|WO,UNIV HONG KONG SCIENCE & TECH
biomed,92754345,20240314,20240919,true,|CN|HK,CN|EP|WO,UNIV HONG KONG
biomed,92756356,20240314,20240919,true,|CN|HK,CN|US|WO,UNIV HONG KONG
biomed,92869628,20240314,20241001,false,,CN,UNIV HONG KONG POLYTECHNIC
biomed,91151582,20240315,20240528,false,,CN,LUNALER HEALTH TECH CO LTD | UNIV HONG KONG POLYTECHNIC
biomed,91161406,20240315,20240528,false,,CN,LUNALER HEALTH TECH CO LTD | UNIV HONG KONG POLYTECHNIC
biomed,92714650,20240315,20240919,false,|CN,CN|US,UNIV HONG KONG SCIENCE & TECH
biomed,92907638,20240315,20241003,true,|SG,CN|US|WO,NAT UNIV SINGAPORE
biomed,97029821,20240318,20250918,true,HK,US,UNIV CITY HONG KONG
biomed,91164555,20240319,20240528,false,,CN,THE UNIV OF HONG KONG SHENZHEN HOSPITAL
biomed,91764992,20240319,20240712,false,,CN,SHENZHEN INSTITUTE OF ARTIFICIAL INTELLIGENCE AND ROBOTICS FOR SOC | UNIV CHINESE HONG KONG SHENZHEN
biomed,92465951,20240319,20240830,false,,CN,SHENZHEN INSTITUTE OF ARTIFICIAL INTELLIGENCE AND ROBOTICS FOR SOC | UNIV CHINESE HONG KONG SHENZHEN
biomed,97105583,20240319,20250925,true,HK,US,UNIV HONG KONG
biomed,92840924,20240320,20240926,true,|CN|HK,CN|TW|WO,UNIV HONG KONG CHINESE
biomed,92897393,20240321,20241003,true,HK,US,UNIV HONG KONG
biomed,97106127,20240321,20250925,true,HK,US,THE EDUCATION UNIV OF HONG KONG
biomed,91300404,20240322,20240607,false,,CN,SHENZHEN INSTITUTE OF ARTIFICIAL INTELLIGENCE AND ROBOTICS FOR SOC | UNIV CHINESE HONG KONG SHENZHEN
biomed,97184306,20240326,20251003,false,,CN,UNIV HONG KONG CHINESE
biomed,92907627,20240327,20241003,true,SG,WO,NAT UNIV SINGAPORE
biomed,92907642,20240327,20241003,true,|SG,CN|WO,NAT UNIV SINGAPORE | SINGAPORE HEALTH SERV PTE LTD
biomed,97167409,20240327,20250930,false,,CN,CENTRO DE INVESTIG Y VACCINE SRL | KUNMING INST ZOOLOGY CAS | UNIV GUANGZHOU CHINESE MEDICINE | UNIV HONG KONG | UNIV HONG KONG BAPTIST UNIV
biomed,92156709,20240328,20240809,false,,CN,SHENZHEN INSTITUTE OF ARTIFICIAL INTELLIGENCE AND ROBOTICS FOR SOC | UNIV CHINESE HONG KONG SHENZHEN
biomed,92907635,20240328,20241003,true,SG,WO,NAT UNIV SINGAPORE
biomed,95633697,20240328,20250513,true,|HK,CN|US,UNIV CITY HONG KONG
biomed,97165075,20240328,20250930,false,,CN,UNIV CHINESE HONG KONG SHENZHEN
biomed,92903399,20240329,20241003,true,|CN|HK,CN|EP|WO,UNIV HONG KONG CHINESE
biomed,93380925,20240329,20241114,true,HK,US,UNIV CITY HONG KONG | UNIV HONG KONG
biomed,97168080,20240329,20250930,true,|HK,CN|US,UNIV HONG KONG POLYTECHNIC
biomed,92907623,20240401,20241003,true,|SG,CN|EP|WO,SINGAPORE HEALTH SERV PTE LTD | UNIV NANYANG TECH
biomed,91883279,20240402,20240719,false,,CN,THE HONG KONG UNIV OF SCIENCE AND TECHNOLOGY GUANGZHOU
biomed,93898720,20240403,20241224,true,|HK,CN|US,UNIV CITY HONG KONG
biomed,92973222,20240405,20241010,true,SG,WO,UNIV NANYANG TECH
biomed,97233368,20240405,20251009,false,|CN,CN|US,UNIV HONG KONG POLYTECHNIC
biomed,93060311,20240408,20241017,true,SG,WO,NAT UNIV SINGAPORE
biomed,93058941,20240409,20241017,false,|CN,CN|WO,UNIV HONG KONG SCIENCE & TECH
biomed,93024546,20240410,20241018,false,,CN,UNIV HONG KONG
biomed,97308839,20240410,20251017,false,,CN,UNIV CHINESE HONG KONG SHENZHEN
biomed,93059918,20240411,20241017,true,CN|SG,WO,NAT UNIV SINGAPORE | UNIV PEKING SHENZHEN HOSPITAL
biomed,93465304,20240411,20241121,true,HK,US,UNIV CITY HONG KONG
biomed,97373808,20240411,20251021,false,,CN,UNIV CHINESE HONG KONG SHENZHEN
biomed,91030220,20240412,20241017,true,DE|SG|US,EP|WO,BioNTech SE | NAT UNIV SINGAPORE | UNIV CALIFORNIA
biomed,93058778,20240412,20241017,true,|CN|HK,AU|CN|EP|KR|WO,HONG KONG CENTER FOR NEURODEGENERATIVE DISEASES LTD | HONG KONG NEURODETIC CENTER LTD | THE HONGKONG UNIV OF SCIENCE & TECHNOLOGY | UNIV HONG KONG SCIENCE & TECH
biomed,93632559,20240415,20241203,false,|CN,CN|US,UNIV HONG KONG SCIENCE & TECH
biomed,95447744,20240415,20250424,false,|CN,AU|CN|WO,UNIV HONG KONG CHINESE
biomed,92281779,20240416,20240820,false,,CN,THE UNIV OF HONG KONG SHENZHEN HOSPITAL
biomed,93152041,20240416,20241024,false,|CN,CN|WO,UNIV HONG KONG CHINESE
biomed,93151965,20240417,20241024,true,|CN|HK,CN|TW|WO,UNIV HONG KONG
biomed,93216916,20240417,20241031,false,|CN,CN|US,GUANGDONG PROVINCIAL LABORATORY OF SOUTHERN MARINE SCIENCE AND ENG GUANGZHOU | SOUTHERN MARINE SCIENCE AND ENG GUANGDONG LABORATORY GUANGZHOU | UNIV HONG KONG SCIENCE & TECH
biomed,91763607,20240418,20240712,false,,CN,THE UNIV OF HONG KONG SHENZHEN HOSPITAL
biomed,93152013,20240418,20241024,true,|CN|HK,CN|EP|WO,LABORATORY FOR SYNTHETIC CHEMISTRY AND CHEMICAL BIOLOGY LTD | SYNTHETIC CHEMISTRY AND MOLECULAR BIOLOGY LTD | UNIV HONG KONG
biomed,93152038,20240418,20241024,false,|CN,CN|WO,UNIV HONG KONG CHINESE
biomed,93152057,20240418,20241024,false,|CN,CN|WO,UNIV HONG KONG SCIENCE & TECH
biomed,97395703,20240418,20251024,false,,CN,UNIV HONG KONG POLYTECHNIC
biomed,97450923,20240418,20251031,false,,CN,UNIV HONG KONG CHINESE
biomed,97461817,20240418,20251031,false,,CN,UNIV HONG KONG CHINESE
biomed,93151983,20240419,20241024,true,|CN|HK,CN|EP|WO,UNIV HONG KONG CHINESE
biomed,93152039,20240419,20241024,false,|CN,CN|WO,UNIV HONG KONG CHINESE
biomed,93153434,20240419,20241024,true,SG,EP|WO,KLASS ENG & SOLUTIONS PTE LTD | UNIV NANYANG TECH
biomed,92159782,20240422,20240809,false,,CN,SHENZHEN INSTITUTE OF ARTIFICIAL INTELLIGENCE AND ROBOTICS FOR SOC | UNIV CHINESE HONG KONG SHENZHEN
biomed,97382963,20240423,20251023,false,CN,US,UNIV HONG KONG POLYTECHNIC
biomed,91210857,20240424,20240531,false,,CN,UNIV CHINESE HONG KONG SHENZHEN
biomed,92327432,20240424,20240806,false,,CN,HKUST SHENZHEN RES INSTITUTE | SHIFEINUO TECH SHENZHEN CO LTD
biomed,94574064,20240424,20250218,false,,CN,SHENZHEN INSTITUTE OF ARTIFICIAL INTELLIGENCE AND ROBOTICS FOR SOC | UNIV CHINESE HONG KONG SHENZHEN
biomed,93168158,20240425,20241029,false,,CN,UNIV HONG KONG
biomed,93179699,20240425,20241029,false,,CN,NAT UNIV SINGAPORE | WILMAR INTERNATIONAL LTD
biomed,93255677,20240425,20241031,true,|CN|HK,CN|EP|WO,UNIV HONG KONG CHINESE
biomed,93257351,20240425,20241031,true,SG,WO,NAT UNIV SINGAPORE
biomed,93518634,20240425,20241121,true,|CN|HK,CN|EP|WO,UNIV OF HONG KONG VERSITECH LIMITED | VERSITECH LTD
biomed,97168394,20240425,20250930,false,,CN,UNIV HONG KONG POLYTECHNIC
biomed,93156578,20240426,20241029,true,|CN|HK,CN|US,UNIV CITY HONG KONG | UNIV HUAZHONG SCIENCE TECH
biomed,92247712,20240429,20240816,false,,CN,UNIV CHINESE HONG KONG SHENZHEN
biomed,92327350,20240429,20240806,false,,CN,SHENZHEN RESEARCH INSTITUTE THE HONG KONG POLYTECHNIC UNIV
biomed,97452732,20240429,20251031,false,|CN|GB,CN|WO,ARTIFICIAL INTELLIGENCE DESIGN INST CO LTD | LABORATORY FOR ARTIFICIAL INTELLIGENCE IN DESIGN LTD | ROYAL COLLEGE OF ART | UNIV HONG KONG POLYTECHNIC
biomed,91375613,20240430,20240612,true,|DE|SG,GB,CONTINENTAL AUTOMOTIVE TECH GMBH | NAT UNIV SINGAPORE
biomed,93334029,20240430,20241107,true,|SG,CN|EP|WO,NAT UNIV SINGAPORE
biomed,97447964,20240430,20251030,true,|HK,CN|US,UNIV CITY HONG KONG
biomed,97450955,20240430,20251031,false,,CN,SHANGHAI BODA MEDICAL TECH CO LTD | UNIV HONG KONG POLYTECHNIC
biomed,97587451,20240501,20251111,false,,CN,UNIV HONG KONG CHINESE
biomed,93293668,20240502,20241107,false,CN,US,UNIV HONG KONG
biomed,93431899,20240502,20241114,true,SG,WO,NAT UNIV SINGAPORE
biomed,91022988,20240503,20241105,true,|HK,CN|EP|US,UNIV HONG KONG CHINESE
biomed,93431284,20240503,20241114,false,|CN,CN|WO,UNIV CITY HONG KONG
biomed,92387496,20240506,20240823,false,,CN,SHENZHEN RESEARCH INSTITUTE THE HONG KONG POLYTECHNIC UNIV
biomed,93298548,20240507,20241108,false,|CN,CN|US,UNIV HONG KONG SCIENCE & TECH
biomed,93464795,20240507,20241121,false,|CN,CN|US,LABORATORY FOR SYNTHETIC CHEMISTRY AND CHEMICAL BIOLOGY LTD | SYNTHETIC CHEMISTRY AND MOLECULAR BIOLOGY LTD | UNIV HONG KONG
biomed,93518684,20240507,20241121,true,|CN|HK,CN|EP|WO,UNIV OF HONG KONG VERSITECH LIMITED | VERSITECH LTD
biomed,97582508,20240508,20251111,true,|HK,CN|US,UNIV CITY HONG KONG
biomed,97583903,20240508,20251111,false,,CN,UNIV HONG KONG
biomed,97602510,20240508,20251113,true,|CN|HK,CN|US|WO,UNIV HONG KONG CHINESE
biomed,97583937,20240509,20251111,false,,CN,CITY UNIV OF HONG KONG SHENZHEN RESEARCH INSTITUTE
biomed,93352731,20240510,20241112,true,|HK,CN|US,UNIV CITY HONG KONG
biomed,93520130,20240510,20241121,true,SG,WO,UNIV NANYANG TECH
biomed,93656620,20240510,20241205,false,|CN,CN|WO,UNIV HONG KONG
biomed,92548978,20240511,20240906,false,|CN,CN|WO,UNIV CHINESE HONG KONG SHENZHEN
biomed,92555884,20240511,20240906,false,,CN,SHENZHEN RESEARCH INSTITUTE THE HONG KONG POLYTECHNIC UNIV
biomed,97591600,20240511,20251111,false,,CN,SHENZHEN RESEARCH INSTITUTE THE HONG KONG POLYTECHNIC UNIV
biomed,91404420,20240514,20240614,false,,CN,SHENZHEN PKU HKUST MEDICAL CENTER
biomed,93464765,20240515,20241121,true,SG,US,SINGAPORE HEALTH SERV PTE LTD | UNIV NANYANG TECH
biomed,93520140,20240516,20241121,true,|SG,CN|WO,UNIV NANYANG TECH
biomed,95697602,20240516,20251120,false,CN,US,LABORATORY FOR SYNTHETIC CHEMISTRY AND CHEMICAL BIOLOGY LTD | UNIV HONG KONG
biomed,97640396,20240516,20251118,false,,CN,UNIV HONG KONG POLYTECHNIC
biomed,93464845,20240517,20241121,false,CN,US,ADVANCED BIOMEDICAL INSTRUMENTATION CENTRE LTD | UNIV HONG KONG
biomed,93520131,20240517,20241121,true,SG,EP|WO,NAT UNIV SINGAPORE
biomed,93520136,20240517,20241121,true,|SG,CN|EP|WO,NAT UNIV SINGAPORE | UNIV NANYANG TECH
biomed,93588925,20240517,20241128,false,CN,US|WO,UNIV HONG KONG CHINESE
biomed,93795776,20240517,20241212,true,IN|SG,WO,INDIAN INST TECH MADRAS | UNIV NANYANG TECH
biomed,97679777,20240517,20251120,false,CN,US,UNIV HONG KONG
biomed,92387885,20240520,20240823,false,,CN,SHENZHEN RESEARCH INSTITUTE THE HONG KONG POLYTECHNIC UNIV
biomed,93590488,20240520,20241128,true,|SG,CN|WO,UNIV NANYANG TECH
biomed,93890413,20240520,20241220,false,,CN,UNIV HONG KONG POLYTECHNIC
biomed,92230563,20240521,20240816,false,,CN,THE UNIV OF HONG KONG SHENZHEN HOSPITAL
biomed,92816250,20240521,20240927,false,,CN,HONG KONG CHINESE UNIV OF HONG KONG SHENGANG INNOVATION RESEARCH INSTITUTE FUTIAN
biomed,93590490,20240524,20241128,true,SG,WO,UNIV NANYANG TECH
biomed,93656664,20240524,20241205,false,|CN,CN|WO,UNIV HONG KONG CHINESE | UNIV HONG KONG SCIENCE & TECH
biomed,96159450,20240524,20250701,false,,CN,THE UNIV OF HONG KONG SHENZHEN HOSPITAL
biomed,97727996,20240524,20251125,false,,CN,UNIV HONG KONG CHINESE
biomed,91554964,20240527,20240625,false,|CN,CN|WO,UNIV CHINESE HONG KONG SHENZHEN
biomed,93590489,20240527,20241128,true,SG,WO,NAT UNIV SINGAPORE
biomed,93630672,20240527,20241203,false,,CN,NAT UNIV SINGAPORE | WILMAR INTERNATIONAL LTD
biomed,96740007,20240528,20250828,false,|CN,CN|WO,NANODOCKS TECH LIMITED | NANODOX TECH INC | UNIV CITY HONG KONG
biomed,93804776,20240529,20241217,false,,CN,UNIV HONG KONG SCIENCE & TECH
biomed,93653965,20240530,20241205,false,CN,US,UNIV HONG KONG CHINESE
biomed,97872805,20240530,20251204,false,CN,US,UNIV HONG KONG
biomed,91602776,20240531,20240628,false,|CN,CN|WO,UNIV HONG KONG POLYTECHNIC | UNIV ZHEJIANG
biomed,93656671,20240531,20241205,false,|CN,CN|WO,ADVANCED BIOMEDICAL INSTR CENTER INC | ADVANCED BIOMEDICAL INSTRUMENTATION CENTRE LTD | UNIV HONG KONG SCIENCE & TECH
biomed,92558806,20240603,20240906,false,,CN,UNIV HONG KONG POLYTECHNIC
biomed,93658745,20240603,20241205,true,|GB|SG|US,CN|EP|WO,IMPERIAL COLLEGE INNOVATIONS LTD | IMPERIAL INNOVATIONS LTD | MASSACHUSETTS INST OF TECHNOLOGY | MASSACHUSETTS INST TECHNOLOGY | UNIV NANYANG TECH
biomed,93662641,20240603,20241206,true,|HK,CN|US,ADVANCED BIOMEDICAL INSTR CENTER INC | ADVANCED BIOMEDICAL INSTRUMENTATION CENTRE LTD | UNIV HONG KONG
biomed,92853686,20240604,20241001,false,,CN,SHENZHEN RESEARCH INSTITUTE THE HONG KONG POLYTECHNIC UNIV | UNIV GUANGXI NATIONALITIES
biomed,92715132,20240605,20240919,false,CN,US,UNIV HONG KONG
biomed,93795083,20240605,20241212,true,|CN|HK,CN|TW|US|WO,UNIV HONG KONG CHINESE
biomed,93708919,20240606,20241210,true,|HK,CN|US,UNIV CITY HONG KONG
biomed,95484708,20240606,20250501,true,HK,US,HOSPITAL AUTHORITY | UNIV HONG KONG CHINESE
biomed,93720667,20240607,20241210,false,|CN,CN|US,UNIV HONG KONG
biomed,93794581,20240607,20241212,true,CH|SG,WO,ETH SINGAPORE SEC LTD | ETH ZUERICH | NAT UNIV SINGAPORE
biomed,93794582,20240607,20241212,true,SG,WO,NAT UNIV HOSPITAL SINGAPORE PTE LTD | NAT UNIV SINGAPORE
biomed,93852790,20240612,20241219,true,SG,WO,UNIV NANYANG TECH
biomed,94211638,20240612,20250116,false,CN,US,UNIV HONG KONG SCIENCE & TECH
biomed,91766512,20240613,20240712,false,,CN,UNIV CHINESE HONG KONG SHENZHEN
biomed,93852789,20240613,20241219,true,|SG,CN|EP|WO,UNIV NANYANG TECH
biomed,92805348,20240614,20240927,false,,CN,UNIV CHINESE HONG KONG SHENZHEN | UNIV NORTHWESTERN POLYTECHNICAL
biomed,97992572,20240614,20251216,false,,CN,THE UNIV OF HONG KONG SHENZHEN HOSPITAL | UNIV HONG KONG CHINESE | UNIV HONG KONG POLYTECHNIC
biomed,93934909,20240617,20241226,true,|CA|CN|HK,CN|EP|WO,CENTRE FOR ONCOLOGY AND IMMUNOLOGY LTD | ONCOLOGY AND IMMUNOLOGY RES CENTER INC | UNIV HEALTH NETWORK | UNIV HONG KONG
biomed,98033052,20240619,20251219,false,,CN,SHENZHEN INSTITUTE OF RESEARCH AND INNOVATION THE UNIV OF HONG KONG
biomed,93083556,20240620,20241022,false,,CN,UNIV HONG KONG POLYTECHNIC
biomed,93226982,20240620,20241101,false,,CN,THE UNIV OF HONG KONG SHENZHEN HOSPITAL
biomed,93928501,20240620,20241226,true,HK,US,UNIV HONG KONG
biomed,93937350,20240624,20250102,false,|CN,CN|WO,UNIV HONG KONG
biomed,95981387,20240625,20250612,false,CN,WO,UNIV HONG KONG CHINESE
biomed,93940077,20240626,20250102,true,SG,WO,UNIV NANYANG TECH
biomed,94015430,20240626,20250103,false,|CN,CN|US,UNIV HONG KONG
biomed,93937693,20240627,20250102,true,|CA|CN|HK,CN|EP|WO,CENTRE FOR ONCOLOGY AND IMMUNOLOGY LTD | ONCOLOGY AND IMMUNOLOGY RES CENTER INC | UNIV HEALTH NETWORK | UNIV HONG KONG
biomed,94282776,20240627,20250123,true,SG,TW|WO,NAT UNIV SINGAPORE
biomed,94214783,20240628,20250116,false,|CN,AU|CN|WO,UNIV HONG KONG CHINESE
biomed,98369049,20240628,20260101,true,HK,US,UNIV HONG KONG POLYTECHNIC
biomed,93072334,20240702,20241022,false,,CN,LUNALER HEALTH TECH CO LTD | UNIV HONG KONG POLYTECHNIC
biomed,94212356,20240703,20250116,false,CN,US,UNIV HONG KONG CHINESE
biomed,94214586,20240703,20250116,true,|CN|HK,AU|CN|EP|WO,UNIV HONG KONG CHINESE
biomed,94172577,20240704,20250109,true,SG,EP|WO,AGENCY SCIENCE TECH & RES | NAT UNIV HOSPITAL SINGAPORE PTE LTD | NAT UNIV SINGAPORE
biomed,94214623,20240705,20250116,true,|CA|CN|HK,CN|EP|WO,CENTRE FOR ONCOLOGY AND IMMUNOLOGY LTD | ONCOLOGY AND IMMUNOLOGY RES CENTER INC | UNIV HEALTH NETWORK | UNIV HONG KONG
biomed,94373421,20240705,20250130,true,SG,US,UNIV NANYANG TECH
biomed,94941149,20240705,20250318,false,|CN,CN|US,UNIV HONG KONG CHINESE
biomed,91898564,20240708,20250114,true,|CN|HK,CN|EP|US,LABORATORY FOR SYNTHETIC CHEMISTRY AND CHEMICAL BIOLOGY LTD | SYNTHETIC CHEMISTRY AND MOLECULAR BIOLOGY LTD | UNIV HONG KONG
biomed,93879353,20240708,20241220,false,,CN,UNIV HONG KONG POLYTECHNIC
biomed,94214782,20240708,20250116,false,|CN,CN|WO,UNIV HONG KONG CHINESE
biomed,98277477,20240709,20260109,false,,CN,INST OF REGENERATIVE MEDICINE AND HEALTH INNOVATION CHINESE ACADEMY OF SCIENCES | UNIV CITY HONG KONG
biomed,98281153,20240709,20260109,false,,CN,INST OF REGENERATIVE MEDICINE AND HEALTH INNOVATION CHINESE ACADEMY OF SCIENCES | UNIV CITY HONG KONG
biomed,94374130,20240710,20250130,false,CN,WO,UNIV HONG KONG CHINESE
biomed,92458826,20240711,20240828,false,,GB,CAMBRIDGE ENTPR LTD | UNIV NANYANG TECH
biomed,94214705,20240712,20250116,false,|CN,CN|WO,UNIV HONG KONG SCIENCE & TECH
biomed,94216273,20240712,20250116,true,SG,WO,NAT UNIV SINGAPORE
biomed,94216275,20240712,20250116,true,|SG,CN|WO,NAT HEALTHCARE GROUP COMPREHENSIVE CLINIC | NAT HEALTHCARE GROUP POLYCLINICS | UNIV NANYANG TECH
biomed,94388424,20240712,20250206,true,HK,US,UNIV CITY HONG KONG
biomed,98385661,20240712,20260115,false,CN,WO,SUN YAT SEN UNIV CANCER CENTER | UNIV HONG KONG SCIENCE & TECH
biomed,92243051,20240716,20240816,false,,CN,UNIV CHINESE HONG KONG SHENZHEN
biomed,98400929,20240716,20260116,false,,CN,NAT UNIV SINGAPORE | UNIV TIANJIN
biomed,94281190,20240717,20250123,false,|CN,CN|WO,UNIV HONG KONG CHINESE
biomed,94796853,20240717,20250307,false,,CN,SHENZHEN RESEARCH INSTITUTE THE HONG KONG POLYTECHNIC UNIV
biomed,92106675,20240719,20250130,true,GB|SG,WO,CLEGG RICHARD IAN | NAT UNIV SINGAPORE
biomed,94260520,20240719,20250123,true,SG,US,SINGAPORE HEALTH SERV PTE LTD | UNIV NANYANG TECH
biomed,94277869,20240719,20250123,false,CN,US,UNIV HONG KONG
biomed,94282779,20240719,20250123,true,|SG,CN|WO,UNIV NANYANG TECH
biomed,95252332,20240719,20250410,false,|CN,CN|US|WO,UNIV HONG KONG CHINESE
biomed,92719358,20240722,20240920,false,,CN,THE UNIV OF HONG KONG SHENZHEN HOSPITAL
biomed,93357380,20240722,20241112,false,,CN,THE UNIV OF HONG KONG SHENZHEN HOSPITAL
biomed,98564774,20240723,20260129,false,CN,WO,UNIV HONG KONG
biomed,92996728,20240724,20241015,false,,CN,THE UNIV OF HONG KONG SHENZHEN HOSPITAL
biomed,93266114,20240724,20241105,false,,CN,THE UNIV OF HONG KONG SHENZHEN HOSPITAL
biomed,93526157,20240724,20241126,false,,CN,LONGGANG DISTR CENTRAL HOSPITAL SHENZHEN | UNIV CHINESE HONG KONG SHENZHEN
biomed,94506541,20240725,20250214,false,,CN,UNIV HONG KONG POLYTECHNIC
biomed,98564690,20240725,20260129,true,CN|SG,WO,NAT UNIV SINGAPORE | THE FIRST AFFILIATED HOSPITAL OF SHANDONG SECOND MEDICAL UNIV
biomed,94371400,20240726,20250130,true,|SG,CN|WO,UNIV NANYANG TECH
biomed,93347553,20240729,20241112,false,,CN,THE UNIV OF HONG KONG SHENZHEN HOSPITAL
biomed,93360062,20240729,20241112,false,,CN,SHENZHEN RES INSTITUTE OF BIG DATA | UNIV CHINESE HONG KONG SHENZHEN
biomed,95020855,20240730,20250320,false,CN,WO,UNIV HONG KONG CHINESE
biomed,96067821,20240730,20250624,true,|HK,CN|US,UNIV CITY HONG KONG
biomed,94396097,20240731,20250206,true,SG,WO,AGENCY SCIENCE TECH & RES | NAT UNIV SINGAPORE
biomed,94396091,20240801,20250206,true,SG,WO,UNIV NANYANG TECH
biomed,98572630,20240801,20260203,false,,CN,NAT UNIV SINGAPORE | NUS SUZHOU RES INSTITUTE
biomed,98572721,20240801,20260203,false,,CN,CITY UNIV OF HONG KONG SHENZHEN RESEARCH INSTITUTE
biomed,94394179,20240802,20250206,false,CN,WO,UNIV HONG KONG POLYTECHNIC
biomed,94529474,20240802,20250214,false,,CN,UNIV CITY HONG KONG | UNIV HONG KONG SCIENCE & TECH
biomed,94533666,20240803,20250213,true,|CN|HK,AU|CN|EP|US|WO,UNIV HONG KONG CHINESE
biomed,94535351,20240805,20250213,true,SG,WO,NAT UNIV SINGAPORE
biomed,94774670,20240805,20250306,true,|HK,CN|US,UNIV CITY HONG KONG
biomed,94535354,20240806,20250213,true,|SG,CN|WO,NAT UNIV SINGAPORE
biomed,93470469,20240807,20241122,false,,CN,UNIV HONG KONG SCIENCE & TECH | UNIV SOUTHWEST
biomed,93698094,20240807,20241206,false,,CN,SHENZHEN RESEARCH INSTITUTE THE CHINESE UNIV OF HONG KONG
biomed,94633223,20240808,20250220,true,SG,WO,NAT UNIV SINGAPORE
biomed,93479501,20240809,20241122,false,,CN,UNIV HONG KONG CHINESE
biomed,93891993,20240809,20241220,false,,CN,GUANGDONG HOSPITAL OF TRADITIONAL CHINESE MEDICINE GUANGDONG PROVINCE TRADITIONAL CHINESE MEDICAL HO | THE HONG KONG UNIV OF SCIENCE AND TECHNOLOGY GUANGZHOU
biomed,94533553,20240809,20250213,true,CN|HK,EP|WO,INSILICO MEDICINE IP LTD | UNIV HONG KONG CHINESE
biomed,94533646,20240809,20250213,true,CN|HK,EP|WO,INSILICO MEDICINE IP LTD | UNIV HONG KONG CHINESE
biomed,94633225,20240812,20250220,true,SG,WO,UNIV NANYANG TECH
biomed,98710326,20240812,20260213,false,,CN,BEIJING NEUROSURGICAL INST | UNIV HONG KONG SCIENCE & TECH
biomed,94623679,20240813,20250221,false,|CN,CN|US,UNIV HONG KONG SCIENCE & TECH
biomed,98716867,20240813,20260213,false,,CN,UNIV CITY HONG KONG
biomed,94632186,20240814,20250220,false,CN,WO,ADVANCED BIOMEDICAL INSTRUMENTATION CENTRE LTD | UNIV HONG KONG
biomed,94731369,20240814,20250227,false,|CN,CN|WO,UNIV HONG KONG
biomed,94976342,20240814,20250320,false,CN,US,UNIV HONG KONG
biomed,98869539,20240815,20260303,false,,CN,UNIV HONG KONG BAPTIST UNIV
biomed,95308433,20240816,20250415,true,|HK,CN|US,UNIV CITY HONG KONG
biomed,93493102,20240818,20241122,false,,CN,JOINT SHANTOU INTERNATIONAL EYE CENTER OF SHANTOU UNIV AND THE CHINESE UNIV OF HONG KONG
biomed,95742027,20240821,20250522,false,|CN,CN|WO,UNIV HONG KONG BAPTIST UNIV
biomed,93350401,20240822,20241112,false,,CN,GUANGDONG HOSPITAL OF TRADITIONAL CHINESE MEDICINE GUANGDONG PROVINCE TRADITIONAL CHINESE MEDICAL HO | THE HONG KONG UNIV OF SCIENCE AND TECHNOLOGY GUANGZHOU
biomed,93388936,20240822,20241115,false,,CN,GUANGDONG HOSPITAL OF TRADITIONAL CHINESE MEDICINE GUANGDONG PROVINCE TRADITIONAL CHINESE MEDICAL HO | THE HONG KONG UNIV OF SCIENCE AND TECHNOLOGY GUANGZHOU
biomed,94732591,20240822,20250227,false,CN|US,WO,HO DAVID D | JIA MANXUE | LU HONG | MORANO NICHOLAS C | SHAPIRO LAWRENCE | TO KELVIN KAI WANG | UNIV COLUMBIA | UNIV HONG KONG | UNIV ROCKEFELLER | WU XUELING | YUEN KWOK YUNG
biomed,94689687,20240823,20250227,false,CN,US,CENTRE FOR VIROLOGY VACCINOLOGY AND THERAPEUTICS LTD | UNIV HONG KONG
biomed,94732820,20240823,20250227,true,SG,WO,NAT UNIV SINGAPORE
biomed,94818097,20240823,20250306,true,|CN|HK,CN|EP|WO,UNIV HONG KONG
biomed,94820546,20240823,20250306,true,SG,WO,NAT UNIV HOSPITAL SINGAPORE PTE LTD | NAT UNIV SINGAPORE
biomed,94873800,20240823,20250313,false,|CN,CN|US|WO,UNIV HONG KONG CHINESE
biomed,98829996,20240823,20260226,true,|HK,CN|US,UNIV CITY HONG KONG
biomed,94689989,20240826,20250227,false,CN,US,CENTRE FOR ONCOLOGY AND IMMUNOLOGY LTD | UNIV HONG KONG
biomed,98880970,20240826,20260303,false,,CN,UNIV HONG KONG POLYTECHNIC
biomed,92593235,20240827,20250228,true,|CN|HK,CN|EP|US,CENTRE FOR ONCOLOGY AND IMMUNOLOGY LTD | ONCOLOGY AND IMMUNOLOGY RES CENTER INC | UNIV HONG KONG
biomed,94712713,20240827,20250228,false,|CN,CN|TW|WO,UNIV HONG KONG
biomed,95020928,20240828,20250320,false,|CN,CN|WO,UNIV HONG KONG CHINESE
biomed,96033765,20240829,20250620,true,|HK,CN|US,UNIV HONG KONG
biomed,96185969,20240829,20250704,true,|HK,CN|US,UNIV HONG KONG
biomed,98901910,20240829,20260305,true,HK,US,UNIV CITY HONG KONG
biomed,94049066,20240830,20241227,false,,CN,PEKING UNIV SHENZHEN HOSPITAL PEKING UNIV SHENZHEN CLINIC MEDICAL COLLEGE | SHENZHEN PKU HKUST MEDICAL CENTER
biomed,94818176,20240830,20250306,false,|CN,CN|WO,UNIV HONG KONG CHINESE
biomed,95449369,20240831,20250424,true,|SG,CN|WO,NAT UNIV HOSPITAL SINGAPORE PTE LTD | NAT UNIV SINGAPORE
biomed,94417358,20240902,20250207,false,,CN,THE UNIV OF HONG KONG SHENZHEN HOSPITAL
biomed,95073449,20240902,20250327,false,|CN,CN|WO,UNIV HONG KONG
biomed,98958848,20240902,20260310,false,,CN,UNIV HONG KONG POLYTECHNIC
biomed,94924569,20240903,20250313,true,|SG,CN|WO,UNIV NANYANG TECH
biomed,98958957,20240903,20260310,false,,CN,UNIV HONG KONG POLYTECHNIC
biomed,92945953,20240905,20241011,false,,CN,JOINT SHANTOU INTERNATIONAL EYE CENTER OF SHANTOU UNIV AND THE CHINESE UNIV OF HONG KONG
biomed,94924566,20240905,20250313,true,|SG,AU|CN|EP|IL|KR|WO,CHIBA SHUNSUKE | LAI SOAK KUAN | LI HOI YEUNG | NANYANG BIOLOGICS PTE LTD | NANYANG BIOTECHNOLOGY CO LTD | PATOURET REMI HENRI LOUIS | UNIV NANYANG TECH
biomed,98898710,20240905,20260313,false,,CN,UNIV HONG KONG POLYTECHNIC
biomed,98964135,20240905,20260310,false,,CN,UNIV HONG KONG CHINESE
biomed,93754753,20240906,20241213,false,,CN,CITY UNIV OF HONG KONG FUTIAN
biomed,93944660,20240906,20241231,false,,CN,BEIJING NORMAL UNIV HONG KONG BAPTIST UNIV UNITED INTERNATIONAL COLLEGE
biomed,94151022,20240906,20250110,false,,CN,BEIJING NORMAL UNIV HONG KONG BAPTIST UNIV UNITED INTERNATIONAL COLLEGE
biomed,94923116,20240906,20250313,false,CN,WO,UNIV HONG KONG CHINESE
biomed,93758731,20240911,20241213,false,,CN,UNIV CHINESE HONG KONG SHENZHEN
biomed,93025781,20240913,20241018,false,,CN,UNIV CHINESE HONG KONG SHENZHEN
biomed,93807929,20240913,20241217,false,,CN,UNIV CHINESE HONG KONG SHENZHEN
biomed,93809515,20240913,20241217,false,,CN,UNIV CHINESE HONG KONG SHENZHEN
biomed,95020945,20240913,20250320,true,|CN|HK,CN|EP|WO,UNIV HONG KONG POLYTECHNIC
biomed,95020949,20240913,20250320,true,|CN|HK,AU|CN|EP|KR|WO,HONG KONG CENTER FOR NEURODEGENERATIVE DISEASES LTD | HONG KONG NEURODETIC CENTER LTD | THE HONGKONG UNIV OF SCIENCE & TECHNOLOGY | UNIV HONG KONG SCIENCE & TECH
biomed,95020968,20240913,20250320,false,|CN,CN|WO,UNIV HONG KONG SCIENCE & TECH
biomed,95022585,20240913,20250320,true,SG,WO,NAT UNIV SINGAPORE
biomed,95022589,20240913,20250320,true,SG,WO,SINGAPORE HEALTH SERV PTE LTD | UNIV NANYANG TECH
biomed,95022590,20240913,20250320,true,SG,WO,AGENCY SCIENCE TECH & RES | NAT UNIV SINGAPORE
biomed,95022591,20240913,20250320,true,|SG,CN|WO,AGENCY SCIENCE TECH & RES | NAT UNIV SINGAPORE
biomed,94015708,20240918,20250103,false,,CN,UNIV CHINESE HONG KONG SHENZHEN
biomed,94977314,20240918,20250320,false,CN,US,UNIV HONG KONG
biomed,95447735,20240918,20250424,false,|CN,CN|US|WO,CENTRE FOR EYE AND VISION RES LIMITED | EYE VISION RES CENTER LIMITED | UNIV HONG KONG POLYTECHNIC
biomed,94071834,20240919,20241227,false,,CN,THE UNIV OF HONG KONG SHENZHEN HOSPITAL
biomed,94993650,20240919,20250321,false,|CN,CN|US,UNIV HONG KONG CHINESE
biomed,95071871,20240919,20250327,true,SG,EP|WO,UNIV NANYANG TECH
biomed,95073466,20240919,20250327,true,|CN|HK,CN|TW|WO,UNIV HONG KONG
biomed,88507017,20240920,20250327,true,FR|SG,EP|WO,CENTRE NAT RECH SCIENT | UNIV MONTPELLIER | UNIV NANYANG TECH
biomed,94980901,20240920,20250321,false,|CN|US,CN|US,UNIV HONG KONG | UNIV NOTRE DAME DU LAC
biomed,95073570,20240920,20250327,true,SG,WO,AGENCY SCIENCE TECH & RES | NAT UNIV SINGAPORE
biomed,96919961,20240920,20250904,false,CN,WO,UNIV HONG KONG CHINESE
biomed,97674433,20240920,20251113,false,CN,WO,UNIV HONG KONG CHINESE
biomed,94021086,20240925,20250103,false,|CN,CN|US,SHENZHEN PKU HKUST MEDICAL CENTER | UNIV SHANXI MEDICAL
biomed,99141706,20240925,20260326,true,HK,US,UNIV CITY HONG KONG
biomed,93387561,20240929,20241115,false,,CN,THE UNIV OF HONG KONG SHENZHEN HOSPITAL
biomed,95157490,20240930,20250403,false,CN,US,UNIV HONG KONG CHINESE
biomed,99187891,20240930,20260331,false,|CN,CN|US,UNIV HONG KONG SCIENCE & TECH
biomed,99226902,20240930,20260402,true,HK,US,UNIV CITY HONG KONG
biomed,95252386,20241007,20250410,true,|HK,CN|US,THE EDUCATION UNIV OF HONG KONG | UNIV HONG KONG
biomed,95253632,20241007,20250410,false,CN,US,UNIV HONG KONG SCIENCE & TECH
biomed,95284402,20241007,20250410,true,SG,WO,NAT UNIV SINGAPORE
biomed,93642492,20241008,20241203,false,,CN,GUANGDONG HOSPITAL OF TRADITIONAL CHINESE MEDICINE GUANGDONG PROVINCE TRADITIONAL CHINESE MEDICAL HO | THE HONG KONG UNIV OF SCIENCE AND TECHNOLOGY GUANGZHOU
biomed,93537247,20241009,20241126,false,,CN,THE UNIV OF HONG KONG SHENZHEN HOSPITAL
biomed,99318111,20241009,20260410,false,,CN,SHENZHEN INST OF RESEARCH AND INNOVATION THE UNIVERSITY OF HONG KONG
biomed,94190930,20241010,20250114,false,,CN,NAT UNIV SINGAPORE | UNIV SHANDONG
biomed,95396907,20241010,20250417,true,SG,WO,NAT UNIV SINGAPORE
biomed,95396910,20241010,20250417,true,NL|SG,WO,NAT UNIV SINGAPORE | UMC UTRECHT HOLDING BV | UNIV UTRECHT HOLDING BV
biomed,99320114,20241010,20260410,false,,CN,UNIV HONG KONG CHINESE
biomed,93883644,20241011,20241220,false,,CN,UNIV HONG KONG SCIENCE & TECH
biomed,94168452,20241011,20250110,false,,CN,THE UNIV OF HONG KONG SHENZHEN HOSPITAL
biomed,95396666,20241012,20250417,false,|CN,CN|WO,UNIV HONG KONG CHINESE
biomed,99438252,20241012,20260416,false,CN,WO,PKU HKUST SHENZHEN HONGKONG INST
biomed,99438254,20241012,20260416,false,|CN,CN|WO,PKU HKUST SHENZHEN HONGKONG INST
biomed,95447780,20241014,20250424,false,|CN,CN|WO,UNIV HONG KONG SCIENCE & TECH
biomed,93399865,20241015,20241115,false,,CN,UNIV CHINESE HONG KONG SHENZHEN
biomed,94510661,20241015,20250214,false,|CN,CN|WO,PKU HKUST SHENZHEN HONGKONG INST | Shenzhen Bay Laboratory | UNIV PEKING SHENZHEN GRADUATE SCHOOL
biomed,99411315,20241015,20260417,false,,CN,SHENZHEN RESEARCH INST THE HONG KONG POLYTECHNIC UNIVERSITY
biomed,94162439,20241017,20250110,false,,CN,THE UNIV OF HONG KONG SHENZHEN HOSPITAL
biomed,93531437,20241018,20241126,false,,CN,UNIV CHINESE HONG KONG SHENZHEN
biomed,94023541,20241018,20250103,false,,CN,UNIV HONG KONG CHINESE | UNIV SHANXI MEDICAL
biomed,94157566,20241018,20250110,false,,CN,UNIV HONG KONG CHINESE | UNIV SHANXI MEDICAL
biomed,95449372,20241018,20250424,true,SG,WO,NAT UNIV HOSPITAL SINGAPORE PTE LTD | NAT UNIV SINGAPORE
biomed,95716421,20241018,20250522,true,HK,US,UNIV CITY HONG KONG
biomed,95861417,20241018,20250605,true,HK,US,UNIV CITY HONG KONG
biomed,99447654,20241018,20260421,false,,CN,SHENZHEN INST OF RESEARCH AND INNOVATION THE UNIVERSITY OF HONG KONG
biomed,99451349,20241018,20260421,false,,CN,NAT UNIV SINGAPORE | NUS SUZHOU RESEARCH INST
biomed,99493879,20241018,20260424,false,,CN,UNIV HONG KONG CHINESE
biomed,94031834,20241021,20250103,false,,CN,THE UNIV OF HONG KONG SHENZHEN HOSPITAL
biomed,94317347,20241022,20250124,false,,CN,THE UNIV OF HONG KONG SHENZHEN HOSPITAL
biomed,99480999,20241023,20260423,false,CN,US,UNIV CITY HONG KONG
biomed,94474326,20241024,20250211,false,,CN,THE UNIV OF HONG KONG SHENZHEN HOSPITAL
biomed,94581525,20241024,20250218,false,,CN,SHENZHEN RESEARCH INSTITUTE THE CHINESE UNIV OF HONG KONG
biomed,94656646,20241024,20250225,false,,CN,SHENZHEN RESEARCH INSTITUTE THE HONG KONG POLYTECHNIC UNIV
biomed,99490352,20241024,20260424,false,,CN,UNIV HONG KONG POLYTECHNIC
biomed,93492577,20241025,20241122,false,,CN,UNIV CHINESE HONG KONG SHENZHEN
biomed,93534053,20241025,20241126,false,,CN,UNIV CHINESE HONG KONG SHENZHEN
biomed,94414682,20241025,20250207,false,,CN,UNIV HONG KONG BAPTIST UNIV
biomed,95465735,20241025,20250429,false,|CN,CN|US,LABORATORY FOR SYNTHETIC CHEMISTRY AND CHEMICAL BIOLOGY LTD | SYNTHETIC CHEMISTRY AND MOLECULAR BIOLOGY LTD | UNIV HONG KONG
biomed,95485369,20241025,20250501,true,|SG,CN|EP|US|WO,NAT UNIV HOSPITAL SINGAPORE PTE LTD | NAT UNIV SINGAPORE
biomed,95516728,20241025,20250501,true,|SG,CN|KR|WO,UNIV NANYANG TECH
biomed,94330006,20241029,20250128,false,|CN,CN|WO,PKU HKUST SHENZHEN HONGKONG INST | Shenzhen Bay Laboratory | UNIV PEKING SHENZHEN GRADUATE SCHOOL
biomed,94570550,20241029,20250218,false,,CN,THE UNIV OF HONG KONG SHENZHEN HOSPITAL
biomed,95582580,20241029,20250508,false,|CN,CN|US|WO,UNIV HONG KONG CHINESE
biomed,95582386,20241030,20250508,false,CN,WO,CENTRE FOR ONCOLOGY AND IMMUNOLOGY LTD | UNIV HONG KONG
biomed,95583290,20241030,20250508,true,SG,WO,UNIV NANYANG TECH | VIVANCE PTE LTD
biomed,95583313,20241030,20250508,true,SG,WO,NAT UNIV SINGAPORE
biomed,99666838,20241030,20260507,false,CN,WO,PKU HKUST SHENZHEN HONGKONG INST
biomed,94045442,20241031,20241231,false,|CN,CN|WO,PKU HKUST SHENZHEN HONGKONG INST | Shenzhen Bay Laboratory | UNIV PEKING SHENZHEN GRADUATE SCHOOL
biomed,95531900,20241031,20250506,false,|CN,CN|US,UNIV HONG KONG SCIENCE & TECH
biomed,95583066,20241031,20250508,false,CN,WO,NEW LIFE MEDICINE TECH COMPANY LIMITED | UNIV HONG KONG
biomed,96056440,20241031,20250619,false,|CN,CN|WO,UNIV CITY HONG KONG
biomed,99550386,20241031,20260430,false,CN,US,UNIV CITY HONG KONG | UNIV PEKING THIRD HOSPITAL
biomed,93946902,20241101,20241231,false,,CN,THE UNIV OF HONG KONG SHENZHEN HOSPITAL
biomed,94459567,20241101,20250211,false,,CN,THE UNIV OF HONG KONG SHENZHEN HOSPITAL
biomed,95561817,20241105,20250508,false,CN,US,UNIV HONG KONG SCIENCE & TECH
biomed,95696741,20241106,20250515,true,|SG,CN|EP|WO,ACCURELLA PTY LTD | ACOERELA PTE LTD | NAT UNIV SINGAPORE
biomed,96136375,20241106,20250626,false,CN,WO,UNIV HONG KONG CHINESE
biomed,95696737,20241107,20250515,true,SG,EP|KR|WO,AGENCY FOR SCIENCE TECH AND RESEARCH | AGENCY SCIENCE TECH & RES | NANYANG TECHNOLOGICAL UNIV | UNIV NANYANG TECH
biomed,99635094,20241107,20260507,false,CN,US,UNIV HONG KONG POLYTECHNIC
biomed,95694970,20241108,20250515,false,|CN,CN|WO,GENEHARBOR HONG KONG BIOTECHNOLOGIES LTD | HONG KONG GENE BIOMEDICAL TECH CO LTD | UNIV HONG KONG
biomed,95696742,20241108,20250515,true,SG,EP|WO,UNIV NANYANG TECH
biomed,95694979,20241109,20250515,true,CN|HK,TW|WO,UNIV HONG KONG
biomed,95743562,20241112,20250522,true,SG,WO,NAT UNIV SINGAPORE
biomed,99819134,20241112,20260521,true,SG,WO,NAT UNIV SINGAPORE
biomed,99819261,20241112,20260521,false,CN,WO,PINGSHAN TRANSLATIONAL MEDICINE CENTER SHENZHEN BAY LABORATORY | UNIV HONG KONG SCIENCE & TECH
biomed,93750378,20241113,20241213,false,,CN,UNIV CHINESE HONG KONG SHENZHEN
biomed,94714064,20241113,20250228,false,,CN,UNIV CHINESE HONG KONG SHENZHEN
biomed,99734948,20241113,20260515,false,,CN,NAT UNIV SINGAPORE | NUS SUZHOU RESEARCH INST
biomed,93750464,20241114,20241213,false,,CN,UNIV CHINESE HONG KONG SHENZHEN
biomed,94587064,20241114,20250218,false,,CN,PEKING UNIV SHENZHEN HOSPITAL PEKING UNIV SHENZHEN CLINIC MEDICAL COLLEGE | SHENZHEN PKU HKUST MEDICAL CENTER
biomed,93817230,20241115,20241217,false,,CN,UNIV CHINESE HONG KONG SHENZHEN
biomed,94887568,20241115,20250314,false,,CN,THE HONG KONG UNIV OF SCIENCE AND TECHNOLOGY GUANGZHOU | UNIV HONG KONG SCIENCE & TECH
biomed,94741425,20241119,20250304,false,,CN,UNIV HONG KONG CHINESE
biomed,93893609,20241120,20250530,true,SG,WO,NAT UNIV SINGAPORE
biomed,95827543,20241120,20250530,true,SG,WO,UNIV NANYANG TECH
biomed,93648213,20241121,20251113,false,CN,BE,CHONGQING INST FOR FOOD AND DRUG CONTROL | Chinese Pharmacopoeia Commission | NAT INST FOOD & DRUG CONTROL | SICHUAN INST FOR DRUG CONTROL SICHUAN TESTING CENTER OF MEDICAL DEVICES | UNIV HONG KONG BAPTIST UNIV | UNIV XIAMEN
biomed,93900043,20241121,20241224,false,,CN,JOINT SHANTOU INTERNATIONAL EYE CENTER OF SHANTOU UNIV AND THE CHINESE UNIV OF HONG KONG
biomed,94109492,20241121,20250107,false,,CN,THE UNIV OF HONG KONG SHENZHEN HOSPITAL
biomed,94901137,20241121,20250314,false,,CN,JOINT SHANTOU INTERNATIONAL EYE CENTER OF SHANTOU UNIV AND THE CHINESE UNIV OF HONG KONG
biomed,95827536,20241121,20250530,true,SG,WO,UNIV NANYANG TECH
biomed,94573063,20241122,20250218,false,,CN,THE UNIV OF HONG KONG SHENZHEN HOSPITAL
biomed,94579586,20241122,20250218,false,,CN,THE UNIV OF HONG KONG SHENZHEN HOSPITAL
biomed,94893043,20241122,20250314,false,,CN,THE UNIV OF HONG KONG SHENZHEN HOSPITAL
biomed,94897163,20241122,20250314,false,,CN,THE UNIV OF HONG KONG SHENZHEN HOSPITAL
biomed,94897706,20241122,20250314,false,,CN,THE UNIV OF HONG KONG SHENZHEN HOSPITAL
biomed,94906171,20241122,20250314,false,,CN,THE UNIV OF HONG KONG SHENZHEN HOSPITAL
biomed,95794117,20241122,20250530,false,|CN,CN|US,UNIV HONG KONG
biomed,95827544,20241122,20250530,true,SG,WO,UNIV NANYANG TECH
biomed,94056950,20241127,20241227,false,,CN,UNIV CHINESE HONG KONG SHENZHEN
biomed,94061623,20241128,20241227,false,,CN,JOINT SHANTOU INTERNATIONAL EYE CENTER OF SHANTOU UNIV AND THE CHINESE UNIV OF HONG KONG
biomed,95791802,20241128,20250529,true,|HK,CN|US,UNIV CITY HONG KONG
biomed,95898311,20241129,20250605,true,|SG,CN|WO,UNIV NANYANG TECH
biomed,99970139,20241129,20260604,false,CN,WO,BGI SHENZHEN | CITY UNIVERSITY OF HONG KONG SHENZHEN RESEARCH INST
biomed,99956292,20241202,20260604,false,CN,US,UNIV CITY HONG KONG
biomed,94026468,20241204,20250103,false,,CN,UNIV CHINESE HONG KONG SHENZHEN
biomed,94799534,20241204,20250307,false,,CN,BEIJING NEUROSURGICAL INST | UNIV HONG KONG SCIENCE & TECH
biomed,94996219,20241204,20250321,false,,CN,BEIJING NEUROSURGICAL INST | UNIV HONG KONG SCIENCE & TECH
biomed,95981649,20241205,20250612,true,SG,WO,NAT UNIV SINGAPORE
biomed,96066651,20241205,20250624,false,|CN,CN|US,UNIV HONG KONG
biomed,95263301,20241206,20250411,false,,CN,UNIV HONG KONG SCIENCE & TECH
biomed,95981650,20241206,20250612,true,SG,WO,SINGAPORE HEALTH SERV PTE LTD | UNIV NANYANG TECH
biomed,94895972,20241209,20250314,false,,CN,THE UNIV OF HONG KONG SHENZHEN HOSPITAL
biomed,96058593,20241209,20250619,true,SG,WO,AGENCY SCIENCE TECH & RES | UNIV NANYANG TECH
biomed,96300778,20241209,20250710,true,SG,WO,NAT UNIV HOSPITAL SINGAPORE PTE LTD | NAT UNIV SINGAPORE | UNIV NANYANG TECH
biomed,100037945,20241210,20260611,false,CN,US,UNIV CITY HONG KONG | UNIV HONG KONG POLYTECHNIC
biomed,98607749,20241210,20260219,true,DE|SG,DE,SCHAEFFLER TECHNOLOGIES AG | UNIV NANYANG TECH
biomed,94161409,20241211,20250110,false,,CN,JOINT SHANTOU INTERNATIONAL EYE CENTER OF SHANTOU UNIV AND THE CHINESE UNIV OF HONG KONG
biomed,96024349,20241211,20250619,false,|CN,CN|US,UNIV HONG KONG CHINESE
biomed,100039149,20241213,20260611,true,SG,US,UNIV NANYANG TECH
biomed,94189148,20241213,20250114,false,,CN,UNIV CHINESE HONG KONG SHENZHEN
biomed,94540182,20241213,20250129,false,,GB,NAT UNIV SINGAPORE
biomed,96058589,20241213,20250619,true,SG,WO,AGENCY SCIENCE TECH & RES | NAT UNIV SINGAPORE
biomed,96058594,20241213,20250619,true,SG,WO,AGENCY SCIENCE TECH & RES | NAT UNIV HOSPITAL SINGAPORE PTE LTD | NAT UNIV SINGAPORE | SINGAPORE HEALTH SERV PTE LTD | TAN TOCK SENG HOSPITAL PTE LTD
biomed,96058596,20241213,20250619,true,SG,WO,AGENCY SCIENCE TECH & RES | NAT UNIV HOSPITAL SINGAPORE PTE LTD | NAT UNIV SINGAPORE | SINGAPORE HEALTH SERV PTE LTD | TAN TOCK SENG HOSPITAL PTE LTD
biomed,96058588,20241216,20250619,true,SG,AU|WO,AGENCY SCIENCE TECH & RES | UNIV NANYANG TECH
biomed,96058597,20241216,20250619,true,SG,AU|WO,UNIV NANYANG TECH
biomed,94230733,20241217,20250117,false,,CN,UNIV CHINESE HONG KONG SHENZHEN
biomed,96096245,20241218,20250626,false,CN,US,UNIV HONG KONG CHINESE
biomed,96138910,20241218,20250626,true,|SG,CN|WO,UNIV NANYANG TECH
biomed,96138911,20241218,20250626,true,SG,WO,NAT UNIV SINGAPORE
biomed,96237586,20241218,20250708,false,,CN,ADVANCED BIOMEDICAL INSTR CENTER INC | UNIV HONG KONG
biomed,94228934,20241219,20250117,false,,CN,UNIV CHINESE HONG KONG SHENZHEN
biomed,96095773,20241219,20250626,true,SG,US,SINGAPORE HEALTH SERV PTE LTD | UNIV NANYANG TECH
biomed,100239206,20241224,20260625,true,HK,US,UNIV CITY HONG KONG
biomed,94340840,20241224,20250128,false,,CN,UNIV CHINESE HONG KONG SHENZHEN
biomed,94316507,20241226,20250124,false,,CN,UNIV CHINESE HONG KONG SHENZHEN
biomed,96110284,20241227,20250627,true,|HK,CN|US,UNIV CITY HONG KONG
biomed,96216843,20241227,20250703,false,CN,WO,CENTRE FOR VIROLOGY VACCINOLOGY AND THERAPEUTICS LTD | UNIV HONG KONG
biomed,96174146,20241230,20250703,false,CN,US,UNIV HONG KONG CHINESE
biomed,99549907,20241230,20260430,false,CN,US,UNIV HONG KONG CHINESE
biomed,96349936,20241231,20250718,false,,CN,UNIV HONG KONG SCIENCE & TECH
biomed,98237617,20241231,20260108,true,HK,US,UNIV HONG KONG POLYTECHNIC
fintech,57162255,20150831,20161028,true,|HK,CN|HK|US,UNIV CITY HONG KONG
fintech,56994630,20160429,20160928,false,,CN,HKUST FOK YING TUNG RES INST
fintech,65040722,20180727,20190131,true,SG,US|WO,UNIV NANYANG TECH
fintech,66605992,20190130,20190528,false,|CN,CN|WO,ELECTRIC POWER DISPATCHING CONTROL CT GUANGDONG POWER GRID CO LTD | ELECTRICAL POWER DISPATCHING & CONTROL CENTER OF GUANGDONG POWER GRID CO LTD | GUANGDONG POWER GRID CO | SHENZHEN INSTITUTE OF RESEARCH AND INNOVATION THE UNIV OF HONG KONG
fintech,71979211,20200512,20200814,false,,CN,UNIV HONG KONG POLYTECHNIC | WAH TUNG THAI LOGISTICS COMPANY LTD
fintech,73284757,20200807,20201110,false,|CN,CN|WO,SHENZHEN QIANHAI WEBANK CO LTD | UNIV HONG KONG SCIENCE & TECH | WEBANK CO LTD
fintech,81546671,20201027,20220517,false,,CN,HONG KONG CITY UNIV SHENZHEN RESEARCH INSTITUTE
fintech,74509227,20201106,20210212,false,|CN,CN|WO,SHENZHEN QIANHAI WEBANK CO LTD | UNIV HONG KONG SCIENCE & TECH | WEBANK CO LTD
fintech,74695614,20201106,20210302,false,|CN,CN|WO,SHENZHEN QIANHAI WEBANK CO LTD | UNIV HONG KONG SCIENCE & TECH | WEBANK CO LTD
fintech,76115526,20210118,20210604,false,,CN,SHENZHEN RESEARCH INSTITUTE THE HONG KONG POLYTECHNIC UNIV
fintech,79742985,20211028,20220128,false,|CN,CN|WO,SHENZHEN QIANHAI WEBANK CO LTD | UNIV HONG KONG SCIENCE & TECH | WEBANK CO LTD
fintech,80701143,20211213,20220322,false,,CN,HONG KONG CHINESE UNIV SHENZHEN | SHENZHEN BIG DATA RES INSTITUTE
fintech,80792522,20211215,20220329,false,,CN,HONG KONG SCIENCE AND TECHNOLOGY UNIV | SHENZHEN QIANHAI WECHWAN BANK CO LTD
fintech,81198955,20211230,20220422,false,,CN,HONG KONG SCIENCE AND TECHNOLOGY UNIV | SHENZHEN QIANHAI WECHWAN BANK CO LTD
fintech,87162157,20220114,20230720,true,HK,US,UNIV CITY HONG KONG
fintech,83050168,20220222,20220901,true,SG,WO,NAT UNIV SINGAPORE
fintech,84802142,20220708,20230112,true,SG,WO,NAT UNIV SINGAPORE
fintech,92320083,20230201,20240802,false,,CN,UNIV HONG KONG SCIENCE & TECH
fintech,88717784,20230815,20231117,false,,CN,SHENZHEN INSTITUTE OF ARTIFICIAL INTELLIGENCE AND ROBOTICS FOR SOC | UNIV CHINESE HONG KONG SHENZHEN
fintech,90079728,20231020,20240308,false,,CN,SHENZHEN INSTITUTE OF ARTIFICIAL INTELLIGENCE AND ROBOTICS FOR SOC | UNIV CHINESE HONG KONG SHENZHEN
fintech,95704877,20231120,20250520,true,|CN|SG,CN|WO,CHONGQING XINGUODA RES INSTITUTE | NAT UNIV SINGAPORE | NATIONAL UNIV OF SINGAPORE CHONGQING RESEARCH INSTITUTE
fintech,89029809,20231129,20240627,true,DE|SG,EP|WO,CONTINENTAL AUTOMOTIVE TECH GMBH | UNIV NANYANG TECH
fintech,90898987,20240201,20240507,false,,CN,BEIJING NORMAL UNIV HONG KONG BAPTIST UNIV UNITED INTERNATIONAL COLLEGE
fintech,90322284,20240218,20240326,false,,CN,UNIV CITY HONG KONG | UNIV PEKING SHENZHEN GRADUATE SCHOOL
fintech,92859089,20240607,20241001,false,,CN,UNIV CHINESE HONG KONG SHENZHEN
fintech,92382523,20240612,20240823,false,,CN,SHENZHEN INSTITUTE OF ARTIFICIAL INTELLIGENCE AND ROBOTICS FOR SOC | UNIV CHINESE HONG KONG SHENZHEN
fintech,92156061,20240620,20240809,false,,CN,UNIV CHINESE HONG KONG SHENZHEN
fintech,94172583,20240705,20250109,true,SG,WO,UNIV NANYANG TECH
fintech,98525342,20240729,20260129,false,CN,US,UNIV CITY HONG KONG
fintech,94565713,20241108,20250218,false,,CN,UNIV CHINESE HONG KONG SHENZHEN
fintech,94841800,20241115,20250311,false,,CN,SHENZHEN INSTITUTE OF ARTIFICIAL INTELLIGENCE AND ROBOTICS FOR SOC | UNIV CHINESE HONG KONG SHENZHEN