industry,city,year,assignee,w
ai,hk,2015,KOKIDO DEV LTD,1.0
ai,hk,2015,FIH HONG KONG LTD,1.0
ai,hk,2015,C2 SYSTEMS LTD,1.0
ai,hk,2015,FIH HONG KONG LTD,1.0
ai,hk,2015,ADVANCED APPLIED TECH LTD,0.5
ai,hk,2015,APPLIED ADVANCED TECHNOLOGIES LTD,0.5
ai,hk,2015,U3D LTD,1.0
ai,hk,2015,THUNDER POWER HONG KONG LTD,0.5
ai,hk,2015,THUNDER POWER NEW ENERGY VEHICLE DEVELOPMENT CO LTD,0.5
ai,hk,2015,FIH HONG KONG LTD,1.0
ai,hk,2015,FIH HONG KONG LTD,1.0
ai,hk,2015,FIH HONG KONG LTD,1.0
ai,hk,2015,FIH HONG KONG LTD,1.0
ai,hk,2015,WELSKY TECH LIMITED,0.3333333333333333
ai,hk,2015,WELSKY TECH LTD,0.3333333333333333
ai,hk,2015,WELSKY TECHNOLOGIES LTD,0.3333333333333333
ai,hk,2015,ASIA BASE TECH LIMITED,0.25
ai,hk,2015,ASIABASE TECH LIMITED,0.25
ai,hk,2015,ASIABASE TECH LTD,0.25
ai,hk,2015,ASIABASE TECHNOLOGIES LTD,0.25
ai,hk,2015,PLATYSENS LTD,1.0
ai,hk,2015,FIH HONG KONG LTD,1.0
ai,hk,2015,ANTS TECH (HK) LTD,0.5
ai,hk,2015,ANTS TECH HK LIMITED,0.5
ai,hk,2015,THUNDER POWER HONG KONG LTD,0.5
ai,hk,2015,THUNDER POWER NEW ENERGY VEHICLE DEVELOPMENT CO LTD,0.5
ai,hk,2015,CHRYSUS INTELLECTUAL PROPERTIES LTD,1.0
ai,hk,2015,SOLOS TECH LIMITED,1.0
ai,hk,2015,THUNDER POWER HONG KONG LTD,0.3333333333333333
ai,hk,2015,THUNDER POWER NEW ENERGY VEHICLE DEV CO LTD,0.3333333333333333
ai,hk,2015,THUNDER POWER NEW ENERGY VEHICLE DEVELOPMENT CO LTD,0.3333333333333333
ai,hk,2015,THUNDER POWER HONG KONG LTD,0.5
ai,hk,2015,THUNDER POWER NEW ENERGY VEHICLE DEVELOPMENT CO LTD,0.5
ai,hk,2015,THUNDER POWER HONG KONG LTD,0.2
ai,hk,2015,THUNDER POWER NEW ENERGY VEHICLE DEV CO LTD,0.2
ai,hk,2015,THUNDER POWER NEW ENERGY VEHICLE DEVELOPMENT CO LTD,0.2
ai,hk,2015,THUNDER POWER NEW ENERGY VIHICLE DEV COMPANY LTD,0.2
ai,hk,2015,THUNDER POWER NEW ENERGY VIHICLE DEVELOPMENT COMPANY LTD,0.2
ai,hk,2015,ACHIEVER TECH LTD,1.0
ai,hk,2015,THUNDER POWER HONG KONG LTD,1.0
ai,hk,2015,THUNDER POWER HONG KONG LTD,0.5
ai,hk,2015,THUNDER POWER NEW ENERGY VEHICLE DEVELOPMENT CO LTD,0.5
ai,hk,2015,THUNDER POWER HONG KONG LTD,0.5
ai,hk,2015,THUNDER POWER NEW ENERGY VEHICLE DEVELOPMENT CO LTD,0.5
ai,hk,2015,SOLOS TECH LIMITED,1.0
ai,hk,2015,THUNDER POWER HONG KONG LTD,0.5
ai,hk,2015,THUNDER POWER NEW ENERGY VEHICLE DEVELOPMENT CO LTD,0.5
ai,hk,2015,GLOBAL DESIGN CORP LTD,1.0
ai,hk,2015,THUNDER POWER HONG KONG LTD,0.3333333333333333
ai,hk,2015,THUNDER POWER NEW ENERGY VEHICLE DEV CO LTD,0.3333333333333333
ai,hk,2015,THUNDER POWER NEW ENERGY VEHICLE DEVELOPMENT CO LTD,0.3333333333333333
ai,hk,2016,CLEARONE COMMUNICATIONS HONG KONG LTD,1.0
ai,hk,2016,THUNDER POWER HONG KONG LTD,0.5
ai,hk,2016,THUNDER POWER NEW ENERGY VEHICLE DEVELOPMENT CO LTD,0.5
ai,hk,2016,M AND M TECH LIMITED,0.5
ai,hk,2016,M AND M TECH LTD,0.5
ai,hk,2016,THUNDER POWER HONG KONG LTD,1.0
ai,hk,2016,ANTS TECH (HK) LTD,1.0
ai,hk,2016,SINOEAST CONCEPT LTD,1.0
ai,hk,2016,BIO-MEDICAL ENG (HK) LTD,1.0
ai,hk,2016,GOODIX TECH HK COMPANY LIMITED,1.0
ai,hk,2016,SINOEAST CONCEPT LTD,1.0
ai,hk,2016,ROBOTICS CLUB LTD,1.0
ai,hk,2016,COMPASS TECH COMPANY LIMITED,0.5
ai,hk,2016,COMPASS TECH COMPANY LTD,0.5
ai,hk,2016,EDANZ GROUP LTD,1.0
ai,hk,2016,THUNDER POWER HONG KONG LTD,0.3333333333333333
ai,hk,2016,THUNDER POWER NEW ENERGY VEHICLE DEV CO LTD,0.3333333333333333
ai,hk,2016,THUNDER POWER NEW ENERGY VEHICLE DEVELOPMENT CO LTD,0.3333333333333333
ai,hk,2016,ARUZE GAMING HONG KONG LTD,1.0
ai,hk,2016,SIREMIX GMBH,1.0
ai,hk,2016,SOLARMAX PTE LTD,1.0
ai,hk,2016,ARUZE GAMING HONG KONG LTD,0.5
ai,hk,2016,AZURE GAMING HONG KONG LTD,0.5
ai,hk,2016,ANTS TECH (HK) LIMITED,0.5
ai,hk,2016,ANTS TECH HK LIMITED,0.5
ai,hk,2016,ONEPERSONALIZATION LTD,1.0
ai,hk,2016,ANTS TECH HK LIMITED,1.0
ai,hk,2016,GOODIX TECH HK COMPANY LIMITED,1.0
ai,hk,2016,THUNDER POWER HONG KONG LTD,0.3333333333333333
ai,hk,2016,THUNDER POWER NEW ENERGY VEHICLE DEVELOPMENT CO LTD,0.3333333333333333
ai,hk,2016,THUNDER POWER NEW ENERGY VEHICLE DEVELOPMENT LTD,0.3333333333333333
ai,hk,2016,THUNDER POWER HONG KONG LTD,0.5
ai,hk,2016,THUNDER POWER NEW ENERGY VEHICLE DEVELOPMENT CO LTD,0.5
ai,hk,2016,KIKA TECH (HK) HOLDINGS CO LIMITED,0.5
ai,hk,2016,KIKA TECH HK HOLDINGS CO LIMITED,0.5
ai,hk,2016,NEXWRITER LTD,1.0
ai,hk,2016,MARVEL DIGITAL LTD,1.0
ai,hk,2016,KAMI INTELLIGENCE LTD,1.0
ai,hk,2017,MARCH PROJECTION LTD,1.0
ai,hk,2017,HONG KONG TELECOMMUNICATIONS HKT LTD,0.5
ai,hk,2017,HONG KONG TELECOMMUNICATIONS HTK LTD,0.5
ai,hk,2017,SUCCESS ASIA INC LTD,1.0
ai,hk,2017,ANTS TECH HK LIMITED,1.0
ai,hk,2017,MARVEL DIGITAL LTD,1.0
ai,hk,2017,SUNASIC TECH LIMITED,1.0
ai,hk,2017,SUNASIC TECH LIMITED,1.0
ai,hk,2017,INFINITY CUBE LTD,1.0
ai,hk,2017,NEC HONG KONG LTD,1.0
ai,hk,2017,NEC HONG KONG LTD,1.0
ai,hk,2017,ANTS TECH HK LIMITED,1.0
ai,hk,2017,ANTS TECH HK LIMITED,1.0
ai,hk,2017,ANTS TECH HK LIMITED,1.0
ai,hk,2017,BRASS RING INTERNATIONAL DENSITY ENTERPRISE LTD,1.0
ai,hk,2017,SUNASIC TECH LIMITED,1.0
ai,hk,2017,PLUSAI LTD,1.0
ai,hk,2017,SUNASIC TECH LIMITED,1.0
ai,hk,2017,FIND SOLUTION ARTIFICIAL INTELLIGENCE LTD,1.0
ai,hk,2017,ANTS TECH HK LIMITED,1.0
ai,hk,2017,ANTS TECH HK LIMITED,1.0
ai,hk,2017,INTELLIGENCE & PARTNER LTD,1.0
ai,hk,2017,FUTURE MOBILITY CORPORATION LTD,1.0
ai,hk,2017,FUTURE MOBILITY CORPORATION LTD,1.0
ai,hk,2017,FIH HONG KONG LTD,1.0
ai,hk,2017,WISERS INFORMATION LTD,1.0
ai,hk,2017,SUNASIC TECH LIMITED,1.0
ai,hk,2017,SUNASIC TECH LIMITED,1.0
ai,hk,2017,SUNASIC TECH LIMITED,1.0
ai,hk,2017,AUTHPAPER LTD,1.0
ai,hk,2017,D2V LTD,1.0
ai,hk,2017,HAMPEN TECH CORPORATION LIMITED,1.0
ai,hk,2017,HAMPEN TECH CORPORATION LIMITED,1.0
ai,hk,2017,GOOEE LTD,1.0
ai,hk,2017,AEOLUS ROBOTICS CORPORATION LTD,1.0
ai,hk,2017,AEOLUS ROBOTICS CORPORATION LTD,1.0
ai,hk,2017,SMOOTHWEB TECH LTD,1.0
ai,hk,2017,PLUSAI LTD,1.0
ai,hk,2017,EWIG INDUSTRIES MACAO COMMERCIAL OFFSHORE LTD,1.0
ai,hk,2018,QUANTUM CYBERTECH LTD,1.0
ai,hk,2018,WELL BEING DIGITAL LTD,1.0
ai,hk,2018,BANUBA LTD,1.0
ai,hk,2018,ZYETRIC AUGMENTED REALITY LTD,1.0
ai,hk,2018,BYTON LTD,1.0
ai,hk,2018,ANTS TECH HK LIMITED,1.0
ai,hk,2018,BYTON LTD,1.0
ai,hk,2018,NIO NEXTEV LTD,1.0
ai,hk,2018,BANUBA LTD,1.0
ai,hk,2018,BANUBA LTD,1.0
ai,hk,2018,BANUBA LTD,1.0
ai,hk,2018,BANUBA LTD,1.0
ai,hk,2018,POLAR SEAL LTD,1.0
ai,hk,2018,AEOLUS ROBOTICS CORPORATION LTD,1.0
ai,hk,2018,ANTS TECH HK LIMITED,1.0
ai,hk,2018,MAIN CONTINENTAL TECH LIMITED,1.0
ai,hk,2018,TFI DIGITAL MEDIA LTD,1.0
ai,hk,2018,INSILICO MEDICINE IP LTD,1.0
ai,hk,2018,LOGISTICS AND SUPPLY CHAIN MULTITECH R&D CENTRE LTD,1.0
ai,hk,2018,LOGISTICS AND SUPPLY CHAIN MULTI TECH R&D CENTRE LTD,0.5
ai,hk,2018,LOGISTICS AND SUPPLY CHAIN MULTITECH R&D CENTRE LTD,0.5
ai,hk,2018,GOODIX TECH HK COMPANY LIMITED,1.0
ai,hk,2018,TYMPHANY HK LTD,1.0
ai,hk,2018,BANUBA LTD,1.0
ai,hk,2018,TELEFIELD MEDICAL IMAGING LTD,1.0
ai,hk,2018,TYRAFOS TECHNOLOGIES CO LIMITED,1.0
ai,hk,2018,ZYETRIC ENTERPRISE LTD,1.0
ai,hk,2018,COMPUTIME LTD,1.0
ai,hk,2018,BANUBA LTD,1.0
ai,hk,2018,DEFOND COMPONENTS LTD,1.0
ai,hk,2018,TYRAFOS TECHNOLOGIES CO LIMITED,1.0
ai,hk,2018,TYRAFOS TECHNOLOGIES CO LIMITED,1.0
ai,hk,2018,TYRAFOS TECHNOLOGIES CO LIMITED,1.0
ai,hk,2018,FIH HONG KONG LTD,1.0
ai,hk,2018,FIH HONG KONG LTD,1.0
ai,hk,2018,ANTS TECH HK LIMITED,1.0
ai,hk,2018,ASTEC INT LTD,0.5
ai,hk,2018,ASTEE INTERNATIONAL LTD,0.5
ai,hk,2018,BYTON LTD,1.0
ai,hk,2018,INSILICO MEDICINE IP LTD,1.0
ai,hk,2018,VIRTUAL CONTROL LTD,1.0
ai,hk,2018,LOGISTICS AND SUPPLY CHAIN MULTITECH R&D CENTRE LTD,1.0
ai,hk,2018,LOGISTICS AND SUPPLY CHAIN MULTITECH R&D CENTRE LTD,1.0
ai,hk,2018,GLO BIG BOSS LTD,1.0
ai,hk,2018,SINOEAST CONCEPT LTD,1.0
ai,hk,2018,GREEN GARDEN TOYS HONG KONG CO LTD,1.0
ai,hk,2018,ZYETRIC TECH LIMITED,1.0
ai,hk,2018,MINDFIO LTD,1.0
ai,hk,2018,ZYETRIC GAMING LTD,1.0
ai,hk,2018,Fg innovation co ltd,1.0
ai,hk,2018,IEMIS HK LTD,1.0
ai,hk,2018,TUTOR GROUP LTD,1.0
ai,hk,2018,HK LIJUN TECH LIMITED,1.0
ai,hk,2018,GLO BIG BOSS LTD,1.0
ai,hk,2019,TYME LTD,1.0
ai,hk,2019,LONGQ LTD,1.0
ai,hk,2019,HANSON ROBOTICS LTD,1.0
ai,hk,2019,LONGQ LTD,1.0
ai,hk,2019,ZYETRIC VIRTUAL REALITY LTD,1.0
ai,hk,2019,SAGADIGITS LTD,1.0
ai,hk,2019,SOLVED BY TECHNOLOGY CO LIMITED,1.0
ai,hk,2019,INFOTOO INTERNATIONAL LTD,1.0
ai,hk,2019,Fg innovation co ltd,1.0
ai,hk,2019,KIKAGO LTD,1.0
ai,hk,2019,HONG KONG LIVEME CORPORATION LTD,1.0
ai,hk,2019,O NET WAVETOUCH LTD,0.5
ai,hk,2019,WAVETOUCH LTD,0.5
ai,hk,2019,MOFFETT TECH CO LIMITED,1.0
ai,hk,2019,COLLATR LTD,1.0
ai,hk,2019,WILDFACES TECH LIMITED,1.0
ai,hk,2019,GOODIX TECH HK COMPANY LIMITED,1.0
ai,hk,2019,ACSYS HOLDINGS LTD,1.0
ai,hk,2019,COMPUTIME LTD,1.0
ai,hk,2019,LONGVIEW FINANCIAL LTD,1.0
ai,hk,2019,WORLD CONCEPT DEVELOPMENT LTD,1.0
ai,hk,2019,SKALA FINTECH COMPANY LTD,1.0
ai,hk,2019,CYRCADIA ASIA LTD,1.0
ai,hk,2019,BANUBA LTD,1.0
ai,hk,2019,INSILICO MEDICINE HONG KONG LTD,0.5
ai,hk,2019,INSILICO MEDICINE IP LTD,0.5
ai,hk,2019,VISUO TECH PTY LIMITED,1.0
ai,hk,2019,GURU NETWORK LTD,1.0
ai,hk,2019,TERMINAL 1 LTD,1.0
ai,hk,2019,TOP VICTORY INVESTMENTS LTD,1.0
ai,hk,2019,DEEP LONGEVITY LTD,1.0
ai,hk,2019,REDLOTUS HONG KONG LTD,1.0
ai,hk,2019,ULEECO LTD,1.0
ai,hk,2019,PLUSAI LTD,1.0
ai,hk,2019,AEOLUS ROBOTICS CORPORATION LTD,1.0
ai,hk,2019,WISDOM GARDEN HONG KONG LTD,1.0
ai,hk,2019,NUWA ROBOTICS HK LTD,1.0
ai,hk,2019,FUTURE OF PLAY GLOBAL LTD,1.0
ai,hk,2020,MARVEL RES LIMITED,1.0
ai,hk,2020,COMPUTIME LTD,1.0
ai,hk,2020,GENIELAND COMPANY LTD,1.0
ai,hk,2020,MATCHINGPRO LTD,1.0
ai,hk,2020,LONGQ LTD,1.0
ai,hk,2020,ANTS TECH HK LIMITED,1.0
ai,hk,2020,ANTS TECH HK LIMITED,1.0
ai,hk,2020,EC COUNCIL INTERNATIONAL LTD,1.0
ai,hk,2020,TOP VICTORY INVESTMENTS LTD,1.0
ai,hk,2020,KIKAGO LTD,1.0
ai,hk,2020,MOFFETT INTERNATIONAL CO LIMITED,0.3333333333333333
ai,hk,2020,MOFFETT TECH CO LIMITED,0.3333333333333333
ai,hk,2020,MOFFETT TECHNOLOGIES CO LIMITED,0.3333333333333333
ai,hk,2020,COMPUTIME LTD,1.0
ai,hk,2020,COMPUTIME LTD,1.0
ai,hk,2020,GOLDWAY TECH LIMITED,1.0
ai,hk,2020,GOLDWAY TECH LIMITED,1.0
ai,hk,2020,NEO DERM GROUP LTD,1.0
ai,hk,2020,SUNNY TECH ENTERPRISE LIMITED,1.0
ai,hk,2020,AI ROBOTICS LTD,1.0
ai,hk,2020,HESTIA TECH LIMITED,1.0
ai,hk,2020,KWB GLOBAL LTD,1.0
ai,hk,2020,IQ WORKS LTD,1.0
ai,hk,2020,COMPUTIME LTD,1.0
ai,hk,2020,MOFFETT INTERNATIONAL CO LIMITED,0.25
ai,hk,2020,MOFFETT INTERNATIONAL CO LTD,0.25
ai,hk,2020,MOFFETT TECH CO LIMITED,0.25
ai,hk,2020,MOFFETT TECHNOLOGIES CO LIMITED,0.25
ai,hk,2020,ASTEC INT LTD,1.0
ai,hk,2020,INCEPTIO HONGKONG LTD,1.0
ai,hk,2020,INCEPTIO HONGKONG LTD,1.0
ai,hk,2020,INCEPTIO HONGKONG LTD,1.0
ai,hk,2020,GIGALINK TECH HOLDING LIMITED,1.0
ai,hk,2020,GIGALINK TECH HOLDING LIMITED,1.0
ai,hk,2020,MOFFETT INTERNATIONAL CO LIMITED,0.25
ai,hk,2020,MOFFETT INTERNATIONAL CO LTD,0.25
ai,hk,2020,MOFFETT TECH CO LIMITED,0.25
ai,hk,2020,MOFFETT TECHNOLOGIES CO LIMITED,0.25
ai,hk,2020,INSILICO MEDICINE IP LTD,1.0
ai,hk,2020,WAVETOUCH LTD,1.0
ai,hk,2020,NALANTIS HOLDING LTD,1.0
ai,hk,2020,LUCAS GC LTD,1.0
ai,hk,2020,LUCAS GC LTD,1.0
ai,hk,2020,LUCAS GC LTD,1.0
ai,hk,2020,AI ROBOTICS LTD,1.0
ai,hk,2020,LUCAS GC LTD,1.0
ai,hk,2020,LUCAS GC LTD,1.0
ai,hk,2020,LUCAS GC LTD,1.0
ai,hk,2020,SP AITH LTD,1.0
ai,hk,2020,OOCL INFOTECH HOLDINGS LTD,1.0
ai,hk,2020,LUCAS GC LTD,1.0
ai,hk,2020,CHUN WO CONSTRUCTION & ENGINEERING CO LTD,1.0
ai,hk,2020,MOFFETT INTERNATIONAL CO LIMITED,0.3333333333333333
ai,hk,2020,MOFFETT TECH CO LIMITED,0.3333333333333333
ai,hk,2020,MOFFETT TECHNOLOGIES CO LIMITED,0.3333333333333333
ai,hk,2020,AVALON BIOMEDICAL MAN LIMITED,1.0
ai,hk,2020,WISERS INFORMATION LTD,1.0
ai,hk,2020,MOFFETT INTERNATIONAL CO LIMITED,0.25
ai,hk,2020,MOFFETT INTERNATIONAL CO LTD,0.25
ai,hk,2020,MOFFETT TECH CO LIMITED,0.25
ai,hk,2020,MOFFETT TECHNOLOGIES CO LIMITED,0.25
ai,hk,2020,MOFFETT INTERNATIONAL CO LIMITED,0.25
ai,hk,2020,MOFFETT INTERNATIONAL CO LTD,0.25
ai,hk,2020,MOFFETT TECH CO LIMITED,0.25
ai,hk,2020,MOFFETT TECHNOLOGIES CO LIMITED,0.25
ai,hk,2021,TARGET INFORMATION COMPANY LTD,1.0
ai,hk,2021,INSILICO MEDICINE IP LTD,1.0
ai,hk,2021,INSILICO MEDICINE IP LTD,1.0
ai,hk,2021,INSILICO MEDICINE IP LTD,1.0
ai,hk,2021,INSILICO MEDICINE IP LTD,1.0
ai,hk,2021,TFI DIGITAL MEDIA LTD,1.0
ai,hk,2021,SMOOTHWEB TECH LIMITED,1.0
ai,hk,2021,MOFFETT INTERNATIONAL CO LIMITED,0.3333333333333333
ai,hk,2021,MOFFETT TECH CO LIMITED,0.3333333333333333
ai,hk,2021,MOFFETT TECHNOLOGIES CO LIMITED,0.3333333333333333
ai,hk,2021,MINDS AI TECH LTD,0.5
ai,hk,2021,MINDS AL TECH LTD,0.5
ai,hk,2021,LUCAS GC LTD,1.0
ai,hk,2021,BGI HEALTH HK COMPANY LTD,1.0
ai,hk,2021,NEOMA LTD,1.0
ai,hk,2021,CREEDON TECH HK LIMITED,1.0
ai,hk,2021,WAVETOUCH LTD,1.0
ai,hk,2021,INSILICO MEDICINE IP LTD,1.0
ai,hk,2021,INSILICO MEDICINE IP LTD,1.0
ai,hk,2021,GRACE AND KOWLOON HOLDINGS LTD,1.0
ai,hk,2021,COMPUTIME LTD,1.0
ai,hk,2021,NEMO POWER TOOLS LTD,1.0
ai,hk,2021,AUTOMATION FOR HUMANITY LTD,1.0
ai,hk,2021,5GEN CARE LTD,1.0
ai,hk,2021,LUCAS GC LTD,1.0
ai,hk,2021,VIRTUAL CONTROL LTD,1.0
ai,hk,2021,IEMIS HK LTD,1.0
ai,hk,2021,CREEDON TECH HK LIMITED,1.0
ai,hk,2021,LUCAS GC LTD,1.0
ai,hk,2021,UNITED MICROELECTRONICS CENTRE HONG KONG LTD,1.0
ai,hk,2021,SPLITMEDIALABS LTD,1.0
ai,hk,2021,MOFFETT INTERNATIONAL CO LIMITED,0.3333333333333333
ai,hk,2021,MOFFETT INTERNATIONAL CO LTD,0.3333333333333333
ai,hk,2021,MOFFETT TECH CO LIMITED,0.3333333333333333
ai,hk,2021,SMARTSENS TECH HK CO LTD,1.0
ai,hk,2021,CONTEMPORARY AMPEREX TECHNOLOGY HONG KONG LTD,1.0
ai,hk,2021,INNOSPIRE TECH LIMITED,1.0
ai,hk,2021,GOODIX TECH HK COMPANY LIMITED,1.0
ai,hk,2021,Fg innovation co ltd,1.0
ai,hk,2021,BGI HEALTH HK COMPANY LTD,1.0
ai,hk,2021,ONANOFF LTD COMPANY,0.5
ai,hk,2021,ONANOFF LTD COMPANY LTD,0.5
ai,hk,2021,UNITED MICROELECTRONICS CENTRE HONG KONG LTD,1.0
ai,hk,2021,NEMO POWER TOOLS LTD,1.0
ai,hk,2021,MOFFETT INTERNATIONAL CO LIMITED,0.5
ai,hk,2021,MOFFETT INTERNATIONAL CO LTD,0.5
ai,hk,2021,PONG YUEN HOLDINGS LTD,1.0
ai,hk,2021,REMO HOLDINGS LTD,1.0
ai,hk,2021,CONTEMPORARY AMPEREX TECHNOLOGY HONG KONG LTD,1.0
ai,hk,2021,CONTEMPORARY AMPEREX TECHNOLOGY HONG KONG LTD,1.0
ai,hk,2021,CONTEMPORARY AMPEREX TECHNOLOGY HONG KONG LTD,1.0
ai,hk,2021,CONTEMPORARY AMPEREX TECHNOLOGY HONG KONG LTD,1.0
ai,hk,2021,LOGISTICS AND SUPPLY CHAIN MULTITECH R&D CENTRE LTD,1.0
ai,hk,2022,TUV SUD HONG KONG LTD,1.0
ai,hk,2022,WAVETOUCH LTD,1.0
ai,hk,2022,TENCENT MOBILITY LTD,1.0
ai,hk,2022,DIGITAL DOMAIN ENTERPRISES GROUP LTD,1.0
ai,hk,2022,WISERS INFORMATION LTD,1.0
ai,hk,2022,LUCAS GC LTD,1.0
ai,hk,2022,MOFFETT INTERNATIONAL CO LIMITED,0.5
ai,hk,2022,MOFFETT INTERNATIONAL CO LTD,0.5
ai,hk,2022,LOGISTICS AND SUPPLY CHAIN MULTITECH R&D CENTRE LTD,1.0
ai,hk,2022,LOGISTICS AND SUPPLY CHAIN MULTITECH R&D CENTRE LTD,1.0
ai,hk,2022,LOGISTICS AND SUPPLY CHAIN MULTITECH R&D CENTRE LTD,1.0
ai,hk,2022,INSILICO MEDICINE IP LTD,1.0
ai,hk,2022,CHRYSUS INTELLECTUAL PROPERTIES LTD,1.0
ai,hk,2022,Fg innovation co ltd,1.0
ai,hk,2022,ST MICROELECTRONICS LTD,1.0
ai,hk,2022,CONTEMPORARY AMPEREX TECHNOLOGY HONG KONG LTD,1.0
ai,hk,2022,CONTEMPORARY AMPEREX TECHNOLOGY HONG KONG LTD,1.0
ai,hk,2022,CONTEMPORARY AMPEREX TECHNOLOGY HONG KONG LTD,1.0
ai,hk,2022,CONTEMPORARY AMPEREX TECHNOLOGY HONG KONG LTD,1.0
ai,hk,2022,CONTEMPORARY AMPEREX TECHNOLOGY HONG KONG LTD,1.0
ai,hk,2022,FARM LOCALLY LTD,1.0
ai,hk,2022,CONTEMPORARY AMPEREX TECHNOLOGY HONG KONG LTD,1.0
ai,hk,2022,LUCAS GC LTD,1.0
ai,hk,2022,DYNAMIC CENTURY HOLDINGS LTD,1.0
ai,hk,2022,PACBRIDGE PARTNERS II INVEST CO LTD,1.0
ai,hk,2022,ACT GENOMICS IP LTD,1.0
ai,hk,2022,MOFFETT INTERNATIONAL CO LIMITED,0.5
ai,hk,2022,MOFFETT INTERNATIONAL CO LTD,0.5
ai,hk,2022,CONTEMPORARY AMPEREX TECHNOLOGY HONG KONG LTD,1.0
ai,hk,2022,PANOPTICAI LTD,1.0
ai,hk,2022,EXPERT AI ENABLING LTD,1.0
ai,hk,2022,CONTEMPORARY AMPEREX TECHNOLOGY HONG KONG LTD,1.0
ai,hk,2022,CONTEMPORARY AMPEREX TECHNOLOGY HONG KONG LTD,1.0
ai,hk,2022,CONTEMPORARY AMPEREX TECHNOLOGY HONG KONG LTD,1.0
ai,hk,2022,CONTEMPORARY AMPEREX TECHNOLOGY HONG KONG LTD,1.0
ai,hk,2022,MOFFETT INTERNATIONAL CO LTD,1.0
ai,hk,2022,HONG KONG HAICUN TECH CO LIMITED,1.0
ai,hk,2022,ALPHA AI TECH LIMITED,1.0
ai,hk,2022,ZYETRIC TECH LIMITED,1.0
ai,hk,2022,HILLMING COMPANY LTD,1.0
ai,hk,2022,CONTEMPORARY AMPEREX TECHNOLOGY HONG KONG LTD,1.0
ai,hk,2022,CLEAR ROBOTICS LTD,1.0
ai,hk,2023,INSILICO MEDICINE IP LTD,1.0
ai,hk,2023,TOP VICTORY INVESTMENTS LTD,1.0
ai,hk,2023,CONTEMPORARY AMPEREX TECHNOLOGY HONG KONG LTD,1.0
ai,hk,2023,CONTEMPORARY AMPEREX TECHNOLOGY HONG KONG LTD,1.0
ai,hk,2023,CONTEMPORARY AMPEREX TECHNOLOGY HONG KONG LTD,1.0
ai,hk,2023,TOP VICTORY INVESTMENTS LTD,1.0
ai,hk,2023,TOP VICTORY INVESTMENTS LTD,1.0
ai,hk,2023,GOODIX TECH HK COMPANY LIMITED,1.0
ai,hk,2023,EC COUNCIL INTERNATIONAL LTD,1.0
ai,hk,2023,LONBLE ACUTREK LTD,1.0
ai,hk,2023,INSILICO MEDICINE IP LTD,1.0
ai,hk,2023,INSILICO MEDICINE IP LTD,1.0
ai,hk,2023,INSILICO MEDICINE IP LTD,1.0
ai,hk,2023,AGILIS ROBOTICS LTD,1.0
ai,hk,2023,CONTEMPORARY AMPEREX TECHNOLOGY HONG KONG LTD,1.0
ai,hk,2023,CONTEMPORARY AMPEREX TECHNOLOGY HONG KONG LTD,1.0
ai,hk,2023,CONTEMPORARY AMPEREX TECHNOLOGY HONG KONG LTD,1.0
ai,hk,2023,CONTEMPORARY AMPEREX TECHNOLOGY HONG KONG LTD,1.0
ai,hk,2023,CONTEMPORARY AMPEREX TECHNOLOGY HONG KONG LTD,1.0
ai,hk,2023,CONTEMPORARY AMPEREX TECHNOLOGY HONG KONG LTD,1.0
ai,hk,2023,CONTEMPORARY AMPEREX TECHNOLOGY HONG KONG LTD,1.0
ai,hk,2023,LOGISTICS AND SUPPLY CHAIN MULTITECH R&D CENTRE LTD,1.0
ai,hk,2023,LOGISTICS AND SUPPLY CHAIN MULTITECH R&D CENTRE LTD,1.0
ai,hk,2023,NEMO POWER TOOLS LTD,1.0
ai,hk,2023,LOGISTICS AND SUPPLY CHAIN MULTITECH R&D CENTRE LTD,1.0
ai,hk,2023,CONTEMPORARY AMPEREX TECHNOLOGY HONG KONG LTD,1.0
ai,hk,2023,TOP VICTORY INVESTMENTS LTD,1.0
ai,hk,2023,TOP VICTORY INVESTMENTS LTD,1.0
ai,hk,2023,TOP VICTORY INVESTMENTS LTD,1.0
ai,hk,2023,INNOCORN TECH LIMITED,1.0
ai,hk,2023,NEUFAST LTD,1.0
ai,hk,2023,INTERNET INVESTMENTS GROUP LTD,1.0
ai,hk,2023,CONTEMPORARY AMPEREX TECHNOLOGY HONG KONG LTD,1.0
ai,hk,2023,CONTEMPORARY AMPEREX TECHNOLOGY HONG KONG LTD,1.0
ai,hk,2023,CONTEMPORARY AMPEREX TECHNOLOGY HONG KONG LTD,1.0
ai,hk,2023,MOFFETT INTERNATIONAL CO LTD,1.0
ai,hk,2023,URBANCHAIN GROUP LTD,1.0
ai,hk,2023,AUTOMATED MACHINE LEARNING LTD,1.0
ai,hk,2023,CONTEMPORARY AMPEREX TECHNOLOGY HONG KONG LTD,1.0
ai,hk,2023,CONTEMPORARY AMPEREX TECHNOLOGY HONG KONG LTD,1.0
ai,hk,2023,CONTEMPORARY AMPEREX TECHNOLOGY HONG KONG LTD,1.0
ai,hk,2023,GOODIX TECH HK COMPANY LIMITED,1.0
ai,hk,2023,DEEP TRANSLATE LTD,1.0
ai,hk,2023,YOUNG’S ENG CO LTD,1.0
ai,hk,2023,LABORATORY OF DATA DISCOVERY FOR HEALTH LTD,1.0
ai,hk,2023,CONTEMPORARY AMPEREX TECHNOLOGY HONG KONG LTD,1.0
ai,hk,2023,CONTEMPORARY AMPEREX TECHNOLOGY HONG KONG LTD,1.0
ai,hk,2023,CSC ROBOTIC ENGINEERING LTD,1.0
ai,hk,2023,CONTEMPORARY AMPEREX TECHNOLOGY HONG KONG LTD,1.0
ai,hk,2023,CONTEMPORARY AMPEREX TECHNOLOGY HONG KONG LTD,1.0
ai,hk,2023,CONTEMPORARY AMPEREX TECHNOLOGY HONG KONG LTD,1.0
ai,hk,2023,CONTEMPORARY AMPEREX TECHNOLOGY HONG KONG LTD,1.0
ai,hk,2023,COMPUTIME LTD,1.0
ai,hk,2023,AUKI MATTERLESS LTD,1.0
ai,hk,2023,LEAPXPERT LTD,1.0
ai,hk,2023,MULTI SCALE MEDICAL ROBOTICS CENTER LTD,1.0
ai,hk,2023,MULTI SCALE MEDICAL ROBOTICS CENTER LTD,1.0
ai,hk,2023,PHOMEDICS LTD,1.0
ai,hk,2023,CONTEMPORARY AMPEREX TECHNOLOGY HONG KONG LTD,1.0
ai,hk,2023,CONTEMPORARY AMPEREX TECHNOLOGY HONG KONG LTD,1.0
ai,hk,2023,CONTEMPORARY AMPEREX TECHNOLOGY HONG KONG LTD,1.0
ai,hk,2023,CONTEMPORARY AMPEREX TECHNOLOGY HONG KONG LTD,1.0
ai,hk,2023,CONTEMPORARY AMPEREX TECHNOLOGY HONG KONG LTD,1.0
ai,hk,2023,CONTEMPORARY AMPEREX TECHNOLOGY HONG KONG LTD,1.0
ai,sg,2015,AVAGO TECHNOLOGIES GENERAL IP,1.0
ai,sg,2015,SEMICONDUCTOR TECH & INSTRUMENTS PTE LTD,0.25
ai,sg,2015,SEMICONDUCTOR TECH & INSTRUMENTS PTE LTD SG,0.25
ai,sg,2015,SEMICONDUCTOR TECH AND INSTRUMENTS PTE LTD,0.25
ai,sg,2015,SEMICONDUCTOR TECHNOLOGIES AND INSTR PTE LTD,0.25
ai,sg,2015,LENOVO SINGAPORE PTE LTD,1.0
ai,sg,2015,LENOVO SINGAPORE PTE LTD,1.0
ai,sg,2015,ACK3 BIONETICS PTE LTD,1.0
ai,sg,2015,TRAX TECHNOLOGY SOLUTIONS PTE LTD,1.0
ai,sg,2015,LENOVO SINGAPORE PTE LTD,1.0
ai,sg,2015,AVAGO TECHNOLOGIES GENERAL IP,1.0
ai,sg,2015,AVAGO TECHNOLOGIES GENERAL IP,1.0
ai,sg,2015,LENOVO SINGAPORE PTE LTD,1.0
ai,sg,2015,AVAGO TECHNOLOGIES GENERAL IP,1.0
ai,sg,2015,AVAGO TECHNOLOGIES GENERAL IP,1.0
ai,sg,2015,AVAGO TECHNOLOGIES GENERAL IP,1.0
ai,sg,2015,AVAGO TECHNOLOGIES GENERAL IP,1.0
ai,sg,2015,AVAGO TECHNOLOGIES GENERAL IP,1.0
ai,sg,2015,ST MICROELECTRONICS ASIA,0.5
ai,sg,2015,ST MICROELECTRONICS ASIA PACIFIC PTE LTD,0.5
ai,sg,2015,SIVANTOS PTE LTD,1.0
ai,sg,2015,LENOVO SINGAPORE PTE LTD,1.0
ai,sg,2015,LENOVO SINGAPORE PTE LTD,1.0
ai,sg,2015,CLOUD NETWORK TECH SINGAPORE PTE LTD,1.0
ai,sg,2015,Sigenic Pte Ltd,1.0
ai,sg,2015,AVAGO TECH INT SALES PTE LID,1.0
ai,sg,2015,RAZER (ASIA-PACIFIC) PTE LTD,0.5
ai,sg,2015,RAZER ASIA PACIFIC PTE LTD,0.5
ai,sg,2015,LENOVO SINGAPORE PTE LTD,1.0
ai,sg,2015,TACTILIS PTE LTD,1.0
ai,sg,2015,CRAYON DATA PTE LTD,1.0
ai,sg,2015,LENOVO SINGAPORE PTE LTD,1.0
ai,sg,2015,LENOVO SINGAPORE PTE LTD,1.0
ai,sg,2015,VISENZE PTE LTD,1.0
ai,sg,2015,LENOVO SINGAPORE PTE LTD,1.0
ai,sg,2015,LENOVO SINGAPORE PTE LTD,1.0
ai,sg,2015,LENOVO SINGAPORE PTE LTD,1.0
ai,sg,2015,LENOVO SINGAPORE PTE LTD,1.0
ai,sg,2015,LENOVO SINGAPORE PTE LTD,1.0
ai,sg,2015,LENOVO SINGAPORE PTE LTD,1.0
ai,sg,2015,LENOVO SINGAPORE PTE LTD,1.0
ai,sg,2015,LENOVO SINGAPORE PTE LTD,1.0
ai,sg,2015,LENOVO SINGAPORE PTE LTD,1.0
ai,sg,2015,LENOVO SINGAPORE PTE LTD,1.0
ai,sg,2015,LENOVO SINGAPORE PTE LTD,1.0
ai,sg,2015,LENOVO SINGAPORE PTE LTD,1.0
ai,sg,2015,LENOVO SINGAPORE PTE LTD,1.0
ai,sg,2015,LENOVO SINGAPORE PTE LTD,1.0
ai,sg,2015,VISENZE PTE LTD,1.0
ai,sg,2015,SIEMENS MEDICAL INSTR PTE LTD,1.0
ai,sg,2015,LENOVO SINGAPORE PTE LTD,1.0
ai,sg,2015,AVAGO TECHNOLOGIES GENERAL IP,1.0
ai,sg,2015,MEDIATEK SINGAPORE PTE LTD,1.0
ai,sg,2015,LIFETRACK MEDICAL SYSTEMS PRIVATE LTD,1.0
ai,sg,2015,CLAULT PTE LTD,1.0
ai,sg,2015,LENOVO SINGAPORE PTE LTD,1.0
ai,sg,2015,LENOVO SINGAPORE PTE LTD,1.0
ai,sg,2015,INMOBI PTE LTD,1.0
ai,sg,2015,TRAX TECHNOLOGY SOLUTIONS PTE LTD,1.0
ai,sg,2015,INMOBI PTE LTD,1.0
ai,sg,2015,DATAESP PRIVATE LTD,1.0
ai,sg,2015,CLOUDRADIGM PTE LTD,1.0
ai,sg,2015,HUAWEI INT PTE LTD,0.5
ai,sg,2015,HUAWEI INTERNAT PTE LTD,0.5
ai,sg,2015,SUN ELECTRIC PTE LTD,1.0
ai,sg,2015,SIVANTOS PTE LTD,1.0
ai,sg,2015,SIVANTOS PTE LTD,1.0
ai,sg,2015,SIVANTOS PTE LTD,1.0
ai,sg,2015,LENOVO SINGAPORE PTE LTD,1.0
ai,sg,2015,LENOVO SINGAPORE PTE LTD,1.0
ai,sg,2015,INFINITY OPTICS SOLUTIONS PTE LTD,1.0
ai,sg,2015,LENOVO ENTPR SOLUTIONS SINGAPORE PTE LTD,1.0
ai,sg,2015,TRAKOMATIC PTE LTD,1.0
ai,sg,2015,LENOVO SINGAPORE PTE LTD,1.0
ai,sg,2015,DATASPARK PTE LTD,1.0
ai,sg,2015,LENOVO SINGAPORE PTE LTD,1.0
ai,sg,2015,LENOVO SINGAPORE PTE LTD,1.0
ai,sg,2015,LENOVO ENTPR SOLUTIONS SINGAPORE PTE LTD,1.0
ai,sg,2015,AVAGO TECHNOLOGIES GENERAL IP,1.0
ai,sg,2015,SIVANTOS PTE LTD,1.0
ai,sg,2015,LENOVO SINGAPORE PTE LTD,1.0
ai,sg,2015,LENOVO SINGAPORE PTE LTD,1.0
ai,sg,2015,HUAWEI INTERNAT PTE LTD,1.0
ai,sg,2015,COOLPAY PTE LTD,1.0
ai,sg,2015,RENEW GROUP PRIVATE LTD,0.5
ai,sg,2015,RENEW GROUP PTE LTD,0.5
ai,sg,2015,LENOVO SINGAPORE PTE LTD,1.0
ai,sg,2015,LENOVO SINGAPORE PTE LTD,1.0
ai,sg,2015,INMOBI PTE LTD,1.0
ai,sg,2015,NAT SKIN CENTRE SINGAPORE PTE LTD,1.0
ai,sg,2015,INMOBI PTE LTD,1.0
ai,sg,2015,TEMASEK LIFE SCIENCES LAB LTD,1.0
ai,sg,2015,MENTORICA TECH PTE LTD,0.5
ai,sg,2015,MENTORICA TECHNOLOGY PTE LTD,0.5
ai,sg,2015,LENOVO SINGAPORE PTE LTD,1.0
ai,sg,2015,LENOVO SINGAPORE PTE LTD,1.0
ai,sg,2015,LENOVO SINGAPORE PTE LTD,1.0
ai,sg,2015,RAZER (ASIA-PACIFIC) PTE LTD,0.5
ai,sg,2015,RAZER ASIA PACIFIC PTE LTD,0.5
ai,sg,2015,TAASCOM INC,0.3333333333333333
ai,sg,2015,THINXTREAM TECH PTD LTD,0.3333333333333333
ai,sg,2015,THINXTREAM TECH PTE LTD,0.3333333333333333
ai,sg,2015,THINXTREAM TECH PTD LTD,0.5
ai,sg,2015,THINXTREAM TECH PTE LTD,0.5
ai,sg,2015,CLOUD NETWORK TECH SINGAPORE PTE LTD,1.0
ai,sg,2015,LENOVO SINGAPORE PTE LTD,1.0
ai,sg,2015,CERTIS CISCO SECURITY PTE LTD,0.5
ai,sg,2015,ENSIGN INFOSECURITY CYBERSECURITY PTE LTD,0.5
ai,sg,2015,LENOVO SINGAPORE PTE LTD,1.0
ai,sg,2015,VADARO PTE LTD,1.0
ai,sg,2015,LENOVO ( SINGAPORE) PTE LTD,0.5
ai,sg,2015,LENOVO SINGAPORE PTE LTD,0.5
ai,sg,2015,LENOVO SINGAPORE PTE LTD,1.0
ai,sg,2015,CLOUD NETWORK TECH SINGAPORE PTE LTD,1.0
ai,sg,2015,SIVANTOS PTE LTD,1.0
ai,sg,2015,LENOVO SINGAPORE PTE LTD,1.0
ai,sg,2015,LENOVO SINGAPORE PTE LTD,1.0
ai,sg,2015,CREATIVE TECH LTD,1.0
ai,sg,2015,LENOVO SINGAPORE PTE LTD,1.0
ai,sg,2015,LENOVO SINGAPORE PTE LTD,1.0
ai,sg,2015,SIX CAPITAL PTE LTD,1.0
ai,sg,2015,LENOVO SINGAPORE PTE LTD,1.0
ai,sg,2015,BITWAVE PTE LTD,1.0
ai,sg,2015,LENOVO SINGAPORE PTE LTD,1.0
ai,sg,2015,LENOVO SINGAPORE PTE LTD,1.0
ai,sg,2015,LENOVO SINGAPORE PTE LTD,1.0
ai,sg,2015,LENOVO SINGAPORE PTE LTD,1.0
ai,sg,2015,LENOVO SINGAPORE PTE LTD,1.0
ai,sg,2015,LENOVO ENTPR SOLUTIONS SINGAPORE PTE LTD,1.0
ai,sg,2015,LENOVO SINGAPORE PTE LTD,1.0
ai,sg,2015,SINGAPORE PRESS HOLDINGS LTD,1.0
ai,sg,2015,LENOVO SINGAPORE PTE LTD,1.0
ai,sg,2015,LENOVO SINGAPORE PTE LTD,1.0
ai,sg,2015,LENOVO SINGAPORE PTE LTD,1.0
ai,sg,2015,LENOVO ENTPR SOLUTIONS SINGAPORE PTE LTD,1.0
ai,sg,2015,LENOVO SINGAPORE PTE LTD,1.0
ai,sg,2015,LENOVO SINGAPORE PTE LTD,1.0
ai,sg,2015,LENOVO SINGAPORE PTE LTD,1.0
ai,sg,2015,LENOVO SINGAPORE PTE LTD,1.0
ai,sg,2015,LENOVO SINGAPORE PTE LTD,1.0
ai,sg,2015,LENOVO SINGAPORE PTE LTD,1.0
ai,sg,2015,INVISIRON PTE LTD,0.5
ai,sg,2015,VI DIMENSIONS PTE LTD,0.5
ai,sg,2015,CREATIVE TECH LTD,1.0
ai,sg,2016,OSLABS PTE LTD,1.0
ai,sg,2016,LENOVO SINGAPORE PTE LTD,1.0
ai,sg,2016,LENOVO SINGAPORE PTE LTD,1.0
ai,sg,2016,LENOVO SINGAPORE PTE LTD,1.0
ai,sg,2016,HISTOINDEX PTE LTD,1.0
ai,sg,2016,LENOVO SINGAPORE PTE LTD,1.0
ai,sg,2016,DH TECHNOLOGIES DEV PTE LTD,1.0
ai,sg,2016,HEPTAGON MICRO OPTICS PTE LTD,1.0
ai,sg,2016,HEPTAGON MICRO OPTICS PTE LTD,1.0
ai,sg,2016,SIVANTOS PTE LTD,1.0
ai,sg,2016,VISCOVERY PTE LTD,1.0
ai,sg,2016,AVANSEUS HOLDINGS PTE LTD,1.0
ai,sg,2016,SIVANTOS PTE LTD,1.0
ai,sg,2016,AVAGO TECHNOLOGIES GENERAL IP,1.0
ai,sg,2016,LENOVO SINGAPORE PTE LTD,1.0
ai,sg,2016,LENOVO SINGAPORE PTE LTD,1.0
ai,sg,2016,LENOVO SINGAPORE PTE LTD,1.0
ai,sg,2016,LENOVO SINGAPORE PTE LTD,1.0
ai,sg,2016,LENOVO SINGAPORE PTE LTD,1.0
ai,sg,2016,MASTERCARD ASIA PACIFIC PTE LTD,1.0
ai,sg,2016,LENOVO SINGAPORE PTE LTD,1.0
ai,sg,2016,LENOVO SINGAPORE PTE LTD,1.0
ai,sg,2016,SPAYCE ASIA PTE LTD,0.5
ai,sg,2016,SPAYCEASIA PTE LTD,0.5
ai,sg,2016,LENOVO ENTPR SOLUTIONS SINGAPORE PTE LTD,1.0
ai,sg,2016,MASTERCARD ASIA PACIFIC PTE LTD,1.0
ai,sg,2016,TRAKOMATIC PTE LTD,1.0
ai,sg,2016,LENOVO ENTPR SOLUTIONS SINGAPORE PTE LTD,1.0
ai,sg,2016,LENOVO SINGAPORE PTE LTD,1.0
ai,sg,2016,LENOVO SINGAPORE PTE LTD,1.0
ai,sg,2016,MARVELL ASIA PTE LTD,1.0
ai,sg,2016,QUESTOR CAPITAL HOLDINGS LTD,1.0
ai,sg,2016,Vios Medical Singapore PTE LTD,1.0
ai,sg,2016,SIVANTOS PTE LTD,1.0
ai,sg,2016,LENOVO SINGAPORE PTE LTD,1.0
ai,sg,2016,SIVANTOS PTE LTD,1.0
ai,sg,2016,SIVANTOS PTE LTD,1.0
ai,sg,2016,AMKOR TECH SINGAPORE HOLDING PTE LTD,1.0
ai,sg,2016,AMKOR TECH SINGAPORE HOLDING PTE,0.5
ai,sg,2016,AMKOR TECH SINGAPORE HOLDING PTE LTD,0.5
ai,sg,2016,MB TECH PARTNERS LTD,1.0
ai,sg,2016,SIVANTOS PTE LTD,1.0
ai,sg,2016,SIVANTOS PTE LTD,1.0
ai,sg,2016,SIVANTOS PTE LTD,1.0
ai,sg,2016,OSLABS PTE LTD,1.0
ai,sg,2016,CLOUD NETWORK TECH SINGAPORE PTE LTD,1.0
ai,sg,2016,CLOUD NETWORK TECH SINGAPORE PTE LTD,1.0
ai,sg,2016,CERTIS CISCO SECURITY PTE LTD,1.0
ai,sg,2016,MASTERCARD ASIA PACIFIC PTE LTD,1.0
ai,sg,2016,LENOVO ENTPR SOLUTIONS SINGAPORE PTE LTD,1.0
ai,sg,2016,AKRIBIS SYSTEMS PTE LTD,1.0
ai,sg,2016,AEM SINGAPORE PTE LTD,1.0
ai,sg,2016,CREATIVE TECH LTD,1.0
ai,sg,2016,ACK3 BIONETICS PTE LTD,1.0
ai,sg,2016,JING KING TECH HOLDINGS PTE LTD,1.0
ai,sg,2016,OSLABS PTE LTD,1.0
ai,sg,2016,LENOVO SINGAPORE PTE LTD,1.0
ai,sg,2016,LENOVO SINGAPORE PTE LTD,1.0
ai,sg,2016,LENOVO SINGAPORE PTE LTD,1.0
ai,sg,2016,LENOVO SINGAPORE PTE LTD,1.0
ai,sg,2016,LENOVO SINGAPORE PTE LTD,1.0
ai,sg,2016,LENOVO SINGAPORE PTE LTD,1.0
ai,sg,2016,LENOVO SINGAPORE PTE LTD,1.0
ai,sg,2016,LENOVO SINGAPORE PTE LTD,1.0
ai,sg,2016,PCCW VUCLIP SINGAPORE PTE LTD,0.3333333333333333
ai,sg,2016,VUCLIP (SINGAPORE) PTE LTD,0.3333333333333333
ai,sg,2016,VUCLIP SINGAPORE PTE LTD,0.3333333333333333
ai,sg,2016,MASTERCARD ASIA PACIFIC PTE LTD,1.0
ai,sg,2016,LENOVO ENTPR SOLUTIONS SINGAPORE PTE LTD,1.0
ai,sg,2016,LENOVO SINGAPORE PTE LTD,1.0
ai,sg,2016,CLOUD NETWORK TECH SINGAPORE PTE LTD,1.0
ai,sg,2016,LENOVO ENTPR SOLUTIONS SINGAPORE PTE LTD,1.0
ai,sg,2016,LENOVO SINGAPORE PTE LTD,1.0
ai,sg,2016,LENOVO SINGAPORE PTE LTD,1.0
ai,sg,2016,CLOUD NETWORK TECH SINGAPORE PTE LTD,1.0
ai,sg,2016,LENOVO SINGAPORE PTE LTD,1.0
ai,sg,2016,LENOVO SINGAPORE PTE LTD,1.0
ai,sg,2016,LENOVO SINGAPORE PTE LTD,1.0
ai,sg,2016,LENOVO SINGAPORE PTE LTD,1.0
ai,sg,2016,LENOVO SINGAPORE PTE LTD,1.0
ai,sg,2016,CREATIVE TECH LTD,1.0
ai,sg,2016,BITWAVE PTE LTD,1.0
ai,sg,2016,JING KING TECH HOLDINGS PTE LTD,1.0
ai,sg,2016,HCP HEALTHCARE ASIA PTE LTD,1.0
ai,sg,2016,RYNAN TECH PTE LTD,1.0
ai,sg,2016,DESKERA SINGAPORE PTE LTD,1.0
ai,sg,2016,MARVELL ASIA PTE LTD,1.0
ai,sg,2016,HEPTAGON MICRO OPTICS PTE LTD,1.0
ai,sg,2016,SIVANTOS PTE LTD,1.0
ai,sg,2016,HUAWEI INT PTE LTD,1.0
ai,sg,2016,LENOVO SINGAPORE PTE LTD,1.0
ai,sg,2016,AVAGO TECH INT SALES PTE LID,1.0
ai,sg,2016,COMPONENT AEROSPACE SINGAPORE PTE LTD,1.0
ai,sg,2016,AVANSEUS HOLDINGS PTE LTD,1.0
ai,sg,2016,CERTIS CISCO SECURITY PTE LTD,1.0
ai,sg,2016,LENOVO SINGAPORE PTE LTD,1.0
ai,sg,2016,LENOVO SINGAPORE PTE LTD,1.0
ai,sg,2016,LENOVO SINGAPORE PTE LTD,1.0
ai,sg,2016,GT ROBOT TECH PTE LTD,1.0
ai,sg,2016,MASTERCARD ASIA PACIFIC PTE LTD,1.0
ai,sg,2016,RAZER ASIA PACIFIC PTE LTD,1.0
ai,sg,2017,UST GLOBAL SINGAPORE PTE LTD,1.0
ai,sg,2017,UST GLOBAL SINGAPORE PTE LTD,1.0
ai,sg,2017,MEDIATEK SINGAPORE PTE LTD,1.0
ai,sg,2017,AAC OPTICS SOLUTIONS PTE LTD,0.5
ai,sg,2017,AAC TECHNOLOGIES PTE LTD,0.5
ai,sg,2017,FLEX LTD,1.0
ai,sg,2017,HEPTAGON MICRO OPTICS PTE LTD,1.0
ai,sg,2017,AMS SENSORS SINGAPORE PTE LTD,0.5
ai,sg,2017,HEPTAGON MICRO OPTICS PTE LTD,0.5
ai,sg,2017,X ZELL BIOTECH PTE LTD,1.0
ai,sg,2017,FORTH TV PTE LTD,1.0
ai,sg,2017,MEDIATEK SINGAPORE PTE LTD,1.0
ai,sg,2017,ELID TECH INT PTE LTD,0.5
ai,sg,2017,ELID TECH INTERNATIONAL PTE LTD,0.5
ai,sg,2017,ELID TECH INT PTE LTD,0.5
ai,sg,2017,ELID TECH INTERNATIONAL PTE LTD,0.5
ai,sg,2017,SIVANTOS PTE LTD,1.0
ai,sg,2017,ST ELECTRONICS (TRAINING & SIMULATION SYSTEMS) PTE LTD,0.3333333333333333
ai,sg,2017,ST ELECTRONICS TRAINING & SIMULATION SYSTEMS,0.3333333333333333
ai,sg,2017,ST ELECTRONICS TRAINING & SIMULATION SYSTEMS PTE LTD,0.3333333333333333
ai,sg,2017,SIVANTOS PTE LTD,1.0
ai,sg,2017,SINGAPORE TECH ELECTRONICS LIMITED,0.3333333333333333
ai,sg,2017,ST ENG ELECTRONICS LTD,0.3333333333333333
ai,sg,2017,ST ENG URBAN SOLUTIONS LTD,0.3333333333333333
ai,sg,2017,LENOVO SINGAPORE PTE LTD,1.0
ai,sg,2017,HENDRICKS CORP PTE LTD,0.5
ai,sg,2017,ORGANIZATIONAL STRATEGIES INT PTE LTD,0.5
ai,sg,2017,KEYSIGHT TECH SINGAPORE SALES PTE LTD,1.0
ai,sg,2017,LENOVO SINGAPORE PTE LTD,1.0
ai,sg,2017,LENOVO SINGAPORE PTE LTD,1.0
ai,sg,2017,LENOVO SINGAPORE PTE LTD,1.0
ai,sg,2017,CLOUD NETWORK TECH SINGAPORE PTE LTD,1.0
ai,sg,2017,DATA SPARK PTE LTD,0.5
ai,sg,2017,DATASPARK PTE LTD,0.5
ai,sg,2017,CLOUD NETWORK TECH SINGAPORE PTE LTD,1.0
ai,sg,2017,JEWEL PAYMENTECH PTE LTD,1.0
ai,sg,2017,ROCKWELL AUTOMATION ASIA PACIFIC BUSINESS CENTER PTE LTD,1.0
ai,sg,2017,BITWAVE PTE LTD,1.0
ai,sg,2017,LENOVO SINGAPORE PTE LTD,1.0
ai,sg,2017,TRAX TECHNOLOGY SOLUTIONS PTE LTD,1.0
ai,sg,2017,AVAGO TECH INT SALES PTE LID,1.0
ai,sg,2017,MARVELL ASIA PTE LTD,1.0
ai,sg,2017,MEDIATEK SINGAPORE PTE LTD,1.0
ai,sg,2017,MARVELL ASIA PTE LTD,0.5
ai,sg,2017,MARVELL ASIA PTE LTD REGISTRATION NO 199702379M,0.5
ai,sg,2017,TRAX TECHNOLOGY SOLUTIONS PTE LTD,1.0
ai,sg,2017,SIVANTOS PTE LTD,1.0
ai,sg,2017,SIVANTOS PTE LTD,1.0
ai,sg,2017,LENOVO SINGAPORE PTE LTD,1.0
ai,sg,2017,LENOVO SINGAPORE PTE LTD,1.0
ai,sg,2017,LENOVO SINGAPORE PTE LTD,1.0
ai,sg,2017,LENOVO SINGAPORE PTE LTD,1.0
ai,sg,2017,LENOVO SINGAPORE PTE LTD,1.0
ai,sg,2017,Attribuild Pte Ltd,1.0
ai,sg,2017,MASTERCARD ASIA PACIFIC PTE LTD,1.0
ai,sg,2017,LENOVO SINGAPORE PTE LTD,1.0
ai,sg,2017,MASTERCARD ASIA PACIFIC PTE LTD,1.0
ai,sg,2017,LENOVO SINGAPORE PTE LTD,1.0
ai,sg,2017,GARINI TECH CORPORATION PTE LTD,1.0
ai,sg,2017,LENOVO SINGAPORE PTE LTD,1.0
ai,sg,2017,LENOVO SINGAPORE PTE LTD,1.0
ai,sg,2017,LENOVO SINGAPORE PTE LTD,1.0
ai,sg,2017,RAZER ASIA PACIFIC PTE LTD,1.0
ai,sg,2017,LENOVO SINGAPORE PTE LTD,1.0
ai,sg,2017,LENOVO SINGAPORE PTE LTD,1.0
ai,sg,2017,LENOVO SINGAPORE PTE LTD,1.0
ai,sg,2017,LENOVO SINGAPORE PTE LTD,1.0
ai,sg,2017,LENOVO SINGAPORE PTE LTD,1.0
ai,sg,2017,LENOVO SINGAPORE PTE LTD,1.0
ai,sg,2017,LENOVO SINGAPORE PTE LTD,1.0
ai,sg,2017,LENOVO SINGAPORE PTE LTD,1.0
ai,sg,2017,LENOVO SINGAPORE PTE LTD,1.0
ai,sg,2017,LENOVO SINGAPORE PTE LTD,1.0
ai,sg,2017,MASTERCARD ASIA PACIFIC PTE LTD,1.0
ai,sg,2017,LENOVO SINGAPORE PTE LTD,1.0
ai,sg,2017,LENOVO SINGAPORE PTE LTD,1.0
ai,sg,2017,LENOVO SINGAPORE PTE LTD,1.0
ai,sg,2017,LENOVO SINGAPORE PTE LTD,1.0
ai,sg,2017,LENOVO SINGAPORE PTE LTD,1.0
ai,sg,2017,CERTIS CISCO SECURITY PTE LTD,1.0
ai,sg,2017,BITWAVE PTE LTD,1.0
ai,sg,2017,VISCOVERY PTE LTD,1.0
ai,sg,2017,LENOVO SINGAPORE PTE LTD,1.0
ai,sg,2017,HOME CONTROL SINGAPORE PTE LTD,1.0
ai,sg,2017,KURVE AUTOMATION PTE LTD,1.0
ai,sg,2017,AMS SENSORS SINGAPORE PTE LTD,0.5
ai,sg,2017,HEPTAGON MICRO OPTICS PTE LTD,0.5
ai,sg,2017,OSLABS PTE LTD,1.0
ai,sg,2017,AMS SENSORS SINGAPORE PTE LTD,0.5
ai,sg,2017,HEPTAGON MICRO OPTICS PTE LTD,0.5
ai,sg,2017,CINIME ASIA PACIFIC PTE LTD,1.0
ai,sg,2017,CINIME ASIA PACIFIC PTE LTD,1.0
ai,sg,2017,ASM TECH SINGAPORE PTE LTD,1.0
ai,sg,2017,ONECONNECT FINANCIAL TECH SINGAPORE CO PTE LTD,1.0
ai,sg,2017,PCCW VUCLIP SINGAPORE PTE LTD,0.5
ai,sg,2017,VUCLIP SINGAPORE PTE LTD,0.5
ai,sg,2017,HEPTAGON MICRO OPTICS PTE LTD,1.0
ai,sg,2017,AIQ PTE LTD,1.0
ai,sg,2017,AIQ PTE LTD,1.0
ai,sg,2017,STR8BAT SPORTS TECH SOLUTIONS OTE,0.5
ai,sg,2017,STR8BAT SPORTS TECH SOLUTIONS PTE LTD,0.5
ai,sg,2017,AVANSEUS HOLDINGS PTE LTD,1.0
ai,sg,2017,LENOVO ENTPR SOLUTIONS SINGAPORE PTE LTD,1.0
ai,sg,2017,MASTERCARD ASIA PACIFIC PTE LTD,1.0
ai,sg,2017,MEDIATEK SINGAPORE PTE LTD,1.0
ai,sg,2017,LENOVO SINGAPORE PTE LTD,1.0
ai,sg,2017,NEC ASIA PACIFIC PTE LTD,1.0
ai,sg,2017,NEC ASIA PACIFIC PTE LTD,1.0
ai,sg,2017,PSA INT PTE LTD,1.0
ai,sg,2017,LENOVO SINGAPORE PTE LTD,1.0
ai,sg,2017,LENOVO SINGAPORE PTE LTD,1.0
ai,sg,2017,LENOVO SINGAPORE PTE LTD,1.0
ai,sg,2017,LENOVO SINGAPORE PTE LTD,1.0
ai,sg,2017,NEC APAC PTE LTD,1.0
ai,sg,2017,LENOVO SINGAPORE PTE LTD,1.0
ai,sg,2017,LENOVO ENTPR SOLUTIONS SINGAPORE PTE LTD,1.0
ai,sg,2017,LENOVO SINGAPORE PTE LTD,1.0
ai,sg,2017,LENOVO SINGAPORE PTE LTD,1.0
ai,sg,2017,LENOVO SINGAPORE PTE LTD,1.0
ai,sg,2017,LENOVO SINGAPORE PTE LTD,1.0
ai,sg,2017,LENOVO SINGAPORE PTE LTD,1.0
ai,sg,2017,LENOVO SINGAPORE PTE LTD,1.0
ai,sg,2017,LENOVO SINGAPORE PTE LTD,1.0
ai,sg,2017,LENOVO SINGAPORE PTE LTD,1.0
ai,sg,2017,LENOVO SINGAPORE PTE LTD,1.0
ai,sg,2017,LENOVO SINGAPORE PTE LTD,1.0
ai,sg,2017,MICROMERTICS TECH PTE LTD,0.5
ai,sg,2017,MICROMETRICS TECH PTE LTD,0.5
ai,sg,2017,SMARTCLEAN TECH PTE LTD,0.5
ai,sg,2017,SMARTCLEAN TECHNOLOGIES PTE LTD,0.5
ai,sg,2017,BLOSH CO PTE LTD,1.0
ai,sg,2017,VISENZE PTE LTD,1.0
ai,sg,2017,MARVELL ASIA PTE LTD,1.0
ai,sg,2017,LIFE TECH HOLDINGS PTE LIMITED,0.5
ai,sg,2017,LIFE TECH HOLDINGS PTE LTD,0.5
ai,sg,2017,CONTINENTAL AUTOMOTIVE SINGAPORE PTE LTD,1.0
ai,sg,2017,PEACH INTELLIHEALTH PTE LTD,1.0
ai,sg,2017,CONTINENTAL AUTOMOTIVE SINGAPORE PTE LTD,1.0
ai,sg,2017,LEICA INSTR SINGAPORE PTE LTD,1.0
ai,sg,2017,AON GLOBAL OPERATIONS LTD SINGAPORE BRANCH,0.5
ai,sg,2017,AON GLOBAL OPERATIONS PLC SINGAPORE BRANCH,0.5
ai,sg,2017,ETH SINGAPORE SEC LTD,1.0
ai,sg,2017,SMARTCOMM ELECTRONICS PTE LTD,1.0
ai,sg,2017,KRONIKARE PTE LTD,1.0
ai,sg,2017,DRUVA TECH PTE LTD,1.0
ai,sg,2017,1EXCHANGE PTE LTD,0.5
ai,sg,2017,CAPBRIDGE CORNERSTONE PTE LTD,0.5
ai,sg,2017,WEI LONG ELECTRONICS ENG PTE LTD,1.0
ai,sg,2017,LIFETRACK MEDICAL SYSTEMS PRIVATE LTD,1.0
ai,sg,2017,RAZER (ASIA-PACIFIC) PTE LTD,0.5
ai,sg,2017,RAZER ASIA PACIFIC PTE LTD,0.5
ai,sg,2017,LENOVO SINGAPORE PTE LTD,1.0
ai,sg,2017,RAZER (ASIA-PACIFIC) PTE LTD,0.5
ai,sg,2017,RAZER ASIA PACIFIC PTE LTD,0.5
ai,sg,2017,LENOVO SINGAPORE PTE LTD,1.0
ai,sg,2017,LENOVO SINGAPORE PTE LTD,1.0
ai,sg,2018,LEICA INSTR SINGAPORE PTE LTD,1.0
ai,sg,2018,LEICA INSTR SINGAPORE PTE LTD,1.0
ai,sg,2018,GREENPHYTO PTE LTD,1.0
ai,sg,2018,JEWEL PAYMENTECH PTE LTD,1.0
ai,sg,2018,MSM HOLDINGS PTE,1.0
ai,sg,2018,CREATIVE TECH LTD,1.0
ai,sg,2018,LENOVO SINGAPORE PTE LTD,1.0
ai,sg,2018,AON GLOBAL OPERATIONS LTD SINGAPORE BRANCH,1.0
ai,sg,2018,LENOVO SINGAPORE PTE LTD,1.0
ai,sg,2018,LENOVO SINGAPORE PTE LTD,1.0
ai,sg,2018,LENOVO SINGAPORE PTE LTD,1.0
ai,sg,2018,LENOVO SINGAPORE PTE LTD,1.0
ai,sg,2018,CO NUT INK PTE LTD,1.0
ai,sg,2018,GLOBALFOUNDRIES SG PTE LTD,0.5
ai,sg,2018,MARVELL ASIA PTE LTD,0.5
ai,sg,2018,AUTONOTECH PTE LTD,1.0
ai,sg,2018,LENOVO SINGAPORE PTE LTD,1.0
ai,sg,2018,KAHA PTE LTD,1.0
ai,sg,2018,ILLINOIS AT SINGAPORE PTE LTD,1.0
ai,sg,2018,LENOVO SINGAPORE PTE LTD,1.0
ai,sg,2018,LENOVO SINGAPORE PTE LTD,1.0
ai,sg,2018,LENOVO SINGAPORE PTE LTD,1.0
ai,sg,2018,LENOVO SINGAPORE PTE LTD,1.0
ai,sg,2018,LENOVO SINGAPORE PTE LTD,1.0
ai,sg,2018,LENOVO SINGAPORE PTE LTD,1.0
ai,sg,2018,LENOVO ENTPR SOLUTIONS SINGAPORE PTE LTD,1.0
ai,sg,2018,LENOVO SINGAPORE PTE LTD,1.0
ai,sg,2018,NEC ASIA PACIFIC PTE LTD,1.0
ai,sg,2018,NEC ASIA PACIFIC PTE LTD,1.0
ai,sg,2018,NEC ASIA PACIFIC PTE LTD,1.0
ai,sg,2018,NEC ASIA PACIFIC PTE LTD,1.0
ai,sg,2018,DATASPARK PTE LTD,1.0
ai,sg,2018,FLEX LTD,1.0
ai,sg,2018,AVAGO TECHNOLOGIES GENERAL IP,1.0
ai,sg,2018,UCWEB SINGAPORE PTE LTD,1.0
ai,sg,2018,AUDIO ZOOM PTE LTD,1.0
ai,sg,2018,SKAINOM PTE LTD,1.0
ai,sg,2018,CLOUD NETWORK TECH SINGAPORE PTE LTD,1.0
ai,sg,2018,CLOUD NETWORK TECH SINGAPORE PTE LTD,1.0
ai,sg,2018,MEDIATEK SINGAPORE PTE LTD,1.0
ai,sg,2018,EDUCATION INDEX MAN ASIA PACIFIC PTE LTD,1.0
ai,sg,2018,UCWEB SINGAPORE PTE LTD,1.0
ai,sg,2018,UCWEB SINGAPORE PTE LTD,1.0
ai,sg,2018,SIVANTOS PTE LTD,1.0
ai,sg,2018,SIVANTOS PTE LTD,1.0
ai,sg,2018,SIVANTOS PTE LTD,1.0
ai,sg,2018,SIVANTOS PTE LTD,1.0
ai,sg,2018,SIVANTOS PTE LTD,1.0
ai,sg,2018,SIVANTOS PTE LTD,1.0
ai,sg,2018,SIVANTOS PTE LTD,1.0
ai,sg,2018,LENOVO SINGAPORE PTE LTD,1.0
ai,sg,2018,NOOGGI PTE LTD,1.0
ai,sg,2018,FLEX LTD,1.0
ai,sg,2018,LENOVO SINGAPORE PTE LTD,1.0
ai,sg,2018,DATASPARK PTE LTD,1.0
ai,sg,2018,FLEX LTD,1.0
ai,sg,2018,KAHA PTE LTD,1.0
ai,sg,2018,NEC ASIA PACIFIC PTE LTD,1.0
ai,sg,2018,LENOVO SINGAPORE PTE LTD,1.0
ai,sg,2018,NCS PTE LTD,1.0
ai,sg,2018,MARVELL ASIA PTE LTD,1.0
ai,sg,2018,LENOVO SINGAPORE PTE LTD,1.0
ai,sg,2018,JOYME PTE LTD,1.0
ai,sg,2018,BIGO TECH PTE LTD,1.0
ai,sg,2018,BIGO TECH PTE LTD,1.0
ai,sg,2018,MASTERCARD ASIA PACIFIC PTE LTD,1.0
ai,sg,2018,WISTA LAB LTD,1.0
ai,sg,2018,UCWEB SINGAPORE PTE LTD,1.0
ai,sg,2018,UCWEB SINGAPORE PTE LTD,1.0
ai,sg,2018,CREATIVE TECH LTD,1.0
ai,sg,2018,UCWEB SINGAPORE PTE LTD,1.0
ai,sg,2018,LENOVO SINGAPORE PTE LTD,1.0
ai,sg,2018,DATHENA SCIENCE PTD LTD,0.5
ai,sg,2018,DATHENA SCIENCE PTE LTD,0.5
ai,sg,2018,TRAX TECHNOLOGY SOLUTIONS PTE LTD,1.0
ai,sg,2018,ELID TECH INTERNATIONAL PTE LTD,1.0
ai,sg,2018,SIVANTOS PTE LTD,1.0
ai,sg,2018,AVAGO TECH INT SALES PTE LID,0.5
ai,sg,2018,AVAGO TECHNOLOGIES GENERAL IP,0.5
ai,sg,2018,LENOVO SINGAPORE PTE LTD,1.0
ai,sg,2018,LENOVO SINGAPORE PTE LTD,1.0
ai,sg,2018,GLOBALFOUNDRIES SG PTE LTD,1.0
ai,sg,2018,AAC TECHNOLOGIES PTE LTD,1.0
ai,sg,2018,SINGAPORE TELECOMMUNICATIONS LTD,1.0
ai,sg,2018,AIOZ PTE LTD,1.0
ai,sg,2018,LENOVO SINGAPORE PTE LTD,1.0
ai,sg,2018,LENOVO SINGAPORE PTE LTD,1.0
ai,sg,2018,GRABTAXI HOLDINGS PTE LTD,1.0
ai,sg,2018,NEC ASIA PACIFIC PTE LTD,1.0
ai,sg,2018,NEC ASIA PACIFIC PTE LTD,1.0
ai,sg,2018,NEC ASIA PACIFIC PTE LTD,1.0
ai,sg,2018,NEC ASIA PACIFIC PTE LTD,1.0
ai,sg,2018,NEC ASIA PACIFIC PTE LTD,1.0
ai,sg,2018,OSIM INT PTE LTD,1.0
ai,sg,2018,SIXAN PTE LTD,1.0
ai,sg,2018,LENOVO SINGAPORE PTE LTD,1.0
ai,sg,2018,LENOVO SINGAPORE PTE LTD,1.0
ai,sg,2018,COOLPAY PTE LTD,1.0
ai,sg,2018,MARVELL ASIA PTE LTD,1.0
ai,sg,2018,AIPARC HOLDINGS PTE LTD,0.3333333333333333
ai,sg,2018,ALPARC HOLDINGS PTE LTD,0.3333333333333333
ai,sg,2018,SINGAPORE BIOTECH PTE LTD,0.3333333333333333
ai,sg,2018,BIGO TECH PTE LTD,1.0
ai,sg,2018,BIGO TECH PTE LTD,1.0
ai,sg,2018,BIGO TECH PTE LTD,1.0
ai,sg,2018,BIGO TECH PTE LTD,1.0
ai,sg,2018,SIVANTOS PTE LTD,1.0
ai,sg,2018,CONTINENTAL AUTOMOTIVE SINGAPORE PTE LTD,1.0
ai,sg,2018,SIVANTOS PTE LTD,1.0
ai,sg,2018,LEICA INSTR SINGAPORE PTE LTD,1.0
ai,sg,2018,TRANSF ROBOTICS PTE LTD,1.0
ai,sg,2018,TRANSF ROBOTICS PTE LTD,1.0
ai,sg,2018,BIGO TECH PTE LTD,1.0
ai,sg,2018,INTEGRAL TECH S PTE LTD,1.0
ai,sg,2018,GREY ORANGE PTE LTD,0.5
ai,sg,2018,GREYORANGE PTE LTD,0.5
ai,sg,2018,PROHIBITION X PTE LTD,1.0
ai,sg,2018,WILLOWMORE PTE LTD,1.0
ai,sg,2018,DH TECHNOLOGIES DEV PTE LTD,1.0
ai,sg,2018,SALTMINE PTE LTD,1.0
ai,sg,2018,KAHA PTE LTD,1.0
ai,sg,2018,SMARTCLEAN TECH PTE LTD,0.5
ai,sg,2018,SMARTCLEAN TECHNOLOGIES PTE LTD,0.5
ai,sg,2018,MARVELL ASIA PTE LTD,1.0
ai,sg,2018,GREY ORANGE PTE LTD,1.0
ai,sg,2018,GREY ORANGE PTE LTD,1.0
ai,sg,2018,RIGEL TECH S PTE LTD,1.0
ai,sg,2018,CLOUD NETWORK TECH SINGAPORE PTE LTD,1.0
ai,sg,2018,CREATIVE TECH LTD,1.0
ai,sg,2018,LENOVO SINGAPORE PTE LTD,1.0
ai,sg,2018,LENOVO SINGAPORE PTE LTD,1.0
ai,sg,2018,NCS PTE LTD,1.0
ai,sg,2018,LENOVO SINGAPORE PTE LTD,1.0
ai,sg,2018,LENOVO SINGAPORE PTE LTD,1.0
ai,sg,2018,NEC ASIA PACIFIC PTE LTD,1.0
ai,sg,2018,OPTIMAX MAN SERVICES PTE LTD,1.0
ai,sg,2018,MEDO DX PTE LTD,1.0
ai,sg,2018,VANGUARD INIERNATIONAL SEMICONDUCTOR SINGAPORE PTE LTD,0.5
ai,sg,2018,VANGUARD INT SEMICONDUCTOR SINGAPORE PTE LTD,0.5
ai,sg,2018,SEMBCORP IND LTD,0.5
ai,sg,2018,SEMBCORP WATERTECH PTE LTD,0.5
ai,sg,2018,WILMAR INTERNATIONAL LTD,1.0
ai,sg,2018,ALPARC HOLDINGS PTE LTD,1.0
ai,sg,2019,AIPARC HOLDINGS PTE LTD,0.5
ai,sg,2019,SINGAPORE BIOTECH PTE LTD,0.5
ai,sg,2019,AIPARC HOLDINGS PTE LTD,0.5
ai,sg,2019,SINGAPORE BIOTECH PTE LTD,0.5
ai,sg,2019,AON GLOBAL OPERATIONS LTD SINGAPORE BRANCH,1.0
ai,sg,2019,MARVELL ASIA PTE LTD,1.0
ai,sg,2019,TRAX TECHNOLOGY SOLUTIONS PTE LTD,1.0
ai,sg,2019,TRAX TECHNOLOGY SOLUTIONS PTE LTD,0.5
ai,sg,2019,TRAX TECHNOLOLGY SOLUTIONS PTE LTD,0.5
ai,sg,2019,PARAMEVIA PTE LTD,0.5
ai,sg,2019,RADWISP PTE LTD,0.5
ai,sg,2019,CAPILLARY TECH INTERNATIONAL PTE LTD,1.0
ai,sg,2019,TRAX TECHNOLOGY SOLUTIONS PTE LTD,1.0
ai,sg,2019,MASTERCARD ASIA PACIFIC PTE LTD,1.0
ai,sg,2019,Wearne Digital Pte Ltd,1.0
ai,sg,2019,AVAGO TECH INT SALES PTE LID,1.0
ai,sg,2019,NITTO DENKO CORP,1.0
ai,sg,2019,BIOSIGNS PTE LTD,1.0
ai,sg,2019,INFINIUM ROBOTICS PTE LTD,1.0
ai,sg,2019,SCHNEIDER ELECTRIC ASIA PTE LTD,1.0
ai,sg,2019,V3 SMART TECH PTE LTD,1.0
ai,sg,2019,SIVANTOS PTE LTD,1.0
ai,sg,2019,SIVANTOS PTE LTD,1.0
ai,sg,2019,WILMAR INTERNATIONAL LTD,1.0
ai,sg,2019,LENOVO SINGAPORE PTE LTD,1.0
ai,sg,2019,LENOVO SINGAPORE PTE LTD,1.0
ai,sg,2019,LENOVO SINGAPORE PTE LTD,1.0
ai,sg,2019,LENOVO SINGAPORE PTE LTD,1.0
ai,sg,2019,PCCW VUCLIP (SINGAPORE) PTE LTD,0.5
ai,sg,2019,PCCW VUCLIP SINGAPORE PTE LTD,0.5
ai,sg,2019,GRABTAXI HOLDINGS PTE LTD,1.0
ai,sg,2019,LENOVO SINGAPORE PTE LTD,1.0
ai,sg,2019,LENOVO SINGAPORE PTE LTD,1.0
ai,sg,2019,LENOVO SINGAPORE PTE LTD,1.0
ai,sg,2019,HYTTO PTE LTD,1.0
ai,sg,2019,SINGAPORE PREC INDUSTRIES PTE LTD,1.0
ai,sg,2019,RAPSODO PTE LTD,1.0
ai,sg,2019,LENOVO SINGAPORE PTE LTD,1.0
ai,sg,2019,LENOVO SINGAPORE PTE LTD,1.0
ai,sg,2019,LENOVO SINGAPORE PTE LTD,1.0
ai,sg,2019,LENOVO SINGAPORE PTE LTD,1.0
ai,sg,2019,LENOVO SINGAPORE PTE LTD,1.0
ai,sg,2019,CLOUD NETWORK TECH SINGAPORE PTE LTD,1.0
ai,sg,2019,LENOVO SINGAPORE PTE LTD,1.0
ai,sg,2019,LENOVO SINGAPORE PTE LTD,1.0
ai,sg,2019,LENOVO SINGAPORE PTE LTD,1.0
ai,sg,2019,LENOVO SINGAPORE PTE LTD,1.0
ai,sg,2019,LENOVO SINGAPORE PTE LTD,1.0
ai,sg,2019,LENOVO SINGAPORE PTE LTD,1.0
ai,sg,2019,LENOVO SINGAPORE PTE LTD,1.0
ai,sg,2019,LENOVO SINGAPORE PTE LTD,1.0
ai,sg,2019,NEC ASIA PACIFIC PTE LTD,1.0
ai,sg,2019,RAZER ASIA PACIFIC PTE LTD,1.0
ai,sg,2019,NEC CORP,1.0
ai,sg,2019,JOYME PTE LTD,1.0
ai,sg,2019,JOYINME PTE LTD,0.5
ai,sg,2019,JUPITER PALACE PTE LTD,0.5
ai,sg,2019,LEICA INSTR SINGAPORE PTE LTD,1.0
ai,sg,2019,LIGHTELLIGENCE PTE LTD,1.0
ai,sg,2019,BIGO TECH PTE LTD,1.0
ai,sg,2019,ADVANIDE HOLDINGS PTE LTD,1.0
ai,sg,2019,AAC TECHNOLOGIES PTE LTD,1.0
ai,sg,2019,SEVENTH SENSE ARTIFICIAL INTELLIGENCE PRIVATE LIMTED,0.3333333333333333
ai,sg,2019,SEVENTH SENSE ARTIFICIAL INTELLIGENCE PRIVATE LTD,0.3333333333333333
ai,sg,2019,SEVENTH SENSE ARTIFICIAL INTELLIGENCE PVT LTD,0.3333333333333333
ai,sg,2019,GREENWAVE SYSTEMS PTE LTD,1.0
ai,sg,2019,MASTERCARD ASIA PACIFIC PTE LTD,1.0
ai,sg,2019,CAPILLARY TECH INTERNATIONAL PTE LTD,1.0
ai,sg,2019,ROSS DIGITAL PTD LTD,0.5
ai,sg,2019,ROSS DIGITAL PTE LTD,0.5
ai,sg,2019,LENOVO SINGAPORE PTE LTD,1.0
ai,sg,2019,LENOVO SINGAPORE PTE LTD,1.0
ai,sg,2019,SENSERBOT PTE LTD,1.0
ai,sg,2019,CLOUD NETWORK TECH SINGAPORE PTE LTD,1.0
ai,sg,2019,XJERA LABS PTE LTD,1.0
ai,sg,2019,SIVANTOS PTE LTD,1.0
ai,sg,2019,MSD INT GMBH,1.0
ai,sg,2019,MARVELL ASIA PTE LTD,1.0
ai,sg,2019,PENSEES PTE LTD,1.0
ai,sg,2019,AVANSEUS HOLDINGS PTE LTD,1.0
ai,sg,2019,AVANSEUS HOLDINGS PTE LTD,1.0
ai,sg,2019,ADVANIDE HOLDINGS PTE LTD,1.0
ai,sg,2019,GROUP IB GLOBAL PRIVATE LTD,1.0
ai,sg,2019,LENOVO SINGAPORE PTE LTD,1.0
ai,sg,2019,CLOUD NETWORK TECH SINGAPORE PTE LTD,1.0
ai,sg,2019,HENDRICKS CORP PTE LTD,1.0
ai,sg,2019,SUPREME QI PTE LTD,1.0
ai,sg,2019,PCCW VUCLIP SINGAPORE PTE LTD,1.0
ai,sg,2019,GRABTAXI HOLDINGS PTE LTD,1.0
ai,sg,2019,ICO PLATFORM PTE LTD,1.0
ai,sg,2019,LENOVO SINGAPORE PTE LTD,1.0
ai,sg,2019,LENOVO SINGAPORE PTE LTD,1.0
ai,sg,2019,LENOVO SINGAPORE PTE LTD,1.0
ai,sg,2019,MARVELL ASIA PTE LTD,1.0
ai,sg,2019,MARVELL ASIA PTE LTD,1.0
ai,sg,2019,MARVELL ASIA PTE LTD,1.0
ai,sg,2019,MARVELL ASIA PTE LTD,1.0
ai,sg,2019,MARVELL ASIA PTE LTD,1.0
ai,sg,2019,MARVELL ASIA PTE LTD,1.0
ai,sg,2019,AAC TECHNOLOGIES PTE LTD,1.0
ai,sg,2019,BIGO TECH PTE LTD,1.0
ai,sg,2019,AAC TECHNOLOGIES PTE LTD,1.0
ai,sg,2019,BIGO TECH PTE LTD,1.0
ai,sg,2019,BIGO TECH PTE LTD,1.0
ai,sg,2019,BIGO TECH PTE LTD,1.0
ai,sg,2019,MARVELL ASIA PTE LTD,1.0
ai,sg,2019,SMITH & NEPHEW ASIA PACIFIC PTE LTD,1.0
ai,sg,2019,LEICA INSTR SINGAPORE PTE LTD,1.0
ai,sg,2019,AMS SENSORS ASIA PTE LTD,1.0
ai,sg,2019,SMITH & NEPHEW ASIA PACIFIC PTE LTD,0.5
ai,sg,2019,SMITH & NEPHEW PTE LTD,0.5
ai,sg,2019,SMITH & NEPHEW ASIA PACIFIC PTE LTD,0.5
ai,sg,2019,SMITH & NEPHEW PTE LTD,0.5
ai,sg,2019,MICROMERTICS TECH PTE LTD,0.5
ai,sg,2019,MICROMETRICS TECH PTE LTD,0.5
ai,sg,2019,ONECONNECT FINANCIAL TECH SINGAPORE CO PTE LTD,1.0
ai,sg,2019,ONECONNECT FINANCIAL TECH SINGAPORE CO PTE LTD,1.0
ai,sg,2019,AON GLOBAL OPERATIONS LTD SINGAPORE BRANCH,0.5
ai,sg,2019,AON GLOBAL OPERATIONS SE SINGAPORE BRANCH,0.5
ai,sg,2019,C/O H3 DYNAMICS PTE LTD,0.2
ai,sg,2019,H3 DYNAMICS PTE LTD,0.2
ai,sg,2019,HUS UNMANNED SYSTEMS PTE LTD,0.2
ai,sg,2019,JTC CORP,0.2
ai,sg,2019,JURONG TOWN CORP,0.2
ai,sg,2019,MEDIATEK SINGAPORE PTE LTD,1.0
ai,sg,2019,ONECONNECT FINANCIAL TECH SINGAPORE CO PTE LTD,1.0
ai,sg,2019,AVAGO TECH INT SALES PTE LID,1.0
ai,sg,2019,LENOVO SINGAPORE PTE LTD,1.0
ai,sg,2019,AUDIO ZOOM PTE LTD,1.0
ai,sg,2019,TRAX TECHNOLOGY SOLUTIONS PTE LTD,1.0
ai,sg,2019,PROHIBITION X PTE LTD,1.0
ai,sg,2019,GPS LANDS SINGAPORE PTE LTD,1.0
ai,sg,2019,SENSETIME INT PTE LTD,1.0
ai,sg,2019,SILOT PTE LTD,1.0
ai,sg,2019,SILOT PTE LTD,1.0
ai,sg,2019,LENOVO SINGAPORE PTE LTD,1.0
ai,sg,2019,CLOUD NETWORK TECH SINGAPORE PTE LTD,1.0
ai,sg,2019,LENOVO SINGAPORE PTE LTD,1.0
ai,sg,2019,SIVANTOS PTE LTD,1.0
ai,sg,2019,SIVANTOS PTE LTD,1.0
ai,sg,2019,SIVANTOS PTE LTD,1.0
ai,sg,2019,LENOVO SINGAPORE PTE LTD,1.0
ai,sg,2019,LENOVO SINGAPORE PTE LTD,1.0
ai,sg,2019,LENOVO SINGAPORE PTE LTD,1.0
ai,sg,2019,LENOVO SINGAPORE PTE LTD,1.0
ai,sg,2019,ASM TECH SINGAPORE PTE LTD,1.0
ai,sg,2019,LENOVO SINGAPORE PTE LTD,1.0
ai,sg,2019,LENOVO SINGAPORE PTE LTD,1.0
ai,sg,2019,NEC ASIA PACIFIC PTE LTD,1.0
ai,sg,2019,CLOUD NETWORK TECH SINGAPORE PTE LTD,1.0
ai,sg,2019,NEC CORP,1.0
ai,sg,2019,ARTIFICIAL INTELLIGENCE ROBOTICS PTE LTD,1.0
ai,sg,2019,S ANCIAL PTE LTD,1.0
ai,sg,2019,LENOVO SINGAPORE PTE LTD,1.0
ai,sg,2019,S ANCIAL PTE LTD,1.0
ai,sg,2019,LENOVO SINGAPORE PTE LTD,1.0
ai,sg,2019,LENOVO SINGAPORE PTE LTD,1.0
ai,sg,2019,LENOVO SINGAPORE PTE LTD,1.0
ai,sg,2019,LENOVO SINGAPORE PTE LTD,1.0
ai,sg,2019,QUANTUMCIEL PTE LTD,1.0
ai,sg,2019,LENOVO ENTPR SOLUTIONS SINGAPORE PTE LTD,1.0
ai,sg,2019,LENOVO SINGAPORE PTE LTD,1.0
ai,sg,2019,NEC ASIA PACIFIC PTE LTD,1.0
ai,sg,2019,LENOVO ENTPR SOLUTIONS SINGAPORE PTE LTD,1.0
ai,sg,2019,LENOVO SINGAPORE PTE LTD,1.0
ai,sg,2019,ARCTAN ANALYTICS PTE LTD,1.0
ai,sg,2019,LENOVO SINGAPORE PTE LTD,1.0
ai,sg,2019,LENOVO SINGAPORE PTE LTD,1.0
ai,sg,2019,LENOVO SINGAPORE PTE LTD,1.0
ai,sg,2019,LENOVO SINGAPORE PTE LTD,1.0
ai,sg,2019,LENOVO SINGAPORE PTE LTD,1.0
ai,sg,2019,LENOVO SINGAPORE PTE LTD,1.0
ai,sg,2019,RAZ R ASIA PACIFIC PTE LTD,0.5
ai,sg,2019,RAZER ASIA PACIFIC PTE LTD,0.5
ai,sg,2019,BIGO TECH PTE LTD,1.0
ai,sg,2019,BIGO TECH PTE LTD,1.0
ai,sg,2019,BIGO TECH PTE LTD,1.0
ai,sg,2019,AAC TECHNOLOGIES PTE LTD,1.0
ai,sg,2019,AAC TECHNOLOGIES PTE LTD,1.0
ai,sg,2019,LEICA INSTR SINGAPORE PTE LTD,1.0
ai,sg,2019,AMS SENSORS ASIA PTE LTD,1.0
ai,sg,2019,SIVANTOS PTE LTD,1.0
ai,sg,2019,SMITH & NEPHEW ASIA PACIFIC PTE LTD,0.5
ai,sg,2019,SMITH & NEPHEW PTE LTD,0.5
ai,sg,2019,SMITH & NEPHEW ASIA PACIFIC PTE LTD,0.5
ai,sg,2019,SMITH & NEPHEW PTE LTD,0.5
ai,sg,2019,FRESHTOHOME PTE LTD,1.0
ai,sg,2019,LIGHTELLIGENCE PTE LTD,1.0
ai,sg,2019,SENSETIME INT PTE LTD,1.0
ai,sg,2019,MARVELL ASIA PTE LTD,1.0
ai,sg,2019,PROFILEPRINT PTE LTD,0.5
ai,sg,2019,TEAPASAR PTE LTD,0.5
ai,sg,2019,LENOVO SINGAPORE PTE LTD,1.0
ai,sg,2019,AVAGO TECH INT SALES PTE LID,1.0
ai,sg,2019,AMARIS AI PTE LTD,1.0
ai,sg,2019,BIGO TECH PTE LTD,1.0
ai,sg,2019,BIGO TECH PTE LTD,1.0
ai,sg,2019,BIGO TECH PTE LTD,1.0
ai,sg,2019,BIGO TECH PTE LTD,1.0
ai,sg,2019,DATHENA SCIENCE PTE LTD,1.0
ai,sg,2019,LIGHTELLIGENCE PTE LTD,1.0
ai,sg,2019,DATHENA SCIENCE PTE LTD,1.0
ai,sg,2019,DATHENA SCIENCE PTE LTD,1.0
ai,sg,2019,DATHENA SCIENCE PTE LTD,1.0
ai,sg,2019,YITU PTE LTD,1.0
ai,sg,2019,SENSETIME INT PTE LTD,1.0
ai,sg,2019,SIVANTOS PTE LTD,1.0
ai,sg,2019,SENSETIME INT PTE LTD,1.0
ai,sg,2019,SIVANTOS PTE LTD,1.0
ai,sg,2019,SIVANTOS PTE LTD,1.0
ai,sg,2019,CLOUD NETWORK TECH SINGAPORE PTE LTD,1.0
ai,sg,2019,SIVANTOS PTE LTD,1.0
ai,sg,2019,SENSETIME INT PTE LTD,1.0
ai,sg,2019,SENSETIME INT PTE LTD,1.0
ai,sg,2019,SENSETIME INT PTE LTD,1.0
ai,sg,2019,SENSETIME INT PTE LTD,1.0
ai,sg,2019,SENSETIME INT PTE LTD,1.0
ai,sg,2019,UST GLOBAL SINGAPORE PTE LTD,1.0
ai,sg,2019,LENOVO SINGAPORE PTE LTD,1.0
ai,sg,2019,UST GLOBAL SINGAPORE PTE LTD,1.0
ai,sg,2019,LENOVO SINGAPORE PTE LTD,1.0
ai,sg,2019,QUANTELA PTE LTD,1.0
ai,sg,2019,LENOVO ENTPR SOLUTIONS SINGAPORE PTE LTD,1.0
ai,sg,2019,CLOUD NETWORK TECH SINGAPORE PTE LTD,1.0
ai,sg,2019,CLOUD NETWORK TECH SINGAPORE PTE LTD,1.0
ai,sg,2019,LENOVO SINGAPORE PTE LTD,1.0
ai,sg,2019,LENOVO SINGAPORE PTE LTD,1.0
ai,sg,2019,TOOKITAKI HOLDING PTE LTD,1.0
ai,sg,2019,LENOVO SINGAPORE PTE LTD,1.0
ai,sg,2019,LENOVO SINGAPORE PTE LTD,1.0
ai,sg,2019,REALTEK SINGAPORE PRIVATE LTD,1.0
ai,sg,2019,GRABTAXI HOLDINGS PTE LTD,1.0
ai,sg,2019,LENOVO SINGAPORE PTE LTD,1.0
ai,sg,2019,PCCW VUCLIP SINGAPORE PTE LTD,1.0
ai,sg,2019,LENOVO SINGAPORE PTE LTD,1.0
ai,sg,2019,SENSETIME INT PTE LTD,1.0
ai,sg,2019,AVAGO TECH INT SALES PTE LID,0.5
ai,sg,2019,AVAGO TECNOLOGIES INTERNATIONAL SALES PTE LTD,0.5
ai,sg,2019,LENOVO SINGAPORE PTE LTD,1.0
ai,sg,2019,LENOVO SINGAPORE PTE LTD,1.0
ai,sg,2019,LENOVO SINGAPORE PTE LTD,1.0
ai,sg,2019,LENOVO SINGAPORE PTE LTD,1.0
ai,sg,2019,LENOVO SINGAPORE PTE LTD,1.0
ai,sg,2019,LENOVO SINGAPORE PTE LTD,1.0
ai,sg,2019,SIVANTOS PTE LTD,1.0
ai,sg,2019,LENOVO SINGAPORE PTE LTD,1.0
ai,sg,2019,LENOVO SINGAPORE PTE LTD,1.0
ai,sg,2019,LENOVO SINGAPORE PTE LTD,1.0
ai,sg,2019,SIVANTOS PTE LTD,1.0
ai,sg,2019,AMKOR TECH SINGAPORE HOLDING PTE LTD,1.0
ai,sg,2019,RAPSODO PTE LTD,1.0
ai,sg,2019,LENOVO ENTPR SOLUTIONS SINGAPORE PTE LTD,1.0
ai,sg,2019,AUTONYM PTE LTD,1.0
ai,sg,2019,SENSETIME INT PTE LTD,1.0
ai,sg,2019,SENSETIME INT PTE LTD,1.0
ai,sg,2019,SENSETIME INT PTE LTD,1.0
ai,sg,2019,MARVELL ASIA PTE LTD,1.0
ai,sg,2019,LENOVO SINGAPORE PTE LTD,1.0
ai,sg,2019,LENOVO SINGAPORE PTE LTD,1.0
ai,sg,2019,ULTRON TECHNIQUES PTE LTD,1.0
ai,sg,2019,LENOVO SINGAPORE PTE LTD,1.0
ai,sg,2019,AMC FUTURE TECH PTE LTD,0.5
ai,sg,2019,AXP Solutions Pte Ltd,0.5
ai,sg,2019,SENSETIME INT PTE LTD,1.0
ai,sg,2019,SENSETIME INT PTE LTD,1.0
ai,sg,2019,SENSETIME INT PTE LTD,1.0
ai,sg,2020,SIRIONLABS PTE LTD,1.0
ai,sg,2020,BRANE COGNITIVES PTE LTD,0.5
ai,sg,2020,FRACTAL COGNITIVES PTE LTD,0.5
ai,sg,2020,MARVELL ASIA PTE LTD,1.0
ai,sg,2020,AON GLOBAL OPERATIONS SE SINGAPORE BRANCH,0.5
ai,sg,2020,Aon Global Operations Ltd (Singapore Branch),0.5
ai,sg,2020,LIFE TECH HOLDINGS PTE LIMITED,1.0
ai,sg,2020,SMITH & NEPHEW ASIA PACIFIC PTE LTD,0.3333333333333333
ai,sg,2020,SMITH & NEPHEW ASIAN PACIFIC PTE LTD,0.3333333333333333
ai,sg,2020,SMITH & NEPHEW PTE LTD,0.3333333333333333
ai,sg,2020,CREATIVE TECH LTD,1.0
ai,sg,2020,SMITH & NEPHEW ASIA PACIFIC PTE LTD,1.0
ai,sg,2020,TRAX TECH SOLUTIONS PIE LTD,0.3333333333333333
ai,sg,2020,TRAX TECHNOLIGY SOLUTION PTE LTD,0.3333333333333333
ai,sg,2020,TRAX TECHNOLOGY SOLUTIONS PTE LTD,0.3333333333333333
ai,sg,2020,SMITH & NEPHEW ASIA PACIFIC PTE LTD,1.0
ai,sg,2020,AAC TECHNOLOGIES PTE LTD,1.0
ai,sg,2020,MARVELL ASIA PTE LTD,1.0
ai,sg,2020,GROUP IB GLOBAL PRIVATE LTD,1.0
ai,sg,2020,APTIV TECH LTD,1.0
ai,sg,2020,EKO AI PTE LTD,1.0
ai,sg,2020,BIGO TECH PTE LTD,1.0
ai,sg,2020,SINGAPORE TELECOMMUNICATIONS LTD,1.0
ai,sg,2020,PENCIL TECH PTE LTD,1.0
ai,sg,2020,AMARISAI PTE LTD,1.0
ai,sg,2020,GREY ORANGE PTE LTD,0.5
ai,sg,2020,GREYORANGE PTE LTD,0.5
ai,sg,2020,AMARIS AI PTE LTD,1.0
ai,sg,2020,FLEXXON PTE LTD,1.0
ai,sg,2020,GO PLUS HOLDINGS PTE LTD,1.0
ai,sg,2020,SMITH & NEPHEW ASIA PACIFIC PTE LTD,1.0
ai,sg,2020,LIGHTELLIGENCE PTE LTD,1.0
ai,sg,2020,CLOUD NETWORK TECH SINGAPORE PTE LTD,1.0
ai,sg,2020,AMARIS AI PTE LTD,1.0
ai,sg,2020,RAM LIFTING TECH PTE LTD,0.5
ai,sg,2020,RAM SMAG LIFTING TECH PTE LTD,0.5
ai,sg,2020,LENOVO SINGAPORE PTE LTD,1.0
ai,sg,2020,LENOVO SINGAPORE PTE LTD,1.0
ai,sg,2020,SIVANTOS PTE LTD,1.0
ai,sg,2020,SIVANTOS PTE LTD,1.0
ai,sg,2020,LENOVO SINGAPORE PTE LTD,1.0
ai,sg,2020,PENSEES PTE LTD,1.0
ai,sg,2020,LENOVO SINGAPORE PTE LTD,1.0
ai,sg,2020,CLOUD NETWORK TECH SINGAPORE PTE LTD,1.0
ai,sg,2020,LENOVO SINGAPORE PTE LTD,1.0
ai,sg,2020,LENOVO SINGAPORE PTE LTD,1.0
ai,sg,2020,LENOVO SINGAPORE PTE LTD,1.0
ai,sg,2020,LENOVO SINGAPORE PTE LTD,1.0
ai,sg,2020,LENOVO SINGAPORE PTE LTD,1.0
ai,sg,2020,NEC ASIA PACIFIC PTE LTD,1.0
ai,sg,2020,AVANSEUS HOLDINGS PTE LTD,1.0
ai,sg,2020,LENOVO SINGAPORE PTE LTD,1.0
ai,sg,2020,LENOVO SINGAPORE PTE LTD,1.0
ai,sg,2020,LENOVO SINGAPORE PTE LTD,1.0
ai,sg,2020,NOMADD DESERT SOLAR SOLUTIONS PTE,0.5
ai,sg,2020,NOMADD DESERT SOLAR SOLUTIONS PTE LTD,0.5
ai,sg,2020,GRABTAXI HOLDINGS PTE LTD,1.0
ai,sg,2020,SIVANTOS PTE LTD,1.0
ai,sg,2020,EMAGE AI PTE LTD,0.5
ai,sg,2020,EMAGE AL PTE LTD,0.5
ai,sg,2020,LENOVO SINGAPORE PTE LTD,1.0
ai,sg,2020,GRABTAXI HOLDINGS PTE LTD,1.0
ai,sg,2020,LENOVO SINGAPORE PTE LTD,1.0
ai,sg,2020,NEAR PTE LTD,1.0
ai,sg,2020,LENOVO SINGAPORE PTE LTD,1.0
ai,sg,2020,NEAR PTE LTD,1.0
ai,sg,2020,NEAR PTE LTD,1.0
ai,sg,2020,LENOVO SINGAPORE PTE LTD,1.0
ai,sg,2020,LENOVO SINGAPORE PTE LTD,1.0
ai,sg,2020,LENOVO SINGAPORE PTE LTD,1.0
ai,sg,2020,LENOVO SINGAPORE PTE LTD,1.0
ai,sg,2020,LENOVO SINGAPORE PTE LTD,1.0
ai,sg,2020,LENOVO SINGAPORE PTE LTD,1.0
ai,sg,2020,LENOVO SINGAPORE PTE LTD,1.0
ai,sg,2020,LENOVO ENTPR SOLUTIONS SINGAPORE PTE LTD,1.0
ai,sg,2020,GRABTAXI HOLDING PTE LTD,0.5
ai,sg,2020,GRABTAXI HOLDINGS PTE LTD,0.5
ai,sg,2020,GRABTAXI HOLDINGS PTE LTD,1.0
ai,sg,2020,LENOVO SINGAPORE PTE LTD,1.0
ai,sg,2020,ROKT PTE LTD,1.0
ai,sg,2020,GRABTAXI HOLDINGS PTE LTD,1.0
ai,sg,2020,LENOVO SINGAPORE PTE LTD,1.0
ai,sg,2020,LENOVO SINGAPORE PTE LTD,1.0
ai,sg,2020,NEC ASIA PACIFIC PTE LTD,1.0
ai,sg,2020,ASCENT SOLUTIONS PTE LTD,1.0
ai,sg,2020,MARVELL ASIA PTE LTD,0.5
ai,sg,2020,MARVELL ASIA PTE LTD REGISTRATION NO 199702379M,0.5
ai,sg,2020,AMKOR TECH SINGAPORE HOLDING PTE LTD,1.0
ai,sg,2020,BIGO TECH PTE LTD,1.0
ai,sg,2020,BIGO TECH PTE LTD,1.0
ai,sg,2020,NEPHEW ASIA PACIFIC PTE LTD,0.5
ai,sg,2020,SMITH & NEPHEW ASIA PACIFIC PTE LTD,0.5
ai,sg,2020,AMS SENSORS ASIA PTE LTD,1.0
ai,sg,2020,SINGPILOT PTE LTD,1.0
ai,sg,2020,LENOVO SINGAPORE PTE LTD,1.0
ai,sg,2020,AMS SENSORS ASIA PTE LTD,1.0
ai,sg,2020,MARVELL ASIA PTE LTD,1.0
ai,sg,2020,YITU PTE LTD,1.0
ai,sg,2020,YITU PTE LTD,1.0
ai,sg,2020,AAC TECHNOLOGIES PTE LTD,1.0
ai,sg,2020,TRICOG HEALTH PTE LTD,1.0
ai,sg,2020,MARVELL ASIA PTE LTD,1.0
ai,sg,2020,MARVELL ASIA PTE LTD,1.0
ai,sg,2020,MARVELL ASIA PTE LTD,1.0
ai,sg,2020,MARVELL ASIA PTE LTD,1.0
ai,sg,2020,THE CLINICIAN PTE LTD,1.0
ai,sg,2020,DH TECHNOLOGIES DEV PTE LTD,1.0
ai,sg,2020,MSD INT GMBH,1.0
ai,sg,2020,ACTIVE INTELLIGENCE PTE LTD,1.0
ai,sg,2020,SENSETIME INT PTE LTD,1.0
ai,sg,2020,CERTIS CISCO SECURITY PTE LTD,1.0
ai,sg,2020,SENSETIME INT PTE LTD,1.0
ai,sg,2020,SENSETIME INT PTE LTD,1.0
ai,sg,2020,FLEXXON PTE LTD,1.0
ai,sg,2020,YITU PTE LTD,1.0
ai,sg,2020,SENSETIME INT PTE LTD,1.0
ai,sg,2020,UST GLOBAL SINGAPORE PTE LTD,1.0
ai,sg,2020,SIVANTOS PTE LTD,1.0
ai,sg,2020,SENSETIME INT PTE LTD,1.0
ai,sg,2020,MARVELL ASIA PTE LTD,0.5
ai,sg,2020,MARVELL ASIA PTE LTD REGISTRATION NO 199702379M,0.5
ai,sg,2020,SENSETIME INT PTE LTD,1.0
ai,sg,2020,UST GLOBAL SINGAPORE PTE LTD,1.0
ai,sg,2020,UST GLOBAL SINGAPORE PTE LTD,1.0
ai,sg,2020,LENOVO SINGAPORE PTE LTD,1.0
ai,sg,2020,LENOVO SINGAPORE PTE LTD,1.0
ai,sg,2020,AVANSEUS HOLDINGS PTE LTD,1.0
ai,sg,2020,LENOVO SINGAPORE PTE LTD,1.0
ai,sg,2020,SENSETIME INT PTE LTD,1.0
ai,sg,2020,LENOVO SINGAPORE PTE LTD,1.0
ai,sg,2020,LENOVO SINGAPORE PTE LTD,1.0
ai,sg,2020,NEC ASIA PACIFIC PTE LTD,1.0
ai,sg,2020,MARVELL ASIA PTE LTD,0.5
ai,sg,2020,MARVELL ASIA PTE LTD REGISTRATION NO 199702379M,0.5
ai,sg,2020,MARVELL ASIA PTE LTD,1.0
ai,sg,2020,GRABTAXI HOLDINGS PTE LTD,1.0
ai,sg,2020,ASM TECH SINGAPORE PTE LTD,1.0
ai,sg,2020,CLOUD NETWORK TECH SINGAPORE PTE LTD,1.0
ai,sg,2020,CLOUD NETWORK TECH SINGAPORE PTE LTD,1.0
ai,sg,2020,RYNAN TECH PTE LTD,1.0
ai,sg,2020,LENOVO ENTPR SOLUTIONS SINGAPORE PTE LTD,1.0
ai,sg,2020,LENOVO ENTPR SOLUTIONS SINGAPORE PTE LTD,1.0
ai,sg,2020,LENOVO ENTPR SOLUTIONS SINGAPORE PTE LTD,1.0
ai,sg,2020,MSM HOLDINGS PTE,0.5
ai,sg,2020,MSM Holdings Pte Ltd,0.5
ai,sg,2020,MARVELL ASIA PTE LTD,1.0
ai,sg,2020,MARVELL ASIA PTE LTD,0.5
ai,sg,2020,MARVELL ASIA PTE LTD REGISTRATION NO 199702379M,0.5
ai,sg,2020,MARVELL ASIA PTE LTD,1.0
ai,sg,2020,BIGO TECH PTE LTD,1.0
ai,sg,2020,BIGO TECH PTE LTD,1.0
ai,sg,2020,BIGO TECH PTE LTD,1.0
ai,sg,2020,BIGO TECH PTE LTD,1.0
ai,sg,2020,BIGO TECH PTE LTD,1.0
ai,sg,2020,SMITH & NEPHEW ASIA PACIFIC PTE LTD,1.0
ai,sg,2020,TRAX TECHNOLOGY SOLUTIONS PTE LTD,1.0
ai,sg,2020,AMS SENSORS SINGAPORE PTE LTD,1.0
ai,sg,2020,SINGAPORE TELECOMMUNICATIONS LTD,1.0
ai,sg,2020,WHISPER HOLDINGS PTE LTD,1.0
ai,sg,2020,NDR MEDICAL TECH PTE LTD,1.0
ai,sg,2020,SENSETIME INT PTE LTD,1.0
ai,sg,2020,GRABTAXI HOLDINGS PTE LTD,1.0
ai,sg,2020,ENSIGN INFOSECURITY PTD LTD,0.5
ai,sg,2020,ENSIGN INFOSECURITY PTE LTD,0.5
ai,sg,2020,FLEXXON PTE LTD,1.0
ai,sg,2020,CHEKTEC PTE LTD,0.5
ai,sg,2020,ZIXXE PTE LTD,0.5
ai,sg,2020,BITWAVE PTE LTD,1.0
ai,sg,2020,ELID TECH INTERNATIONAL PTE LTD,1.0
ai,sg,2020,GLOBAL ENGINEERS INVEST SINGAPORE PTE LTD,0.5
ai,sg,2020,GLOBAL ENGINEERS TECH PTE LTD,0.5
ai,sg,2020,YITU PTE LTD,1.0
ai,sg,2020,ResMed Asia Pte Ltd,1.0
ai,sg,2020,KNOREX PTE LTD,1.0
ai,sg,2020,SENSETIME INT PTE LTD,1.0
ai,sg,2020,LENOVO SINGAPORE PTE LTD,1.0
ai,sg,2020,SIVANTOS PTE LTD,1.0
ai,sg,2020,7 TRINITY BIOTECH PTE LTD,1.0
ai,sg,2020,7 TRINITY BIOTECH PTE LTD,1.0
ai,sg,2020,SENSETIME INT PTE LTD,1.0
ai,sg,2020,SIVANTOS PTE LTD,1.0
ai,sg,2020,SIVANTOS PTE LTD,1.0
ai,sg,2020,SIVANTOS PTE LTD,1.0
ai,sg,2020,SENSETIME INT PTE LTD,1.0
ai,sg,2020,LENOVO SINGAPORE PTE LTD,1.0
ai,sg,2020,SENSETIME INT PTE LTD,1.0
ai,sg,2020,LENOVO SINGAPORE PTE LTD,1.0
ai,sg,2020,NEONEXUS PTE LTD,1.0
ai,sg,2020,LENOVO SINGAPORE PTE LTD,1.0
ai,sg,2020,GRABTAXI HOLDINGS PTE LTD,1.0
ai,sg,2020,GRABTAXI HOLDINGS PTE LTD,1.0
ai,sg,2020,CAPRICORN HOLDING PTE LTD,1.0
ai,sg,2020,SIVANTOS PTE LTD,1.0
ai,sg,2020,LENOVO SINGAPORE PTE LTD,1.0
ai,sg,2020,LENOVO SINGAPORE PTE LTD,1.0
ai,sg,2020,LENOVO SINGAPORE PTE LTD,1.0
ai,sg,2020,CONEX HEALTHCARE PTE LTD,1.0
ai,sg,2020,NEAR PTE LTD,1.0
ai,sg,2020,CAPRICORN HOLDING PTE LTD,1.0
ai,sg,2020,REALTEK SINGAPORE PRIVATE LTD,1.0
ai,sg,2020,LENOVO ENTPR SOLUTIONS SINGAPORE PTE LTD,1.0
ai,sg,2020,NEAR PTE LTD,1.0
ai,sg,2020,MARVELL ASIA PTE LTD,1.0
ai,sg,2020,UST GLOBAL SINGAPORE PTE LTD,0.5
ai,sg,2020,UST GLOBAL SINGAPORE PTE LTE,0.5
ai,sg,2020,ANX IP HOLDING PTE LTD,1.0
ai,sg,2020,ENVISION DIGITAL INT PTE LTD,1.0
ai,sg,2020,ENVISION DIGITAL INT PTE LTD,1.0
ai,sg,2020,BIGO TECH PTE LTD,1.0
ai,sg,2020,BIGO TECH PTE LTD,1.0
ai,sg,2020,BIGO TECH PTE LTD,1.0
ai,sg,2020,ENVISION DIGITAL INT PTE LTD,1.0
ai,sg,2020,LENOVO SINGAPORE PTE LTD,1.0
ai,sg,2020,SENSETIME INT PTE LTD,1.0
ai,sg,2020,LEICA INSTR SINGAPORE PTE LTD,1.0
ai,sg,2020,SENSETIME INT PTE LTD,1.0
ai,sg,2020,AMS SENSORS SINGAPORE PTE LTD,1.0
ai,sg,2020,FLEXXON PTE LTD,1.0
ai,sg,2020,MARVELL ASIA PTE LTD,1.0
ai,sg,2020,MARVELL ASIA PTE LTD,1.0
ai,sg,2020,SMITH & NEPHEW ASIA PACIFIC PTE LTD,1.0
ai,sg,2020,PT APLIKASI KARYA ANAK BANGSA,1.0
ai,sg,2020,EKO AI PTE LTD,1.0
ai,sg,2020,GREENWAVE SYSTEMS PTE LTD,1.0
ai,sg,2020,SENSETIME INT PTE LTD,1.0
ai,sg,2020,YITU PTE LTD,1.0
ai,sg,2020,YITU PTE LTD,1.0
ai,sg,2020,AFFLE INT PTE LTD,1.0
ai,sg,2020,SENSETIME INT PTE LTD,1.0
ai,sg,2020,AFFLE INT PTE LTD,1.0
ai,sg,2020,AFFLE INT PTE LTD,1.0
ai,sg,2020,AFFLE INT PTE LTD,1.0
ai,sg,2020,ResMed Asia Pte Ltd,1.0
ai,sg,2020,VISIOTECH VENTURES PTE LTD,1.0
ai,sg,2020,VISIOTECH VENTURES PTE LTD,1.0
ai,sg,2020,SOL X PTE LTD,1.0
ai,sg,2020,BORECAM ASIA PTE LTD,1.0
ai,sg,2020,HORIZON QUANTUM COMPUTING PTE LTD,1.0
ai,sg,2020,AUGMENTUS PTE LTD,1.0
ai,sg,2020,ACTIVE INTELLIGENCE PTE LTD,1.0
ai,sg,2020,MOOVITA PTE LTD,1.0
ai,sg,2020,ENVISION DIGITAL INT PTE LTD,1.0
ai,sg,2020,MEDO DX PTE LTD,1.0
ai,sg,2020,MEDO DX PTE LTD,1.0
ai,sg,2020,SENSETIME INT PTE LTD,1.0
ai,sg,2020,SENSETIME INT PTE LTD,1.0
ai,sg,2020,QUANTIFIED ENERGY LABS PTE LTD,1.0
ai,sg,2020,NCS PTE LTD,1.0
ai,sg,2020,SENSETIME INT PTE LTD,1.0
ai,sg,2020,SIVANTOS PTE LTD,1.0
ai,sg,2020,SIVANTOS PTE LTD,1.0
ai,sg,2020,LENOVO SINGAPORE PTE LTD,1.0
ai,sg,2020,LENOVO SINGAPORE PTE LTD,1.0
ai,sg,2020,LENOVO SINGAPORE PTE LTD,1.0
ai,sg,2020,LENOVO SINGAPORE PTE LTD,1.0
ai,sg,2020,SENSETIME INT PTE LTD,1.0
ai,sg,2020,SENSETIME INT PTE LTD,1.0
ai,sg,2020,MOZARK PTE LTD,1.0
ai,sg,2020,SENSETIME INT PTE LTD,1.0
ai,sg,2020,LENOVO SINGAPORE PTE LTD,1.0
ai,sg,2020,MARVELL ASIA PTE LTD,1.0
ai,sg,2020,LENOVO SINGAPORE PTE LTD,1.0
ai,sg,2020,NEAR PTE LTD,1.0
ai,sg,2020,NEONEXUS PTE LTD,1.0
ai,sg,2020,AUTONYM PTE LTD,1.0
ai,sg,2020,VISENZE PTE LTD,1.0
ai,sg,2020,CLOUD NETWORK TECH SINGAPORE PTE LTD,1.0
ai,sg,2020,HIJO IP PTE LD,0.5
ai,sg,2020,HIJO IP PTE LTD,0.5
ai,sg,2020,CERTIS CISCO SECURITY PTE LTD,1.0
ai,sg,2020,SIVANTOS PTE LTD,1.0
ai,sg,2020,ROKT PTE LTD,1.0
ai,sg,2020,LENOVO SINGAPORE PTE LTD,1.0
ai,sg,2020,LENOVO SINGAPORE PTE LTD,1.0
ai,sg,2020,LENOVO SINGAPORE PTE LTD,1.0
ai,sg,2020,LENOVO SINGAPORE PTE LTD,1.0
ai,sg,2020,LENOVO SINGAPORE PTE LTD,1.0
ai,sg,2020,ROKT PTE LTD,1.0
ai,sg,2020,YCH GROUP PTE LTD,1.0
ai,sg,2020,POINT ROBOTICS SINGAPORE PTE LTD,1.0
ai,sg,2020,SMITH & NEPHEW ASIA PACIFIC PTE LTD,1.0
ai,sg,2021,BIGO TECH PTE LTD,1.0
ai,sg,2021,BIGO TECH PTE LTD,1.0
ai,sg,2021,ENVISION DIGITAL INT PTE LTD,0.5
ai,sg,2021,ENVISON DIGITAL INT PTE LTD,0.5
ai,sg,2021,WIZ HOLDINGS PTE LTD,1.0
ai,sg,2021,AQUAEASY PTE LTD,1.0
ai,sg,2021,ENDOSIQ TECH PTE LTD,1.0
ai,sg,2021,EDGECORTIX PTE LTD,1.0
ai,sg,2021,ENSIGN INFOSECURITY PTE LTD,1.0
ai,sg,2021,SMITH & NEPHEW ASIA PACIFIC PTE LTD,1.0
ai,sg,2021,SMITH & NEPHEW ASIA PACIFIC PTE LTD,1.0
ai,sg,2021,SMITH & NEPHEW ASIA PACIFIC PTE LTD,1.0
ai,sg,2021,MINDBCI PTE LTD,1.0
ai,sg,2021,NEAR PTE LTD,1.0
ai,sg,2021,LIGHTELLIGENCE PTE LTD,1.0
ai,sg,2021,WILMAR INTERNATIONAL LTD,1.0
ai,sg,2021,VISIOTECH VENTURES PTE LTD,1.0
ai,sg,2021,MARVELL ASIA PTE LTD,1.0
ai,sg,2021,WOWLINK PTE LTD,1.0
ai,sg,2021,DATASPARK PTE LTD,1.0
ai,sg,2021,SINGTEL CYBER SECURITY SINGAPORE PTE LTD,1.0
ai,sg,2021,GRABTAXI HOLDINGS PTE LTD,1.0
ai,sg,2021,EKO AI PTE LTD,1.0
ai,sg,2021,EKO AI PTE LTD,1.0
ai,sg,2021,LOMOTIF PRIVATE LTD,1.0
ai,sg,2021,EDGECORTIX PTE LTD,1.0
ai,sg,2021,GRABTAXI HOLDINGS PTE LTD,1.0
ai,sg,2021,MARVELL ASIA PTE LTD,1.0
ai,sg,2021,SENSETIME INT PTE LTD,1.0
ai,sg,2021,AVAGO TECH INT SALES PTE LID,1.0
ai,sg,2021,LENOVO SINGAPORE PTE LTD,1.0
ai,sg,2021,LENOVO SINGAPORE PTE LTD,1.0
ai,sg,2021,LENOVO SINGAPORE PTE LTD,1.0
ai,sg,2021,LENOVO SINGAPORE PTE LTD,1.0
ai,sg,2021,LENOVO SINGAPORE PTE LTD,1.0
ai,sg,2021,RIGHT HAND CYBER SECURITY PTE LTD,1.0
ai,sg,2021,NOMADD DESERT SOLAR SOLUTIONS PTE LTD,1.0
ai,sg,2021,LENOVO SINGAPORE PTE LTD,1.0
ai,sg,2021,LENOVO SINGAPORE PTE LTD,1.0
ai,sg,2021,LENOVO SINGAPORE PTE LTD,1.0
ai,sg,2021,LENOVO SINGAPORE PTE LTD,1.0
ai,sg,2021,LENOVO SINGAPORE PTE LTD,1.0
ai,sg,2021,LENOVO SINGAPORE PTE LTD,1.0
ai,sg,2021,VOYAGER INNOVATIONS HOLDINGS PTE LTD,1.0
ai,sg,2021,LENOVO SINGAPORE PTE LTD,1.0
ai,sg,2021,LENOVO SINGAPORE PTE LTD,1.0
ai,sg,2021,LENOVO SINGAPORE PTE LTD,1.0
ai,sg,2021,LENOVO SINGAPORE PTE LTD,1.0
ai,sg,2021,LENOVO ENTPR SOLUTIONS SINGAPORE PTE LTD,1.0
ai,sg,2021,LENOVO SINGAPORE PTE LTD,1.0
ai,sg,2021,LENOVO SINGAPORE PTE LTD,1.0
ai,sg,2021,LENOVO ENTPR SOLUTIONS SINGAPORE PTE LTD,1.0
ai,sg,2021,LENOVO ENTPR SOLUTIONS SINGAPORE PTE LTD,1.0
ai,sg,2021,ARRIVE PTE LTD,1.0
ai,sg,2021,BIGO TECH PTE LTD,1.0
ai,sg,2021,BIGO TECH PTE LTD,1.0
ai,sg,2021,BIGO TECH PTE LTD,1.0
ai,sg,2021,ANX IP HOLDING PTE LTD,1.0
ai,sg,2021,BIGO TECH PTE LTD,1.0
ai,sg,2021,BIGO TECH PTE LTD,1.0
ai,sg,2021,BIGO TECH PTE LTD,1.0
ai,sg,2021,BIGO TECH PTE LTD,1.0
ai,sg,2021,BIGO TECH PTE LTD,1.0
ai,sg,2021,SENSETIME INT PTE LTD,1.0
ai,sg,2021,AVAGO TECH INT SALES PTE LID,1.0
ai,sg,2021,SMITH & NEPHEW ASIA PACIFIC PTE LTD,1.0
ai,sg,2021,SMITH & NEPHEW ASIA PACIFIC PTE LTD,1.0
ai,sg,2021,AES GLOBAL HOLDINGS PTE LTD,1.0
ai,sg,2021,EDGECORTIX PTE LTD,1.0
ai,sg,2021,HORIZON QUANTUM COMPUTING PTE LTD,1.0
ai,sg,2021,NCS PTE LTD,1.0
ai,sg,2021,DH TECHNOLOGIES DEV PTE LTD,1.0
ai,sg,2021,SMITH & NEPHEW ASIA PACIFIC PTE LTD,1.0
ai,sg,2021,DH TECHNOLOGIES DEV PTE LTD,1.0
ai,sg,2021,SENSETIME INT PTE LTD,1.0
ai,sg,2021,SMITH & NEPHEW ASIA PACIFIC PTE LTD,1.0
ai,sg,2021,SENSETIME INT PTE LTD,1.0
ai,sg,2021,SENSETIME INT PTE LTD,1.0
ai,sg,2021,SENSETIME INT PTE LTD,1.0
ai,sg,2021,SENSETIME INT PTE LTD,1.0
ai,sg,2021,SENSETIME INT PTE LTD,1.0
ai,sg,2021,SENSETIME INT PTE LTD,1.0
ai,sg,2021,SENSETIME INT PTE LTD,1.0
ai,sg,2021,SENSETIME INT PTE LTD,0.5
ai,sg,2021,SENSETIMENTERNATIONAL PTE LTD,0.5
ai,sg,2021,SENSETIME INT PTE LTD,1.0
ai,sg,2021,SENSETIME INT PTE LTD,1.0
ai,sg,2021,SENSETIME INT PTE LTD,1.0
ai,sg,2021,SENSETIME INT PTE LTD,1.0
ai,sg,2021,SENSETIME INT PTE LTD,1.0
ai,sg,2021,SENSETIME INT PTE LTD,1.0
ai,sg,2021,SENSETIME INT PTE LTD,1.0
ai,sg,2021,SENSETIME INT PTE LTD,1.0
ai,sg,2021,SENSETIME INT PTE LTD,1.0
ai,sg,2021,SENSETIME INT PTE LTD,1.0
ai,sg,2021,SENSETIME INT PTE LTD,1.0
ai,sg,2021,SENSETIME INT PTE LTD,1.0
ai,sg,2021,SENSETIME INT PTE LTD,1.0
ai,sg,2021,SENSETIME INT PTE LTD,1.0
ai,sg,2021,SENSETIME INT PTE LTD,1.0
ai,sg,2021,SENSETIME INT PTE LTD,1.0
ai,sg,2021,LIGHTELLIGENCE PTE LTD,1.0
ai,sg,2021,SENSETIME INT PTE LTD,1.0
ai,sg,2021,ASM TECH SINGAPORE PTE LTD,0.5
ai,sg,2021,ASMPT SINGAPORE PTE LTD,0.5
ai,sg,2021,SENSETIME INT PTE LTD,1.0
ai,sg,2021,SENSETIME INT PTE LTD,1.0
ai,sg,2021,YUMCHA STUDIOS PTE LTD,1.0
ai,sg,2021,SMITH & NEPHEW ASIA PACIFIC PTE LTD,1.0
ai,sg,2021,SENSETIME INT PTE LTD,1.0
ai,sg,2021,SENSETIME INT PTE LTD,1.0
ai,sg,2021,SENSETIME INT PTE LTD,1.0
ai,sg,2021,SENSETIME INT PTE LTD,1.0
ai,sg,2021,VULCAN AI PTE LTD,1.0
ai,sg,2021,LUMILEDS SINGAPORE PTE LTD,1.0
ai,sg,2021,SENSETIME INT PTE LTD,1.0
ai,sg,2021,DATHENA SCIENCE PTE LTD,1.0
ai,sg,2021,TRAX TECHNOLOGY SOLUTIONS PTE LTD,1.0
ai,sg,2021,NEXTSMARTY HOLDINGS PTE LTD,1.0
ai,sg,2021,GRABTAXI HOLDINGS PTE LTD,1.0
ai,sg,2021,PATHNOVA LABORATORIES PTE LTD,0.5
ai,sg,2021,TEMASEK LIFE SICENCES LABORATORY LTD,0.5
ai,sg,2021,SENSETIME INT PTE LTD,1.0
ai,sg,2021,SENSETIME INT PTE LTD,1.0
ai,sg,2021,SENSETIME INT PTE LTD,1.0
ai,sg,2021,MASTERCARD ASIA PACIFIC PTE LTD,1.0
ai,sg,2021,MYRO INT PTE LTD,0.5
ai,sg,2021,MYRO INTERNATIONAL PTE LTD,0.5
ai,sg,2021,ORICA INT PTE LTD,1.0
ai,sg,2021,SENSETIME INT PTE LTD,1.0
ai,sg,2021,SENSETIME INT PTE LTD,1.0
ai,sg,2021,SENSETIME INT PTE LTD,1.0
ai,sg,2021,REVERSEADS PTE LTD,1.0
ai,sg,2021,SENSETIME INT PTE LTD,1.0
ai,sg,2021,SENSETIME INT PTE LTD,1.0
ai,sg,2021,SENSETIME INT PTE LTD,1.0
ai,sg,2021,SENSETIME INT PTE LTD,1.0
ai,sg,2021,SIVANTOS PTE LTD,1.0
ai,sg,2021,SENSETIME INT PTE LTD,1.0
ai,sg,2021,SENSETIME INT PTE LTD,1.0
ai,sg,2021,SENSETIME INT PTE LTD,1.0
ai,sg,2021,SENSETIME INT PTE LTD,1.0
ai,sg,2021,SENSETIME INT PTE LTD,1.0
ai,sg,2021,SENSETIME INT PTE LTD,1.0
ai,sg,2021,SENSETIME INT PTE LTD,1.0
ai,sg,2021,SENSETIME INT PTE LTD,1.0
ai,sg,2021,SENSETIME INT PTE LTD,1.0
ai,sg,2021,SENSETIME INT PTE LTD,1.0
ai,sg,2021,SENSETIME INT PTE LTD,1.0
ai,sg,2021,SIVANTOS PTE LTD,1.0
ai,sg,2021,SENSETIME INT PTE LTD,1.0
ai,sg,2021,SENSETIME INT PTE LTD,1.0
ai,sg,2021,SENSETIME INT PTE LTD,1.0
ai,sg,2021,SENSETIME INT PTE LTD,1.0
ai,sg,2021,SENSETIME INT PTE LTD,1.0
ai,sg,2021,SENSETIME INT PTE LTD,1.0
ai,sg,2021,SENSETIME INT PTE LTD,1.0
ai,sg,2021,UST GLOBAL SINGAPORE PTE LTD,1.0
ai,sg,2021,SENSETIME INT PTE LTD,1.0
ai,sg,2021,SENSETIME INT PTE LTD,1.0
ai,sg,2021,SENSETIME INT PTE LTD,1.0
ai,sg,2021,SPACE PTE LTD,1.0
ai,sg,2021,DELTA ELECTRONICS INT SINGAPORE PTE LTD,1.0
ai,sg,2021,SENSETIME INT PTE LTD,1.0
ai,sg,2021,SENSETIME INT PTE LTD,1.0
ai,sg,2021,LENOVO SINGAPORE PTE LTD,1.0
ai,sg,2021,LENOVO SINGAPORE PTE LTD,1.0
ai,sg,2021,DIXTECH INNOVATION PTE LTD,0.5
ai,sg,2021,HUI DING INT PTE LTD,0.5
ai,sg,2021,SENSETIME INT PTE LTD,1.0
ai,sg,2021,SENSETIME INT PTE LTD,1.0
ai,sg,2021,CLOUD NETWORK TECH SINGAPORE PTE LTD,1.0
ai,sg,2021,BIOSIGNS PTE LTD,1.0
ai,sg,2021,SENSETIME INT PET LTD,0.5
ai,sg,2021,SENSETIME INT PTE LTD,0.5
ai,sg,2021,SENSETIME INT PTE LTD,1.0
ai,sg,2021,SENSETIME INT PTE LTD,1.0
ai,sg,2021,LENOVO SINGAPORE PTE LTD,1.0
ai,sg,2021,CLOUD NETWORK TECH SINGAPORE PTE LTD,1.0
ai,sg,2021,MPICS INNOVATIONS PTE LTD,1.0
ai,sg,2021,SENSETIME INT PTE LTD,1.0
ai,sg,2021,SENSETIME INT PTE LTD,1.0
ai,sg,2021,SENSETIME INT PTE LTD,1.0
ai,sg,2021,DATHENA SCIENCE PTE LTD,1.0
ai,sg,2021,SENSETIME INT PTE LTD,1.0
ai,sg,2021,REALTEK SINGAPORE PTE LTD,1.0
ai,sg,2021,SENSETIME INT PTE LTD,1.0
ai,sg,2021,QoreNext Pte Ltd,1.0
ai,sg,2021,CONFIRMU PTE LTD,1.0
ai,sg,2021,SENSETIME INT PTE LTD,1.0
ai,sg,2021,SENSETIME INT PTE LTD,1.0
ai,sg,2021,SENSETIME INT PTE LTD,1.0
ai,sg,2021,SENSETIME INT PTE LTD,1.0
ai,sg,2021,SENSETIME INT PTE LTD,1.0
ai,sg,2021,LENOVO SINGAPORE PTE LTD,1.0
ai,sg,2021,SENSETIME INT PTE LTD,1.0
ai,sg,2021,ANOR TECH PTE LTD,1.0
ai,sg,2021,SENSETIME INT PTE LTD,1.0
ai,sg,2021,SENSETIME INT PTE LTD,1.0
ai,sg,2021,LENOVO SINGAPORE PTE LTD,1.0
ai,sg,2021,HYTTO PTE LTD,1.0
ai,sg,2021,ANX IP HOLDING PTE LTD,1.0
ai,sg,2021,BIGO TECH PTE LTD,1.0
ai,sg,2021,ANX IP HOLDING PTE LTD,1.0
ai,sg,2021,BIGO TECH PTE LTD,1.0
ai,sg,2021,BIGO TECH PTE LTD,1.0
ai,sg,2021,BIGO TECH PTE LTD,1.0
ai,sg,2021,LEMON INC,1.0
ai,sg,2021,LEMON INC,1.0
ai,sg,2021,BIGO TECH PTE LTD,1.0
ai,sg,2021,LEICA INSTR SINGAPORE PTE LTD,1.0
ai,sg,2021,SIVANTOS PTE LTD,1.0
ai,sg,2021,SIVANTOS PTE LTD,1.0
ai,sg,2021,SMITH & NEPHEW ASIA PACIFIC PTE LTD,1.0
ai,sg,2021,HILL ROM SERVICES PTE LTD,1.0
ai,sg,2021,LENOVO SINGAPORE PTE LTD,1.0
ai,sg,2021,AMC FUTURE TECH PTE LTD,1.0
ai,sg,2021,SMITH & NEPHEW ASIA PACIFIC PTE LTD,1.0
ai,sg,2021,SPORTSCIENTIA PTE LTD,1.0
ai,sg,2021,SENSETIME INT PTE LTD,1.0
ai,sg,2021,BRANE COGNITIVES PTE LTD,1.0
ai,sg,2021,SENSETIME INT PTE LTD,1.0
ai,sg,2021,SENSETIME INT PTE LTD,1.0
ai,sg,2021,THINXTREAM TECH PTD LTD,1.0
ai,sg,2021,SENSETIME INT PTE LTD,1.0
ai,sg,2021,SENSETIME INT PTE LTD,1.0
ai,sg,2021,BIGO TECH PTE LTD,1.0
ai,sg,2021,SENSETIME INT PTE LTD,1.0
ai,sg,2021,GREY ORANGE PTE LTD,0.5
ai,sg,2021,GREYORANGE PTE LTD,0.5
ai,sg,2021,SENSETIME INT PTE LTD,1.0
ai,sg,2021,MARVELL ASIA PTE LTD,1.0
ai,sg,2021,SURBANA JURONG PRIVATE LTD,1.0
ai,sg,2021,GRABTAXI HOLDINGS PTE LTD,1.0
ai,sg,2021,CURIUM PTE LTD,1.0
ai,sg,2021,EMAGE TOMO PTE LTD,0.5
ai,sg,2021,Viralint Pte Ltd,0.5
ai,sg,2021,EMAGE AI PTE LTD,0.5
ai,sg,2021,EMAGE AL PTE LTD,0.5
ai,sg,2021,YIJIAHE SINGAPORE PTE LTD,1.0
ai,sg,2021,COGNIUS AI PTE LTD,1.0
ai,sg,2021,LEMON INC,1.0
ai,sg,2021,SENSETIME INT PTE LTD,1.0
ai,sg,2021,GREY ORANGE PTE LTD,1.0
ai,sg,2021,GRABTAXI HOLDINGS PTE LTD,1.0
ai,sg,2021,LEMON INC,1.0
ai,sg,2021,AVAGO TECH INT SALES PTE LID,1.0
ai,sg,2021,AVAGO TECH INT SALES PTE LID,1.0
ai,sg,2021,CLOUD NETWORK TECH SINGAPORE PTE LTD,1.0
ai,sg,2021,MEDIATEK SINGAPORE PTE LTD,1.0
ai,sg,2021,LENOVO SINGAPORE PTE LTD,1.0
ai,sg,2021,SENSETIME INT PTE LTD,1.0
ai,sg,2021,HUIKE SINGAPORE HOLDING PTE LTD,1.0
ai,sg,2021,SENSETIME INT PTE LTD,1.0
ai,sg,2021,LENOVO SINGAPORE PTE LTD,1.0
ai,sg,2021,LENOVO SINGAPORE PTE LTD,1.0
ai,sg,2021,LENOVO SINGAPORE PTE LTD,1.0
ai,sg,2021,LENOVO SINGAPORE PTE LTD,1.0
ai,sg,2021,LENOVO SINGAPORE PTE LTD,1.0
ai,sg,2021,OPEN4SALE INT PTE LTD,1.0
ai,sg,2021,LENOVO SINGAPORE PTE LTD,1.0
ai,sg,2021,SENSETIME INT PTE LTD,1.0
ai,sg,2021,SENSETIME INT PTE LTD,1.0
ai,sg,2021,SENSETIME INT PTE LTD,1.0
ai,sg,2021,LENOVO SINGAPORE PTE LTD,1.0
ai,sg,2021,SENSETIME INT PTE LTD,1.0
ai,sg,2021,SENSETIME INT PTE LTD,1.0
ai,sg,2021,PWK HOLDINGS PTE LTD,1.0
ai,sg,2021,RAPSODO PTE LTD,1.0
ai,sg,2021,RAPSODO PTE LTD,1.0
ai,sg,2021,RAPSODO PTE LTD,1.0
ai,sg,2021,DIXTECH INNOVATION PTE LTD,1.0
ai,sg,2021,Neerkoli Pte Ltd,1.0
ai,sg,2021,RAPSODO PTE LTD,1.0
ai,sg,2021,SENSETIME INT PTE LTD,1.0
ai,sg,2021,SENSETIME INT PTE LTD,1.0
ai,sg,2021,SENSETIME INT PTE LTD,1.0
ai,sg,2021,SENSETIME INT PTE LTD,1.0
ai,sg,2021,SENSETIME INT PTE LTD,1.0
ai,sg,2021,SENSETIME INT PTE LTD,1.0
ai,sg,2021,SENSETIME INT PTE LTD,1.0
ai,sg,2021,DCONSTRUCT TECH PTE LTD,1.0
ai,sg,2021,SENSETIME INT PTE LTD,1.0
ai,sg,2021,SENSETIME INT PTE LTD,1.0
ai,sg,2021,SENSETIME INT PTE LTD,1.0
ai,sg,2021,SENSETIME INT PTE LTD,1.0
ai,sg,2021,SENSETIME INT PTE LTD,1.0
ai,sg,2021,SENSETIME INT PTE LTD,1.0
ai,sg,2021,SENSETIME INT PTE LTD,1.0
ai,sg,2021,SENSETIME INT PTE LTD,1.0
ai,sg,2021,SENSETIME INT PTE LTD,1.0
ai,sg,2021,SENSETIME INT PTE LTD,1.0
ai,sg,2021,HALESIGHT PTE LTD,1.0
ai,sg,2021,MARVELL ASIA PTE LTD,1.0
ai,sg,2021,BIGO TECH PTE LTD,1.0
ai,sg,2021,LEMON INC,1.0
ai,sg,2021,LEMON INC,1.0
ai,sg,2021,ANX IP HOLDING PTE LTD,1.0
ai,sg,2021,BIGO TECH PTE LTD,1.0
ai,sg,2021,LEMON INC,1.0
ai,sg,2021,LEMON INC,1.0
ai,sg,2021,LEMON INC,1.0
ai,sg,2021,BIGO TECH PTE LTD,1.0
ai,sg,2021,BIGO TECH PTE LTD,1.0
ai,sg,2021,BIGO TECH PTE LTD,1.0
ai,sg,2021,BIGO TECH PTE LTD,1.0
ai,sg,2021,BIGO TECH PTE LTD,1.0
ai,sg,2021,LEMON INC,1.0
ai,sg,2021,BIGO TECH PTE LTD,1.0
ai,sg,2021,BIGO TECH PTE LTD,1.0
ai,sg,2021,BIGO TECH PTE LTD,1.0
ai,sg,2021,BIGO TECH PTE LTD,1.0
ai,sg,2021,SENSETIME INT PTE LTD,1.0
ai,sg,2021,ADVANCED MEDTECH CORP PTE LTD,1.0
ai,sg,2021,LEICA INSTR SINGAPORE PTE LTD,1.0
ai,sg,2021,SMITH & NEPHEW ASIA PACIFIC PTE LTD,1.0
ai,sg,2021,SMITH & NEPHEW ASIA PACIFIC PTE LTD,1.0
ai,sg,2021,SIVANTOS PTE LTD,1.0
ai,sg,2021,TRAX TECHNOLOGY SOLUTIONS PTE LTD,1.0
ai,sg,2021,CREATIVE TECH LTD,1.0
ai,sg,2021,CROWN DIGITAL PTE LTD,1.0
ai,sg,2021,MARVELL ASIA PTE LTD,1.0
ai,sg,2021,EVYD RES PRIVATE LIMITED,1.0
ai,sg,2021,TRAX TECHNOLOGY SOLUTIONS PTE LTD,1.0
ai,sg,2021,SENSETIME INT PTE LTD,1.0
ai,sg,2021,SENSETIME INT PTE LTD,1.0
ai,sg,2021,SENSETIME INT PTE LTD,1.0
ai,sg,2021,SENSETIME INT PTE LTD,1.0
ai,sg,2021,SENSETIME INT PTE LTD,1.0
ai,sg,2021,SENSETIME INT PTE LTD,1.0
ai,sg,2021,SENSETIME INT PTE LTD,1.0
ai,sg,2021,SENSETIME INT PTE LTD,1.0
ai,sg,2021,SENSETIME INT PTE LTD,1.0
ai,sg,2021,SENSETIME INT PTE LTD,1.0
ai,sg,2021,ITSEC ANALYTICS PTE LTD,1.0
ai,sg,2021,MARVELL ASIA PTE LTD,1.0
ai,sg,2021,SENSETIME INT PTE LTD,1.0
ai,sg,2021,EMAGE VISION PTE LTD,1.0
ai,sg,2021,TRAX TECHNOLOGY SOLUTIONS PTE LTD,1.0
ai,sg,2021,ROSS DIGITAL PTE LTD,1.0
ai,sg,2021,SENSETIME INT PTE LTD,1.0
ai,sg,2021,SENSETIME INT PTE LTD,1.0
ai,sg,2021,SENSETIME INT PTE LTD,1.0
ai,sg,2021,SENSETIME INT PTE LTD,1.0
ai,sg,2021,SENSETIME INT PTE LTD,1.0
ai,sg,2021,SENSETIME INT PTE LTD,1.0
ai,sg,2021,SPACE PTE LTD,1.0
ai,sg,2021,NEUROGLEE SCIENCE PTE LTD,0.5
ai,sg,2021,NEUROGLEE THERAPEUTICS PTE LTD,0.5
ai,sg,2021,BIGO TECH PTE LTD,1.0
ai,sg,2021,ASTORIA SOLUTIONS PTE LTD,1.0
ai,sg,2021,TRAX TECH SOLUTIOS PTE LTD,0.5
ai,sg,2021,TRAX TECHNOLOGY SOLUTIONS PTE LTD,0.5
ai,sg,2021,LIGHTELLIGENCE PTE LTD,1.0
ai,sg,2021,3D IM PTE LTD,1.0
ai,sg,2021,DEFUGO TECH PTE LTD,0.5
ai,sg,2021,DEFUGO TECHOLOGIES PTE LTD,0.5
ai,sg,2021,SMITH & NEPHEW ASIA PACIFIC PTE LTD,1.0
ai,sg,2021,DELTA ELECTRONICS INTL SINGAPORE PTE LTD,1.0
ai,sg,2021,SENSETIME INT PTE LTD,1.0
ai,sg,2021,SENSETIME INT PTE LTD,1.0
ai,sg,2021,AMWISE DIAGNOSTICS PTE LTD,1.0
ai,sg,2021,AVAGO TECH INT SALES PTE LID,1.0
ai,sg,2021,BINARYFLUX PTE LTD,1.0
ai,sg,2021,SIVANTOS PTE LTD,1.0
ai,sg,2021,LENOVO SINGAPORE PTE LTD,0.5
ai,sg,2021,LENOVO SINGAPORE PTE LTD NEW TECH PARK,0.5
ai,sg,2021,LENOVO SINGAPORE PTE LTD,0.5
ai,sg,2021,LENOVO SINGAPORE PTE LTD NEW TECH PARK,0.5
ai,sg,2021,DELTA ELECTRONICS INTL SINGAPORE PTE LTD,1.0
ai,sg,2021,LENOVO SINGAPORE PTE LTD,1.0
ai,sg,2021,LENOVO SINGAPORE PTE LTD,1.0
ai,sg,2021,LENOVO SINGAPORE PTE LTD,1.0
ai,sg,2021,LEAN STATION PTE LTD,1.0
ai,sg,2021,GENERAL SYSTEMS SG PTE LTD,1.0
ai,sg,2021,EDGECORTIX PTE LTD,1.0
ai,sg,2021,LENOVO SINGAPORE PTE LTD,1.0
ai,sg,2021,RAKUTEN ASIA PTE LTD,1.0
ai,sg,2021,HYTTO PTE LTD,1.0
ai,sg,2021,LENOVO SINGAPORE PTE LTD,1.0
ai,sg,2021,LENOVO SINGAPORE PTE LTD,1.0
ai,sg,2021,LENOVO SINGAPORE PTE LTD,1.0
ai,sg,2021,LENOVO SINGAPORE PTE LTD,1.0
ai,sg,2021,REALTEK SINGAPORE PRIVATE LTD,0.5
ai,sg,2021,REALTEK SINGAPORE PTE LTD,0.5
ai,sg,2021,SABIC SK NEXLENE COMPANY PTE LTD,1.0
ai,sg,2021,SENSETIME INT PTE LTD,1.0
ai,sg,2021,LENOVO SINGAPORE PTE LTD,1.0
ai,sg,2021,LENOVO SINGAPORE PTE LTD,1.0
ai,sg,2021,EVYD RES PRIVATE LIMITED,1.0
ai,sg,2021,EVYD RES PRIVATE LIMITED,1.0
ai,sg,2021,LENOVO SINGAPORE PTE LTD,1.0
ai,sg,2021,LENOVO SINGAPORE PTE LTD,1.0
ai,sg,2021,SENSETIME INT PTE LTD,1.0
ai,sg,2021,MARVELL ASIA PTE LTD,1.0
ai,sg,2022,MARVELL ASIA PTE LTD,1.0
ai,sg,2022,BIGO TECH PTE LTD,1.0
ai,sg,2022,BIGO TECH PTE LTD,1.0
ai,sg,2022,BIGO TECH PTE LTD,1.0
ai,sg,2022,BIGO TECH PTE LTD,1.0
ai,sg,2022,BIGO TECH PTE LTD,1.0
ai,sg,2022,BIGO TECH PTE LTD,1.0
ai,sg,2022,BIGO TECH PTE LTD,1.0
ai,sg,2022,BIGO TECH PTE LTD,1.0
ai,sg,2022,BIGO TECH PTE LTD,1.0
ai,sg,2022,BIGO TECH PTE LTD,1.0
ai,sg,2022,LEMON INC,1.0
ai,sg,2022,LEMON INC,1.0
ai,sg,2022,ANX IP HOLDING PTE LTD,1.0
ai,sg,2022,AMS OSRAM ASIA PACIFIC PTE LTD,1.0
ai,sg,2022,LIBIAO ROBOTICS HOLDINGS PTE LTD,1.0
ai,sg,2022,SMITH & NEPHEW ASIA PACIFIC PTE LTD,1.0
ai,sg,2022,ResMed Asia Pte Ltd,1.0
ai,sg,2022,LEICA INSTR SINGAPORE PTE LTD,1.0
ai,sg,2022,MARVELL ASIA PTE LTD,1.0
ai,sg,2022,LEICA INSTR SINGAPORE PTE LTD,1.0
ai,sg,2022,LENOVO SINGAPORE PTE LTD,1.0
ai,sg,2022,ANR DESIGN ENG PTE LTD,1.0
ai,sg,2022,MEDIATEK SINGAPORE PTE LTD,1.0
ai,sg,2022,Meridian Innovation Pte Ltd,0.5
ai,sg,2022,VIZZIO TECH PTE LTD,0.5
ai,sg,2022,LEMON INC,1.0
ai,sg,2022,SILVER FACTORY TECH PTE LTD,1.0
ai,sg,2022,CAPILLARY PTE LTD,1.0
ai,sg,2022,LEMON INC,1.0
ai,sg,2022,LEMON INC,1.0
ai,sg,2022,GRABTAXI HOLDINGS PTE LTD,1.0
ai,sg,2022,LENOVO SINGAPORE PTE LTD,1.0
ai,sg,2022,REAL ESTATE ANALYTICS PTE LTD,1.0
ai,sg,2022,TEAMSOLVE PTE LTD,1.0
ai,sg,2022,GRABTAXI HOLDINGS PTE LTD,1.0
ai,sg,2022,AI PALETTE PTE LTD,1.0
ai,sg,2022,EMO TECH PTE LTD,1.0
ai,sg,2022,QUANTIFIED ENERGY LABS PTE LTD,1.0
ai,sg,2022,AES GLOBAL HOLDINGS PTE LTD,1.0
ai,sg,2022,LENOVO SINGAPORE PTE LTD,1.0
ai,sg,2022,HYTTO PTE LTD,1.0
ai,sg,2022,DELTA ELECTRONICS INTL SINGAPORE PTE LTD,1.0
ai,sg,2022,AVAGO TECH INT SALES PTE LID,1.0
ai,sg,2022,AVAGO TECH INT SALES PTE LID,1.0
ai,sg,2022,SIVANTOS PTE LTD,1.0
ai,sg,2022,RAKUTEN SYMPHONY SINGAPORE PTE LTD,1.0
ai,sg,2022,RAKUTEN SYMPHONY SINGAPORE PTE LTD,1.0
ai,sg,2022,RAKUTEN SYMPHONY SINGAPORE PTE LTD,1.0
ai,sg,2022,SIVANTOS PTE LTD,1.0
ai,sg,2022,SENSETIME INT PTE LTD,1.0
ai,sg,2022,SENSETIME INT PTE LTD,1.0
ai,sg,2022,LENOVO SINGAPORE PTE LTD,1.0
ai,sg,2022,LENOVO SINGAPORE PTE LTD,1.0
ai,sg,2022,LENOVO SINGAPORE PTE LTD,1.0
ai,sg,2022,LENOVO SINGAPORE PTE LTD,1.0
ai,sg,2022,OPSIS PTE LTD,1.0
ai,sg,2022,MEDIATEK SINGAPORE PTE LTD,1.0
ai,sg,2022,LENOVO SINGAPORE PET LTD,1.0
ai,sg,2022,LENOVO SINGAPORE PET LTD,0.5
ai,sg,2022,LENOVO SINGAPORE PTE LTD,0.5
ai,sg,2022,LENOVO SINGAPORE PTE LTD,1.0
ai,sg,2022,LENOVO SINGAPORE PTE LTD,1.0
ai,sg,2022,LENOVO SINGAPORE PTE LTD,1.0
ai,sg,2022,LENOVO SINGAPORE PTE LTD,1.0
ai,sg,2022,LENOVO SINGAPORE PTE LTD,1.0
ai,sg,2022,SKYWORKS GLOBAL PTE LTD,1.0
ai,sg,2022,MARVELL ASIA PTE LTD,1.0
ai,sg,2022,MARVELL ASIA PTE LTD,1.0
ai,sg,2022,AMS OSRAM ASIA PACIFIC PTE LTD,0.5
ai,sg,2022,AMS SENSORS SINGAPORE PTE LTD,0.5
ai,sg,2022,VISIOTECH VENTURES PTE LTD,1.0
ai,sg,2022,ANX IP HOLDING PTE LTD,0.5
ai,sg,2022,ANXIP HOLDING PTE LTD,0.5
ai,sg,2022,LEMON INC,1.0
ai,sg,2022,LEMON INC,1.0
ai,sg,2022,ANX IP HOLDING PTE LTD,1.0
ai,sg,2022,BIGO TECH PTE LTD,1.0
ai,sg,2022,BIGO TECH PTE LTD,1.0
ai,sg,2022,AMS OSRAM ASIA PACIFIC PTE LTD,1.0
ai,sg,2022,BIGO TECH PTE LTD,1.0
ai,sg,2022,BIGO TECH PTE LTD,1.0
ai,sg,2022,LEMON INC,1.0
ai,sg,2022,LENOVO SINGAPORE PTE LTD,1.0
ai,sg,2022,UST GLOBAL SINGAPORE PTE LTD,1.0
ai,sg,2022,LEICA INSTR SINGAPORE PTE LTD,1.0
ai,sg,2022,DH TECHNOLOGIES DEV PTE LTD,1.0
ai,sg,2022,TRAX TECHNOLOGY SOLUTIONS PTE LTD,1.0
ai,sg,2022,X ZELL BIOTECH PTE LTD,1.0
ai,sg,2022,LENOVO SINGAPORE PTE LTD,1.0
ai,sg,2022,MEDIATEK SINGAPORE PTE LTD,1.0
ai,sg,2022,MESH BIO PTE LTD,1.0
ai,sg,2022,LEMON INC,1.0
ai,sg,2022,LEMON INC,1.0
ai,sg,2022,ENSIGN INFOSECURITY PTE LTD,1.0
ai,sg,2022,GROUP IB GLOBAL PRIVATE LTD,1.0
ai,sg,2022,AON GLOBAL OPERATIONS SE SINGAPORE BRANCH,1.0
ai,sg,2022,LEMON INC,1.0
ai,sg,2022,GRABTAXI HOLDINGS PTE LTD,1.0
ai,sg,2022,LYNX ANALYTICS PTE LTD,1.0
ai,sg,2022,GRABTAXI HOLDINGS PTE LTD,1.0
ai,sg,2022,GARENA ONLINE PRIVATE LTD,0.5
ai,sg,2022,SHOPEE IP SINGAPORE PRIVATE LTD,0.5
ai,sg,2022,MARVELL ASIA PTE LTD,1.0
ai,sg,2022,VIZZIO TECH PTE LTD,1.0
ai,sg,2022,LEMON INC,1.0
ai,sg,2022,LEMON INC,1.0
ai,sg,2022,LEMON INC,1.0
ai,sg,2022,LEMON INC,1.0
ai,sg,2022,LEMON INC,1.0
ai,sg,2022,LEMON INC,1.0
ai,sg,2022,VIZZIO TECH PTE LTD,1.0
ai,sg,2022,YARDSTICK PTE LTD,1.0
ai,sg,2022,LEMON INC,1.0
ai,sg,2022,LEMON INC,1.0
ai,sg,2022,MEDIATEK SINGAPORE PTE LTD,1.0
ai,sg,2022,LEMON INC,1.0
ai,sg,2022,GRABTAXI HOLDINGS PTE LTD,1.0
ai,sg,2022,LEMON INC,1.0
ai,sg,2022,LENOVO SINGAPORE PTE LTD,1.0
ai,sg,2022,GRABTAXI HOLDINGS PTE LTD,1.0
ai,sg,2022,GRABTAXI HOLDINGS PTE LTD,1.0
ai,sg,2022,LEMON INC,1.0
ai,sg,2022,LEMON INC,1.0
ai,sg,2022,LEMON INC,1.0
ai,sg,2022,LEMON INC,1.0
ai,sg,2022,LEMON INC,1.0
ai,sg,2022,LEMON INC,1.0
ai,sg,2022,LEMON INC,1.0
ai,sg,2022,LEMON INC,1.0
ai,sg,2022,LEMON INC,1.0
ai,sg,2022,GARENA ONLINE PRIVATE LTD,1.0
ai,sg,2022,LITE ON SINGAPORE PTE LTD,1.0
ai,sg,2022,ASMPT SINGAPORE PTE LTD,1.0
ai,sg,2022,RAKUTEN SYMPHONY SINGAPORE PTE LTD,1.0
ai,sg,2022,RAKUTEN SYMPHONY SINGAPORE PTE LTD,1.0
ai,sg,2022,RAKUTEN SYMPHONY SINGAPORE PTE LTD,1.0
ai,sg,2022,LENOVO SINGAPORE PTE LTD,1.0
ai,sg,2022,LENOVO SINGAPORE PTE LTD,1.0
ai,sg,2022,LENOVO SINGAPORE PTE LTD,1.0
ai,sg,2022,VALDIMIR PTE LTD,1.0
ai,sg,2022,RAKUTEN SYMPHONY SINGAPORE PTE LTD,1.0
ai,sg,2022,RAKUTEN SYMPHONY SINGAPORE PTE LTD,1.0
ai,sg,2022,LENOVO SINGAPORE PTE LTD,1.0
ai,sg,2022,LENOVO SINGAPORE PTE LTD,1.0
ai,sg,2022,OXTI PTE LTD,1.0
ai,sg,2022,OXTI PTE LTD,1.0
ai,sg,2022,LENOVO SINGAPORE PTE LTD,1.0
ai,sg,2022,MEDIATEK SINGAPORE PTE LTD,1.0
ai,sg,2022,LENOVO SINGAPORE PTE LTD,1.0
ai,sg,2022,MARVELL ASIA PTE LTD,1.0
ai,sg,2022,WIZ HOLDINGS PTE LTD,1.0
ai,sg,2022,AMS OSRAM ASIA PACIFIC PTE LTD,1.0
ai,sg,2022,ENVISION DIGITAL INT PTE LTD,1.0
ai,sg,2022,LEMON INC,1.0
ai,sg,2022,LEMON INC,1.0
ai,sg,2022,ENVISION DIGITAL INT PTE LTD,1.0
ai,sg,2022,LEMON INC,1.0
ai,sg,2022,LEMON INC,1.0
ai,sg,2022,LEMON INC,1.0
ai,sg,2022,BIGO TECH PTE LTD,1.0
ai,sg,2022,LENOVO SINGAPORE PTE LTD,1.0
ai,sg,2022,DH TECHNOLOGIES DEV PTE LTD,1.0
ai,sg,2022,LEICA INSTR SINGAPORE PTE LTD,1.0
ai,sg,2022,SUNIA PTE LTD,0.5
ai,sg,2022,SUNIA PTE LTD SINGAPORE,0.5
ai,sg,2022,LEICA INSTR SINGAPORE PTE LTD,1.0
ai,sg,2022,DH TECHNOLOGIES DEV PTE LTD,1.0
ai,sg,2022,LENOVO SINGAPORE PTE LTD,1.0
ai,sg,2022,LEICA INSTR SINGAPORE PTE LTD,1.0
ai,sg,2022,LEMON INC,1.0
ai,sg,2022,MARVELL ASIA PTE LTD,1.0
ai,sg,2022,LEMON INC,1.0
ai,sg,2022,LEMON INC,1.0
ai,sg,2022,MEDIATEK SINGAPORE PTE LTD,1.0
ai,sg,2022,LEMON INC,1.0
ai,sg,2022,AIRES INVESTMENT HOLDINGS PRIVATE LTD,1.0
ai,sg,2022,HYTTO PTE LTD,1.0
ai,sg,2022,LEMON INC,1.0
ai,sg,2022,LEMON INC,1.0
ai,sg,2022,LEMON INC,1.0
ai,sg,2022,TEAMSOLVE PTE LTD,1.0
ai,sg,2022,LEMON INC,1.0
ai,sg,2022,BITWAVE PTE LTD,1.0
ai,sg,2022,LEMON INC,1.0
ai,sg,2022,LEMON INC,1.0
ai,sg,2022,GRABTAXI HOLDINGS PTE LTD,1.0
ai,sg,2022,AVAGO TECH INT SALES PTE LID,1.0
ai,sg,2022,LENOVO SINGAPORE PTE LTD,1.0
ai,sg,2022,AVAGO TECH INT SALES PTE LID,1.0
ai,sg,2022,SUNIA,0.3333333333333333
ai,sg,2022,SUNIA PTE LTD,0.3333333333333333
ai,sg,2022,SUNIAPTE LTD,0.3333333333333333
ai,sg,2022,AI SEER PTE LTD,0.5
ai,sg,2022,AL SEER PTE LTD,0.5
ai,sg,2022,UST GLOBAL SINGAPORE PTE LTD,1.0
ai,sg,2022,RAKUTEN SYMPHONY SINGAPORE PTE LTD,1.0
ai,sg,2022,SUNIA PTE LTD,1.0
ai,sg,2022,AVAGO TECH INT SALES PTE LID,1.0
ai,sg,2022,LENOVO SINGAPORE PTE LTD,1.0
ai,sg,2022,HUIKE SINGAPORE HOLDING PTE LTD,1.0
ai,sg,2022,EVYD TECH LIMITED,1.0
ai,sg,2022,LENOVO SINGAPORE PTE LTD,1.0
ai,sg,2022,RAKUTEN SYMPHONY SINGAPORE PTE LTD,1.0
ai,sg,2022,MATERCARD ASIA/PACIFIC PTE LTD,1.0
ai,sg,2022,AVAGO TECH INT SALES PTE LID,1.0
ai,sg,2022,EVYD TECH LIMITED,1.0
ai,sg,2022,LENOVO SINGAPORE PTE LTD,1.0
ai,sg,2022,EVYD TECH LIMITED,1.0
ai,sg,2022,EVYD TECH LIMITED,1.0
ai,sg,2022,EVYD TECH LIMITED,1.0
ai,sg,2022,LENOVO SINGAPORE PTE LTD,1.0
ai,sg,2022,LENOVO SINGAPORE PTE LTD,1.0
ai,sg,2022,LENOVO SINGAPORE PTE LTD,1.0
ai,sg,2022,HUIKE SINGAPORE HOLDING PTE LTD,1.0
ai,sg,2022,LENOVO SINGAPORE PTE LTD,1.0
ai,sg,2022,HUIKE SINGAPORE HOLDING PTE LTD,1.0
ai,sg,2022,LENOVO SINGAPORE PTE LTD,1.0
ai,sg,2022,RAKUTEN SYMPHONY SINGAPORE PTE LTD,1.0
ai,sg,2022,BIGO TECH PTE LTD,1.0
ai,sg,2022,LEMON INC,1.0
ai,sg,2022,BIGO TECH PTE LTD,1.0
ai,sg,2022,BIGO TECH PTE LTD,1.0
ai,sg,2022,LEMON INC,1.0
ai,sg,2022,LEMON INC,1.0
ai,sg,2022,LEMON INC,1.0
ai,sg,2022,LEMON INC,1.0
ai,sg,2022,LEMON INC,1.0
ai,sg,2022,BIGO TECH PTE LTD,1.0
ai,sg,2022,DH TECHNOLOGIES DEV PTE LTD,1.0
ai,sg,2022,MARVELL ASIA PTE LTD,1.0
ai,sg,2022,SMITH & NEPHEW ASIA PACIFIC PTE LTD,1.0
ai,sg,2022,SUNIA PTE LTD,1.0
ai,sg,2022,LENOVO SINGAPORE PTE LTD,1.0
ai,sg,2022,SUNIA PTE LTD,1.0
ai,sg,2022,SMITH & NEPHEW ASIA PACIFIC PTE LTD,1.0
ai,sg,2022,WISTA LAB LTD,1.0
ai,sg,2022,LENOVO SINGAPORE PTE LTD,1.0
ai,sg,2022,LENOVO SINGAPORE PTE LTD,1.0
ai,sg,2022,MOOVITA PTE LTD,1.0
ai,sg,2022,POINT ROBOTICS SINGAPORE PTE LTD,1.0
ai,sg,2022,RADWISP PTE LTD,1.0
ai,sg,2022,GRABTAXI HOLDINGS PTE LTD,1.0
ai,sg,2022,LEMON INC,1.0
ai,sg,2022,LEMON INC,1.0
ai,sg,2022,AES GLOBAL HOLDINGS PTE LTD,1.0
ai,sg,2022,LEMON INC,1.0
ai,sg,2022,LEMON INC,1.0
ai,sg,2022,LEMON INC,1.0
ai,sg,2022,LEMON INC,1.0
ai,sg,2022,GRABTAXI HOLDINGS PTE LTD,1.0
ai,sg,2022,LEMON INC,1.0
ai,sg,2022,LENOVO SINGAPORE PTE LTD,1.0
ai,sg,2022,LEMON INC,1.0
ai,sg,2022,LEMON INC,1.0
ai,sg,2022,LEMON INC,1.0
ai,sg,2022,LEMON INC,1.0
ai,sg,2022,SURBANA JURONG PTE LTD,1.0
ai,sg,2022,GRABTAXI HOLDINGS PTE LTD,1.0
ai,sg,2022,GRABTAXI HOLDINGS PTE LTD,1.0
ai,sg,2022,GRABTAXI HOLDINGS PTE LTD,1.0
ai,sg,2022,LENOVO SINGAPORE PTE LTD,1.0
ai,sg,2022,GRABTAXI HOLDINGS PTE LTD,1.0
ai,sg,2022,EM2AI Pte Ltd,0.5
ai,sg,2022,Q & M DENTAL GROUP SINGAPORE LTD,0.5
ai,sg,2022,LEMON INC,1.0
ai,sg,2022,LEMON INC,1.0
ai,sg,2022,GRABTAXI HOLDINGS PTE LTD,1.0
ai,sg,2022,AAC TECHNOLOGIES PTE LTD,1.0
ai,sg,2022,GRABTAXI HOLDINGS PTE LTD,1.0
ai,sg,2022,GRABTAXI HOLDINGS PTE LTD,1.0
ai,sg,2022,LEMON INC,1.0
ai,sg,2022,GRABTAXI HOLDINGS PTE LTD,1.0
ai,sg,2022,LEMON INC,1.0
ai,sg,2022,GRABTAXI HOLDINGS PTE LTD,1.0
ai,sg,2022,HEHEALTH PTE LTD,1.0
ai,sg,2022,SIVANTOS PTE LTD,1.0
ai,sg,2022,AVAGO TECH INT SALES PTE LID,1.0
ai,sg,2022,LENOVO SINGAPORE PTE LTD,1.0
ai,sg,2022,1BSTORIES PTE LTD,1.0
ai,sg,2022,RAKUTEN SYMPHONY SINGAPORE PTE LTD,1.0
ai,sg,2022,MEDIATEK SINGAPORE PTE LTD,1.0
ai,sg,2022,MARVELL ASIA PTE LTD,1.0
ai,sg,2022,UST GLOBAL SINGAPORE PTE LTD,1.0
ai,sg,2022,DEEPGREEN ENG PTE LTD,1.0
ai,sg,2022,LENOVO SINGAPORE PTE LTD,1.0
ai,sg,2022,SUNIA PTE LTD,1.0
ai,sg,2022,DELTA ELECTRONICS INTL SINGAPORE PTE LTD,1.0
ai,sg,2022,MARVELL ASIA PTE LTD,1.0
ai,sg,2022,MARVELL ASIA PTE LTD,1.0
ai,sg,2023,ANX IP HOLDING PTE LTD,1.0
ai,sg,2023,CLOUD INTELLIGENCE ASSETS HOLDING SINGAPORE PRIVATE LTD,1.0
ai,sg,2023,CLOUD INTELLIGENCE ASSETS HOLDING SINGAPORE PRIVATE LTD,1.0
ai,sg,2023,LEMON INC,1.0
ai,sg,2023,LEMON INC,1.0
ai,sg,2023,BIGO TECH PTE LTD,1.0
ai,sg,2023,BIGO TECH PTE LTD,1.0
ai,sg,2023,LEMON INC,1.0
ai,sg,2023,BIGO TECH PTE LTD,1.0
ai,sg,2023,LEMON INC,1.0
ai,sg,2023,LEMON INC,1.0
ai,sg,2023,LEMON INC,1.0
ai,sg,2023,LEMON INC,1.0
ai,sg,2023,LEICA INSTR SINGAPORE PTE LTD,1.0
ai,sg,2023,SMITH & NEPHEW ASIA PACIFIC PTE LTD,1.0
ai,sg,2023,LEICA INSTR SINGAPORE PTE LTD,1.0
ai,sg,2023,LENOVO SINGAPORE PTE LTD,1.0
ai,sg,2023,LENOVO SINGAPORE PTE LTD,1.0
ai,sg,2023,LEICA INSTR SINGAPORE PTE LTD,1.0
ai,sg,2023,HILL ROM SERVICES PTE LTD,1.0
ai,sg,2023,LENOVO SINGAPORE PTE LTD,1.0
ai,sg,2023,LEMON INC,1.0
ai,sg,2023,LEMON INC,1.0
ai,sg,2023,LEMON INC,1.0
ai,sg,2023,LEMON INC,1.0
ai,sg,2023,WONDER TECH PTE LTD,1.0
ai,sg,2023,METAMATIKS PTE LTD,1.0
ai,sg,2023,Entropica Labs,1.0
ai,sg,2023,ANX IP HOLDING PTE LTD,1.0
ai,sg,2023,LEMON INC,1.0
ai,sg,2023,LEMON INC,1.0
ai,sg,2023,LEMON INC,1.0
ai,sg,2023,LEMON INC,1.0
ai,sg,2023,COGNIUS AI PTE LTD,1.0
ai,sg,2023,MEDIATEK SINGAPORE PTE LTD,1.0
ai,sg,2023,GARENA ONLINE PRIVATE LTD,0.5
ai,sg,2023,SHOPEE IP SINGAPORE PRIVATE LTD,0.5
ai,sg,2023,LEMON INC,1.0
ai,sg,2023,LENOVO SINGAPORE PTE LTD,1.0
ai,sg,2023,FABRICA ROBOTICS PTE LTD,1.0
ai,sg,2023,SMUDG COMPANY PTE LTD,1.0
ai,sg,2023,SMUDG COMPANY PTE LTD,1.0
ai,sg,2023,LEMON INC,1.0
ai,sg,2023,GreenArc Capital,1.0
ai,sg,2023,DESYGNER PTE LTD,1.0
ai,sg,2023,LEMON INC,1.0
ai,sg,2023,GRABTAXI HOLDINGS PTE LTD,1.0
ai,sg,2023,SES HOLDINGS PTE LTD,1.0
ai,sg,2023,Simpple Pte Ltd,1.0
ai,sg,2023,FLEXXON PTE LTD,1.0
ai,sg,2023,PALEXY PTE LTD,1.0
ai,sg,2023,SIVANTOS PTE LTD,1.0
ai,sg,2023,AVAGO TECH INT SALES PTE LID,1.0
ai,sg,2023,AVAGO TECH INT SALES PTE LID,1.0
ai,sg,2023,AVAGO TECH INT SALES PTE LID,1.0
ai,sg,2023,SIVANTOS PTE LTD,1.0
ai,sg,2023,MEDIATEK SINGAPORE PTE LTD,1.0
ai,sg,2023,SPACEBRAINZ PRIVATE LTD,1.0
ai,sg,2023,MEDIATEK SINGAPORE PTE LTD,1.0
ai,sg,2023,MEDIATEK SINGAPORE PTE LTD,1.0
ai,sg,2023,MEDIATEK SINGAPORE PTE LTD,1.0
ai,sg,2023,ENSIGN INFOSECURITY PTE LTD,1.0
ai,sg,2023,HYTTO PTE LTD,1.0
ai,sg,2023,MARVELL ASIA PTE LTD,1.0
ai,sg,2023,LENOVO SINGAPORE PTE LTD,1.0
ai,sg,2023,LENOVO SINGAPORE PTE LTD,1.0
ai,sg,2023,LENOVO SINGAPORE PTE LTD,1.0
ai,sg,2023,LENOVO SINGAPORE PTE LTD,1.0
ai,sg,2023,LENOVO SINGAPORE PTE LTD,1.0
ai,sg,2023,LENOVO ENTPR SOLUTIONS SINGAPORE PTE LTD,1.0
ai,sg,2023,MARVELL ASIA PTE LTD,1.0
ai,sg,2023,LEMON INC,1.0
ai,sg,2023,LEMON INC,1.0
ai,sg,2023,BIGO TECH PTE LTD,1.0
ai,sg,2023,HUIKE SINGAPORE HOLDING PTE LTD,1.0
ai,sg,2023,EFFITO PTE LTD,1.0
ai,sg,2023,EFFITO PTE LTD,1.0
ai,sg,2023,DH TECHNOLOGIES DEV PTE LTD,1.0
ai,sg,2023,LENOVO SINGAPORE PTE LTD,1.0
ai,sg,2023,LEICA INSTR SINGAPORE PTE LTD,1.0
ai,sg,2023,LEMON INC,1.0
ai,sg,2023,WISTA LAB LTD,1.0
ai,sg,2023,BRANE COGNITIVES PTE LTD,1.0
ai,sg,2023,EFFITO PTE LTD,1.0
ai,sg,2023,AVAGO TECH INT SALES PTE LID,1.0
ai,sg,2023,LEMON INC,1.0
ai,sg,2023,SUNIA PTE LTD,1.0
ai,sg,2023,SUNIA PTE LTD,0.5
ai,sg,2023,SUNIA PTE LTD SINGAPORE,0.5
ai,sg,2023,SUNIA PTE LTD,1.0
ai,sg,2023,EKO AI PTE LTD,1.0
ai,sg,2023,EYRIS PTE LTD,0.5
ai,sg,2023,NAT SKIN CENTRE SINGAPORE PTE LTD,0.5
ai,sg,2023,Entropica Labs,1.0
ai,sg,2023,ILLINOIS AT SINGAPORE PTE LTD,1.0
ai,sg,2023,BRILLNICS SINGAPORE PTE LTD,1.0
ai,sg,2023,LEMON INC,1.0
ai,sg,2023,LEMON INC,1.0
ai,sg,2023,LEMON INC,1.0
ai,sg,2023,LEMON INC,1.0
ai,sg,2023,EKO AI PTE LTD,1.0
ai,sg,2023,LEMON INC,1.0
ai,sg,2023,LEMON INC,1.0
ai,sg,2023,LEMON INC,1.0
ai,sg,2023,GRABTAXI HOLDINGS PTE LTD,1.0
ai,sg,2023,LEMON INC,1.0
ai,sg,2023,AEM SINGAPORE PTE LTD,1.0
ai,sg,2023,GRABTAXI HOLDINGS PTE LTD,1.0
ai,sg,2023,LIONSBOT INT PTE LTD,1.0
ai,sg,2023,GARENA ONLINE PRIVATE LTD,1.0
ai,sg,2023,LEMON INC,1.0
ai,sg,2023,LEMON INC,1.0
ai,sg,2023,LEMON INC,1.0
ai,sg,2023,LEMON INC,1.0
ai,sg,2023,LEMON INC,1.0
ai,sg,2023,GRABTAXI HOLDINGS PTE LTD,1.0
ai,sg,2023,NITTO DENKO CORP,1.0
ai,sg,2023,LEMON INC,1.0
ai,sg,2023,LEMON INC,1.0
ai,sg,2023,LEMON INC,1.0
ai,sg,2023,LEMON INC,1.0
ai,sg,2023,LEMON INC,1.0
ai,sg,2023,LEMON INC,1.0
ai,sg,2023,PT GOTO GOJEK TOKOPEDIA TBK,1.0
ai,sg,2023,GP NETWORK ASIA PTE LTD,1.0
ai,sg,2023,LEMON INC,1.0
ai,sg,2023,EDTECH PLUS PTE LTD,1.0
ai,sg,2023,GRABTAXI HOLDINGS PTE LTD,1.0
ai,sg,2023,LEMON INC,1.0
ai,sg,2023,NAT SKIN CENTRE SINGAPORE PTE LTD,1.0
ai,sg,2023,LEMON INC,1.0
ai,sg,2023,LEMON INC,1.0
ai,sg,2023,GRABTAXI HOLDINGS PTE LTD,1.0
ai,sg,2023,LENOVO SINGAPORE PTE LTD,1.0
ai,sg,2023,SEMICONDUCTOR TECH & INSTRUMENTS PTE LTD,1.0
ai,sg,2023,SIVANTOS PTE LTD,1.0
ai,sg,2023,SIVANTOS PTE LTD,1.0
ai,sg,2023,LITE ON SINGAPORE PTE LTD,1.0
ai,sg,2023,REALTEK SINGAPORE PRIVATE LTD,0.5
ai,sg,2023,REALTEK SINGAPORE PTE LTD,0.5
ai,sg,2023,EMAGE VISION PTE LTD,1.0
ai,sg,2023,LENOVO SINGAPORE PTE LTD,1.0
ai,sg,2023,ASMPT SINGAPORE PTE LTD,1.0
ai,sg,2023,PROXIMA BETA PTE LTD,1.0
ai,sg,2023,MEDIATEK SINGAPORE PTE LTD,1.0
ai,sg,2023,WIZ HOLDINGS PTE LTD,1.0
ai,sg,2023,ROKKO SYSTEMS PTE LTD,1.0
ai,sg,2023,WAN HAI LINES SINGAPORE PTE LTD,1.0
ai,sg,2023,BIGO TECH PTE LTD,1.0
ai,sg,2023,CLOUD INTELLIGENCE ASSETS HOLDING SINGAPORE PRIVATE LTD,1.0
ai,sg,2023,BIGO TECH PTE LTD,1.0
ai,sg,2023,BIGO TECH PTE LTD,1.0
ai,sg,2023,BIGO TECH PTE LTD,1.0
ai,sg,2023,HUIKE SINGAPORE HOLDING PTE LTD,1.0
ai,sg,2023,LENOVO SINGAPORE PTE LTD,1.0
ai,sg,2023,ResMed Asia Pte Ltd,1.0
ai,sg,2023,LUMILEDS SINGAPORE PTE LTD,1.0
ai,sg,2023,SUNIA PTE LTD,1.0
ai,sg,2023,SMITH & NEPHEW ASIA PACIFIC PTE LTD,1.0
ai,sg,2023,LEMON INC,1.0
ai,sg,2023,CHANGI AIRPORT GROUP SINGAPORE PTE LTD,1.0
ai,sg,2023,CREATIVE TECH LTD,1.0
ai,sg,2023,AMS OSRAM ASIA PACIFIC PTE LTD,1.0
ai,sg,2023,LENOVO SINGAPORE PTE LTD,1.0
ai,sg,2023,LENOVO SINGAPORE PTE LTD,1.0
ai,sg,2023,SMITH & NEPHEW ASIA PACIFIC PTE LTD,1.0
ai,sg,2023,SUNIA PTE LTD,1.0
ai,sg,2023,RAPSODO PTE LTD,1.0
ai,sg,2023,LEMON INC,1.0
ai,sg,2023,HUIKE SINGAPORE HOLDING PTE LTD,1.0
ai,sg,2023,LENOVO SINGAPORE PTE LTD,1.0
ai,sg,2023,LEMON INC,1.0
ai,sg,2023,MEDIATEK SINGAPORE PTE LTD,1.0
ai,sg,2023,GRABTAXI HOLDINGS PTE LTD,1.0
ai,sg,2023,GRABTAXI HOLDINGS PTE LTD,1.0
ai,sg,2023,GRABTAXI HOLDINGS PTE LTD,1.0
ai,sg,2023,GRABTAXI HOLDINGS PTE LTD,1.0
ai,sg,2023,Next Opus Ventures LLP,1.0
ai,sg,2023,SP POWERASSETS LTD,1.0
ai,sg,2023,GRABTAXI HOLDINGS PTE LTD,1.0
ai,sg,2023,BIOMAP INTELLIGENCE TECH SG PTE LTD,1.0
ai,sg,2023,GRABTAXI HOLDINGS PTE LTD,1.0
ai,sg,2023,VITRUVIANMD PTE LTD,1.0
ai,sg,2023,GRABTAXI HOLDINGS PTE LTD,1.0
ai,sg,2023,LENOVO SINGAPORE PTE LTD,1.0
ai,sg,2023,GARENA ONLINE PRIVATE LTD,1.0
ai,sg,2023,GRABTAXI HOLDINGS PTE LTD,1.0
ai,sg,2023,UST GLOBAL SINGAPORE PTE LTD,1.0
ai,sg,2023,RAPSODO PTE LTD,1.0
ai,sg,2023,AVAGO TECH INT SALES PTE LID,1.0
ai,sg,2023,SIVANTOS PTE LTD,1.0
ai,sg,2023,SUNIA PTE LTD,1.0
ai,sg,2023,EMAGE VISION PTE LTD,1.0
ai,sg,2023,LENOVO SINGAPORE PTE LTD,1.0
ai,sg,2023,SUNIAPTE LTD,1.0
ai,sg,2023,LENOVO SINGAPORE PTE LTD,1.0
ai,sg,2023,LENOVO SINGAPORE PTE LTD,1.0
ai,sg,2023,RYNAN TECH PTE LTD,1.0
ai,sg,2023,LENOVO SINGAPORE PTE LTD,1.0
ai,sg,2023,MEDIATEK SINGAPORE PTE LTD,1.0
ai,sg,2023,MEDIATEK SINGAPORE PTE LTD,1.0
ai,sg,2023,MEDIATEK SINGAPORE PTE LTD,1.0
ai,sg,2023,LENOVO SINGAPORE PTE LTD,1.0
ai,sg,2023,LENOVO SINGAPORE PTE LTD,1.0
ai,sg,2023,MEDIATEK SINGAPORE PTE LTD,1.0
ai,sg,2023,LENOVO SINGAPORE PTE LTD,1.0
ai,sg,2023,CLOUD NETWORK TECH SINGAPORE PTE LTD,1.0
ai,sg,2023,LENOVO SINGAPORE PTE LTD,1.0
ai,sg,2023,LENOVO SINGAPORE PTE LTD,1.0
ai,sg,2023,ASMPT SINGAPORE PTE LTD,1.0
ai,sg,2023,CLOUD INTELLIGENCE ASSETS HOLDING SINGAPORE PRIVATE LTD,1.0
ai,sg,2023,CLOUD INTELLIGENCE ASSETS HOLDING SINGAPORE PRIVATE LTD,1.0
ai,sg,2023,BIGO TECH PTE LTD,1.0
ai,sg,2023,LENOVO SINGAPORE PTE LTD,1.0
ai,sg,2023,LENOVO SINGAPORE PTE LTD,1.0
ai,sg,2023,LENOVO SINGAPORE PTE LTD,1.0
ai,sg,2023,LENOVO SINGAPORE PTE LTD,1.0
ai,sg,2023,LENOVO SINGAPORE PTE LTD,1.0
ai,sg,2023,LENOVO SINGAPORE PTE LTD,1.0
ai,sg,2023,LENOVO SINGAPORE PTE LTD,1.0
ai,sg,2023,LENOVO SINGAPORE PTE LTD,1.0
ai,sg,2023,LENOVO SINGAPORE PTE LTD,1.0
ai,sg,2023,AIRBUS SINGAPORE PRIVATE LTD,1.0
ai,sg,2023,LEICA INSTR SINGAPORE PTE LTD,1.0
ai,sg,2023,LENOVO SINGAPORE PTE LTD,1.0
ai,sg,2023,LENOVO SINGAPORE PTE LTD,1.0
ai,sg,2023,IRON HORSE AI PRIVATE LTD,0.5
ai,sg,2023,IRON HORSE AL PRIVATE LTD,0.5
ai,sg,2023,SUNIA PTE LTD,1.0
ai,sg,2023,HYTTO PTE LTD,1.0
ai,sg,2023,GRABTAXI HOLDINGS PTE LTD,1.0
ai,sg,2023,GRABTAXI HOLDINGS PTE LTD,1.0
ai,sg,2023,LEMON INC,1.0
ai,sg,2023,LEMON INC,1.0
ai,sg,2023,LEMON INC,1.0
ai,sg,2023,LENOVO SINGAPORE PTE LTD,1.0
ai,sg,2023,LEMON INC,1.0
ai,sg,2023,LENOVO SINGAPORE PTE LTD,1.0
ai,sg,2023,GENESIS MEDTECH INTERNATIONAL PRIVATE LTD,1.0
ai,sg,2023,GRABTAXI HOLDINGS PTE LTD,1.0
ai,sg,2023,HORIZON QUANTUM COMPUTING PTE LTD,1.0
ai,sg,2023,GRABTAXI HOLDINGS PTE LTD,1.0
ai,sg,2023,AVAGO TECH INT SALES PTE LID,1.0
ai,sg,2023,RAPSODO PTE LTD,1.0
ai,sg,2023,LENOVO SINGAPORE PTE LTD,1.0
ai,sg,2023,DURAPOWER HOLDINGS PTE LTD,1.0
ai,sg,2023,MARVELL ASIA PTE LTD,1.0
ai,sg,2023,LENOVO SINGAPORE PTE LTD,1.0
ai,sg,2023,GLOBALFOUNDRIES SG PTE LTD,1.0
ai,sg,2023,HISHAB SINGAPORE PRIVATE LTD,1.0
ai,sg,2023,LENOVO SINGAPORE PTE LTD,1.0
ai,sg,2023,LENOVO SINGAPORE PTE LTD,1.0
ai,sg,2023,UST GLOBAL SINGAPORE PTE LTD,1.0
ai,sg,2023,ST ENG IHQ PTE LTD,1.0
ai,sg,2023,SIVANTOS PTE LTD,1.0
ai,sg,2023,LENOVO ENTPR SOLUTIONS SINGAPORE PTE LTD,1.0
ai,sg,2023,CERTIS CISCO SECURITY PTE LTD,1.0
ai,sg,2023,GRABTAXI HOLDINGS PTE LTD,1.0
ai,sg,2023,RAPSODO PTE LTD,1.0
ai,sg,2023,SUNIA PTE LTD,1.0
ai,sg,2023,ASUS GLOBAL PTE LTD,1.0
ai,sg,2023,LENOVO SINGAPORE PTE LTD,1.0
ai,sg,2023,RYNAN TECH PTE LTD,1.0
ai,sg,2023,LENOVO SINGAPORE PTE LTD,1.0
ai,sg,2023,ST ENG IHQ PTE LTD,1.0
ai,sg,2023,GRABTAXI HOLDINGS PTE LTD,1.0
ai,sg,2023,LENOVO SINGAPORE PTE LTD,1.0
biomed,hk,2015,WELL BEING DIGITAL LTD,1.0
biomed,hk,2015,FIRST GAIN INT LTD,1.0
biomed,hk,2015,DIAGCOR BIOSCIENCE INC LTD,1.0
biomed,hk,2015,VISION GLOBAL HOLDINGS LTD,1.0
biomed,hk,2015,ROTAM AGROCHEM INT CO LTD,0.5
biomed,hk,2015,ROTAM AGROCHEM INTERNAT CO,0.5
biomed,hk,2015,MEDISEN LTD,1.0
biomed,hk,2015,HOVIONE HOLDING LTD,0.5
biomed,hk,2015,HOVIONE INT LTD,0.5
biomed,hk,2015,FORSTAR LTD,0.5
biomed,hk,2015,SOFT LINES INTERNATIONAL LTD,0.5
biomed,hk,2015,HOVIONE HOLDING LTD,0.5
biomed,hk,2015,HOVIONE INT LTD,0.5
biomed,hk,2015,HOVIONE HOLDING LTD,0.5
biomed,hk,2015,HOVIONE INT LTD,0.5
biomed,hk,2015,SOFT LINES INTERNATIONAL LTD,1.0
biomed,hk,2015,ROTAM AGROCHEM INT CO LTD,1.0
biomed,hk,2015,ROTAM AGROCHEM INT CO LTD,1.0
biomed,hk,2015,PSC COSMETICS LTD,1.0
biomed,hk,2015,DIAGCOR BIOSCIENCE INC LTD,1.0
biomed,hk,2015,BINATONE ELECTRONICS INTERNATIONAL LTD,1.0
biomed,hk,2015,SINGLE PERSON TRANSP DESIGN (SPTD) LTD,0.5
biomed,hk,2015,SINGLE PERSON TRANSP DESIGN SPTD LTD,0.5
biomed,hk,2015,APPLIED BIOPHOTONICS LTD,1.0
biomed,hk,2015,NAL PHARMACEUTICAL GROUP LTD,0.5
biomed,hk,2015,NAL PHARMACEUTICALS LTD,0.5
biomed,hk,2015,FRUIT INNOVATIONS LTD,1.0
biomed,hk,2015,EASTERN VISION LTD,1.0
biomed,hk,2015,SCHOOL OF GROWTH LTD,1.0
biomed,hk,2015,Benir Baby LTD,1.0
biomed,hk,2015,SCION MEDICAL LTD,1.0
biomed,hk,2015,WEX MEDICAL LTD,1.0
biomed,hk,2015,POWDER PHARMACEUTICALS INC,1.0
biomed,hk,2015,PANGU BIOPHARMA LTD,1.0
biomed,hk,2015,SOFT LINES INT LTD,0.5
biomed,hk,2015,SOFT LINES INTERNATIONAL LTD,0.5
biomed,hk,2015,BILLION KING INT LTD,1.0
biomed,hk,2015,ROTAM AGROCHEM INT CO LTD,1.0
biomed,hk,2015,ROTAM AGROCHEM INT CO LTD,1.0
biomed,hk,2015,JOINT CONCEPT (HONG KONG) LTD,1.0
biomed,hk,2015,ZEN DESIGN SOLUTIONS LTD,1.0
biomed,hk,2015,ROTAM AGROCHEM INT CO LTD,1.0
biomed,hk,2015,ROTAM AGROCHEM INT CO LTD,1.0
biomed,hk,2015,PETROLEUM 2 0 LTD,1.0
biomed,hk,2015,BIO MEDICAL ENG HK LTD,0.5
biomed,hk,2015,BIO-MEDICAL ENG (HK) LTD,0.5
biomed,hk,2015,BIO CANCER TREAT INTERNATIONAL LIMITED,0.25
biomed,hk,2015,BIO CANCER TREATMENT INT LTD,0.25
biomed,hk,2015,BIO-CANCER TREAT INT LTD,0.25
biomed,hk,2015,BIO-CANCER TREAT INTERNATIONAL LIMITED,0.25
biomed,hk,2015,ZEN DESIGN SOLUTIONS LTD,1.0
biomed,hk,2015,ADVANCED APPLIED TECH LTD,0.5
biomed,hk,2015,APPLIED ADVANCED TECHNOLOGIES LTD,0.5
biomed,hk,2015,REGINA MIRACLE INTERNAT GROUP LTD,0.5
biomed,hk,2015,REGINA MIRACLE INTERNATIONAL GROUP LTD,0.5
biomed,hk,2015,ROTAM AGROCHEM INT CO LTD,0.5
biomed,hk,2015,ROTAM AGROCHEM INTERNATIONAL CO LTD,0.5
biomed,hk,2015,Benir Baby LTD,1.0
biomed,hk,2015,CHEER GLOBAL LTD,1.0
biomed,hk,2015,ROTAM AGROCHEM INT CO LTD,1.0
biomed,hk,2015,FIH HONG KONG LTD,1.0
biomed,hk,2015,EAST PACIFIC IND LTD,1.0
biomed,hk,2015,ASIA PACIFIC MEDICAL TECH DEV COMPANY LTD,0.5
biomed,hk,2015,ASIA PACIFIC MEDICAL TECH DEVELOPMENT COMPANY LTD,0.5
biomed,hk,2015,ASIA PACIFIC MEDICAL TECH DEVELOPMENT COMPANY LTD,0.5
biomed,hk,2015,ASIA PACIFIC MEDICAL TECHNOLOGY DEVELOPMENT COMPANY LTD,0.5
biomed,hk,2015,ROTAM AGROCHEM INT CO LTD,1.0
biomed,hk,2015,LEAD BILLION LTD,1.0
biomed,hk,2015,NAL PHARMACEUTICAL GROUP LTD,0.5
biomed,hk,2015,NAL PHARMACEUTICALS LTD,0.5
biomed,hk,2015,NAL PHARMACEUTICALS GROUP LTD,0.5
biomed,hk,2015,NAL PHARMACEUTICALS LTD,0.5
biomed,hk,2015,SBC VIRBAC LTD,1.0
biomed,hk,2015,US PACIFIC NONWOVENS INDUSTRY LTD,1.0
biomed,hk,2015,VISION GLOBAL HOLDINGS LTD,1.0
biomed,hk,2015,PINE MEDICAL LTD,1.0
biomed,hk,2015,POWDER PHARMACEUTICALS INC,0.5
biomed,hk,2015,POWDER PHARMACEUTICALS INCORPORATED,0.5
biomed,hk,2015,HOVIONE INT LTD,1.0
biomed,hk,2015,WELL BEING DIGITAL LTD,1.0
biomed,hk,2015,JOINT CONCEPT HONG KONG LTD,1.0
biomed,hk,2015,PUZHEN LIFE CO LTD,1.0
biomed,hk,2015,WMT ASIA LTD,1.0
biomed,hk,2015,SOFT LINES INTERNATIONAL LTD,1.0
biomed,hk,2015,SEALAND HOLDINGS CO LTD,1.0
biomed,hk,2015,PLATYSENS LTD,1.0
biomed,hk,2015,JUPENG BIO HK LTD,1.0
biomed,hk,2015,SOFT LINES INT LTD,1.0
biomed,hk,2015,HONG KONG PASSKEY IND CO LTD,1.0
biomed,hk,2015,HONG KONG PASSKEY IND CO LTD,1.0
biomed,hk,2015,SCION MEDICAL LTD,1.0
biomed,hk,2015,JUPENG BIO HK LTD,1.0
biomed,hk,2015,VISION GLOBAL HOLDINGS LTD,1.0
biomed,hk,2015,MYOVOLT LTD,1.0
biomed,hk,2015,SINO INTERNAT GROUP LTD,0.5
biomed,hk,2015,SINO INTERNATIONAL GROUP LTD,0.5
biomed,hk,2015,ADVANCE ELECTRONIC AND MEDICAL IND COMPANY LTD,0.5
biomed,hk,2015,ADVANCE ELECTRONIC AND MEDICAL INDUSTRIES COMPANY LTD,0.5
biomed,hk,2015,ID INFINITY LTD,1.0
biomed,hk,2015,A & B HK COMPANY LTD,1.0
biomed,hk,2015,GAMOLIN LTD,1.0
biomed,hk,2015,CENTURY INT ENTPR LTD,0.5
biomed,hk,2015,CENTURY INTERNATIONAL ENTERPRISES LTD,0.5
biomed,hk,2015,HAI KANG LIFE CORP LTD,0.5
biomed,hk,2015,HAI KANG LIFE CORPORATION LTD,0.5
biomed,hk,2015,DERMACLIP HONGKONG LTD,1.0
biomed,hk,2015,Lomak Industrial Company Ltd,1.0
biomed,hk,2015,OSPICON COMPANY LTD,1.0
biomed,hk,2015,AQUAMED LTD,1.0
biomed,hk,2015,CIRQ TECH LIMITED,1.0
biomed,hk,2015,CRAGE MEDICAL CO LTD,1.0
biomed,hk,2015,WORLD WIDE STATIONERY MFG CO,1.0
biomed,hk,2015,THUNDER POWER HONG KONG LTD,0.5
biomed,hk,2015,THUNDER POWER NEW ENERGY VEHICLE DEVELOPMENT CO LTD,0.5
biomed,hk,2015,ANTS TECH (HK) LTD,0.5
biomed,hk,2015,ANTS TECH HK LIMITED,0.5
biomed,hk,2015,CONVERGENCE SYSTEMS LTD,1.0
biomed,hk,2015,ROTAM AGROCHEM INT CO LTD,1.0
biomed,hk,2015,ROTAM AGROCHEM INT CO LTD,1.0
biomed,hk,2015,ROTAM AGROCHEM INT CO LTD,1.0
biomed,hk,2015,ROTAM AGROCHEM INT CO LTD,1.0
biomed,hk,2015,ASIA PACIFIC MEDICAL TECH DEV COMPANY LTD,1.0
biomed,hk,2015,ASIA PACIFIC MEDICAL TECH DEV COMPANY LTD,0.5
biomed,hk,2015,ASIA PACIFIC MEDICAL TECH DEVELOPMENT COMPANY LTD,0.5
biomed,hk,2015,ASIA PACIFIC MEDICAL TECH DEV COMPANY LTD,0.3333333333333333
biomed,hk,2015,ASIA PACIFIC MEDICAL TECH DEVELOPMENT COMPAN Y LTD,0.3333333333333333
biomed,hk,2015,ASIA PACIFIC MEDICAL TECH DEVELOPMENT COMPANY LTD,0.3333333333333333
biomed,hk,2015,ROTAM AGROCHEM INT CO LTD,1.0
biomed,hk,2015,ASIA PACIFIC MEDICAL TECH DEVELOPMENT COMPANY LTD,1.0
biomed,hk,2015,ASIA PACIFIC MEDICAL TECH DEVELOPMENT COMPANY LTD,1.0
biomed,hk,2015,ASIA PACIFIC MEDICAL TECH DEVELOPMENT COMPANY LTD,1.0
biomed,hk,2015,ROTAM AGROCHEM INT CO LTD,1.0
biomed,hk,2015,ROTAM AGROCHEM INT CO LTD,0.5
biomed,hk,2015,ROTAM AGROCHEM INTERNATIONAL CO LTD,0.5
biomed,hk,2016,PANGU BIOPHARMA LTD,1.0
biomed,hk,2016,BLUE MEDICAL INNOVATION LTD,1.0
biomed,hk,2016,OUTSTANDING HEALTHCARE COMPANY LTD,1.0
biomed,hk,2016,INTELLECTUAL PROPERTY WHOLLY OWNED CO LTD,0.5
biomed,hk,2016,IP FULL ASSET LTD,0.5
biomed,hk,2016,NICK WANG TECH LTD,0.5
biomed,hk,2016,NICK WANG TECHNOLOGY LTD,0.5
biomed,hk,2016,EVERGREEN LAND LTD,1.0
biomed,hk,2016,ROTAM AGROCHEM INT CO LTD,1.0
biomed,hk,2016,THUNDER POWER HONG KONG LTD,1.0
biomed,hk,2016,MAXINASE LIFE SCIENCES LTD,1.0
biomed,hk,2016,BRIDEA IP LTD,1.0
biomed,hk,2016,PUZHEN LIFE CO LTD,1.0
biomed,hk,2016,PUZHEN LIFE CO LTD,1.0
biomed,hk,2016,KEI INTERNATIONAL LTD,0.25
biomed,hk,2016,KEI INTERNATIONAL LTD A CHINESE COMPANY,0.25
biomed,hk,2016,TOMORROWS IP LTD,0.25
biomed,hk,2016,TOMORROWS IP LTD A CHINESE COMPANY,0.25
biomed,hk,2016,ROTAM AGROCHEM INT CO LTD,1.0
biomed,hk,2016,PUZHEN LIFE CO LTD,1.0
biomed,hk,2016,GRAND DECADE DEVELOPMENTS LTD,1.0
biomed,hk,2016,PATHWAY PHARMACEUTICALS LTD,1.0
biomed,hk,2016,PATHWAY PHARMACEUTICALS LTD,1.0
biomed,hk,2016,AVALON BIOLOGICS LTD,0.3333333333333333
biomed,hk,2016,NANSHA BIOLOGICS HONG KONG LTD,0.3333333333333333
biomed,hk,2016,NANSHA BIOLOGIES HONG KONG LTD,0.3333333333333333
biomed,hk,2016,BILLION KING INT LTD,1.0
biomed,hk,2016,ROTAM AGROCHEM INT CO LTD,1.0
biomed,hk,2016,ASIA PACIFIC MEDICAL TECH DEVELOPMENT COMPANY LTD,1.0
biomed,hk,2016,ASIA PACIFIC MEDICAL TECH DEVELOPMENT COMPANY LTD,0.5
biomed,hk,2016,ASIA PACIFIC MEDICAL TECHNOLOGY DEVELOPMENT COMPANY LTD,0.5
biomed,hk,2016,BILLION KING INT LTD,1.0
biomed,hk,2016,ENANO HEALTH LTD,1.0
biomed,hk,2016,EMERGING VIRAL THRAPEUTICS LTD,1.0
biomed,hk,2016,SENTRIX TECH LTD,1.0
biomed,hk,2016,LONG SHENG FARMA LTD,1.0
biomed,hk,2016,HEARTISANS LTD,1.0
biomed,hk,2016,PERFECT VISION TECH (HK) LTD,1.0
biomed,hk,2016,WELL BEING DIGITAL LTD,1.0
biomed,hk,2016,PACIFIC ARROW LTD,1.0
biomed,hk,2016,BIO-MEDICAL ENG (HK) LTD,1.0
biomed,hk,2016,DRAGON VICTORY DEV LTD,1.0
biomed,hk,2016,SOL MILLENNIUM MEDICAL HK LTD,0.5
biomed,hk,2016,SOL-MILLENNIUM MEDICAL HK LTD,0.5
biomed,hk,2016,MERCURY INNOVATIONS LTD,1.0
biomed,hk,2016,HONG KONG FORTUNE TECH LTD,1.0
biomed,hk,2016,ROTAM AGROCHEM INT CO LTD,1.0
biomed,hk,2016,ROTAM AGROCHEM INT CO LTD,0.5
biomed,hk,2016,ROTAM AGROCHEM INTERNATIONAL CO LTD,0.5
biomed,hk,2016,ALAMAK BIOSCIENCES INCORPORATION COMPANY LTD,1.0
biomed,hk,2016,INNOVATIVE PREC INSTR LTD,1.0
biomed,hk,2016,EMERGING VIRAL DIAGNOSTICS LTD,1.0
biomed,hk,2016,EMV MERS HK LTD,1.0
biomed,hk,2016,CANADIAN CHIROPRACTIC CENTRE LTD,1.0
biomed,hk,2016,ZHONGJI HENGRUN INT HOLDINGS LTD,1.0
biomed,hk,2016,TELEFIELD MEDICAL IMAGING LTD,1.0
biomed,hk,2016,ONEDASH LTD,0.5
biomed,hk,2016,WELL BEING DIGITAL LTD,0.5
biomed,hk,2016,ASIA PACIFIC MEDICAL TECH DEVELOPMENT COMPANY LTD,0.5
biomed,hk,2016,ASIA PACIFIC MEDICAL TECHNOLOGY DEVELOPMENT COMPANY LTD,0.5
biomed,hk,2016,SOFT LINES INT LTD,1.0
biomed,hk,2016,TELEFIELD MEDICAL IMAGING LTD,1.0
biomed,hk,2016,PERFECT VISION TECH (HK) LTD,1.0
biomed,hk,2016,HOMETEK INT LTD,1.0
biomed,hk,2016,ALAMAK BIOSCIENCES INCORPORATION COMPANY LTD,1.0
biomed,hk,2016,PROVENTURE (FAR EAST) LTD,1.0
biomed,hk,2016,SCION MEDICAL LTD,1.0
biomed,hk,2016,PANGU BIOPHARMA LTD,1.0
biomed,hk,2016,IMMORTAL SPIRIT LTD,1.0
biomed,hk,2016,WELLS RESOURCES LTD,1.0
biomed,hk,2016,TSALYS LTD,1.0
biomed,hk,2016,SILICAMED LTD,1.0
biomed,hk,2016,ATHENEX THERAPEUTICS LTD,0.5
biomed,hk,2016,Health Hope Pharma HK Ltd,0.5
biomed,hk,2016,EMV ENHANCE HK LTD,1.0
biomed,hk,2016,COHERENT BIOPHARMA I LTD,1.0
biomed,hk,2016,IGGENE LTD,1.0
biomed,hk,2016,NORTH & SOUTH BROTHER PHARMACY INVESTMENT CO LTD,1.0
biomed,hk,2016,ZEN DESIGN SOLUTIONS LTD,1.0
biomed,hk,2016,ATHENEX HK INNOVATIVE LTD,0.3333333333333333
biomed,hk,2016,HEALTH HOPE PHARMA LTD,0.3333333333333333
biomed,hk,2016,Health Hope Pharma HK Ltd,0.3333333333333333
biomed,hk,2016,RONDISH COMPANY LTD,1.0
biomed,hk,2016,INNOVATIVE PREC INSTR LTD,1.0
biomed,hk,2016,PUZHEN LIFE CO LTD,1.0
biomed,hk,2016,LONG SHENG FARMA LTD,1.0
biomed,hk,2016,ROTAM AGROCHEM INT CO LTD,1.0
biomed,hk,2016,ROTAM AGROCHEM INT CO LTD,1.0
biomed,hk,2016,ROTAM AGROCHEM INT CO LTD,1.0
biomed,hk,2016,ROTAM AGROCHEM INT CO LTD,1.0
biomed,hk,2016,ROTAM AGROCHEM INT CO LTD,1.0
biomed,hk,2016,LIANKANG TECH LIMITED,1.0
biomed,hk,2016,VIRGILANT TECH LIMITED,1.0
biomed,hk,2016,PERFECT VISION TECH HK LTD,1.0
biomed,hk,2016,NANO SCIENCES LTD,1.0
biomed,hk,2016,SCION LTD MEDICAL,0.5
biomed,hk,2016,SCION MEDICAL LTD,0.5
biomed,hk,2016,PANGU BIOPHARMA LTD,1.0
biomed,hk,2016,MICRO RESOURCES LTD,1.0
biomed,hk,2016,ACE COMMUNICATIONS LTD,1.0
biomed,hk,2016,CRAGE MEDICAL CO LTD,1.0
biomed,hk,2016,NORTH & SOUTH BROTHER PHARMACY INVESTMENT CO LTD,1.0
biomed,hk,2016,ROTAM AGROCHEM INT CO LTD,1.0
biomed,hk,2016,ZEN DESIGN SOLUTIONS LTD,1.0
biomed,hk,2016,AGILITECH LTD,1.0
biomed,hk,2016,ACTIVWELL LTD,1.0
biomed,hk,2016,CREATION PLUS BIOTECHNOLOGY CO LTD,1.0
biomed,hk,2016,INFAGEN HONG KONG LTD,1.0
biomed,hk,2016,NORTH & SOUTH BROTHER PHARMACY INVESTMENT CO LTD,1.0
biomed,hk,2016,DSG TECHNOLOGY HOLDINGS LTD,1.0
biomed,hk,2016,LOMACK IND CO LTD,1.0
biomed,hk,2016,JINGANG MEDICINE AUSTRALIA PTY LTD,1.0
biomed,hk,2016,TALENGEN INT LTD,1.0
biomed,hk,2016,TALENGEN INT LTD,1.0
biomed,hk,2016,TALENGEN INT LTD,1.0
biomed,hk,2016,HEARTISANS LTD,1.0
biomed,hk,2016,LONG SHENG FARMA LTD,1.0
biomed,hk,2016,LITTLE NOBLEMAN TECH LIMITED,0.5
biomed,hk,2016,LITTLE NOBLEMAN TECH LTD,0.5
biomed,hk,2016,LONG SHENG FARMA LTD,1.0
biomed,hk,2016,WORLD WIDE DAILY HOLDINGS CO LTD,0.5
biomed,hk,2016,WORLD WIDE STATIONERY MFG CO LTD,0.5
biomed,hk,2016,NANTIN ENTERPRISE LTD,1.0
biomed,hk,2016,ROTAM AGROCHEM INT CO LTD,1.0
biomed,hk,2016,PERFECT VISION TECH HK LTD,1.0
biomed,hk,2016,PERFECT VISION TECH HK LTD,1.0
biomed,hk,2017,DSG TECHNOLOGY HOLDINGS LTD,1.0
biomed,hk,2017,HOVIONE INT LTD,1.0
biomed,hk,2017,DSG TECHNOLOGY HOLDINGS LTD,1.0
biomed,hk,2017,DSG TECHNOLOGY HOLDINGS LTD,1.0
biomed,hk,2017,INTERACTIVE HOLDINGS LTD,1.0
biomed,hk,2017,IP FULL ASSET LTD,1.0
biomed,hk,2017,IP FULL ASSET LTD,1.0
biomed,hk,2017,IP FULL ASSET LTD,1.0
biomed,hk,2017,LITTLE NOBLEMAN TECH LIMITED,1.0
biomed,hk,2017,LIFENG TECH LIMITED,0.5
biomed,hk,2017,LIFENG TECH LTD,0.5
biomed,hk,2017,VORNAGAIN LTD,1.0
biomed,hk,2017,BESTOP GROUP HOLDINGS LTD,1.0
biomed,hk,2017,REGINA MIRACLE INT (GROUP) LTD,1.0
biomed,hk,2017,RACEFIT INT COMPANY LTD,0.5
biomed,hk,2017,RACEFIT INTERNATIONAL COMPANY LTD,0.5
biomed,hk,2017,NORTH & SOUTH BROTHER PHARMACY INVESTMENT CO LTD,1.0
biomed,hk,2017,RONDISH COMPANY LTD,1.0
biomed,hk,2017,HARRIA INVEST GROUP INC,1.0
biomed,hk,2017,ENANO HEALTH LTD,1.0
biomed,hk,2017,ITABMED HK LTD,1.0
biomed,hk,2017,SINO INTERNATIONAL GROUP LTD,1.0
biomed,hk,2017,JACOBSON RES LABORTORY LIMITED,1.0
biomed,hk,2017,WORLD WIDE STATIONERY MFG CO LTD,1.0
biomed,hk,2017,DSG TECHNOLOGY HOLDINGS LTD,1.0
biomed,hk,2017,TMB LABS LTD,1.0
biomed,hk,2017,NAL PHARMACEUTICAL GROUP LTD,1.0
biomed,hk,2017,PERFECT VISION TECH (HK) LTD,1.0
biomed,hk,2017,Z5 GLOBAL GROUP LTD,1.0
biomed,hk,2017,SONIKURE HOLDINGS LTD,1.0
biomed,hk,2017,COOLING ELECTRONICS CO LTD,1.0
biomed,hk,2017,ROTAM AGROCHEM INT CO LTD,1.0
biomed,hk,2017,ALBAUGH ASIA PACIFIC LTD,1.0
biomed,hk,2017,VITARGENT (INTERNATIONAL) BIOTECHNOLOGY LTD,0.5
biomed,hk,2017,VITARGENT INTERNATIONAL BIOTECHNOLOGY LTD,0.5
biomed,hk,2017,INNOTECH APPLIANCE LTD,1.0
biomed,hk,2017,FOREVER CHEER HOLDING LTD,0.5
biomed,hk,2017,FOREVER CHEER INTERNATIONAL LTD,0.5
biomed,hk,2017,YINGXIUKE LTD,1.0
biomed,hk,2017,INNOVATIVE PREC INSTR LTD,0.5
biomed,hk,2017,INNOVATIVE PREC INSTRUMENTS LIMITED,0.5
biomed,hk,2017,SYMPHONY HOLDINGS LTD,1.0
biomed,hk,2017,ADVANTEK SERUM LABORATORIES LTD,1.0
biomed,hk,2017,BELUN TECH COMPANY LIMITED,1.0
biomed,hk,2017,PERFECT VISION TECH HK LTD,1.0
biomed,hk,2017,PERECT VISION TECH HK LTD,0.3333333333333333
biomed,hk,2017,PERFECT VISION TECH (HK) LTD,0.3333333333333333
biomed,hk,2017,PERFECT VISION TECH HK LTD,0.3333333333333333
biomed,hk,2017,NEW LIFE MEDICINE TECH COMPANY LIMITED,1.0
biomed,hk,2017,CONNECT BIOPHARMA HONGKONG LTD,1.0
biomed,hk,2017,TELEFIELD MEDICAL IMAGING LTD,1.0
biomed,hk,2017,TELEFIELD MEDICAL IMAGING LTD,1.0
biomed,hk,2017,EMERGING VIRAL DIAGNOSTICS HK LTD,1.0
biomed,hk,2017,TELEFIELD MEDICAL IMAGING LTD,1.0
biomed,hk,2017,CRAGE MEDICAL CO LTD,1.0
biomed,hk,2017,TALENGEN INT LTD,1.0
biomed,hk,2017,TALENGEN INT LTD,1.0
biomed,hk,2017,TALENGEN INT LTD,1.0
biomed,hk,2017,HEARTISANS LTD,1.0
biomed,hk,2017,SUNASIC TECH LIMITED,1.0
biomed,hk,2017,INNOTECH APPLIANCE LTD,1.0
biomed,hk,2017,SWISS SPA SYSTEM LTD,1.0
biomed,hk,2017,DSG TECHNOLOGY HOLDINGS LTD,1.0
biomed,hk,2017,FIND SOLUTION ARTIFICIAL INTELLIGENCE LTD,1.0
biomed,hk,2017,TENACIA BIOTECHNOLOGY HONG KONG CO LTD,1.0
biomed,hk,2017,TENACIA BIOTECHNOLOGY HONG KONG CO LTD,1.0
biomed,hk,2017,TENACIA BIOTECHNOLOGY HONG KONG CO LTD,1.0
biomed,hk,2017,TENACIA BIOTECHNOLOGY HONG KONG CO LIMITED,0.5
biomed,hk,2017,TENACIA BIOTECHNOLOGY HONG KONG CO LTD,0.5
biomed,hk,2017,ENANO HEALTH LTD,1.0
biomed,hk,2017,LIHEALTH LTD,1.0
biomed,hk,2017,AMORV IP COMPANY LTD,1.0
biomed,hk,2017,NORTH & SOUTH BROTHER PHARMACY INVESTMENT CO LTD,1.0
biomed,hk,2017,TOMOIKE BIO LTD,1.0
biomed,hk,2017,NORTH & SOUTH BROTHER PHARMACY INVESTMENT CO LTD,1.0
biomed,hk,2017,ACCRO BIOSCIENCE HK LTD,1.0
biomed,hk,2017,NOVOHEART INTERNATIONAL LTD,0.5
biomed,hk,2017,NOVOHEART LTD,0.5
biomed,hk,2017,TOMOIKE BIO LTD,1.0
biomed,hk,2017,NORTH & SOUTH BROTHER PHARMACY INVESTMENT CO LTD,1.0
biomed,hk,2017,SOFT LINES INT LTD,1.0
biomed,hk,2017,NORTH & SOUTH BROTHER PHARMACY INVESTMENT CO LTD,1.0
biomed,hk,2017,KOLN 3D TECH MEDICAL LIMITED,1.0
biomed,hk,2017,CM HK LTD,1.0
biomed,hk,2017,I MAB BIOPHARMA HONG KONG LTD,1.0
biomed,hk,2017,EV71 HK LTD,1.0
biomed,hk,2017,HEPAGENE THERAPEUTICS HK LTD,1.0
biomed,hk,2017,INSILICO MEDICINE IP LTD,1.0
biomed,hk,2017,MAST INDUSTRIES FAR EAST LTD,1.0
biomed,hk,2017,WORLD WIDE DAILY HOLDINGS CO LTD,1.0
biomed,hk,2017,AVALON BONE SUPPLEMENT HK LTD,1.0
biomed,hk,2017,POLY TECH SERVICES LTD,1.0
biomed,hk,2017,NORTH & SOUTH BROTHER PHARMACY INVESTMENT CO LTD,1.0
biomed,hk,2017,SUN LUEN ELECTRICAL MFG CO LTD,1.0
biomed,hk,2017,JACOBSON RES LABORATORY LIMITED,0.5
biomed,hk,2017,JBM RES LABORATORY LIMITED,0.5
biomed,hk,2017,REBIO TECH LIMITED,1.0
biomed,hk,2017,EVERGREEN LAND LTD,1.0
biomed,hk,2017,ACE COMMUNICATIONS LTD,1.0
biomed,hk,2017,PINGSENSE TECH LIMITED,1.0
biomed,hk,2017,AVALON SPINECARE HK LTD,1.0
biomed,hk,2017,NEW LIFE MEDICINE TECH COMPANY LIMITED,1.0
biomed,hk,2017,DAYTON TECH LIMITED,1.0
biomed,hk,2017,VINCENT YUVAL R&D LTD,1.0
biomed,hk,2017,NUTRITION SCIENCE PARTNERS LTD,1.0
biomed,hk,2017,HEPAGENE THERAPEUTICS HK LTD,1.0
biomed,hk,2017,AUSMED GLOBAL LTD,1.0
biomed,hk,2017,VICWOOD PROSPERITY TECH LIMITED,1.0
biomed,hk,2017,PINGSENSE TECH LIMITED,1.0
biomed,hk,2017,EMV ENHANCE HK LTD,1.0
biomed,hk,2017,EPONA BIOTEC LTD,1.0
biomed,hk,2017,TALENGEN INT LTD,1.0
biomed,hk,2017,NORTH & SOUTH BROTHER PHARMACY INVESTMENT CO LTD,1.0
biomed,hk,2017,DSG TECHNOLOGY HOLDINGS LTD,1.0
biomed,hk,2017,JI XING PHARMACEUTICALS HONG KONG LTD,1.0
biomed,hk,2017,CORXEL PHARMACEUTICALS HONG KONG LTD,0.5
biomed,hk,2017,JI XING PHARMACEUTICALS HONG KONG LTD,0.5
biomed,hk,2017,SWISS SPA SYSTEM LTD,1.0
biomed,hk,2017,VIRGILANT TECH LIMITED,1.0
biomed,hk,2017,GROKING LAB LTD,1.0
biomed,hk,2018,MV SQUARE LTD,1.0
biomed,hk,2018,UNITO SMART TECH LIMITED,1.0
biomed,hk,2018,INNOVATIVE PREC INSTRUMENTS LIMITED,1.0
biomed,hk,2018,AUXILIA LTD,1.0
biomed,hk,2018,NANSHA BIOLOGICS HONG KONG LTD,0.5
biomed,hk,2018,NANSHA BIOLOGIES HONG KONG LTD,0.5
biomed,hk,2018,NORTH & SOUTH BROTHER PHARMACY INVESTMENT CO LTD,1.0
biomed,hk,2018,WELL BEING DIGITAL LTD,1.0
biomed,hk,2018,CELLULAR BIOMEDICINE GROUP HK LTD,1.0
biomed,hk,2018,MEDPOT LTD,1.0
biomed,hk,2018,CRAGE MEDICAL CO LTD,1.0
biomed,hk,2018,DSG TECHNOLOGY HOLDINGS LTD,1.0
biomed,hk,2018,DSG TECHNOLOGY HOLDINGS LTD,1.0
biomed,hk,2018,AVALON NANOSILVER RX HK LTD,1.0
biomed,hk,2018,DSG TECHNOLOGY HOLDINGS LTD,1.0
biomed,hk,2018,HEROKA IND LTD,1.0
biomed,hk,2018,PHASE SCIENT INTERNATIONAL LTD,1.0
biomed,hk,2018,ACT GENOMICS IP CO LTD,1.0
biomed,hk,2018,SOL MILLENNIUM MEDICAL HK LTD,1.0
biomed,hk,2018,BYTON LTD,1.0
biomed,hk,2018,INNOVATIVE PREC INSTRUMENTS LIMITED,1.0
biomed,hk,2018,ALPHATECH INTERNATIONAL LTD,1.0
biomed,hk,2018,DRD LIFESCIENCES GROUP LTD,0.5
biomed,hk,2018,INT BIOTECH INSTITUTE INC,0.5
biomed,hk,2018,DSG TECHNOLOGY HOLDINGS LTD,1.0
biomed,hk,2018,SMART BEAT PROFITS LTD,1.0
biomed,hk,2018,SMART BEAT PROFITS LTD,1.0
biomed,hk,2018,FOREVER CHEER HOLDING LTD,0.5
biomed,hk,2018,FOREVER CHEER INTERNATIONAL LTD,0.5
biomed,hk,2018,NEW LIFE MEDICINE TECH COMPANY LIMITED,1.0
biomed,hk,2018,LAGUNAMOON BEAUTY LTD,1.0
biomed,hk,2018,NAL PHARMACEUTICAL GROUP LTD,1.0
biomed,hk,2018,ELIXIRON IMMUNOTHERAPEUTICS HONG KONG LTD,0.5
biomed,hk,2018,ELIXIRON IMMUNOTHERAPEUTICS HONG KONG LTD HK,0.5
biomed,hk,2018,INNOTECH APPLIANCE LTD,1.0
biomed,hk,2018,ENZYNOMICS H K LTD,1.0
biomed,hk,2018,VIRGILANT TECH LIMITED,1.0
biomed,hk,2018,CRAGE MEDICAL CO LTD,1.0
biomed,hk,2018,AVALON FLAVIVIRAL THERAPEUTICS HK LTD,1.0
biomed,hk,2018,NANOMAB TECH LIMITED,1.0
biomed,hk,2018,WELL BEING DIGITAL LTD,1.0
biomed,hk,2018,VISION GLOBAL HOLDINGS LTD,1.0
biomed,hk,2018,ACCRO BIOSCIENCE HK LTD,1.0
biomed,hk,2018,BUCKYOL LTD,1.0
biomed,hk,2018,MSHEAF HEALTH MANAGEMENT TECH LIMITED,1.0
biomed,hk,2018,VINCENT MEDICAL MANUFACTUING CO LTD,1.0
biomed,hk,2018,CONNECT BIOPHARMA HONGKONG LTD,1.0
biomed,hk,2018,GA HEALTH & BEAUTY CO LTD,1.0
biomed,hk,2018,CELLULAR BIOMEDICINE GROUP HK LTD,1.0
biomed,hk,2018,CONTIN TECH LIMITED,1.0
biomed,hk,2018,BELUN TECH IP COMPANY LIMITED,1.0
biomed,hk,2018,HEPAGENE THERAPEUTICS HK LTD,1.0
biomed,hk,2018,KEI INTERNATIONAL LTD,0.5
biomed,hk,2018,TOMORROWS IP LTD,0.5
biomed,hk,2018,YAHUIKANG LTD,1.0
biomed,hk,2018,LIANKANG TECH LIMITED,1.0
biomed,hk,2018,YAHUIKANG LTD,1.0
biomed,hk,2018,WORLD WIDE DAILY HOLDINGS CO LTD,1.0
biomed,hk,2018,WONG HAU PLASTIC WORKS & TRADING CO LTD,1.0
biomed,hk,2018,TELEFIELD MEDICAL IMAGING LTD,1.0
biomed,hk,2018,TELEFIELD MEDICAL IMAGING LTD,1.0
biomed,hk,2018,TELEFIELD MEDICAL IMAGING LTD,1.0
biomed,hk,2018,TELEFIELD MEDICAL IMAGING LTD,1.0
biomed,hk,2018,TELEFIELD MEDICAL IMAGING LTD,1.0
biomed,hk,2018,INSILICO MEDICINE IP LTD,1.0
biomed,hk,2018,EXPLORUS SURGICAL LTD,1.0
biomed,hk,2018,REFLECTION BIOTECHNOLOGIES LTD,1.0
biomed,hk,2018,AVALON POLYTOM HK LTD,1.0
biomed,hk,2018,NAL PHARMACEUTICAL GROUP LTD,1.0
biomed,hk,2018,ATHENEX HK INNOVATIVE LTD,1.0
biomed,hk,2018,NANOMAB TECH LIMITED,1.0
biomed,hk,2018,WORLD WIDE DAILY HOLDINGS CO LTD,1.0
biomed,hk,2018,NORTH & SOUTH BROTHER PHARMACY INVESTMENT CO LTD,1.0
biomed,hk,2018,PHASE SCIENT INTERNATIONAL LTD,1.0
biomed,hk,2018,NORTH & SOUTH BROTHER PHARMACY INVESTMENT CO LTD,1.0
biomed,hk,2018,WORLD WIDE DAILY HOLDINGS CO LTD,1.0
biomed,hk,2018,KWB GLOBAL LTD,1.0
biomed,hk,2018,PUZHEN LIFE CO LTD,1.0
biomed,hk,2018,TESCO DENTAL HONG KONG LTD,1.0
biomed,hk,2018,DSG TECHNOLOGY HOLDINGS LTD,1.0
biomed,hk,2018,COMEPA INDUSTRIES LTD,0.5
biomed,hk,2018,CONSUMABLES MEDICAL PACIFIC IND LTD,0.5
biomed,hk,2018,HEPAGENE THERAPEUTICS HK LTD,1.0
biomed,hk,2018,HEPAGENE THERAPEUTICS HK LTD,1.0
biomed,hk,2018,DCIC BIOPHARMACEUTICAL LTD,1.0
biomed,hk,2018,XIANLAN TECH CO LIMITED,0.5
biomed,hk,2018,XIANLANG TECH CO LIMITED,0.5
biomed,hk,2018,CONVERGENCE SYSTEMS LTD,1.0
biomed,hk,2018,XIANLAN TECH CO LIMITED,1.0
biomed,hk,2018,ATHENEX HK INNOVATIVE LTD,0.5
biomed,hk,2018,Health Hope Pharma HK Ltd,0.5
biomed,hk,2018,AVALON FLAVIVIRAL THERAPEUTICS HK LTD,1.0
biomed,hk,2018,MINDFIO LTD,1.0
biomed,hk,2018,ALIS PHARMA LTD,1.0
biomed,hk,2018,VICWOOD PROSPERITY TECH LIMITED,1.0
biomed,hk,2018,INTERSELECT TRADING LTD,1.0
biomed,hk,2018,SINOMAB BIOSCIENCE LTD,1.0
biomed,hk,2018,ELEGANT BEST INVESTMENT LTD,1.0
biomed,hk,2018,NORTH & SOUTH BROTHER PHARMACY INVESTMENT CO LTD,1.0
biomed,hk,2018,NOVOHEART INTERNATIONAL LTD,0.5
biomed,hk,2018,NOVOHEART LTD,0.5
biomed,hk,2018,ECO BIOMASS TECH COMPANY LIMITED,1.0
biomed,hk,2018,ECO BIOMASS TECH COMPANY LIMITED,1.0
biomed,hk,2018,ACOUSTIC ARC INTERNATIONAL LTD,1.0
biomed,hk,2018,WORLD WIDE DAILY HOLDINGS CO LTD,1.0
biomed,hk,2018,PHARMALINK INTERNATIONAL LTD,1.0
biomed,hk,2018,MSHEAF HEALTH MANAGEMENT TECH LIMITED,1.0
biomed,hk,2018,ACT GENOMICS IP CO LTD,0.5
biomed,hk,2018,ACT GENOMICS IP LTD,0.5
biomed,hk,2018,SILENTMODE LTD,0.5
biomed,hk,2018,SJLENTMODE LTD,0.5
biomed,hk,2018,INNOVATIVE PREC INSTRUMENTS LIMITED,1.0
biomed,hk,2018,IEMIS HK LTD,1.0
biomed,hk,2018,LIFETRONS SWITZERLAND GROUP LTD,1.0
biomed,hk,2018,AVALON HEPAPOC LTD,1.0
biomed,hk,2018,THUNDER POWER NEW ENERGY VEHICLE DEVELOPMENT CO LTD,1.0
biomed,hk,2018,XIANLAN TECH CO LIMITED,1.0
biomed,hk,2018,RECYCLEGREEN PROJECT LTD,1.0
biomed,hk,2019,TYME LTD,1.0
biomed,hk,2019,ANIWEAR COMPANY LTD,1.0
biomed,hk,2019,NOVETEX TEXTILES LTD,1.0
biomed,hk,2019,WORLD WIDE DAILY HOLDINGS CO LTD,1.0
biomed,hk,2019,TENACIA BIOTECHNOLOGY HONG KONG CO LTD,1.0
biomed,hk,2019,ROTAM AGROCHEM INT CO LTD,1.0
biomed,hk,2019,HOFFMANN ASIA LTD,1.0
biomed,hk,2019,SHILEITECH LTD,1.0
biomed,hk,2019,HYGIEIA HEALTH CO LTD,1.0
biomed,hk,2019,ANIWEAR COMPANY LTD,1.0
biomed,hk,2019,PHASE SCIENT INTERNATIONAL LTD,1.0
biomed,hk,2019,KOLN HONG KONG LTD,1.0
biomed,hk,2019,NORTH & SOUTH BROTHER PHARMACY INVESTMENT CO LTD,1.0
biomed,hk,2019,CRAGE MEDICAL CO LTD,1.0
biomed,hk,2019,NORTH & SOUTH BROTHER PHARMACY INVESTMENT CO LTD,1.0
biomed,hk,2019,NORTH & SOUTH BROTHER PHARMACY INVESTMENT CO LTD,1.0
biomed,hk,2019,BIOGTS GREEN ENERGY COMPANY LTD,1.0
biomed,hk,2019,ATHENEX HK INNOVATIVE LTD,0.5
biomed,hk,2019,AVALON BIOMEDICAL (MANAGEMENT) LTD,0.5
biomed,hk,2019,BEACON MEDCARE HK LTD,1.0
biomed,hk,2019,BETTER AIR INTERNATIONAL LTD,1.0
biomed,hk,2019,BETTER AIR INTERNATIONAL LTD,1.0
biomed,hk,2019,DSG TECHNOLOGY HOLDINGS LTD,1.0
biomed,hk,2019,DAYTON TECH LIMITED,1.0
biomed,hk,2019,CELLULAR BIOMEDICINE GROUP HK LTD,1.0
biomed,hk,2019,CELLULAR BIOMEDICINE GROUP HK LTD,1.0
biomed,hk,2019,WISE ALLY HOLDINGS LTD,1.0
biomed,hk,2019,ELIXIRON IMMUNOTHERAPEUTICS HONG KONG LTD,1.0
biomed,hk,2019,WELL BEING DIGITAL LTD,1.0
biomed,hk,2019,NOVOHEART INTERNATIONAL LTD,1.0
biomed,hk,2019,PRIMEDTECH LTD,1.0
biomed,hk,2019,DIS DEVELOPMENT LTD,1.0
biomed,hk,2019,INSILICO MEDICINE IP LTD,1.0
biomed,hk,2019,NEO MECH LIMITED,1.0
biomed,hk,2019,VISION GLOBAL HOLDINGS LTD,1.0
biomed,hk,2019,BIOLUX RES HOLDINGS INC,1.0
biomed,hk,2019,ROTAM AGROCHEM INT CO LTD,1.0
biomed,hk,2019,WELL BEING DIGITAL LTD,1.0
biomed,hk,2019,PURECELL BIOMEDICAL TECH COMPANY LIMITED,1.0
biomed,hk,2019,CANDACE GUIDANCE SIGNAGE LTD,1.0
biomed,hk,2019,LIFETRONS SWITZERLAND GROUP LTD,0.5
biomed,hk,2019,LIFETRONS SWITZERLAND HOLDINGS LTD,0.5
biomed,hk,2019,YINGCARE LTD,1.0
biomed,hk,2019,MEDTIMES MOLECULAR LABORATORY LTD,1.0
biomed,hk,2019,ENANO HEALTH LTD,1.0
biomed,hk,2019,ENANO HEALTH LTD,1.0
biomed,hk,2019,PUZHEN LIFE CO LTD,1.0
biomed,hk,2019,INTEGRAL CARE TECH LTD,1.0
biomed,hk,2019,YINGCARE LTD,1.0
biomed,hk,2019,INSILICO MEDICINE IP LTD,1.0
biomed,hk,2019,ENANO HEALTH LTD,1.0
biomed,hk,2019,GENUINE FIRST AID INT LTD,1.0
biomed,hk,2019,APPLIED BIOPHOTONICS LTD,1.0
biomed,hk,2019,ATHENEX THERAPEUTICS LTD,1.0
biomed,hk,2019,CELLULAR BIOMEDICINE GROUP HK LTD,1.0
biomed,hk,2019,HEALTH AND HAPPINESS H&H HONG KONG LTD,1.0
biomed,hk,2019,WELL BEING DIGITAL LTD,1.0
biomed,hk,2019,HEARSAFE LTD,1.0
biomed,hk,2019,APRINOIA THERAPEUTICS LTD,1.0
biomed,hk,2019,JUPENG BIO HK LTD,1.0
biomed,hk,2019,CRAGE MEDICAL CO LTD,1.0
biomed,hk,2019,ARBELE LTD,1.0
biomed,hk,2019,NAL PHARMACEUTICAL GROUP LTD,1.0
biomed,hk,2019,AMVAC HONG KONG LTD,1.0
biomed,hk,2019,NAL PHARMACEUTICAL GROUP LTD,1.0
biomed,hk,2019,ANTENGENE THERAPEUTICS LTD,1.0
biomed,hk,2019,NOVOHEART INTERNATIONAL LTD,0.5
biomed,hk,2019,NOVOHEART LTD,0.5
biomed,hk,2019,NAL PHARMACEUTICAL GROUP LTD,1.0
biomed,hk,2019,THUNDER POWER NEW ENERGY VEHICLE DEVELOPMENT CO LTD,1.0
biomed,hk,2019,ALIS PHARMA LTD,1.0
biomed,hk,2019,CENTRAL VICTORY LTD HK,1.0
biomed,hk,2019,MEGA WINNING LTD,1.0
biomed,hk,2019,DSG TECHNOLOGY HOLDINGS LTD,1.0
biomed,hk,2019,PANGU BIOPHARMA LTD,1.0
biomed,hk,2019,GLOBAL COSMETICS HONG KONG COMPANY LTD,1.0
biomed,hk,2019,MING FAI INNOVATIVE SKIN CARE LAB LTD,1.0
biomed,hk,2019,JUPENG BIO HK LTD,1.0
biomed,hk,2019,COMPUTIME LTD,1.0
biomed,hk,2019,WORLD FIELD HK LTD,1.0
biomed,hk,2019,PUZHEN LIFE CO LTD,1.0
biomed,hk,2019,HOPEFUL RUBBER MFG CO LIMITED,1.0
biomed,hk,2019,CYRCADIA ASIA LTD,1.0
biomed,hk,2019,HKG EPITHERAPEUTICS LTD,1.0
biomed,hk,2019,PHARMACOGENETICS LTD,1.0
biomed,hk,2019,VANFORD BIO DRUG DEVELOPMENT LTD,1.0
biomed,hk,2019,BRIGHT CLINICAL RES LIMITED,0.5
biomed,hk,2019,BRIGHT CLINICAL RES LTD,0.5
biomed,hk,2019,SANWA BIOTECH LTD,1.0
biomed,hk,2019,INSILICO MEDICINE HONG KONG LTD,0.5
biomed,hk,2019,INSILICO MEDICINE IP LTD,0.5
biomed,hk,2019,ITABMED HK LTD,1.0
biomed,hk,2019,RONDISH COMPANY LTD,1.0
biomed,hk,2019,HEALTH AND HAPPINESS H&H HONG KONG LTD,1.0
biomed,hk,2019,MENRIYAN WIRELESS HIGH POWER TECH (HK) LIMITED,1.0
biomed,hk,2019,PUZHEN LIFE CO LTD,1.0
biomed,hk,2019,EXRHERA LTD,1.0
biomed,hk,2019,MU GLOBAL HOLDING LTD,1.0
biomed,hk,2019,6J BIOTECHNOLOGY HONG KONG LTD,1.0
biomed,hk,2019,INT TECH HK CO LTD,1.0
biomed,hk,2019,MU GLOBAL HOLDING LTD,1.0
biomed,hk,2019,NEUROGRESS LTD,1.0
biomed,hk,2019,PANGU BIOPHARMA LTD,1.0
biomed,hk,2019,JUPENG BIO HK LTD,1.0
biomed,hk,2019,DSG TECHNOLOGY HOLDINGS LTD,1.0
biomed,hk,2019,NORTH & SOUTH BROTHER PHARMACY INVESTMENT CO LTD,1.0
biomed,hk,2019,NANOMAB TECH LIMITED,1.0
biomed,hk,2019,HIFIBIO HK LTD,1.0
biomed,hk,2019,HONG KONG IVPS INTERNATIONAL LTD,1.0
biomed,hk,2019,MAKE GREAT SALES LTD,1.0
biomed,hk,2019,AVALON PHOTONICS HK LTD,0.5
biomed,hk,2019,AVALON PHOTONICS HK LTD APL,0.5
biomed,hk,2019,ATHENEX HK INNOVATIVE LTD,0.5
biomed,hk,2019,Health Hope Pharma HK Ltd,0.5
biomed,hk,2019,PUZHEN LIFE CO LTD,1.0
biomed,hk,2019,ATHENEX HK INNOVATIVE LTD,0.5
biomed,hk,2019,Health Hope Pharma HK Ltd,0.5
biomed,hk,2019,ASCENTAGE PHARMA GROUP CORP LTD,1.0
biomed,hk,2019,DEEP LONGEVITY LTD,1.0
biomed,hk,2019,AMORV IP COMPANY LTD,1.0
biomed,hk,2019,WORLD WIDE DAILY HOLDINGS CO LTD,1.0
biomed,hk,2019,ADVANCED APPLIED TECH LTD,1.0
biomed,hk,2019,NIKEGEN LTD,1.0
biomed,hk,2019,SICH CASKET COMPANY LTD,1.0
biomed,hk,2019,INSILICO MEDICINE HONG KONG LTD,0.5
biomed,hk,2019,INSILICO MEDICINE IP LTD,0.5
biomed,hk,2019,SINOMAB BIOSCIENCE LTD,1.0
biomed,hk,2019,NIKEGEN LTD,1.0
biomed,hk,2019,AMORV IP COMPANY LTD,1.0
biomed,hk,2019,ASCENTAGE PHARMA GROUP CORP LTD,1.0
biomed,hk,2019,ASCENTAGE PHARMA GROUP CORP LTD,1.0
biomed,hk,2019,GRAND DECADE DEVELOPMENTS LTD,1.0
biomed,hk,2019,ASCENTAGE PHARMA GROUP CORP LTD,1.0
biomed,hk,2019,MAKE GREAT SALES LTD,1.0
biomed,hk,2019,ASCENTAGE PHARMA GROUP CORP LTD,1.0
biomed,hk,2019,PROVIVA THERAPEUTICS HONG KONG LTD,1.0
biomed,hk,2019,WELL BEING DIGITAL LTD,1.0
biomed,hk,2019,DSG TECHNOLOGY HOLDINGS LTD,1.0
biomed,hk,2019,ASCENTAGE PHARMA GROUP CORP LTD,1.0
biomed,hk,2019,ITABMED HK LTD,1.0
biomed,hk,2019,AI BIOMATERIAL HEALTHTECH LTD,1.0
biomed,hk,2019,ULEECO LTD,1.0
biomed,hk,2019,CLAVES LIFE SCIENCES LTD,1.0
biomed,hk,2019,LIFE & LIVING INTERNATIONAL LTD,1.0
biomed,hk,2019,AI BIOMATERIAL HEALTHTECH LTD,1.0
biomed,hk,2019,SMALL HEALTHY ENVIRONMENT LTD,1.0
biomed,hk,2019,AVALON BIOMEDICAL MAN LIMITED,1.0
biomed,hk,2019,INNOWORKS PRODUCT CREATION LTD,0.5
biomed,hk,2019,IPC WORKS LTD,0.5
biomed,hk,2019,AI BIOMATERIAL HEALTHTECH LTD,1.0
biomed,hk,2020,CARE AUTOMATION HOLDINGS LTD,1.0
biomed,hk,2020,LIFETRONS SWITZERLAND HOLDINGS LTD,1.0
biomed,hk,2020,AURORA INTERNATIONAL LTD,1.0
biomed,hk,2020,INSILICO MEDICINE IP LTD,1.0
biomed,hk,2020,HKG EPITHERAPEUTICS LTD,1.0
biomed,hk,2020,COMPUTIME LTD,1.0
biomed,hk,2020,EMV ENHANCE HK LTD,1.0
biomed,hk,2020,ASCENTAGE PHARMA GROUP CORP LTD,1.0
biomed,hk,2020,ASCENTAGE PHARMA GROUP CORP LTD,1.0
biomed,hk,2020,CRYOELECTRIC SCIENCE LTD,1.0
biomed,hk,2020,CORXEL PHARMACEUTICALS HONG KONG LTD,0.5
biomed,hk,2020,JI XING PHARMACEUTICALS HONG KONG LTD,0.5
biomed,hk,2020,ACCRO BIOSCIENCE HK,0.5
biomed,hk,2020,ACCRO BIOSCIENCE HK LTD,0.5
biomed,hk,2020,ASCENTAGE PHARMA GROUP CORP LTD,1.0
biomed,hk,2020,WELL BEING DIGITAL LTD,1.0
biomed,hk,2020,ASCENTAGE PHARMA GROUP CORP LTD,1.0
biomed,hk,2020,CHEER GLOBAL LTD,1.0
biomed,hk,2020,CANWELL BIOTECH LTD,1.0
biomed,hk,2020,CANWELL BIOTECH LTD,1.0
biomed,hk,2020,INSILICO MEDICINE IP LTD,1.0
biomed,hk,2020,ASCENTAGE PHARMA GROUP CORP LTD,1.0
biomed,hk,2020,ARBELE LTD,1.0
biomed,hk,2020,ARBELE LTD,1.0
biomed,hk,2020,PUZHEN LIFE CO LTD,1.0
biomed,hk,2020,PUZHEN LIFE CO LTD,1.0
biomed,hk,2020,PUZHEN LIFE CO LTD,1.0
biomed,hk,2020,CONVOCATION CO LTD,1.0
biomed,hk,2020,CONNECT BIOPHARMA HONG KONG LTD,0.5
biomed,hk,2020,CONNECT BIOPHARMA HONGKONG LTD,0.5
biomed,hk,2020,LIFY COMPANY LTD,1.0
biomed,hk,2020,PUZHEN LIFE CO LTD,1.0
biomed,hk,2020,PUZHEN LIFE CO LTD,1.0
biomed,hk,2020,ASCENTAGE PHARMA GROUP CORP LTD,1.0
biomed,hk,2020,PRIME DRAGON LTD,1.0
biomed,hk,2020,REALITY BIOTECH COMPANY LTD,1.0
biomed,hk,2020,NEUROGRESS LTD,1.0
biomed,hk,2020,SMARTWAVE MEDICAL HK LTD,1.0
biomed,hk,2020,AOK TOOLING LTD,1.0
biomed,hk,2020,HEPAGENE THERAPEUTICS HK LTD,1.0
biomed,hk,2020,DIGILOCK ASIA LTD,1.0
biomed,hk,2020,ELEGANT BEST INVESTMENT LTD,1.0
biomed,hk,2020,PUZHEN LIFE CO LIMITED,0.5
biomed,hk,2020,PUZHEN LIFE CO LTD,0.5
biomed,hk,2020,INSILICO MEDICINE IP LTD,1.0
biomed,hk,2020,Lucenxia Ltd,1.0
biomed,hk,2020,ENTEROMED LTD,1.0
biomed,hk,2020,ASCENTAGE PHARMA GROUP CORP LTD,1.0
biomed,hk,2020,INSILICO MEDICINE IP LTD,1.0
biomed,hk,2020,BELUM TECH IP COMPANY LIMITED,0.5
biomed,hk,2020,BELUN TECH IP COMPANY LIMITED,0.5
biomed,hk,2020,PROVIVA THERAPEUTICS HONG KONG LTD,1.0
biomed,hk,2020,HKG EPITHERAPEUTICS LTD,1.0
biomed,hk,2020,ELIXIRON IMMUNOTHERAPEUTICS HONG KONG LTD,1.0
biomed,hk,2020,SAVELIFE BIOTECHNOLOGY CO LTD,1.0
biomed,hk,2020,SAVELIFE BIOTECHNOLOGY CO LTD,1.0
biomed,hk,2020,INNOTIER LTD,1.0
biomed,hk,2020,INSILICO MEDICINE IP LTD,1.0
biomed,hk,2020,ANTENGENE THERAPEUTICS LTD,1.0
biomed,hk,2020,ASCENTAGE PHARMA GROUP CORP LTD,1.0
biomed,hk,2020,KIN TECH LIMITED,1.0
biomed,hk,2020,AI BIOMATERIAL HEALTHTECH LTD,1.0
biomed,hk,2020,GA HEALTH COMPANY LTD,1.0
biomed,hk,2020,GA HEALTH COMPANY LTD,1.0
biomed,hk,2020,VELOCITY CORPORATION LTD,1.0
biomed,hk,2020,AI BIOMATERIAL HEALTHTECH LTD,1.0
biomed,hk,2020,PUZHEN LIFE CO LTD,1.0
biomed,hk,2020,VISION GLOBAL HOLDINGS LTD,1.0
biomed,hk,2020,PUZHEN LIFE CO LTD,1.0
biomed,hk,2020,DIGILOCK ASIA LTD,1.0
biomed,hk,2020,BETTER AIR INTERNATIONAL LTD,1.0
biomed,hk,2020,BETTER AIR INTERNATIONAL LTD,1.0
biomed,hk,2020,BETTER AIR INTERNATIONAL LTD,1.0
biomed,hk,2020,BETTER AIR INTERNATIONAL LTD,1.0
biomed,hk,2020,APRINOIA THERAPEUTICS LTD,1.0
biomed,hk,2020,LAEKNA LTD,1.0
biomed,hk,2020,ASCENTAGE PHARMA GROUP CORP LTD,1.0
biomed,hk,2020,ASCENTAGE PHARMA GROUP CORP LTD,1.0
biomed,hk,2020,TAVOTEK BIOTHERAPEUTICS HONG KONG LTD,1.0
biomed,hk,2020,BELITE BIO HK LTD,1.0
biomed,hk,2020,TAVOTEK BIOTHERAPEUTICS HONG KONG LTD,1.0
biomed,hk,2020,ASCENTAGE PHARMA GROUP CORP LTD,1.0
biomed,hk,2020,CHEER GLOBAL LTD,1.0
biomed,hk,2020,PROVIVA THERAPEUTICS HONG KONG LTD,1.0
biomed,hk,2020,ASCENTAGE PHARMA GROUP CORP LTD,1.0
biomed,hk,2020,ASCENTAGE PHARMA GROUP CORP LTD,1.0
biomed,hk,2020,CELLULAR BIOMEDICINE GROUP HK LTD,1.0
biomed,hk,2020,ASCENTAGE PHARMA GROUP CORP LTD,1.0
biomed,hk,2020,AUISET BIOTECHNOLOGY COMPANY LTD,1.0
biomed,hk,2020,SPEROGENIX THERAPEUTICS LTD,1.0
biomed,hk,2020,ASCENTAGE PHARMA GROUP CORP LTD,1.0
biomed,hk,2020,WELL BEING DIGITAL LTD,1.0
biomed,hk,2020,FLAT PLANET LTD,1.0
biomed,hk,2020,WELL BEING DIGITAL LTD,1.0
biomed,hk,2020,BILLION KING INTERNATIONAL LTD,1.0
biomed,hk,2020,PHASE SCIENT INTERNATIONAL LTD,1.0
biomed,hk,2020,COMPUTIME LTD,1.0
biomed,hk,2020,PLANTARX LTD,1.0
biomed,hk,2020,ZHAOTAI IMMUGENE BIOMEDICINE HONG KONG LTD,1.0
biomed,hk,2020,TELEFIELD MEDICAL IMAGING LTD,1.0
biomed,hk,2020,AI BIOMATERIAL HEALTHTECH LTD,1.0
biomed,hk,2020,OD THERAPEUTICS LTD,1.0
biomed,hk,2020,AVANT MEATS COMPANY LTD,1.0
biomed,hk,2020,ZHAOTAI IMMUGENE BIOMEDICINE HONG KONG LTD,1.0
biomed,hk,2020,TAVOTEK BIOTHERAPEUTICS HONG KONG LTD,1.0
biomed,hk,2020,AI BIOMATERIAL HEALTHTECH LTD,1.0
biomed,hk,2020,ASTEC INT LTD,1.0
biomed,hk,2020,SOULNANO LTD,1.0
biomed,hk,2020,SOULNANO LTD,1.0
biomed,hk,2020,IEMIS HK LTD,1.0
biomed,hk,2020,6J BIOTECHNOLOGY HONG KONG LTD,0.5
biomed,hk,2020,6J BIOTECHNOLOGY LTD,0.5
biomed,hk,2020,CRIMSON TAG LTD,1.0
biomed,hk,2020,GA HEALTH COMPANY LTD,1.0
biomed,hk,2020,6J BIOTECHNOLOGY HONG KONG LTD,1.0
biomed,hk,2020,INSILICO MEDICINE IP LTD,1.0
biomed,hk,2020,PERFECT VISION TECH HK LTD,1.0
biomed,hk,2020,TOMOIKE BIO LTD,1.0
biomed,hk,2020,INNOTIER LTD,1.0
biomed,hk,2020,REBERNI LTD,1.0
biomed,hk,2020,JOHN TECH HOLDINGS LIMITED,1.0
biomed,hk,2020,PUZHEN LIFE CO INC,1.0
biomed,hk,2020,JUPENG BIO HK LTD,1.0
biomed,hk,2020,HEPAGENE THERAPEUTICS HK LTD,1.0
biomed,hk,2020,NOBELBIOTIX RES INSTITUTE LIMITED,1.0
biomed,hk,2020,Bloomy Lotus Ltd,1.0
biomed,hk,2020,JOHN TECH HOLDINGS LIMITED,1.0
biomed,hk,2020,BELUN TECH IP COMPANY LIMITED,1.0
biomed,hk,2020,TENACIA BIOTECHNOLOGY HONG KONG CO LTD,1.0
biomed,hk,2020,ACT GENOMICS IP CO LTD,1.0
biomed,hk,2020,JACOBSON T&D LTD,1.0
biomed,hk,2020,APRINOIA THERAPEUTICS LTD,1.0
biomed,hk,2020,CORXEL PHARMACEUTICALS HONG KONG LTD,0.5
biomed,hk,2020,JI XING PHARMACEUTICALS HONG KONG LTD,0.5
biomed,hk,2020,INTERNATIONAL ASSOCIATION FOR MEDICAL AND DENTAL RES LIMITED,1.0
biomed,hk,2020,ASCENTAGE PHARMA GROUP CORP LTD,1.0
biomed,hk,2020,ASCENTAGE PHARMA GROUP CORP LTD,1.0
biomed,hk,2020,APTORUM THERAPEUTICS LTD,0.5
biomed,hk,2020,SCIPIO LIFE SCIENCES LTD,0.5
biomed,hk,2020,ASCENTAGE PHARMA GROUP CORP LTD,1.0
biomed,hk,2020,ASCENTAGE PHARMA GROUP CORP LTD,1.0
biomed,hk,2020,ASCENTAGE PHARMA GROUP CORP LTD,1.0
biomed,hk,2020,MICROBIOTA I CENTER MAGIC LTD,1.0
biomed,hk,2020,NIKEGEN LTD,1.0
biomed,hk,2020,HIFIBIO HK LTD,1.0
biomed,hk,2020,PUZHEN LIFE CO INC,1.0
biomed,hk,2020,CASETAGRAM LTD,1.0
biomed,hk,2020,AVALON BIOMEDICAL MAN LIMITED,1.0
biomed,hk,2020,AI BIOMATERIAL HEALTHTECH LTD,1.0
biomed,hk,2020,TALENGEN INT LTD,1.0
biomed,hk,2020,AI BIOMATERIAL HEALTHTECH LTD,1.0
biomed,hk,2020,MAKE GREAT SALES LTD,1.0
biomed,hk,2020,BGI HEALTH HK COMPANY LTD,1.0
biomed,hk,2020,HEPAGENE THERAPEUTICS HK LTD,1.0
biomed,hk,2020,JOHN TECH HOLDINGS LIMITED,1.0
biomed,hk,2020,LOGISTICS AND SUPPLY CHAIN MULTITECH R&D CENTRE LTD,1.0
biomed,hk,2020,LOGISTICS AND SUPPLY CHAIN MULTITECH R&D CENTRE LTD,1.0
biomed,hk,2020,FULLFAITH INTERNATIONAL HOLDING LTD,1.0
biomed,hk,2020,JI XING PHARMACEUTICALS HONG KONG LTD,1.0
biomed,hk,2020,HONG KONG ABBY TECH CO LTD,1.0
biomed,hk,2021,ZOLTRIX MAT INTERNATIONAL LIMITED,1.0
biomed,hk,2021,NOVOHEART LTD,1.0
biomed,hk,2021,HIFIBIO HK LTD,1.0
biomed,hk,2021,JUPENG BIO HK LTD,1.0
biomed,hk,2021,MEDIBOSTON LTD,1.0
biomed,hk,2021,ALBAUGH ASIA PACIFIC LTD,0.5
biomed,hk,2021,ROTAM AGROCHEM INT CO LTD,0.5
biomed,hk,2021,PERDAYS HEALTH FUNCTION FOOD CO LIMITED,1.0
biomed,hk,2021,PHASE SCIENT INTERNATIONAL LTD,1.0
biomed,hk,2021,ASCENTAGE PHARMA GROUP CORP LTD,1.0
biomed,hk,2021,ACCRO BIOSCIENCE HK LTD,1.0
biomed,hk,2021,NOVOHEART LTD,1.0
biomed,hk,2021,DIGILOCK ASIA LTD,1.0
biomed,hk,2021,TALENGEN INT LTD,1.0
biomed,hk,2021,ASCENTAGE PHARMA GROUP CORP LTD,1.0
biomed,hk,2021,TALENGEN INT LTD,1.0
biomed,hk,2021,TALENGEN INT LTD,1.0
biomed,hk,2021,YICHEN THERAPEUTICS LTD,1.0
biomed,hk,2021,SKY PERFECT INTERNATIONAL LTD,1.0
biomed,hk,2021,EVISION TECH LIMITED,0.5
biomed,hk,2021,VJ ELECTRONICS LTD,0.5
biomed,hk,2021,TALENGEN INT LTD,1.0
biomed,hk,2021,BRIGHT CLINICAL RES LIMITED,0.5
biomed,hk,2021,BRIGHT CLINICAL RES LTD,0.5
biomed,hk,2021,ASCENTAGE PHARMA GROUP CORP LTD,1.0
biomed,hk,2021,MIOS PHARMACEUTICALS LTD,1.0
biomed,hk,2021,OD THERAPEUTICS LTD,1.0
biomed,hk,2021,EUBULUS BIOTHERAPEUTICS HONG KONG LTD,1.0
biomed,hk,2021,CELLULAR BIOMEDICINE GROUP HK LTD,1.0
biomed,hk,2021,MEDAIR LTD,1.0
biomed,hk,2021,TALENGEN INT LTD,1.0
biomed,hk,2021,TALENGEN INT LTD,1.0
biomed,hk,2021,TALENGEN INT LTD,1.0
biomed,hk,2021,TALENGEN INT LTD,1.0
biomed,hk,2021,SOULNANO LTD,1.0
biomed,hk,2021,MICROBIOTA I CENTER MAGIC LTD,1.0
biomed,hk,2021,PUZHEN LIFE CO LTD,1.0
biomed,hk,2021,BGI HEALTH HK COMPANY LTD,1.0
biomed,hk,2021,GA HEALTH COMPANY LTD,1.0
biomed,hk,2021,ROTAM AGROCHEM INT CO LTD,1.0
biomed,hk,2021,AUSMED GLOBAL LTD,1.0
biomed,hk,2021,INGENIO TECH CO LIMITED,1.0
biomed,hk,2021,GRAND DECADE DEVELOPMENTS LTD,1.0
biomed,hk,2021,TENACIA BIOTECHNOLOGY HONG KONG CO LTD,1.0
biomed,hk,2021,GRAND DECADE DEVELOPMENTS LTD,1.0
biomed,hk,2021,AVALON HEPAPOC LTD,1.0
biomed,hk,2021,HONG KONG IVPS INTERNATIONAL LTD,1.0
biomed,hk,2021,PUZHEN LIFE CO LIMITED,0.5
biomed,hk,2021,PUZHEN LIFE CO LTD,0.5
biomed,hk,2021,EIELING TECH LIMITED,1.0
biomed,hk,2021,EIELING TECH LIMITED,1.0
biomed,hk,2021,PUZHEN LIFE CO LIMITED,0.5
biomed,hk,2021,PUZHEN LIFE CO LTD,0.5
biomed,hk,2021,HONG KONG KING FRIEND INDUSTRIAL COMPANY LTD,1.0
biomed,hk,2021,APRINOIA THERAPEUTICS LTD,1.0
biomed,hk,2021,ORCHESTRALL HEALTHCARE LTD,1.0
biomed,hk,2021,NOVOHEART INTERNATIONAL LTD,0.5
biomed,hk,2021,NOVOHEART LTD,0.5
biomed,hk,2021,EIELING TECH LIMITED,1.0
biomed,hk,2021,INSILICO MEDICINE IP LTD,1.0
biomed,hk,2021,TOMOPHASE LTD,1.0
biomed,hk,2021,ASCENTAGE PHARMA GROUP CORP LTD,1.0
biomed,hk,2021,EVERGREEN LAND LTD,1.0
biomed,hk,2021,ZHAOTAI IMMUGENE BIOMEDICINE HONG KONG LTD,1.0
biomed,hk,2021,YICHEN THERAPEUTICS LTD,1.0
biomed,hk,2021,BIO CANCER TREAT INTERNATIONAL LIMITED,1.0
biomed,hk,2021,CONNECT BIOPHARMA HONGKONG LTD,1.0
biomed,hk,2021,MAST INDUSTRIES FAR EAST LTD,1.0
biomed,hk,2021,SPEADTECH LTD,1.0
biomed,hk,2021,INSILICO MEDICINE IP LTD,1.0
biomed,hk,2021,BRIGHT KINGDOM GLOBAL SOURCING LTD,1.0
biomed,hk,2021,MICROBIOTA I CENTER MAGIC LTD,1.0
biomed,hk,2021,LIFESPANS LTD,1.0
biomed,hk,2021,ELIXIRON IMMUNOTHERAPEUTICS HONG KONG LTD,1.0
biomed,hk,2021,AUTOMATION FOR HUMANITY LTD,1.0
biomed,hk,2021,AUTOMATION FOR HUMANITY LTD,1.0
biomed,hk,2021,SMART CHIP MICROELECTRONIC CO LTD,1.0
biomed,hk,2021,ALCOLEAR LTD,1.0
biomed,hk,2021,HIFIBIO HK LTD,1.0
biomed,hk,2021,GRAND DECADE DEVELOPMENTS LTD,1.0
biomed,hk,2021,HIFIBIO HK LTD,1.0
biomed,hk,2021,ANTENGENE BIOLOGICS LTD,1.0
biomed,hk,2021,PREC ROBOTICS HONG KONG LIMITED,1.0
biomed,hk,2021,PREC ROBOTICS HONG KONG LIMITED,1.0
biomed,hk,2021,AI BIOMATERIAL HEALTHTECH LTD,1.0
biomed,hk,2021,AI BIOMATERIAL HEALTHTECH LTD,1.0
biomed,hk,2021,GOVITA TECH LTD,1.0
biomed,hk,2021,IEMIS HK LTD,1.0
biomed,hk,2021,AVALON BIOMEDICAL MAN LIMITED,0.5
biomed,hk,2021,AVALON STERITECH LTD,0.5
biomed,hk,2021,IEMIS HK LTD,1.0
biomed,hk,2021,IEMIS HK LTD,1.0
biomed,hk,2021,ENTEROMED LTD,1.0
biomed,hk,2021,WATERCARE TECH LIMITED,1.0
biomed,hk,2021,PUZHEN LIFE CO LTD,1.0
biomed,hk,2021,IP FULL ASSET LTD,1.0
biomed,hk,2021,HONG KONG GREEN DREAMER TECH LIMITED,1.0
biomed,hk,2021,RONDISH COMPANY LTD,1.0
biomed,hk,2021,MERIDIAN INNOVATION LTD HONG KONG,1.0
biomed,hk,2021,HEPAGENE THERAPEUTICS HK LTD,1.0
biomed,hk,2021,Bloomy Lotus Ltd,1.0
biomed,hk,2021,ACT GENOMICS IP CO LTD,1.0
biomed,hk,2021,THINKIN MAN LIMITED,1.0
biomed,hk,2021,EPIMAB BIOTHERAPEUTICS HK LTD,0.5
biomed,hk,2021,EPIMAD BIOTHERAPEUTICS HK LTD,0.5
biomed,hk,2021,HAYCO MANFACTURING LTD,0.3333333333333333
biomed,hk,2021,HAYCO MFG LIMITED,0.3333333333333333
biomed,hk,2021,HAYCO MFG LTD,0.3333333333333333
biomed,hk,2021,ROTAM AGROCHEM INT CO LTD,1.0
biomed,hk,2021,INSILICO MEDICINE IP LTD,1.0
biomed,hk,2021,ANTENGENE DISCOVERY LTD,1.0
biomed,hk,2021,WELL BEING DIGITAL LTD,1.0
biomed,hk,2021,ASCENTAGE PHARMA GROUP CORP LTD,1.0
biomed,hk,2021,NOVOHEART INTERNATIONAL LTD,1.0
biomed,hk,2021,NEW PORTAL LTD,1.0
biomed,hk,2021,NOVOHEART INTERNATIONAL LTD,1.0
biomed,hk,2021,NATUR TECH PHARMACAL CO LTD,1.0
biomed,hk,2021,FLAT PLANET LTD,1.0
biomed,hk,2021,ANTENGENE DISCOVERY LTD,1.0
biomed,hk,2021,ALEPHOSON BIOPHARMACEUTICALS LTD,1.0
biomed,hk,2021,ACT GENOMICS IP LTD,1.0
biomed,hk,2021,TALENGEN INT LTD,1.0
biomed,hk,2021,WORLD BIOTECH REGENERATIVE MEDICAL GROUP LTD,1.0
biomed,hk,2021,BLUESAIL NEW VALVE TECH ASIA LTD,1.0
biomed,hk,2021,BLUESAIL NEW VALVE TECH ASIA LTD,1.0
biomed,hk,2021,ANGITIA BIOMEDICINES LTD,1.0
biomed,hk,2021,WORLD BIOTECH REGENERATIVE MEDICAL GROUP LTD,1.0
biomed,hk,2021,WELL BEING DIGITAL LTD,1.0
biomed,hk,2021,C MER RAINSOPTICS LTD,1.0
biomed,hk,2021,LEAD BILLION LTD,1.0
biomed,hk,2021,GT APEIRON THERAPEUTICS LTD,1.0
biomed,hk,2021,PUZHEN LIFE CO LTD,1.0
biomed,hk,2021,FRESENIUS MEDICAL CARE ASIA PACIFIC LTD,1.0
biomed,hk,2021,CENTRAL VICTORY LTD HK,1.0
biomed,hk,2021,ASCENTAGE PHARMA GROUP CORP LTD,1.0
biomed,hk,2021,Bloomy Lotus Ltd,1.0
biomed,hk,2021,CASTARALO LTD,1.0
biomed,hk,2021,INNOSPIRE TECH LIMITED,1.0
biomed,hk,2021,VIVA STAR BIOSCIENCES LTD,1.0
biomed,hk,2021,Health Hope Pharma HK Ltd,1.0
biomed,hk,2021,HEALTH HOPE PHARMA LTD,0.5
biomed,hk,2021,Health Hope Pharma HK Ltd,0.5
biomed,hk,2021,ROTAM AGROCHEM INT CO LTD,1.0
biomed,hk,2021,CTR INTELLECTUAL PROPERTY CO LTD,1.0
biomed,hk,2021,CTR INTELLECTUAL PROPERTY CO LTD,1.0
biomed,hk,2021,CTR INTELLECTUAL PROPERTY CO LTD,1.0
biomed,hk,2021,ACT GENOMICS IP CO LTD,0.5
biomed,hk,2021,ACT GENOMICS IP LTD,0.5
biomed,hk,2021,JUPENG BIO HK LTD,1.0
biomed,hk,2021,ACTYWELL DIGITAL LTD,1.0
biomed,hk,2021,TAVOTEK BIOTHERAPEUTICS HONG KONG LTD,1.0
biomed,hk,2021,SUPER RICH MOULDERS LTD,1.0
biomed,hk,2021,HEALTH HOPE PHARMA LTD,1.0
biomed,hk,2021,TAVOTEK BIOTHERAPEUTICS HONG KONG LTD,1.0
biomed,hk,2021,ASCENTAGE PHARMA GROUP CORP LTD,1.0
biomed,hk,2021,PREC ROBOTICS HONG KONG LIMITED,1.0
biomed,hk,2021,TALENGEN INT LTD,1.0
biomed,hk,2021,TALENGEN INT LTD,1.0
biomed,hk,2021,HEMIX BIOTECH LTD,1.0
biomed,hk,2021,INNONEURO LTD,1.0
biomed,hk,2021,TAVOTEK BIOTHERAPEUTICS HONG KONG LTD,1.0
biomed,hk,2021,REHAB ROBOTICS COMPANY LTD,1.0
biomed,hk,2021,INTELLIGENT HEALTHCARE TECH LIMITED,1.0
biomed,hk,2021,ALCOLEAR LTD,1.0
biomed,hk,2021,ROTAM AGROCHEM INT CO LTD,1.0
biomed,hk,2021,HK LIGHT FERRY BIOMED LTD,1.0
biomed,hk,2022,PURECODON HONGKONG BIOPHARMA LTD,1.0
biomed,hk,2022,ARCTIC OCEAN TINORE TRADE CO LTD,1.0
biomed,hk,2022,ACCRO BIOSCIENCE HK LTD,1.0
biomed,hk,2022,ACT GENOMICS IP CO LTD,0.5
biomed,hk,2022,ACT GENOMICS IP LTD,0.5
biomed,hk,2022,MEDIBOSTON LTD,1.0
biomed,hk,2022,ONEGLOBE HOLDINGS LTD,1.0
biomed,hk,2022,HONG KONG OCCUPATIONAL THERAPY ASSOCIATION LTD,1.0
biomed,hk,2022,NOVOHEART INTERNATIONAL LTD,1.0
biomed,hk,2022,ASCENTAGE PHARMA GROUP CORP LTD,1.0
biomed,hk,2022,SPEROGENIX THERAPEUTICS LTD,1.0
biomed,hk,2022,HEPAGENE THERAPEUTICS HK LTD,1.0
biomed,hk,2022,ANTENGENE BIOLOGICS LTD,1.0
biomed,hk,2022,SUPER GAINER INVESTMENT LTD,1.0
biomed,hk,2022,INSILICO MEDICINE IP LTD,1.0
biomed,hk,2022,HENDERSON REAL ESTATE AGENCY LTD,0.5
biomed,hk,2022,OVE ARUP & PARTNERS HONG KONG LTD,0.5
biomed,hk,2022,INSILICO MEDICINE IP LTD,1.0
biomed,hk,2022,BILLION KING INTERNATIONAL LTD,1.0
biomed,hk,2022,BELUN TECH IP COMPANY LIMITED,1.0
biomed,hk,2022,AVALON STERITECH LTD,1.0
biomed,hk,2022,HIFIBIO HK LTD,1.0
biomed,hk,2022,TELEFIELD MEDICAL IMAGING LTD,1.0
biomed,hk,2022,6J BIOTECHNOLOGY HONG KONG LTD,1.0
biomed,hk,2022,APTACURE THERAPEUTICS LTD,1.0
biomed,hk,2022,OD THERAPEUTICS LTD,1.0
biomed,hk,2022,CANWELL BIOTECH LTD,1.0
biomed,hk,2022,PREC ROBOTICS HONG KONG LIMITED,1.0
biomed,hk,2022,BETAGEN SCIENT LIMITED,1.0
biomed,hk,2022,INGENIO TECH CO LIMITED,1.0
biomed,hk,2022,HEALTH AND HAPPINESS H&H HONG KONG LTD,1.0
biomed,hk,2022,CORXEL PHARMACEUTICALS HONG KONG LTD,0.5
biomed,hk,2022,JI XING PHARMACEUTICALS HONG KONG LTD,0.5
biomed,hk,2022,CORXEL PHARMACEUTICALS HONG KONG LTD,0.5
biomed,hk,2022,JI XING PHARMACEUTICALS HONG KONG LTD,0.5
biomed,hk,2022,DECODE CURE LTD,1.0
biomed,hk,2022,AVANT MEATS COMPANY LTD,1.0
biomed,hk,2022,SML MED TECH SOLUTIONS LTD,1.0
biomed,hk,2022,APPICINE THERAPEUTICS HK LTD,1.0
biomed,hk,2022,TELEFIELD MEDICAL IMAGING LTD,1.0
biomed,hk,2022,SILICON & SYSTEM CO LTD,1.0
biomed,hk,2022,HEMIX BIOTECH LTD,1.0
biomed,hk,2022,GREAT PACIFIC HOLDINGS LTD,1.0
biomed,hk,2022,GENEDITBIO LTD,1.0
biomed,hk,2022,PREC ROBOTICS HONG KONG LIMITED,1.0
biomed,hk,2022,SOURCE OF LIFE BIOTECHNOLOGY COMPANY LTD,1.0
biomed,hk,2022,ACCRO BIOSCIENCE HK LTD,1.0
biomed,hk,2022,EPIMAB BIOTHERAPEUTICS HK LTD,1.0
biomed,hk,2022,FUSE BIOSCIENCES HONG KONG LTD,1.0
biomed,hk,2022,ANTENGENE DISCOVERY LTD,1.0
biomed,hk,2022,MONONUCLEAR THERAPEUTICS LTD,1.0
biomed,hk,2022,INSILICO MEDICINE IP LTD,1.0
biomed,hk,2022,INSPIRAR LTD,1.0
biomed,hk,2022,HIFIBIO HK LTD,1.0
biomed,hk,2022,NANOMAB TECH LIMITED,1.0
biomed,hk,2022,CONTIN TECH LIMITED,1.0
biomed,hk,2022,CONTEMPORARY AMPEREX TECHNOLOGY HONG KONG LTD,1.0
biomed,hk,2022,STAR BRIGHT BIO TECH LTD,1.0
biomed,hk,2022,ZODIAC BIO TECH LTD,1.0
biomed,hk,2022,ROTAM AGROCHEM INT CO LTD,1.0
biomed,hk,2022,CONTEMPORARY AMPEREX TECHNOLOGY HONG KONG LTD,1.0
biomed,hk,2022,CONTEMPORARY AMPEREX TECHNOLOGY HONG KONG LTD,1.0
biomed,hk,2022,SYNGULAR TECH LIMITED,1.0
biomed,hk,2022,DREAMTEC INTELLECTUAL PROPERTY LTD,1.0
biomed,hk,2022,AP INFOSENSE LTD,1.0
biomed,hk,2022,PURECODON HONG KONG BIOPHARMA LTD,1.0
biomed,hk,2022,EIELING TECH LIMITED,1.0
biomed,hk,2022,PURECODON HONG KONG BIOPHARMA LTD,1.0
biomed,hk,2022,PURECODON HONG KONG BIOPHARMA LTD,1.0
biomed,hk,2022,MAST INDUSTRIES FAR EAST LTD,1.0
biomed,hk,2022,LABORATORY FOR SYNTHETIC CHEMISTRY AND CHEMICAL BIOLOGY LTD,1.0
biomed,hk,2022,HEALTH HOPE PHARMA LTD,1.0
biomed,hk,2022,BIRDIE BIOPHARMACEUTICALS INC,1.0
biomed,hk,2022,ROTAM AGROCHEM INT CO LTD,1.0
biomed,hk,2022,HIFIBIO HK LTD,1.0
biomed,hk,2022,DYNAMIC CENTURY HOLDINGS LTD,1.0
biomed,hk,2022,SILICON & SYSTEM CO LTD,1.0
biomed,hk,2022,SINOMAB BIOSCIENCE LTD,1.0
biomed,hk,2022,HEPAGENE THERAPEUTICS HK LTD,1.0
biomed,hk,2022,HEPAGENE THERAPEUTICS HK LTD,1.0
biomed,hk,2022,ALEBUND PHARMACEUTICALS HONG KONG LTD,1.0
biomed,hk,2022,PACBRIDGE PARTNERS II INVEST CO LTD,1.0
biomed,hk,2022,NANOMAB TECH LIMITED,1.0
biomed,hk,2022,YICHEN THERAPEUTICS LTD,1.0
biomed,hk,2022,GREAT PACIFIC HOLDINGS LTD,1.0
biomed,hk,2022,PREC ROBOTICS HONG KONG LIMITED,1.0
biomed,hk,2022,ASCENTAGE PHARMA GROUP CORP LTD,1.0
biomed,hk,2022,PULMONGENE HONG KONG CO LTD,1.0
biomed,hk,2022,HUNG HON INDUSTRIAL COMPANY LTD,1.0
biomed,hk,2022,ACERAND THERAPEUTICS HONG KONG LTD,1.0
biomed,hk,2022,ONEGLOBE HOLDINGS LTD,1.0
biomed,hk,2022,APTACURE THERAPEUTICS LTD,1.0
biomed,hk,2022,ANTENGENE DISCOVERY LTD,1.0
biomed,hk,2022,ACT GENOMICS IP LTD,1.0
biomed,hk,2022,SILICON & SYSTEM CO LTD,1.0
biomed,hk,2022,ALCOLEAR LTD,1.0
biomed,hk,2022,PANOPTICAI LTD,1.0
biomed,hk,2022,ENANO HEALTH LTD,1.0
biomed,hk,2022,CONTEMPORARY AMPEREX TECHNOLOGY HONG KONG LTD,1.0
biomed,hk,2022,TAVOTEK BIOTHERAPEUTICS HONG KONG LTD,1.0
biomed,hk,2022,PURECODON HONG KONG BIOPHARMA LTD,1.0
biomed,hk,2022,MAST INDUSTRIES FAR EAST LTD,1.0
biomed,hk,2022,HONG KONG MORNING STAR INTERNATIONAL HOLDING LTD,1.0
biomed,hk,2022,RMW CHO GROUP LTD,1.0
biomed,hk,2022,RMW CHO GROUP LTD,1.0
biomed,hk,2022,RMW CHO GROUP LTD,1.0
biomed,hk,2022,SINDBAD GROUP LTD,1.0
biomed,hk,2022,PLESON HK TECH LIMITED,1.0
biomed,hk,2022,ARBELE LTD,0.5
biomed,hk,2022,TIBERIAS TECH HK LIMITED,0.5
biomed,hk,2022,ARBELE LTD,1.0
biomed,hk,2022,YICHEN THERAPEUTICS LTD,1.0
biomed,hk,2022,INSILICO MEDICINE IP LTD,1.0
biomed,hk,2022,SINOMAB BIOSCIENCE LTD,1.0
biomed,hk,2022,ACERAND THERAPEUTICS HONG KONG LTD,1.0
biomed,hk,2022,INSILICO MEDICINE IP LTD,1.0
biomed,hk,2022,EPIMAB BIOTHERAPEUTICS HK LTD,1.0
biomed,hk,2022,INSILICO MEDICINE IP LTD,1.0
biomed,hk,2022,RHT LTD,1.0
biomed,hk,2022,INSILICO MEDICINE IP LTD,1.0
biomed,hk,2022,INSILICO MEDICINE IP LTD,1.0
biomed,hk,2022,INSILICO MEDICINE IP LTD,1.0
biomed,hk,2022,INSILICO MEDICINE IP LTD,1.0
biomed,hk,2022,RHT LTD,1.0
biomed,hk,2022,FULL LIFE TECH HK LIMITED,1.0
biomed,hk,2022,INSILICO MEDICINE IP LTD,1.0
biomed,hk,2022,INTELLIGENT HEALTHCARE TECH LIMITED,1.0
biomed,hk,2022,PACBRIDGE PARTNERS II INVEST CO LTD,1.0
biomed,hk,2022,FBD BIOLOGICS LTD,1.0
biomed,hk,2022,FBD BIOLOGICS LTD,1.0
biomed,hk,2022,ACCRO BIOSCIENCE HK LTD,1.0
biomed,hk,2022,MULTI SCALE MEDICAL ROBOTICS CENTER LTD,1.0
biomed,hk,2022,MULTI SCALE MEDICAL ROBOTICS CENTER LTD,1.0
biomed,hk,2022,FBD BIOLOGICS LTD,1.0
biomed,hk,2022,FBD BIOLOGICS LTD,1.0
biomed,hk,2022,AI GUIDED LTD,1.0
biomed,hk,2022,ASG INSPIRATION LABORATORY LTD,1.0
biomed,hk,2023,REHAB ROBOTICS COMPANY LTD,1.0
biomed,hk,2023,REHAB ROBOTICS COMPANY LTD,0.5
biomed,hk,2023,VINCENT MEDICAL MANUFACTUING CO LTD,0.5
biomed,hk,2023,INSILICO MEDICINE IP LTD,1.0
biomed,hk,2023,HIGH DEVELOPMENT LTD,1.0
biomed,hk,2023,LAEKNA LTD,1.0
biomed,hk,2023,AVALON STERITECH LTD,1.0
biomed,hk,2023,ACERAND THERAPEUTICS HONG KONG LTD,1.0
biomed,hk,2023,LABORATORY FOR SYNTHETIC CHEMISTRY AND CHEMICAL BIOLOGY LTD,1.0
biomed,hk,2023,ANTENGENE DISCOVERY LTD,1.0
biomed,hk,2023,INSILICO MEDICINE IP LTD,1.0
biomed,hk,2023,HIFIBIO HK LTD,1.0
biomed,hk,2023,RONA BIOSCIENCE LTD,1.0
biomed,hk,2023,HIFIBIO HK LTD,1.0
biomed,hk,2023,GENSE TECH LIMITED,1.0
biomed,hk,2023,INSILICO MEDICINE IP LTD,1.0
biomed,hk,2023,FULL LIFE TECH HK LIMITED,1.0
biomed,hk,2023,SINOMAB BIOSCIENCE LTD,1.0
biomed,hk,2023,SIRONAX HONG KONG CO LIMITED,1.0
biomed,hk,2023,INSILICO MEDICINE IP LTD,1.0
biomed,hk,2023,INSILICO MEDICINE IP LTD,1.0
biomed,hk,2023,ASCENTAGE PHARMA GROUP CORP LTD,1.0
biomed,hk,2023,INDHOUSE LTD,1.0
biomed,hk,2023,ELIXIRON IMMUNOTHERAPEUTICS HONG KONG LTD,1.0
biomed,hk,2023,ANTENGENE BIOLOGICS LTD,1.0
biomed,hk,2023,GENEDITBIO LTD,1.0
biomed,hk,2023,INSILICO MEDICINE IP LTD,1.0
biomed,hk,2023,THERAXYTE BIOSCIENCE HONG KONG LTD,1.0
biomed,hk,2023,ANGITIA BIOMEDICINES LTD,1.0
biomed,hk,2023,ACERAND THERAPEUTICS HONG KONG LTD,1.0
biomed,hk,2023,WELL BEING DIGITAL LTD,1.0
biomed,hk,2023,AGILIS ROBOTICS LTD,1.0
biomed,hk,2023,IEMIS HK LTD,1.0
biomed,hk,2023,CONTEMPORARY AMPEREX TECHNOLOGY HONG KONG LTD,1.0
biomed,hk,2023,CONTEMPORARY AMPEREX TECHNOLOGY HONG KONG LTD,1.0
biomed,hk,2023,LOGISTICS AND SUPPLY CHAIN MULTITECH R&D CENTRE LTD,1.0
biomed,hk,2023,LOGISTICS AND SUPPLY CHAIN MULTITECH R&D CENTRE LTD,1.0
biomed,hk,2023,LOGISTICS AND SUPPLY CHAIN MULTITECH R&D CENTRE LTD,1.0
biomed,hk,2023,RMW CHO GROUP LTD,1.0
biomed,hk,2023,REHAB ROBOTICS COMPANY LTD,1.0
biomed,hk,2023,RMW CHO GROUP LTD,1.0
biomed,hk,2023,GENSE TECH LIMITED,1.0
biomed,hk,2023,MULTI SCALE MEDICAL ROBOTICS CENTER LTD,1.0
biomed,hk,2023,PENTIDE THERAPEUTICS LTD,1.0
biomed,hk,2023,SPEROGENIX THERAPEUTICS LTD,1.0
biomed,hk,2023,ELIXIRON IMMUNOTHERAPEUTICS HONG KONG LTD,1.0
biomed,hk,2023,AVANT MEATS COMPANY LTD,1.0
biomed,hk,2023,ANTENGENE BIOLOGICS LTD,1.0
biomed,hk,2023,SIRONAX HONG KONG CO LIMITED,1.0
biomed,hk,2023,RONA BIOSCIENCE LIMITED,0.5
biomed,hk,2023,RONA BIOSCIENCE LTD,0.5
biomed,hk,2023,RONA BIOSCIENCE LTD,1.0
biomed,hk,2023,GENEDITBIO LTD,1.0
biomed,hk,2023,RONA BIOSCIENCE LTD,1.0
biomed,hk,2023,MICROBIOTA I CENTER MAGIC LTD,1.0
biomed,hk,2023,INSILICO MEDICINE IP LTD,1.0
biomed,hk,2023,THERAXYTE BIOSCIENCE HONG KONG LTD,1.0
biomed,hk,2023,ASG INSPIRATION LABORATORY LTD,1.0
biomed,hk,2023,SYNERK BIOTECH LTD,1.0
biomed,hk,2023,SYNERK BIOTECH LTD,1.0
biomed,hk,2023,SYNERK BIOTECH LTD,1.0
biomed,hk,2023,SYNERK BIOTECH LTD,1.0
biomed,hk,2023,GEB IMPACT TECH COMPANY LIMITED,1.0
biomed,hk,2023,AI MNEMONIC LTD,1.0
biomed,hk,2023,MEDIBOSTON LTD,1.0
biomed,hk,2023,ASIAN PRIME SOURCES LTD,1.0
biomed,hk,2023,PHASE SCIENT INTERNATIONAL LTD,0.5
biomed,hk,2023,PHASE SCIENTIFIC INTERNATIONAL LTD,0.5
biomed,hk,2023,PHASE SCIENT INTERNATIONAL LTD,1.0
biomed,hk,2023,PHASE SCIENT INTERNATIONAL LTD,1.0
biomed,hk,2023,JUPENG BIO HK LTD,1.0
biomed,hk,2023,GERMANY HEALMUSZ INTERNATIONAL CO LTD,1.0
biomed,hk,2023,ACCRO BIOSCIENCE HK LTD,1.0
biomed,hk,2023,SOUTH KING HEALTH LTD,1.0
biomed,hk,2023,MOEXA PHARMACEUTICALS LTD,1.0
biomed,hk,2023,INSILICO MEDICINE IP LTD,1.0
biomed,hk,2023,ENDOWAYS HONG KONG MEDICAL CO LTD,1.0
biomed,hk,2023,MULTI SCALE MEDICAL ROBOTICS CENTER LTD,1.0
biomed,hk,2023,PROVIVA THERAPEUTICS HONG KONG LTD,1.0
biomed,hk,2023,INSILICO MEDICINE IP LTD,1.0
biomed,hk,2023,PREC ROBOTICS HONG KONG LIMITED,1.0
biomed,hk,2023,ANTENGENE BIOLOGICS LTD,1.0
biomed,hk,2023,INSILICO MEDICINE IP LTD,1.0
biomed,hk,2023,PROVIVA THERAPEUTICS HONG KONG LTD,1.0
biomed,hk,2023,SIRONAX HONG KONG CO LIMITED,1.0
biomed,hk,2023,INSILICO MEDICINE IP LTD,1.0
biomed,hk,2023,SMARTWAVE MEDICAL HK LTD,1.0
biomed,hk,2023,PREC ROBOTICS HONG KONG LIMITED,1.0
biomed,hk,2023,PLESON HK TECH LIMITED,1.0
biomed,hk,2023,PLESON HK TECH LIMITED,1.0
biomed,hk,2023,BING BIOTECH LTD,1.0
biomed,hk,2023,VK Meditech Co Ltd,1.0
biomed,hk,2023,LABORATORY OF DATA DISCOVERY FOR HEALTH LTD,1.0
biomed,hk,2023,REESTAR INTERNATIONAL LTD,1.0
biomed,hk,2023,ADVANCED BIOMEDICAL INSTRUMENTATION CENTRE LTD,1.0
biomed,hk,2023,ADVANCED BIOMEDICAL INSTRUMENTATION CENTRE LTD,1.0
biomed,hk,2023,RMW CHO GROUP LTD,1.0
biomed,hk,2023,PLESON HK TECH LIMITED,1.0
biomed,hk,2023,RMW CHO GROUP LTD,1.0
biomed,hk,2023,REHAB ROBOTICS COMPANY LTD,1.0
biomed,hk,2023,FBD BIOLOGICS LTD,1.0
biomed,hk,2023,RINUAGENE INTERNATIONAL HK LTD,1.0
biomed,hk,2023,SANMA ELETRON HONG KONG APPLIANCE COMPANY LTD,1.0
biomed,hk,2023,MULTI SCALE MEDICAL ROBOTICS CENTER LTD,1.0
biomed,hk,2023,MULTI SCALE MEDICAL ROBOTICS CENTER LTD,1.0
biomed,hk,2023,MULTI SCALE MEDICAL ROBOTICS CENTER LTD,1.0
biomed,hk,2023,FULL LIFE TECH HK LIMITED,1.0
biomed,hk,2023,VELLPHARM COMPANY LTD,1.0
biomed,hk,2023,FBD BIOLOGICS LTD,1.0
biomed,hk,2023,TALENGEN INT LTD,1.0
biomed,hk,2023,TALENGEN INT LTD,1.0
biomed,hk,2023,GMP BIOTECHNOLOGY LTD,1.0
biomed,hk,2023,ACERAND THERAPEUTICS HONG KONG LTD,1.0
biomed,hk,2023,INSILICO MEDICINE IP LTD,1.0
biomed,hk,2023,FULL LIFE TECH HK LIMITED,1.0
biomed,hk,2023,ELIXIRON IMMUNOTHERAPEUTICS HONG KONG LTD,1.0
biomed,hk,2023,GENEDITBIO LTD,1.0
biomed,hk,2023,MULTI SCALE MEDICAL ROBOTICS CENTER LTD,1.0
biomed,hk,2023,TCRCURE HONG KONG LTD,1.0
biomed,hk,2023,RINUAGENE INTERNATIONAL HK LTD,1.0
biomed,hk,2023,INSILICO MEDICINE IP LTD,1.0
biomed,hk,2023,FULL LIFE TECH HK LIMITED,1.0
biomed,hk,2023,SPH BIOTHERAPEUTICS HK LTD,1.0
biomed,hk,2023,INSILICO MEDICINE IP LTD,1.0
biomed,hk,2023,FULL LIFE TECH HK LIMITED,1.0
biomed,hk,2023,FRESH ON LTD,1.0
biomed,hk,2023,REESTAR INTERNATIONAL LTD,1.0
biomed,sg,2015,ONEEMPOWER PTE LTD,1.0
biomed,sg,2015,DH TECHNOLOGIES DEV PTE LTD,1.0
biomed,sg,2015,HILL ROM SERVICES PTE LTD,1.0
biomed,sg,2015,WAVE LIFE SCIENCES LTD,0.5
biomed,sg,2015,WAVE LIFE SCIENCES PTE LTD,0.5
biomed,sg,2015,VELA OPERATIONS PTE LTD,0.5
biomed,sg,2015,VELA OPERATIONS SINGAPORE PTE LTD,0.5
biomed,sg,2015,FITSON SINGAPORE PTE LTD,1.0
biomed,sg,2015,VELA OPERATIONS PTE LTD,0.5
biomed,sg,2015,VELA OPERATIONS SINGAPORE PTE LTD,0.5
biomed,sg,2015,DIGITAL SURGICALS PTE LTD,1.0
biomed,sg,2015,HOPE TECHNIK PTE LTD,1.0
biomed,sg,2015,NOVEX SCIENCE PTE LTD,1.0
biomed,sg,2015,STEMCELL ESSENTIALS PTE LTD,1.0
biomed,sg,2015,DOTTER INTELLECTUAL PTE LTD,1.0
biomed,sg,2015,EVEREST MEDICINES SINGAPORE PTE LTD,1.0
biomed,sg,2015,ADVANCED FIRST AID RES PTE LTD,1.0
biomed,sg,2015,WAVE LIFE SCIENCES LTD,0.5
biomed,sg,2015,WAVE LIFE SCIENCES PTE LTD,0.5
biomed,sg,2015,NAT HEART CENTRE SINGAPORE PTE LTD,0.5
biomed,sg,2015,SINGAPORE HEALTH SERVICES PTE,0.5
biomed,sg,2015,DH TECHNOLOGIES DEV PTE LTD,1.0
biomed,sg,2015,OSIM INT LTD,0.5
biomed,sg,2015,OSIM INT PTE LTD,0.5
biomed,sg,2015,SINGAPORE ZE&Z INT PTE LTD,0.3333333333333333
biomed,sg,2015,SINGAPORE ZE&Z INTERNAT PTE LTD,0.3333333333333333
biomed,sg,2015,SINGAPORE ZE&ZINTERNATIONAL PTE LTD,0.3333333333333333
biomed,sg,2015,SG MEDITECH PTE LTD,1.0
biomed,sg,2015,I SUPPORT PTE LTD,0.5
biomed,sg,2015,SUPPORT PTE LTD I,0.5
biomed,sg,2015,GET TO KNOW YOUR BRAIN PTE LTD,1.0
biomed,sg,2015,SCI WAVE PTE LTD,1.0
biomed,sg,2015,ENDOMASTER PTE LTD,1.0
biomed,sg,2015,XERAFY SINGAPORE PTE LTD,1.0
biomed,sg,2015,MENICON SINGAPORE PTE LTD,1.0
biomed,sg,2015,DOTTER INTELLECTUAL PTE LTD,1.0
biomed,sg,2015,OSIM INT LTD,1.0
biomed,sg,2015,AON GLOBAL OPERATIONS LTD SINGAPORE BRANCH REG T12FC0122F,1.0
biomed,sg,2015,MERLION PHARMACEUTICALS PTE LTD,1.0
biomed,sg,2015,SIVANTOS PTE LTD,1.0
biomed,sg,2015,AMT PTE LTD,0.5
biomed,sg,2015,Aurum Medicare Pte Ltd,0.5
biomed,sg,2015,ADVANCED FIRST AID RES PTE LTD,1.0
biomed,sg,2015,MHC MEDICAL NETWORK PTE LTD,1.0
biomed,sg,2015,RACER TECH PTE LTD,0.5
biomed,sg,2015,RACER TECHNOLOGY PTE LTD,0.5
biomed,sg,2015,NEXTAN PTE LTD,1.0
biomed,sg,2015,OSIM INT LTD,0.5
biomed,sg,2015,OSIM INT PTE LTD,0.5
biomed,sg,2015,ENDOMASTER PTE LTD,1.0
biomed,sg,2015,ENDOMASTER PTE LTD,1.0
biomed,sg,2015,NAT CANCER CT OF SINGAPORE PTE LTD,1.0
biomed,sg,2015,CELLRES CORP PTE LTD,0.5
biomed,sg,2015,CELLRESEARCH CORP PTE LTD,0.5
biomed,sg,2015,CELLRES CORP PTE LTD,0.5
biomed,sg,2015,CELLRESEARCH CORP PTE LTD,0.5
biomed,sg,2015,ADVENT ACCESS PTE LTD,1.0
biomed,sg,2015,IX BIOPHARMA LTD,1.0
biomed,sg,2015,TEMASEK LIFE SCIENCES LAB LTD,1.0
biomed,sg,2015,CEREBOS PACIFIC LTD,0.5
biomed,sg,2015,SUNTORY BEVERAGE AND FOOD ASIA PTE LTD,0.5
biomed,sg,2015,VELA OPERATIONS PTE LTD,0.5
biomed,sg,2015,VELA OPERATIONS SINGAPORE PTE LTD,0.5
biomed,sg,2015,HCP HEALTHCARE ASIA PTE LTD,1.0
biomed,sg,2015,AUSTRIANOVA SINGAPORE PTE LTD,1.0
biomed,sg,2015,ILLUMINA SINGAPORE PTE LTD,1.0
biomed,sg,2015,VELA OPERATIONS PTE LTD,0.5
biomed,sg,2015,VELA OPERATIONS SINGAPORE PTE LTD,0.5
biomed,sg,2015,FMCG CONSULTING LTD,1.0
biomed,sg,2015,VELA OPERATIONS SINGAPORE PTE LTD,1.0
biomed,sg,2015,VALLAURIX PTE LTD,1.0
biomed,sg,2015,VALLAURIX PTE LTD,1.0
biomed,sg,2015,SMITH & NEPHEW ASIA PACIFIC PTE LTD,1.0
biomed,sg,2015,SMITH & NEPHEW ASIA PACIFIC PTE LTD,1.0
biomed,sg,2015,NEPHEW ASIA PACIFIC PTE LTD,0.5
biomed,sg,2015,SMITH & NEPHEW ASIA PACIFIC PTE LTD,0.5
biomed,sg,2015,MEIBAN INT PTE LTD,1.0
biomed,sg,2015,MEIBAN INT PTE LTD,1.0
biomed,sg,2015,PRESTIGE BIOPHARMA PTE LTD,1.0
biomed,sg,2015,BCS BUSINESS CONSULTING SERVICES PTE LTD,1.0
biomed,sg,2015,Vios Medical Singapore PTE LTD,1.0
biomed,sg,2015,BCS BUSINESS CONSULTING SERVICES PTE LTD,1.0
biomed,sg,2015,LIFETRACK MEDICAL SYSTEMS PRIVATE LTD,1.0
biomed,sg,2015,LIFESTYLES HEALTHCARE PTE LTD,1.0
biomed,sg,2015,CREDO BIOMEDICAL PTE LTD,1.0
biomed,sg,2015,ADVANCED ELECTROACOUSTIC PTE LTD,1.0
biomed,sg,2015,WONG FONG ENGINEERING WORKS 1988 PTE LTD,1.0
biomed,sg,2015,BECTON DICKINSON HOLDINGS PTE LTD,1.0
biomed,sg,2015,AMARANTH MEDICAL PTE,1.0
biomed,sg,2015,WONG FONG ENGINEERING WORKS 1988 PTE LTD,1.0
biomed,sg,2015,BEAUTY NATION PTE LTD,0.5
biomed,sg,2015,THE BEAUTY NATION PTE LTD,0.5
biomed,sg,2015,Sano V Pte Ltd,1.0
biomed,sg,2015,RAZER ASIA PACIFIC PTE LTD,1.0
biomed,sg,2015,TEMASEK LIFE SCIENCES LAB LTD,1.0
biomed,sg,2015,HEPTAGON MICRO OPTICS PTE LTD,1.0
biomed,sg,2015,NUCLEUS DYNAMICS PTE LTD,1.0
biomed,sg,2015,GOODMAN FIELDER PTE LTD,1.0
biomed,sg,2015,XENTIQ PARTNERS (PTE ) LTD,0.5
biomed,sg,2015,XENTIQ PARTNERS PTE LTD,0.5
biomed,sg,2015,JN MEDSYS PTE LTD,1.0
biomed,sg,2015,RAZER (ASIA-PACIFIC) PTE LTD,0.5
biomed,sg,2015,RAZER ASIA PACIFIC PTE LTD,0.5
biomed,sg,2015,CELL ID PTE LTD,1.0
biomed,sg,2015,HYPHENS PHARMA PTE LTD,1.0
biomed,sg,2015,ES CELL INT PTE LTD,1.0
biomed,sg,2015,WISTA LAB LTD,1.0
biomed,sg,2015,WISTA LAB LTD,1.0
biomed,sg,2015,VIN DE BONA TRADING CO PTE LTD,1.0
biomed,sg,2015,WISTA LAB LTD,1.0
biomed,sg,2015,AVAGO TECH INT SALES PTE LID,0.5
biomed,sg,2015,AVAGO TECHNOLOGIES GENERAL IP,0.5
biomed,sg,2015,QUATTRO VASCULAR PTE LTD,1.0
biomed,sg,2015,BIOSENSORS INT GROUP LTD,1.0
biomed,sg,2015,RENEW GROUP PRIVATE LTD,0.5
biomed,sg,2015,RENEW GROUP PTE LTD,0.5
biomed,sg,2015,BCS BUSINESS CONSULTING SERVICES PTE LTD,1.0
biomed,sg,2015,STERLING IP PTE LTD,1.0
biomed,sg,2015,HCP HEALTHCARE ASIA PTE LTD,1.0
biomed,sg,2015,HCP HEALTHCARE ASIA PTE LTD,1.0
biomed,sg,2015,RENEW GROUP PRIVATE LTD,1.0
biomed,sg,2015,HCP HEALTHCARE ASIA PTE LTD,1.0
biomed,sg,2015,LEICA INSTR (SINGAPORE) PTE LTD,0.5
biomed,sg,2015,LEICA INSTR SINGAPORE PTE LTD,0.5
biomed,sg,2015,CREATIVE TECH LTD,1.0
biomed,sg,2015,BECTON DICKINSON HOLDINGS PTE LTD,1.0
biomed,sg,2015,LEICA INSTR (SINGAPORE) PTE LTD,0.5
biomed,sg,2015,LEICA INSTR SINGAPORE PTE LTD,0.5
biomed,sg,2015,LEICA INSTR (SINGAPORE) PTE LTD,0.5
biomed,sg,2015,LEICA INSTR SINGAPORE PTE LTD,0.5
biomed,sg,2015,HCP HEALTHCARE ASIA PTE LTD,1.0
biomed,sg,2015,R K TECHNOLOGY & INVEST PTE LTD,1.0
biomed,sg,2015,RENEW GROUP PRIVATE LTD,0.5
biomed,sg,2015,RENEW GROUP PTE LTD,0.5
biomed,sg,2015,HEPTAGON MICRO OPTICS PTE LTD,1.0
biomed,sg,2015,KOFFEEFRUIT PTE LTD,1.0
biomed,sg,2015,NAT SKIN CENTRE SINGAPORE PTE LTD,1.0
biomed,sg,2015,HAISCO INNOVATIVE PHARMACEUTICAL PTE LTD,1.0
biomed,sg,2015,TESSA THERAPEUTICS PTE LTD,1.0
biomed,sg,2015,ORBUSNEICH MEDICAL PTE LTD,1.0
biomed,sg,2015,TEMASEK LIFE SCIENCES LAB LTD,1.0
biomed,sg,2015,BITWAVE PTE LTD,1.0
biomed,sg,2015,BIOMAX HOLDINGS PTE LTD,1.0
biomed,sg,2015,ROOT KING PTE LTD,1.0
biomed,sg,2015,ROOT KING PTE LTD,1.0
biomed,sg,2015,NAT SKIN CENTER (S) PTE LTD,0.3333333333333333
biomed,sg,2015,NAT SKIN CENTER S PTE LTD,0.3333333333333333
biomed,sg,2015,NAT SKIN CT S PTE LTD,0.3333333333333333
biomed,sg,2015,AWAK TECH PTE LTD,1.0
biomed,sg,2015,NDR MEDICAL TECH PTE LTD,0.5
biomed,sg,2015,NDR MEDICAL TECHNOLOGY PTE LTD,0.5
biomed,sg,2015,DELTA ELECTRONICS INTL SINGAPORE PTE LTD,0.3333333333333333
biomed,sg,2015,DELTA ELECTRONICS INT’L SINGAPORE PTE LTD,0.3333333333333333
biomed,sg,2015,Delta Electronics Int'l (Singapore) Pte Ltd,0.3333333333333333
biomed,sg,2015,PEREGRINE OPHTHALMIC PTE LTD,1.0
biomed,sg,2015,PEREGRINE OPHTHALMIC PTE LTD,1.0
biomed,sg,2015,MANLI INT LTD,1.0
biomed,sg,2015,WISEBRACE PTE LTD,1.0
biomed,sg,2015,MOLEAC PTE LTD,1.0
biomed,sg,2015,Vios Medical Singapore PTE LTD,1.0
biomed,sg,2015,WISTA LAB LTD,1.0
biomed,sg,2015,CEREBOS PACIFIC LTD,1.0
biomed,sg,2015,ADVENT ACCESS PTE LTD,1.0
biomed,sg,2015,QUATTRO VASCULAR PTE LTD,1.0
biomed,sg,2015,SINGAPORE VOLITION PTE LTD,1.0
biomed,sg,2015,AUSTRIANOVA SINGAPORE PTE LTD,1.0
biomed,sg,2015,QUATTRO VASCULAR PTE LTD,1.0
biomed,sg,2015,QUATTRO VASCULAR PTE LTD,1.0
biomed,sg,2015,HCP HEALTHCARE ASIA PTE LTD,1.0
biomed,sg,2015,HCP HEALTHCARE ASIA PTE LTD,1.0
biomed,sg,2015,ARLANXEO SINGAPORE PTE LTD,1.0
biomed,sg,2015,MEDLINX ACACIA PTE LTD,1.0
biomed,sg,2015,HCP HEALTHCARE ASIA PTE LTD,1.0
biomed,sg,2015,HCP HEALTHCARE ASIA PTE LTD,1.0
biomed,sg,2015,AGRONOSIS PTE LTD,1.0
biomed,sg,2015,MERLION PHARMACEUTICALS PTE LTD,1.0
biomed,sg,2015,AACHEN SCIENT INT PTE LTD,0.5
biomed,sg,2015,AACHEN SCIENT INTERNATIONAL PTE LTD,0.5
biomed,sg,2015,SINGAPORE VOLITION PTE LTD,1.0
biomed,sg,2015,QUATTRO VASCULAR PTE LTD,1.0
biomed,sg,2015,ANX IP HOLDING PTE LTD,1.0
biomed,sg,2015,NATURION PTE LTD,1.0
biomed,sg,2015,HCP HEALTHCARE ASIA PTE LTD,1.0
biomed,sg,2015,HCP HEALTHCARE ASIA PTE LTD,1.0
biomed,sg,2015,NEURO CODE HOLDINGS PTE LTD,1.0
biomed,sg,2015,NEURO CODE HOLDINGS PTE LTD,1.0
biomed,sg,2015,HCP HEALTHCARE ASIA PTE LTD,1.0
biomed,sg,2015,SCICLONE PHARMACEUTICALS INT SG PTE LTD,1.0
biomed,sg,2015,TEMASEK LIFE SCIENCES LAB LTD,1.0
biomed,sg,2015,ORBUSNEICH MEDICAL PTE LTD,1.0
biomed,sg,2015,SCINOPHARM SINGAPORE PTE LTD,1.0
biomed,sg,2015,ACI MEDICAL PTE LTD,1.0
biomed,sg,2015,Innotech Resources Pte Ltd,1.0
biomed,sg,2015,MCLINICA PTE LTD,1.0
biomed,sg,2015,DRGEORGIALEE PTE LTD,1.0
biomed,sg,2015,AIM BIOTECH PTE LTD,1.0
biomed,sg,2015,RAZER ASIA PACIFIC PTE LTD,1.0
biomed,sg,2015,CENNERV PHARMA (S) PTE LTD,0.5
biomed,sg,2015,CENNERV PHARMA S PTE LTD,0.5
biomed,sg,2015,JJSK R & D PTE LTD,0.25
biomed,sg,2015,JJSK R AND D PTE LTD,0.25
biomed,sg,2015,JJSK R&D Pte Ltd,0.25
biomed,sg,2015,JYSK SKIN SOLUTIONS PTE LTD,0.25
biomed,sg,2015,TEMASEK LIFE SCIENCES LAB LTD,1.0
biomed,sg,2015,INNOVFUSION PTE LTD,1.0
biomed,sg,2015,DH TECHNOLOGIES DEV PTE LTD,1.0
biomed,sg,2015,NITTO DENKO CORP,1.0
biomed,sg,2015,NITTO DENKO CORP,1.0
biomed,sg,2015,SIVANTOS PTE LTD,1.0
biomed,sg,2015,SIVANTOS PTE LTD,1.0
biomed,sg,2015,LENOVO ENTPR SOLUTIONS SINGAPORE PTE LTD,1.0
biomed,sg,2015,AMT PTE LTD,0.5
biomed,sg,2015,Aurum Medicare Pte Ltd,0.5
biomed,sg,2015,NOVEX SCIENCE PTE LTD,1.0
biomed,sg,2015,PEREGRINE OPHTHALMIC PTE LTD,1.0
biomed,sg,2015,ARROW MED DESIGN PTE LTD,0.5
biomed,sg,2015,ARROW-MED DESIGN PTE LTD,0.5
biomed,sg,2015,RED HORSE HOLDINGS PTE LTD,1.0
biomed,sg,2016,WISTA LAB LTD,1.0
biomed,sg,2016,MOLEAC PTE LTD,1.0
biomed,sg,2016,CEREBOS PACIFIC LTD,0.5
biomed,sg,2016,SUNTORY BEVERAGE & FOOD ASIA PTE LTD,0.5
biomed,sg,2016,WISTA LAB LTD,1.0
biomed,sg,2016,HILL ROM SERVICES PTE LTD,0.5
biomed,sg,2016,HILL-ROM SERVICES PTE LTD,0.5
biomed,sg,2016,SILEZIA GROUP PTE LTD,1.0
biomed,sg,2016,ORCHID MEDICAL PTE LTD,1.0
biomed,sg,2016,LEICA INSTR (SINGAPORE) PTE LTD,0.5
biomed,sg,2016,LEICA INSTR SINGAPORE PTE LTD,0.5
biomed,sg,2016,LEICA INSTR SINGAPORE PTE LTD,1.0
biomed,sg,2016,LEICA INSTR (SINGAPORE) PTE LTD,0.5
biomed,sg,2016,LEICA INSTR SINGAPORE PTE LTD,0.5
biomed,sg,2016,LEICA INSTR (SINGAPORE) PTE LTD,0.5
biomed,sg,2016,LEICA INSTR SINGAPORE PTE LTD,0.5
biomed,sg,2016,SCICLONE PHARMACEUTICALS INT SG PTE LTD,1.0
biomed,sg,2016,ALGAE GLOBAL CENTER PTE LTD,1.0
biomed,sg,2016,RG SMART PTE LTD,1.0
biomed,sg,2016,RG SMART PTE LTD,0.5
biomed,sg,2016,RGE SMART PTE LTD,0.5
biomed,sg,2016,BCS BUSINESS CONSULTING SERVICES PTE LTD,1.0
biomed,sg,2016,SHANTON PHARMA PTE LTD,1.0
biomed,sg,2016,TEMASEK LIFE SCIENCES LAB LTD,1.0
biomed,sg,2016,Vios Medical Singapore PTE LTD,1.0
biomed,sg,2016,DH TECHNOLOGIES DEV PTE LTD,1.0
biomed,sg,2016,KAISHI PTE LTD,1.0
biomed,sg,2016,SOMNETICS GLOBAL PTE LTD,1.0
biomed,sg,2016,LUCENCE DIAGNOSTICS PTE LTD,0.5
biomed,sg,2016,LUCENCE LIFE SCIENCES PTE LTD,0.5
biomed,sg,2016,MEDLINX ACACIA PTE LTD,1.0
biomed,sg,2016,I SUPPORT PTE LTD,1.0
biomed,sg,2016,AVALANCHE STUDIO PTE LTD,1.0
biomed,sg,2016,TESSA THERAPEUTICS PTE LTD,1.0
biomed,sg,2016,NOVEX SCIENCE PTE LTD,1.0
biomed,sg,2016,AMT PTE LTD,1.0
biomed,sg,2016,LENOVO SINGAPORE PTE LTD,1.0
biomed,sg,2016,LION TCR PTE LTD,1.0
biomed,sg,2016,WIS TA LABORATORIES LTD,0.5
biomed,sg,2016,WISTA LAB LTD,0.5
biomed,sg,2016,RENEW GROUP PRIVATE LTD,1.0
biomed,sg,2016,WAVE LIFE SCIENCES LTD,1.0
biomed,sg,2016,VELA OPERATIONS SINGAPORE PTE LTD,1.0
biomed,sg,2016,BITWAVE PTE LTD,1.0
biomed,sg,2016,WISTA LAB LTD,1.0
biomed,sg,2016,Vios Medical Singapore PTE LTD,1.0
biomed,sg,2016,SILEZIA GROUP PTE LTD,1.0
biomed,sg,2016,HYPERGENOMICS PTE LTD,1.0
biomed,sg,2016,UNISTRAW HOLDINGS PTE LTD,0.5
biomed,sg,2016,UNISTRAWHOLDINGS PTE LTD,0.5
biomed,sg,2016,UNISTRAW HOLDINGS PTE LTD,1.0
biomed,sg,2016,HCP HEALTHCARE ASIA PTE LTD,1.0
biomed,sg,2016,DIAPER RECYCLING TECH PTE LTD,1.0
biomed,sg,2016,JMEDTECH COATING TECH PTE LTD,0.5
biomed,sg,2016,JMEDTECH PTE LTD,0.5
biomed,sg,2016,LEICA INSTR (SINGAPORE) PTE LTD,0.5
biomed,sg,2016,LEICA INSTR SINGAPORE PTE LTD,0.5
biomed,sg,2016,VIATRIS ASIA PACIFIC PTE LTD,1.0
biomed,sg,2016,LEICA INSTR (SINGAPORE) PTE LTD,0.5
biomed,sg,2016,LEICA INSTR SINGAPORE PTE LTD,0.5
biomed,sg,2016,TELEFLEX LIFE SCIENCES PTE LTD,1.0
biomed,sg,2016,LEICA INSTR (SINGAPORE) PTE LTD,0.5
biomed,sg,2016,LEICA INSTR SINGAPORE PTE LTD,0.5
biomed,sg,2016,MICROSFERE PTE LTD,1.0
biomed,sg,2016,HILL ROM SERVICES PTE LTD,0.5
biomed,sg,2016,HILL-ROM SERVICES PTE LTD,0.5
biomed,sg,2016,KRU ENERGY ASIA PTE LTD,1.0
biomed,sg,2016,DH TECHNOLOGIES DEV PTE LTD,1.0
biomed,sg,2016,AMWISE DIAGNOSTICS PTE LTD,1.0
biomed,sg,2016,SCINOPHARM SINGAPORE PTE LTD,1.0
biomed,sg,2016,VENIA MEDICAL SYSTEMS PTE LTD,1.0
biomed,sg,2016,LIFESTYLES HEALTHCARE PTE LTD,1.0
biomed,sg,2016,NITTO DENKO CORP,1.0
biomed,sg,2016,BIOLIDICS LTD,0.5
biomed,sg,2016,CLEARBRIDGE BIOMEDICS PTE LTD,0.5
biomed,sg,2016,NAMIKI PREC SINGAPORE PTE LTD,1.0
biomed,sg,2016,EPIC MEDICAL PTE LTD,1.0
biomed,sg,2016,RAZER (ASIA-PACIFIC) PTE LTD,0.5
biomed,sg,2016,RAZER ASIA PACIFIC PTE LTD,0.5
biomed,sg,2016,RAZER (ASIA-PACIFIC) PTE LTD,0.5
biomed,sg,2016,RAZER ASIA PACIFIC PTE LTD,0.5
biomed,sg,2016,MERLIN MD PTE LTD,1.0
biomed,sg,2016,WAVE LIFE SCIENCES LTD,1.0
biomed,sg,2016,HILL ROM SERVICES PTE LTD,1.0
biomed,sg,2016,WAVE LIFE SCIENCES LTD,1.0
biomed,sg,2016,ADVANCED FIRST AID RES PTE LTD,1.0
biomed,sg,2016,TEMASEK LIFE SCIENCES LAB LTD,1.0
biomed,sg,2016,INNOCIMAB PTE LTD,0.5
biomed,sg,2016,INNOSIMAB PTE LTD,0.5
biomed,sg,2016,SINGAPORE VOLITION PTE LTD,1.0
biomed,sg,2016,SINGAPORE VOLITION PTE LTD,1.0
biomed,sg,2016,NOVEX SCIENCE PTE LTD,1.0
biomed,sg,2016,WISTA LAB LTD,1.0
biomed,sg,2016,JMEDTECH PTE LTD,0.5
biomed,sg,2016,VASCUROS MEDICAL PTE LTD,0.5
biomed,sg,2016,HCP HEALTHCARE ASIA PTE LTD,1.0
biomed,sg,2016,LEICA INSTR (SINGAPORE) PTE LTD,0.5
biomed,sg,2016,LEICA INSTR SINGAPORE PTE LTD,0.5
biomed,sg,2016,G NIUS PTE LTD,1.0
biomed,sg,2016,LEICA INSTR (SINGAPORE) PTE LTD,0.5
biomed,sg,2016,LEICA INSTR SINGAPORE PTE LTD,0.5
biomed,sg,2016,LEICA INSTR (SINGAPORE) PTE LTD,0.5
biomed,sg,2016,LEICA INSTR SINGAPORE PTE LTD,0.5
biomed,sg,2016,AON GLOBAL OPERATIONS LTD (SINGAPORE BRANCH) (REG T12FC0122F),1.0
biomed,sg,2016,EASTERN HEALTH ALLIANCE PTE LTD,1.0
biomed,sg,2016,WAVE LIFE SCIENCES LTD,1.0
biomed,sg,2016,EINS TECH PTE LTD,1.0
biomed,sg,2016,CONTINALE MEDICAL PTE LTD,1.0
biomed,sg,2016,HILL ROM SERVICES PTE LTD,0.5
biomed,sg,2016,HILL-ROM SERVICES PTE LTD,0.5
biomed,sg,2016,CALIGNER PTE LTD,1.0
biomed,sg,2016,MOBIAIR PTE LTD,1.0
biomed,sg,2016,WILMAR TRADING PTE LTD,1.0
biomed,sg,2016,SCINOPHARM SINGAPORE PTE LTD,1.0
biomed,sg,2016,ASLAN PHARMACEUTICALS PTE LTD,1.0
biomed,sg,2016,CYCLECT ELECTRICAL ENG PTE LTD,1.0
biomed,sg,2016,RENEW GROUP PRIVATE LTD,0.5
biomed,sg,2016,RENEW GROUP PTE LTD,0.5
biomed,sg,2016,KOFFEEFRUIT PTE LTD,1.0
biomed,sg,2016,GLOBAL GENE CORP PTE LTD,1.0
biomed,sg,2016,TREK TECH (S) PTE LTD,0.5
biomed,sg,2016,TREK TECH S PTE LTD,0.5
biomed,sg,2016,ENDOMASTER PTE LTD,1.0
biomed,sg,2016,ASIA BIOTECH PTE LTD,1.0
biomed,sg,2016,SIVANTOS PTE LTD,1.0
biomed,sg,2016,TESSA THERAPEUTICS LTD,0.5
biomed,sg,2016,TESSA THERAPEUTICS PTE LTD,0.5
biomed,sg,2016,SIVANTOS PTE LTD,1.0
biomed,sg,2016,CREDO BIOMEDICAL PTE LTD,1.0
biomed,sg,2016,PVP LABS PTE LTD,1.0
biomed,sg,2016,DELTA ELECTRONICS INTL SINGAPORE PTE LTD,0.5
biomed,sg,2016,Delta Electronics Int'l (Singapore) Pte Ltd,0.5
biomed,sg,2016,COCONUTZ PTE LTD,1.0
biomed,sg,2016,MEDIPURPOSE PTE LTD,1.0
biomed,sg,2016,TREK 2000 INT LTD,1.0
biomed,sg,2016,PRIMEDENT PTE LTD,1.0
biomed,sg,2016,LION TCR PTE LTD,1.0
biomed,sg,2016,HOPE TECHNIK PTE LTD,1.0
biomed,sg,2016,BECTON DICKINSON HOLDINGS PTE LTD,1.0
biomed,sg,2016,RENEW GROUP PRIVATE LTD,1.0
biomed,sg,2016,HCP HEALTHCARE ASIA PTE LTD,1.0
biomed,sg,2016,HCP HEALTHCARE ASIA PTE LTD,1.0
biomed,sg,2016,HCP HEALTHCARE ASIA PTE LTD,1.0
biomed,sg,2016,HCP HEALTHCARE ASIA PTE LTD,1.0
biomed,sg,2016,HCP HEALTHCARE ASIA PTE LTD,1.0
biomed,sg,2016,HILL ROM SERVICES PTE LTD,0.5
biomed,sg,2016,HILL-ROM SERVICES PTE LTD,0.5
biomed,sg,2016,HILL ROM SERVICES PTE LTD,0.5
biomed,sg,2016,HILL-ROM SERVICES PTE LTD,0.5
biomed,sg,2016,HCP HEALTHCARE ASIA PTE LTD,1.0
biomed,sg,2016,HCP HEALTHCARE ASIA PTE LTD,1.0
biomed,sg,2016,LEICA INSTR SINGAPORE PTE LTD,1.0
biomed,sg,2016,TESSA THERAPEUTICS LTD,0.5
biomed,sg,2016,TESSA THERAPEUTICS PTE LTD,0.5
biomed,sg,2016,ILLUMINA SINGAPORE PTE LTD,0.5
biomed,sg,2016,ILUMINA SINGAPORE PTE LTD,0.5
biomed,sg,2016,PERFORMANCE LABS PTE LTD,1.0
biomed,sg,2016,CLEARBRIDGE BIOPHOTONICS PTE LTD,1.0
biomed,sg,2016,WAVE LIFE SCIENCES LTD,1.0
biomed,sg,2016,SYNPHNE PTE LTD,1.0
biomed,sg,2016,SCINOPHARM SINGAPORE PTE LTD,1.0
biomed,sg,2016,NITTO DENKO ASIA TECHNICAL CENTRE PTE LTD,1.0
biomed,sg,2016,SCINOPHARM SINGAPORE PTE LTD,1.0
biomed,sg,2016,FLEX LTD,1.0
biomed,sg,2016,DIGITAL SURGICALS PTE LTD,1.0
biomed,sg,2016,Sano V Pte Ltd,1.0
biomed,sg,2016,LUCENCE DIAGNOSTICS PTE LTD,0.5
biomed,sg,2016,LUCENCE LIFE SCIENCES PTE LTD,0.5
biomed,sg,2016,CELLRESEARCH CORP PTE LTD,1.0
biomed,sg,2016,LIFESTYLES HEALTHCARE PTE LTD,1.0
biomed,sg,2016,CREDO BIOMEDICAL PTE LTD,1.0
biomed,sg,2016,HEPTAGON MICRO OPTICS PTE LTD,1.0
biomed,sg,2016,ABM RESPIRATORY CARE PTE LTD,0.5
biomed,sg,2016,ADVANCED BIO MACHINES PTE LTD,0.5
biomed,sg,2016,BIOMERS PTE LTD,1.0
biomed,sg,2016,XYLONIX IP HOLDINGS PTE LTD,0.5
biomed,sg,2016,XYLONIX PTE LTD,0.5
biomed,sg,2016,MIRACLE MAN PTE LTD,1.0
biomed,sg,2016,XYLONIX IP HOLDINGS PTE LTD,0.5
biomed,sg,2016,XYLONIX PTE LTD,0.5
biomed,sg,2016,DELTA ELECTRONICS INTL SINGAPORE PTE LTD,1.0
biomed,sg,2016,NEC ASIA PACIFIC PTE LTD,1.0
biomed,sg,2017,HILL ROM SERVICES PTE LTD,1.0
biomed,sg,2017,RENEW GROUP PRIVATE LTD,1.0
biomed,sg,2017,AMARANTH MEDICAL PTE,1.0
biomed,sg,2017,UNISTRAW HOLDINGS PTE LTD,1.0
biomed,sg,2017,BECTON DICKINSON HOLDINGS PTE LTD,1.0
biomed,sg,2017,BECTON DICKINSON HOLDINGS PTE LTD,1.0
biomed,sg,2017,AMARANTH MEDICAL PTE,1.0
biomed,sg,2017,HCP HEALTHCARE ASIA PTE LTD,1.0
biomed,sg,2017,HCP HEALTHCARE ASIA PTE LTD,1.0
biomed,sg,2017,HCP HEALTHCARE ASIA PTE LTD,1.0
biomed,sg,2017,CONTINENTAL AUTOMOTIVE SINGAPORE PTE LTD,1.0
biomed,sg,2017,BECTON DICKINSON HOLDINGS PTE LTD,1.0
biomed,sg,2017,HCP HEALTHCARE ASIA PTE LTD,1.0
biomed,sg,2017,NATURION PTE LTD,1.0
biomed,sg,2017,EPITRONIC HOLDINGS PTE LTD,0.3333333333333333
biomed,sg,2017,RG HEALTHCARE PTE LTD,0.3333333333333333
biomed,sg,2017,RG INNOVATIONS PTE LTD,0.3333333333333333
biomed,sg,2017,EPITRONIC HOLDINGS PTE LTD,0.5
biomed,sg,2017,RG HEALTHCARE PTE LTD,0.5
biomed,sg,2017,YISHENG BIOPHARMA (SINGAPORE) PTE LTD,0.5
biomed,sg,2017,YISHENG BIOPHARMA SINGAPORE PTE LTD,0.5
biomed,sg,2017,UBER DIAGNOSTICS PTE LTD,1.0
biomed,sg,2017,SCINOPHARM SINGAPORE PTE LTD,1.0
biomed,sg,2017,INSPIRATE MEDICAL PTE LTD,1.0
biomed,sg,2017,ACHROMAZ PTE LTD,0.5
biomed,sg,2017,NAMZ PTE LTD,0.5
biomed,sg,2017,ORBUSNEICH MEDICAL PTE LTD,1.0
biomed,sg,2017,UBER DIAGNOSTICS PTE LTD,1.0
biomed,sg,2017,APEIRON TECH PTE LTD,1.0
biomed,sg,2017,LEEWARD PACIFIC PTE LTD,1.0
biomed,sg,2017,X ZELL BIOTECH PTE LTD,1.0
biomed,sg,2017,WAVE LIFE SCIENCES LTD,1.0
biomed,sg,2017,LYNXEMI PRIVATE LTD,0.5
biomed,sg,2017,LYNXEMI PTE LTD,0.5
biomed,sg,2017,PROCTER & GAMBLE,1.0
biomed,sg,2017,SMARTMISSIMO TECH PTE LTD,1.0
biomed,sg,2017,CREDO BIOMEDICAL PTE LTD,1.0
biomed,sg,2017,NAT HEALTHCARE GROUP,0.5
biomed,sg,2017,NAT SKIN CENTRE SINGAPORE PTE LTD,0.5
biomed,sg,2017,NDR MEDICAL TECH PTE LTD,1.0
biomed,sg,2017,PARAMEVIA PTE LTD,0.5
biomed,sg,2017,RADWISP PTE LTD,0.5
biomed,sg,2017,STAR ARRAY PTE LTD,1.0
biomed,sg,2017,OSIM INT PTE LTD,1.0
biomed,sg,2017,EPITRONIC HOLDINGS PTE LTD,1.0
biomed,sg,2017,ES CELL INT PTE LTD,1.0
biomed,sg,2017,ES CELL INT PTE LTD,1.0
biomed,sg,2017,LIFESTYLES HEALTHCARE PTE LTD,1.0
biomed,sg,2017,WAVE LIFE SCIENCES LTD,1.0
biomed,sg,2017,RENEW GROUP PRIVATE LTD,1.0
biomed,sg,2017,TELEFLEX LIFE SCIENCES PTE LTD,1.0
biomed,sg,2017,SIMPHARMA PTE LTD,1.0
biomed,sg,2017,PEDRA TECH PTE LTD,1.0
biomed,sg,2017,YISHENG BIOPHARMA (SINGAPORE) PTE LTD,0.5
biomed,sg,2017,YISHENG BIOPHARMA SINGAPORE PTE LTD,0.5
biomed,sg,2017,LENOVO SINGAPORE PTE LTD,1.0
biomed,sg,2017,BECTON DICKINSON HOLDINGS PTE LTD,1.0
biomed,sg,2017,OXION PTE LTD,1.0
biomed,sg,2017,HCP HEALTHCARE ASIA PTE LTD,1.0
biomed,sg,2017,ASLAN PHARMACEUTICALS PTE LTD,1.0
biomed,sg,2017,ASLAN PHARMACEUTICALS PTE LTD,1.0
biomed,sg,2017,LEICA INSTR (SINGAPORE) PTE LTD,0.5
biomed,sg,2017,LEICA INSTR SINGAPORE PTE LTD,0.5
biomed,sg,2017,HERAEUS MATERIALS SINGAPORE PTE LTD,1.0
biomed,sg,2017,LIFETRACK MEDICAL SYSTEMS PRIVATE LTD,1.0
biomed,sg,2017,HERAEUS MATERIALS SINGAPORE PTE LTD,1.0
biomed,sg,2017,HERAEUS MATERIALS SINGAPORE PTE LTD,1.0
biomed,sg,2017,CREDO BIOMEDICAL PTE LTD,1.0
biomed,sg,2017,CHISCAN HOLDINGS PTE LTD,1.0
biomed,sg,2017,EPITRONIC HOLDINGS PTE LTD,0.5
biomed,sg,2017,RG INNOVATIONS PTE LTD,0.5
biomed,sg,2017,ANGSANA MOLECULAR AND DIAGNOSTICS LABORATORY PTE LTD,1.0
biomed,sg,2017,ANX IP HOLDING PTE LTD,1.0
biomed,sg,2017,ANX IP HOLDING PTE LTD,1.0
biomed,sg,2017,LUMINICELL PTE LTD,1.0
biomed,sg,2017,PVP LABS PTE LTD,1.0
biomed,sg,2017,RIGHT POSTURE PTE LTD,1.0
biomed,sg,2017,SINGAPORE HEALTH SERVCIES PTE LTD,1.0
biomed,sg,2017,ASLAN PHARMACEUTICALS PTE LTD,1.0
biomed,sg,2017,WAVE LIFE SCIENCES LTD,1.0
biomed,sg,2017,WAVE LIFE SCIENCES LTD,1.0
biomed,sg,2017,TELEFLEX LIFE SCIENCES PTE LTD,1.0
biomed,sg,2017,SINGAPORE HEALTH SERVICES PTEL LTD,1.0
biomed,sg,2017,MITROL BIOLOGIC PTE LTD,0.5
biomed,sg,2017,MITROL TECH PTE LTD,0.5
biomed,sg,2017,ENDOMASTER PTE LTD,1.0
biomed,sg,2017,WAVE LIFE SCIENCES LTD,1.0
biomed,sg,2017,STAR ARRAY PTE LTD,1.0
biomed,sg,2017,SCINOPHARM SINGAPORE PTE LTD,1.0
biomed,sg,2017,KBP BIOSCIENCES PTE LTD,1.0
biomed,sg,2017,LIFESTYLES HEALTHCARE PTE LTD,1.0
biomed,sg,2017,Hoya Medical Singapore Pte Ltd,1.0
biomed,sg,2017,Hoya Medical Singapore Pte Ltd,1.0
biomed,sg,2017,PLANO PTE LTD,1.0
biomed,sg,2017,DELTA ELECTRONICS INTL SINGAPORE PTE LTD,0.5
biomed,sg,2017,DETLA ELECTRONICS INTL SINGAPORE PTE LTD,0.5
biomed,sg,2017,EMAGE VISION PTE LTD,1.0
biomed,sg,2017,BLUE AQUA INT PTE LTD,1.0
biomed,sg,2017,MENICON SINGAPORE PTE LTD,1.0
biomed,sg,2017,STRUCTO PTE LTD,1.0
biomed,sg,2017,LENOVO SINGAPORE PTE LTD,1.0
biomed,sg,2017,LION TCR PTE LTD,1.0
biomed,sg,2017,VAC4ALL PTE LTD,1.0
biomed,sg,2017,TELEFLEX LIFE SCIENCES PTE LTD,1.0
biomed,sg,2017,WIS TA LABORATORIES LTD,0.5
biomed,sg,2017,WISTA LAB LTD,0.5
biomed,sg,2017,LEICA INSTR SINGAPORE PTE LTD,1.0
biomed,sg,2017,WISTA LAB LTD,1.0
biomed,sg,2017,EPITRONIC HOLDINGS PTE LTD,1.0
biomed,sg,2017,TESSA THERAPEUTICS LTD,0.5
biomed,sg,2017,TESSA THERAPEUTICS PTE LTD,0.5
biomed,sg,2017,HILL ROM SERVICES PTE LTD,1.0
biomed,sg,2017,MACHNET SG PTE LTD,1.0
biomed,sg,2017,VIATRIS ASIA PACIFIC PTD LTD,0.5
biomed,sg,2017,VIATRIS ASIA PACIFIC PTE LTD,0.5
biomed,sg,2017,TESSA THERAPEUTICS LTD,0.5
biomed,sg,2017,TESSA THERAPEUTICS PTE LTD,0.5
biomed,sg,2017,INHIBIO BIOSCIENCE PTE LTD,1.0
biomed,sg,2017,WAVE LIFE SCIENCES LTD,1.0
biomed,sg,2017,PERFORMANCE LABS PTE LTD,1.0
biomed,sg,2017,CREDO BIOMEDICAL PTE LTD,0.5
biomed,sg,2017,CREDO DIAGNOSTICS BIOMEDICAL PTE LTD,0.5
biomed,sg,2017,Silanna UV Technologies Pte Ltd,1.0
biomed,sg,2017,STRUCTO PTE LTD,1.0
biomed,sg,2017,SCINOPHARM SINGAPORE PTE LTD,1.0
biomed,sg,2017,AMS SENSORS SINGAPORE PTE LTD,0.5
biomed,sg,2017,HEPTAGON MICRO OPTICS PTE LTD,0.5
biomed,sg,2017,JCS BIOTECH PTE LTD,0.5
biomed,sg,2017,JCS Biotech Ptd Ltd,0.5
biomed,sg,2017,HEPTAGON MICRO OPTICS PTE LTD,1.0
biomed,sg,2017,DELTA ELECTRONICS INTL SINGAPORE PTE LTD,1.0
biomed,sg,2017,DELTA ELECTRONICS INTL SINGAPORE PTE LTD,0.5
biomed,sg,2017,DELTA ELECTRONICS INT’L SINGAPORE PTE LTD,0.5
biomed,sg,2017,DELTA ELECTRONICS INTL SINGAPORE PTE LTD,1.0
biomed,sg,2017,ANX IP HOLDING PTE LTD,1.0
biomed,sg,2017,STR8BAT SPORTS TECH SOLUTIONS OTE,0.5
biomed,sg,2017,STR8BAT SPORTS TECH SOLUTIONS PTE LTD,0.5
biomed,sg,2017,SECQURE SURGICAL PTE LTD,1.0
biomed,sg,2017,ORCHID MEDICAL PTE LTD,1.0
biomed,sg,2017,BIOSYNGEN PTE LTD,1.0
biomed,sg,2017,AMARANTH MEDICAL PTE,1.0
biomed,sg,2017,PRESTIGE BIOPHARMA PTE LTD,1.0
biomed,sg,2017,SIVANTOS PTE LTD,1.0
biomed,sg,2017,SIVANTOS PTE LTD,1.0
biomed,sg,2017,HEALTHLINK PROTOCOL PTE LTD,0.5
biomed,sg,2017,VISRE PTE LTD,0.5
biomed,sg,2017,DELTA ELECTRONICS INTL SINGAPORE PTE LTD,1.0
biomed,sg,2017,NSP TECH PTE LTD,1.0
biomed,sg,2017,PUMPABLES PTE LTD,1.0
biomed,sg,2017,CYNTEK PTE LID,1.0
biomed,sg,2017,CYNTEK PTE LID,1.0
biomed,sg,2017,NICAE SINGAPORE PTE LTD,1.0
biomed,sg,2017,PRESTIGE BIOPHARMA PTE LTD,1.0
biomed,sg,2017,IKO PTE LTD,1.0
biomed,sg,2017,LEICA INSTR SINGAPORE PTE LTD,1.0
biomed,sg,2017,FULLERTON HEALTHCARE GROUP PTE LTD,1.0
biomed,sg,2017,MICROMERTICS TECH PTE LTD,0.5
biomed,sg,2017,MICROMETRICS TECH PTE LTD,0.5
biomed,sg,2017,SIVANTOS PTE LTD,1.0
biomed,sg,2017,ORBUSNEICH MEDICAL PTE LTD,1.0
biomed,sg,2017,SMITH & NEPHEW ASIA PACIFIC PTE LTD,1.0
biomed,sg,2017,TELEFLEX LIFE SCIENCES PTE LTD,1.0
biomed,sg,2017,AACHEN SCIENT INTERNATIONAL PTE LTD,1.0
biomed,sg,2017,MyDoc Pte Ltd,1.0
biomed,sg,2017,ONE BIOMED PTE LTD,1.0
biomed,sg,2017,POWER OF PLATELETS PTE LTD,1.0
biomed,sg,2017,WISTA LAB LTD,1.0
biomed,sg,2017,HUMANBODY SPACE AI MEDTECH GROUP PTE LTD,1.0
biomed,sg,2017,CELLIGENICS PTE LTD,1.0
biomed,sg,2017,ILLUMINA SINGAPORE PTE LTD,1.0
biomed,sg,2017,PEACH INTELLIHEALTH PTE LTD,1.0
biomed,sg,2017,EPIC MEDICAL PTE LTD,1.0
biomed,sg,2017,AWAK TECH PTE LTD,1.0
biomed,sg,2017,LEICA INSTR SINGAPORE PTE LTD,1.0
biomed,sg,2017,IMUNAMI LABORATORIES PTE LTD,1.0
biomed,sg,2017,LEICA INSTR SINGAPORE PTE LTD,1.0
biomed,sg,2017,ORBUSNEICH MEDICAL PTE LTD,1.0
biomed,sg,2017,SINGAPORE ZE&Z INT PTE LTD,1.0
biomed,sg,2017,CELLRESEARCH CORP PTE LTD,1.0
biomed,sg,2017,SINGHEALTH SERVICES PTE LTD,1.0
biomed,sg,2017,VASCUROS MEDICAL PTE LTD,1.0
biomed,sg,2017,HILL ROM SERVICES PTE LTD,1.0
biomed,sg,2017,FLEX LTD,1.0
biomed,sg,2017,NEPHTECH PTE LTD,1.0
biomed,sg,2017,AEA INT HOLDINGS PTE LTD,1.0
biomed,sg,2017,BIOCEUTICALS PTE LTD,1.0
biomed,sg,2017,DELTA ELECTRONICS INTL SINGAPORE PTE LTD,1.0
biomed,sg,2017,XYLONIX IP HOLDINGS PTE LTD,1.0
biomed,sg,2017,SIVANTOS PTE LTD,1.0
biomed,sg,2017,KRONIKARE PTE LTD,1.0
biomed,sg,2017,IMUNAMI LABORATORIES PTE LTD,1.0
biomed,sg,2017,AVAGO TECHNOLOGIES GENERAL IP,1.0
biomed,sg,2017,LENOVO SINGAPORE PTE LTD,1.0
biomed,sg,2017,AITREAT PTE LTD,1.0
biomed,sg,2017,Global Healthcare SG Pte Ltd,1.0
biomed,sg,2017,MOBILE HEALTH PTE LTD,1.0
biomed,sg,2017,ILLUMINA SINGAPORE PTE LTD,1.0
biomed,sg,2017,LIFETRACK MEDICAL SYSTEMS PRIVATE LTD,1.0
biomed,sg,2017,FLEX LTD,1.0
biomed,sg,2018,LIFE TECH HOLDINGS PTE LIMITED,1.0
biomed,sg,2018,CURIOX BIOSYSTEMS PTE LTD,1.0
biomed,sg,2018,RAZER ASIA PACIFIC PTE LTD,1.0
biomed,sg,2018,RENEW GROUP PRIVATE LTD,1.0
biomed,sg,2018,ST MICROELECTRONICS PTE LTD,1.0
biomed,sg,2018,ALECTRONA PTE LTD,0.2
biomed,sg,2018,EPIONE RES AND DEVELOPMENT INSTITURE LTD,0.2
biomed,sg,2018,EPIONE RES AND DEVELOPMENT INSTITUTE LTD,0.2
biomed,sg,2018,REA GENETICS PTE LTD,0.2
biomed,sg,2018,RHEA GENETICS PTE LTD,0.2
biomed,sg,2018,AAC TECHNOLOGIES PTE LTD,1.0
biomed,sg,2018,LEICA INSTR SINGAPORE PTE LTD,1.0
biomed,sg,2018,YISHENG BIOPHARMA SINGAPORE PTE LTD,1.0
biomed,sg,2018,EPIC MEDICAL PTE LTD,1.0
biomed,sg,2018,LEICA INSTR SINGAPORE PTE LTD,1.0
biomed,sg,2018,LEICA INSTR SINGAPORE PTE LTD,1.0
biomed,sg,2018,LEICA INSTR SINGAPORE PTE LTD,1.0
biomed,sg,2018,ASLAN PHARMACEUTICALS PTE LTD,1.0
biomed,sg,2018,ASLAN PHARMACEUTICALS PTE LTD,1.0
biomed,sg,2018,TESSA THERAPEUTICS LTD,0.5
biomed,sg,2018,TESSA THERAPEUTICS PTE LTD,0.5
biomed,sg,2018,Vios Medical Singapore PTE LTD,1.0
biomed,sg,2018,LEICA INSTR SINGAPORE PTE LTD,1.0
biomed,sg,2018,LEICA INSTR SINGAPORE PTE LTD,1.0
biomed,sg,2018,HILL ROM SERVICES PTE LTD,0.5
biomed,sg,2018,SERVICES PTE LTD,0.5
biomed,sg,2018,LEICA INSTR SINGAPORE PTE LTD,1.0
biomed,sg,2018,LEICA INSTR SINGAPORE PTE LTD,1.0
biomed,sg,2018,SMITH & NEPHEW ASIA PACIFIC PTE LTD,1.0
biomed,sg,2018,LEICA INSTR SINGAPORE PTE LTD,1.0
biomed,sg,2018,SMITH & NEPHEW ASIA PACIFIC PTE LTD,0.3333333333333333
biomed,sg,2018,SMITH & NEPHEW PTE LTD,0.3333333333333333
biomed,sg,2018,SMITH&NEPHEW PTE LTD,0.3333333333333333
biomed,sg,2018,LEICA INSTR SINGAPORE PTE LTD,1.0
biomed,sg,2018,IOTA MEDTECH PTE LTD,1.0
biomed,sg,2018,VIATRIS ASIA PACIFIC PTE LTD,1.0
biomed,sg,2018,ASLAN PHARMACEUTICALS PTE LTD,1.0
biomed,sg,2018,HUMMINGBIRD BIOSCIENCE HOLDINGS PTE LTD,1.0
biomed,sg,2018,HUMMINGBIRD BIOSCIENCE HOLDINGS LTD,0.3333333333333333
biomed,sg,2018,HUMMINGBIRD BIOSCIENCE HOLDINGS PTE LTD,0.3333333333333333
biomed,sg,2018,HUMMINGBIRD BIOSCIENCE PTE LTD,0.3333333333333333
biomed,sg,2018,PERFORMANCE LABS PTE LTD,1.0
biomed,sg,2018,SCINOPHARM SINGAPORE PTE LTD,1.0
biomed,sg,2018,CINTECHCO TECH PTE LTD,0.5
biomed,sg,2018,QUINTECH LIFESCIENCES PTE LTD,0.5
biomed,sg,2018,DELTA ELECTRONICS INTL SINGAPORE PTE LTD,1.0
biomed,sg,2018,RIWAY SINGAPORE PTE LTD,1.0
biomed,sg,2018,SINGAPORE HEALTH SERVICES PTD LTD,1.0
biomed,sg,2018,EVEREST MEDICINES SINGAPORE PTE LTD,1.0
biomed,sg,2018,SCINOPHARM SINGAPORE PTE LTD,1.0
biomed,sg,2018,CLEARLAB SG PTE LTD,1.0
biomed,sg,2018,ABM RESPIRATORY CARE PTE LTD,1.0
biomed,sg,2018,SIVANTOS PTE LTD,1.0
biomed,sg,2018,SIVANTOS PTE LTD,1.0
biomed,sg,2018,DELTA ELECTRONICS INTL SINGAPORE PTE LTD,0.5
biomed,sg,2018,DELTA ELECTRONICS INT’L SINGAPORE PTE LTD,0.5
biomed,sg,2018,MICROPOINT TECH PTE LTD,0.3333333333333333
biomed,sg,2018,NAT SKIN CENTRE S PTE LTD,0.3333333333333333
biomed,sg,2018,NAT SKIN CENTRE SINGAPORE PTE LTD,0.3333333333333333
biomed,sg,2018,FLEX LTD,1.0
biomed,sg,2018,DELTA ELECTRONICS INTL SINGAPORE PTE LTD,0.3333333333333333
biomed,sg,2018,DELTA ELECTRONICS INT’L SINGAPORE PTE LTD,0.3333333333333333
biomed,sg,2018,Delta Electronics Int'l (Singapore) Pte Ltd,0.3333333333333333
biomed,sg,2018,DELTA ELECTRONICS INTL SINGAPORE PTE LTD,0.5
biomed,sg,2018,DELTA ELECTRONICS INT’L SINGAPORE PTE LTD,0.5
biomed,sg,2018,NUCLEUS DYNAMICS PTE LTD,1.0
biomed,sg,2018,NEC ASIA PACIFIC PTE LTD,1.0
biomed,sg,2018,CANDLEJOY PTE LTD,1.0
biomed,sg,2018,NEC ASIA PACIFIC PTE LTD,1.0
biomed,sg,2018,NEC ASIA PACIFIC PTE LTD,1.0
biomed,sg,2018,DELTA ELECTRONICS INTL SINGAPORE PTE LTD,0.5
biomed,sg,2018,DELTA ELECTRONICS INT’L SINGAPORE PTE LTD,0.5
biomed,sg,2018,RENEW GROUP PRIVATE LTD,1.0
biomed,sg,2018,DELTA ELECTRONICS INTL SINGAPORE PTE LTD,0.3333333333333333
biomed,sg,2018,DELTA ELECTRONICS INT’L SINGAPORE PTE LTD,0.3333333333333333
biomed,sg,2018,Delta Electronics Int'l (Singapore) Pte Ltd,0.3333333333333333
biomed,sg,2018,KAHA PTE LTD,1.0
biomed,sg,2018,LENOVO SINGAPORE PTE LTD,1.0
biomed,sg,2018,LENOVO SINGAPORE PTE LTD,1.0
biomed,sg,2018,BACTOCLEAR HOLDINGS PTE LTD,1.0
biomed,sg,2018,VIN DE BONA TRADING COMPANY PTE LTD,1.0
biomed,sg,2018,SENGENICS CORP PTE LTD,1.0
biomed,sg,2018,IX BIOPHARMA LTD,1.0
biomed,sg,2018,SG MidiTech Pte Ltd,1.0
biomed,sg,2018,SMITH & NEPHEW PTE LTD,1.0
biomed,sg,2018,BLUE AQUA INT PTE LTD,1.0
biomed,sg,2018,SMITH & NEPHEW PTE LTD,1.0
biomed,sg,2018,XERAFY SINGAPORE PTE LTD,1.0
biomed,sg,2018,AAC TECHNOLOGIES PTE LTD,1.0
biomed,sg,2018,HCP HEALTHCARE ASIA PTE LTD,1.0
biomed,sg,2018,POINTED BIOTECH PTE LTD,1.0
biomed,sg,2018,HCP HEALTHCARE ASIA PTE LTD,1.0
biomed,sg,2018,WINNER SG PTE LTD,1.0
biomed,sg,2018,BIOSIGNS PTE LTD,1.0
biomed,sg,2018,ADVENT ACCESS PTE LTD,1.0
biomed,sg,2018,WESTCOM SOLUTIONS PTE LTD,1.0
biomed,sg,2018,ASLAN PHARMACEUTICALS PTE LTD,1.0
biomed,sg,2018,LIFE TECH HOLDING PTE LTD,0.3333333333333333
biomed,sg,2018,LIFE TECH HOLDINGS PTE LIMITED,0.3333333333333333
biomed,sg,2018,LIFE TECH HOLDINGS PTE LTD,0.3333333333333333
biomed,sg,2018,CURIOX BIOSYSTEMS PTE LTD,1.0
biomed,sg,2018,PERFORMANCE LABS PTE LTD,1.0
biomed,sg,2018,ORBUSNEICH MEDICAL PTE LTD,1.0
biomed,sg,2018,ILLUMINA SINGAPORE PTE LTD,1.0
biomed,sg,2018,MPLUS MEDICAL DEVICE CORP PTE LTD,1.0
biomed,sg,2018,AMCURE BIOSCIENCES PTE LTD,1.0
biomed,sg,2018,PIVIPI LABS PTE LTD,0.5
biomed,sg,2018,PVP LABS PTE LTD,0.5
biomed,sg,2018,ARECO INT PTE LTD,1.0
biomed,sg,2018,ASLAN PHARMACEUTICALS PTE LTD,1.0
biomed,sg,2018,ASLAN PHARMACEUTICALS PTE LTD,1.0
biomed,sg,2018,WAVE LIFE SCIENCES LTD,1.0
biomed,sg,2018,WAVE LIFE SCIENCES LTD,1.0
biomed,sg,2018,WAVE LIFE SCIENCES LTD,1.0
biomed,sg,2018,SKAINOM PTE LTD,1.0
biomed,sg,2018,STRUCTO PTE LTD,1.0
biomed,sg,2018,Matralix Pte Ltd,1.0
biomed,sg,2018,SINGAPORE NAT EYE CENTER PTE LTD,0.5
biomed,sg,2018,SINGAPORE NAT EYE CENTRE PTE LTD,0.5
biomed,sg,2018,LIFESTYLES HEALTHCARE PTE LTD,1.0
biomed,sg,2018,SMITH & NEPHEW PTE LTD,1.0
biomed,sg,2018,SCINOPHARM SINGAPORE PTE LTD,1.0
biomed,sg,2018,WAVE LIFE SCIENCES LTD,1.0
biomed,sg,2018,FLEX LTD,1.0
biomed,sg,2018,FLEX LTD,1.0
biomed,sg,2018,SIVANTOS PTE LTD,1.0
biomed,sg,2018,SMITH & NEPHEW ASIA PACIFIC PTE LTD,0.3333333333333333
biomed,sg,2018,SMITH & NEPHEW PTD LTD,0.3333333333333333
biomed,sg,2018,SMITH & NEPHEW PTE LTD,0.3333333333333333
biomed,sg,2018,INNOSPARKS PTE LTD,0.5
biomed,sg,2018,ST ENG INNOSPARKS PTE LTD,0.5
biomed,sg,2018,SMITH & NEPHEW PTE LTD,1.0
biomed,sg,2018,VISION QUEST DESIGN PTE LTD,1.0
biomed,sg,2018,OSIM INT PTE LTD,1.0
biomed,sg,2018,ST ENG LAND SYSTEMS LTD,1.0
biomed,sg,2018,BARK TECH PTE LTD,1.0
biomed,sg,2018,RACER TECH PTE LTD,1.0
biomed,sg,2018,ASLAN PHARMACEUTICALS PTE LTD,1.0
biomed,sg,2018,HCP HEALTHCARE ASIA PTE,0.5
biomed,sg,2018,HCP HEALTHCARE ASIA PTE LTD,0.5
biomed,sg,2018,HCP HEALTHCARE ASIA PTE,1.0
biomed,sg,2018,HILL ROM SERVICES PTE LTD,1.0
biomed,sg,2018,EPIC MEDICAL PTE LTD,1.0
biomed,sg,2018,YISHENG BIOPHARMA (SINGAPORE) PTE LTD,0.5
biomed,sg,2018,YISHENG BIOPHARMA SINGAPORE PTE LTD,0.5
biomed,sg,2018,WISTA LAB LTD,1.0
biomed,sg,2018,SENESCENCE LIFE SCIENCES PTE LTD,1.0
biomed,sg,2018,EPITRONIC HOLDINGS PTE LTD,1.0
biomed,sg,2018,EPITRONIC HOLDINGS PTE LTD,1.0
biomed,sg,2018,UBER DIAGNOSTICS PTE LTD,1.0
biomed,sg,2018,ANX IIP HOLDING PTE LTD,0.5
biomed,sg,2018,ANX IP HOLDING PTE LTD,0.5
biomed,sg,2018,ORBUSNEICH MEDICAL PTE LTD,1.0
biomed,sg,2018,VASCUROS MEDICAL,1.0
biomed,sg,2018,EPITRONIC HOLDINGS PTE LTD,1.0
biomed,sg,2018,WOLFCREEK BIOTECH PTE LTD,1.0
biomed,sg,2018,NITTO DENKO CORP,1.0
biomed,sg,2018,NATURION PTE LTD,1.0
biomed,sg,2018,ENERGAIA PTE LTD,1.0
biomed,sg,2018,MediSix Therapeutics Pte Ltd,1.0
biomed,sg,2018,WAFE LIFE SCIENCES LTD,0.5
biomed,sg,2018,WAVE LIFE SCIENCES LTD,0.5
biomed,sg,2018,Poly Gain Pte Ltd,1.0
biomed,sg,2018,AYZER SENSE TECH PTE LTD,1.0
biomed,sg,2018,INTERVAAL PTE LTD,1.0
biomed,sg,2018,LIFESTYLES HEALTHCARE PTE LTD,1.0
biomed,sg,2018,CHISCAN HOLDINGS PTE LTD,1.0
biomed,sg,2018,WAVE LIFE SCIENCES LTD,1.0
biomed,sg,2018,TWO BIRDS MEDICAL PTE LTD,1.0
biomed,sg,2018,ASLAN PHARMACEUTICALS PTE LTD,1.0
biomed,sg,2018,PVP LABS PTE LTD,1.0
biomed,sg,2018,FLEX LTD,1.0
biomed,sg,2018,FLEX LTD,1.0
biomed,sg,2018,FLEX LTD,1.0
biomed,sg,2018,FLEX LTD,1.0
biomed,sg,2018,SCINOPHARM SINGAPORE PTE LTD,1.0
biomed,sg,2018,NDR MEDICAL TECH PTE LTD,1.0
biomed,sg,2018,KISODO PTE LTD,1.0
biomed,sg,2018,EXOGEN PTE LTD,1.0
biomed,sg,2018,SMITH & NEPHEW PTE LTD,1.0
biomed,sg,2018,OCUVIX PTE LTD,1.0
biomed,sg,2018,STRUCTO PTE LTD,1.0
biomed,sg,2018,LITE ON SINGAPORE PTE LTD,1.0
biomed,sg,2018,WESTCOM SOLUTIONS PTE LTD,1.0
biomed,sg,2018,NEC ASIA PACIFIC PTE LTD,1.0
biomed,sg,2018,ALEXANDRA HEALTH PTE LTD,1.0
biomed,sg,2018,TECHSSISTED SURGICAL PTE LTD,1.0
biomed,sg,2018,OSIM INT PTE LTD,1.0
biomed,sg,2018,FMC AGRO SINGAPORE PTE LTD,1.0
biomed,sg,2018,EU YAN SANG INT LTD,1.0
biomed,sg,2018,MANLI INT LTD,1.0
biomed,sg,2018,PEDRA TECH PTE LTD,1.0
biomed,sg,2018,SMITH & NEPHEW PTE LTD,1.0
biomed,sg,2018,TELEFLEX LIFE SCIENCES PTE LTD,1.0
biomed,sg,2018,PHOENIX MOLECULAR PTE LTD,1.0
biomed,sg,2018,HUMMINGBIRD BIOSCIENCE HOLDINGS PTE LTD,1.0
biomed,sg,2018,HUMMINGBIRD BIOSCIENCE HOLDINGS PTE LTD,1.0
biomed,sg,2018,MACROGEN ASIA PACIFIC PTE LTD,1.0
biomed,sg,2018,HILL ROM SERVICES PTE LTD,1.0
biomed,sg,2018,SIVANTOS PTE LTD,1.0
biomed,sg,2018,CARMENTIX PTE LTD,1.0
biomed,sg,2018,HUMMINGBIRD BIOSCIENCE HOLDINGS PTE LTD,0.5
biomed,sg,2018,HUMMINGBIRD BIOSCIENCE PTE LTD,0.5
biomed,sg,2018,HUMMINGBIRD BIOSCIENCE HOLDINGS PTE LTD,1.0
biomed,sg,2018,EUCHLOE BIO PTE LTD,1.0
biomed,sg,2018,ASLAN PHARMACEUTICALS PTE LTD,1.0
biomed,sg,2018,ASLAN PHARMACEUTICALS PTE LTD,1.0
biomed,sg,2018,TELEFLEX LIFE SCIENCES PTE LTD,1.0
biomed,sg,2018,TESSA THERAPEUTICS PTE LTD,1.0
biomed,sg,2018,ASLAN PHARMACEUTICALS PTE LTD,1.0
biomed,sg,2018,ASLAN PHARMACEUTICALS PTE LTD,1.0
biomed,sg,2018,HEALINT PTE LTD,1.0
biomed,sg,2018,LEICA INSTR SINGAPORE PTE LTD,1.0
biomed,sg,2018,LEICA INSTR SINGAPORE PTE LTD,1.0
biomed,sg,2018,CREDO BIOMEDICAL PTE LTD,0.5
biomed,sg,2018,CREDO DIAGNOSTICS BIOMEDICAL PTE LTD,0.5
biomed,sg,2018,ANX IP HOLDING PTE LTD,1.0
biomed,sg,2018,ADVENT ACCESS PTE LTD,1.0
biomed,sg,2018,AMS SENSORS SINGAPORE PTE LTD,1.0
biomed,sg,2018,ENDOMASTER PTE LTD,1.0
biomed,sg,2018,INTEGRAL TECH S PTE LTD,1.0
biomed,sg,2018,WAVE LIFE SCIENCES LTD,1.0
biomed,sg,2018,ENDOMASTER PTE LTD,1.0
biomed,sg,2018,IRNOVATE PTE LTD,0.5
biomed,sg,2018,THE BIOFACTORY PTE LTD,0.5
biomed,sg,2018,BACTOCLEAR HOLDINGS PTE LTD,1.0
biomed,sg,2018,TETSUYU HEALTHCARE HOLDINGS PTE LTD,1.0
biomed,sg,2018,KAHA PTE LTD,1.0
biomed,sg,2018,KAHA PTE LTD,1.0
biomed,sg,2018,PSLOVE PTE LTD,1.0
biomed,sg,2018,CREDO BIOMEDICAL PTE LTD,0.5
biomed,sg,2018,CREDO DIAGNOSTICS BIOMEDICAL PTE LTD,0.5
biomed,sg,2018,WISORIG TECH PTE LIMITED,1.0
biomed,sg,2018,FLEX LTD,1.0
biomed,sg,2018,HUMMINGBIRD BIOSCIENCE HOLDINGS LTD,0.3333333333333333
biomed,sg,2018,HUMMINGBIRD BIOSCIENCE HOLDINGS PTE LTD,0.3333333333333333
biomed,sg,2018,HUMMINGBIRD BIOSCIENCE PTE LTD,0.3333333333333333
biomed,sg,2018,FLEX LTD,1.0
biomed,sg,2018,FITSON SINGAPORE PTE LTD,1.0
biomed,sg,2018,ASIA GENOMICS PTE LTD,1.0
biomed,sg,2018,RKS GLOBAL PTE LTD,1.0
biomed,sg,2018,WISORIG TECH PTE LIMITED,1.0
biomed,sg,2018,JATT PTE LTD,1.0
biomed,sg,2018,MEDKLINN TECH PTE LTD,1.0
biomed,sg,2018,AITREAT PTE LTD,1.0
biomed,sg,2018,EKO AI PTE LTD,1.0
biomed,sg,2018,PREC MEDICAL PTE LTD,0.5
biomed,sg,2018,PreciX Pte Ltd,0.5
biomed,sg,2018,NOVEX SCIENCE PTE LTD,1.0
biomed,sg,2018,MEDO DX PTE LTD,1.0
biomed,sg,2018,SMITH & NEPHEW PTE LTD,1.0
biomed,sg,2018,TOP GLOVE INT SDN BHD,1.0
biomed,sg,2018,OSIM INT PTE LTD,1.0
biomed,sg,2019,ADVENT ACCESS PTE LTD,1.0
biomed,sg,2019,TELEFLEX LIFE SCIENCES PTE LTD,1.0
biomed,sg,2019,ACM BIOLABS PTE LTD,1.0
biomed,sg,2019,ILLUMINA SINGAPORE PTE LTD,1.0
biomed,sg,2019,LEICA INSTR (SINGAPORE) PTE LTD,0.5
biomed,sg,2019,LEICA INSTR SINGAPORE PTE LTD,0.5
biomed,sg,2019,SMITH & NEPHEW PTE LTD,0.5
biomed,sg,2019,SNITH & NEPHEW ASIA PACIFIC PTE LTD,0.5
biomed,sg,2019,MY SCENT PTE LTD,1.0
biomed,sg,2019,ASLAN PHARMACEUTICALS PTE LTD,1.0
biomed,sg,2019,ORBUSNEICH MEDICAL PTE LTD,1.0
biomed,sg,2019,PERFORMANCE LABS PTE LTD,1.0
biomed,sg,2019,PARAMEVIA PTE LTD,0.5
biomed,sg,2019,RADWISP PTE LTD,0.5
biomed,sg,2019,MEMSIFT INNOVATIONS PTE LTD,1.0
biomed,sg,2019,NUTRITION SCIENCE DESIGN PTE LTD,1.0
biomed,sg,2019,STRUCTO PTE LTD,1.0
biomed,sg,2019,Wearne Digital Pte Ltd,1.0
biomed,sg,2019,ILLUMINA SINGAPORE PTE LTD,1.0
biomed,sg,2019,NITTO DENKO CORP,1.0
biomed,sg,2019,NITTO DENKO CORP,1.0
biomed,sg,2019,NITTO DENKO CORP,1.0
biomed,sg,2019,FLEX LTD,1.0
biomed,sg,2019,FLEX LTD,1.0
biomed,sg,2019,MENICON SINGAPORE PTE LTD,1.0
biomed,sg,2019,METAGENOM BIO HOLDINGS PTE LTD,1.0
biomed,sg,2019,BIOSIGNS PTE LTD,1.0
biomed,sg,2019,ASIA MEDICAL CENTER PRIVATE LTD,1.0
biomed,sg,2019,HILL ROM SERVICES PTE LTD,1.0
biomed,sg,2019,BIORITHM PTE LTD,1.0
biomed,sg,2019,ORBUSNEICH MEDICAL PTE LTD,1.0
biomed,sg,2019,DELTA ELECTRONICS INTL SINGAPORE PTE LTD,0.5
biomed,sg,2019,DELTA ELECTRONICS INT’L SINGAPORE PTE LTD,0.5
biomed,sg,2019,BIOBOT SURGICAL PTE LTD,1.0
biomed,sg,2019,BIOBOT SURGICAL PTE LTD,1.0
biomed,sg,2019,WILMAR INTERNATIONAL LTD,1.0
biomed,sg,2019,DELTA ELECTRONICS INT’L SINGAPORE PTE LTD,1.0
biomed,sg,2019,HYTTO PTE LTD,1.0
biomed,sg,2019,LENOVO SINGAPORE PTE LTD,1.0
biomed,sg,2019,LENOVO SINGAPORE PTE LTD,1.0
biomed,sg,2019,GENEJUNCTION PTE LTD,1.0
biomed,sg,2019,TELEFLEX LIFE SCIENCES PTE LTD,1.0
biomed,sg,2019,SMITH & NEPHEW ASIA PACIFIC PTE LTD,1.0
biomed,sg,2019,SMITH & NEPHEW PTE LTD,1.0
biomed,sg,2019,SMITH & NEPHEW ASIA PACIFIC PTE LTD,0.5
biomed,sg,2019,SMITH & NEPHEW PTE LTD,0.5
biomed,sg,2019,ENLEOFEN BIO PTE LTD,1.0
biomed,sg,2019,ENLEOFEN BIO PTD LTD,0.5
biomed,sg,2019,ENLEOFEN BIO PTE LTD,0.5
biomed,sg,2019,ENLEOFEN BIO PTD LTD,0.5
biomed,sg,2019,ENLEOFEN BIO PTE LTD,0.5
biomed,sg,2019,TELEFLEX LIFE SCIENCES PTE LTD,1.0
biomed,sg,2019,SMITH & NEPHEW PTE LTD,1.0
biomed,sg,2019,SMITH & NEPHEW ASIA PACIFIC PTE LTD,0.5
biomed,sg,2019,SMITH & NEPHEW PTE LTD,0.5
biomed,sg,2019,TYCHAN PTE LTD,0.5
biomed,sg,2019,TYSANA PTE LTD,0.5
biomed,sg,2019,SMITH & NEPHEW ASIA PACIFIC PTE LTD,0.5
biomed,sg,2019,SMITH & NEPHEW PTE LTD,0.5
biomed,sg,2019,LEICA INSTR SINGAPORE PTE LTD,1.0
biomed,sg,2019,LEICA INSTR SINGAPORE PTE LTD,1.0
biomed,sg,2019,SMITH & NEPHEW ASIA PACIFIC PTE LTD,0.5
biomed,sg,2019,SMITH & NEPHEW PTE LTD,0.5
biomed,sg,2019,SMITH & NEPHEW ASIA PACIFIC PTE LTD,0.5
biomed,sg,2019,SMITH & NEPHEW PTE LTD,0.5
biomed,sg,2019,LEICA INSTR SINGAPORE PTE LTD,1.0
biomed,sg,2019,SMITH & NEPHEW ASIA PACIFIC PTE LTD,0.5
biomed,sg,2019,SMITH & NEPHEW PTE LTD,0.5
biomed,sg,2019,ALECTRONA PTE LTD,0.5
biomed,sg,2019,RHEA GENETICS PTE LTD,0.5
biomed,sg,2019,SMITH & NEPHEW ASIA PACIFIC PTE LTD,0.5
biomed,sg,2019,SMITH & NEPHEW PTE LTD,0.5
biomed,sg,2019,LIFE TECH HOLDINGS PTE LIMITED,1.0
biomed,sg,2019,LEICA INSTR SINGAPORE PTE LTD,1.0
biomed,sg,2019,SMITH & NEPHEW ASIA PACIFIC PTE LTD,0.5
biomed,sg,2019,SMITH & NEPHEW PTE LTD,0.5
biomed,sg,2019,23IKIGAI PTE LTD,1.0
biomed,sg,2019,EVEREST MEDICINES SINGAPORE PTE LTD,1.0
biomed,sg,2019,XYLONIX IP HOLDINGS PTE LTD,0.5
biomed,sg,2019,XYLONIX PTE LTD,0.5
biomed,sg,2019,SMITH & NEPHEW ASIA PACIFIC PTE LTD,0.5
biomed,sg,2019,SMITH & NEPHEW PTE LTD,0.5
biomed,sg,2019,Richards Health Group Pte Ltd,1.0
biomed,sg,2019,HILL ROM SERVICES PTE LTD,1.0
biomed,sg,2019,CELLRESEARCH CORP PTE LTD,1.0
biomed,sg,2019,CELLRESEARCH CORP PTE LTD,1.0
biomed,sg,2019,CELLRESEARCH CORP PTE LTD,1.0
biomed,sg,2019,WAVE LIFE SCIENCES LTD,1.0
biomed,sg,2019,SMITH & NEPHEW ASIA PACIFIC PTE LTD,0.5
biomed,sg,2019,SMITH & NEPHEW PTE LTD,0.5
biomed,sg,2019,ROCESO TECH PRIVATE LIMITED,1.0
biomed,sg,2019,RIWAY SINGAPORE PTE LTD,1.0
biomed,sg,2019,Singular Health Pte Ltd,1.0
biomed,sg,2019,KAHA PTE LTD,1.0
biomed,sg,2019,WAVE LIFE SCIENCES LTD,1.0
biomed,sg,2019,Poly Gain Pte Ltd,1.0
biomed,sg,2019,Hoya Medical Singapore Pte Ltd,1.0
biomed,sg,2019,ANX IP HOLDING PTE LTD,1.0
biomed,sg,2019,ANX IP HOLDING PTE LTD,1.0
biomed,sg,2019,KANGTI PTE LTD,1.0
biomed,sg,2019,ORTHOVISION PTE LTD,1.0
biomed,sg,2019,Sano V Ptd Ltd,0.5
biomed,sg,2019,Sano V Pte Ltd,0.5
biomed,sg,2019,FITSON SINGAPORE PTE LTD,1.0
biomed,sg,2019,LUCENCE LIFE SCIENCES PTE LTD,1.0
biomed,sg,2019,FLEX LTD,1.0
biomed,sg,2019,HEALTH PARTNERS PTE LTD,1.0
biomed,sg,2019,CREDO BIOMEDICAL PTE LTD,0.5
biomed,sg,2019,CREDO DIAGNOSTICS BIOMEDICAL PTE LTD,0.5
biomed,sg,2019,SIVANTOS PTE LTD,1.0
biomed,sg,2019,DELTA ELECTRONICS INTL SINGAPORE PTE LTD,0.5
biomed,sg,2019,DELTA ELECTRONICS INT’L SINGAPORE PTE LTD,0.5
biomed,sg,2019,CELLRESEARCH CORP PTE LTD,1.0
biomed,sg,2019,DELTA ELECTRONICS INTL SINGAPORE PTE LTD,0.5
biomed,sg,2019,DELTA ELECTRONICS INT’L SINGAPORE PTE LTD,0.5
biomed,sg,2019,DELTA ELECTRONICS INTL SINGAPORE PTE LTD,0.5
biomed,sg,2019,DELTA ELECTRONICS INT’L SINGAPORE PTE LTD,0.5
biomed,sg,2019,NOVEX SCIENCE PTE LTD,1.0
biomed,sg,2019,ADVENT ACCESS PTE LTD,1.0
biomed,sg,2019,ACM BIOLABS PTE LTD,1.0
biomed,sg,2019,SMITH & NEPHEW ASIA PACIFIC PTE LTD,0.5
biomed,sg,2019,SMITH & NEPHEW PTE LTD,0.5
biomed,sg,2019,SMITH & NEPHEW ASIA PACIFIC PTE LTD,0.5
biomed,sg,2019,SMITH & NEPHEW PTE LTD,0.5
biomed,sg,2019,WISTA LAB LTD,1.0
biomed,sg,2019,ILLUMINA SINGAPORE PTE LTD,1.0
biomed,sg,2019,SMITH & NEPHEW ASIA PACIFIC PTE LTD,0.5
biomed,sg,2019,SMITH & NEPHEW PTE LTD,0.5
biomed,sg,2019,SMITH & NEPHEW ASIA PACIFIC PTE LTD,0.5
biomed,sg,2019,SMITH & NEPHEW PTE LTD,0.5
biomed,sg,2019,SMITH & NEPHEW ASIA PACIFIC PTE LTD,1.0
biomed,sg,2019,SMITH & NEPHEW ASIA PACIFIC PTE LTD,0.5
biomed,sg,2019,SMITH & NEPHEW PTE LTD,0.5
biomed,sg,2019,SMITH & NEPHEW ASIA PACIFIC PTE LTD,0.5
biomed,sg,2019,SMITH & NEPHEW PTE LTD,0.5
biomed,sg,2019,IMUNAMI LABORATORIES PTE LTD,1.0
biomed,sg,2019,JAGUAHR THERAPEUTICS PTE LTD,1.0
biomed,sg,2019,JAGUAHR THERAPEUTICS PTE LTD,1.0
biomed,sg,2019,SMITH & NEPHEW ASIA PACIFIC PTE LTD,0.5
biomed,sg,2019,SMITH & NEPHEW PTE LTD,0.5
biomed,sg,2019,MYCOTECH PTE LTD,1.0
biomed,sg,2019,SMITH & NEPHEW ASIA PACIFIC PTE LTD,0.5
biomed,sg,2019,SMITH & NEPHEW PTE LTD,0.5
biomed,sg,2019,SMITH & NEPHEW ASIA PACIFIC PTE LTD,0.5
biomed,sg,2019,SMITH & NEPHEW PTE LTD,0.5
biomed,sg,2019,SMITH & NEPHEW ASIA PACIFIC PTE LTD,0.5
biomed,sg,2019,SMITH & NEPHEW PTE LTD,0.5
biomed,sg,2019,MICROMERTICS TECH PTE LTD,0.5
biomed,sg,2019,MICROMETRICS TECH PTE LTD,0.5
biomed,sg,2019,STRUCTO PTE LTD,1.0
biomed,sg,2019,KALTIMEX MOBIOL SINGAPORE PTE LTD,1.0
biomed,sg,2019,JOHNSON & JOHNSON PTE LTD,1.0
biomed,sg,2019,SMITH & NEPHEW ASIA PACIFIC PTE LTD,0.5
biomed,sg,2019,SMITH & NEPHEW PTE LTD,0.5
biomed,sg,2019,SMITH & NEPHEW PTE LTD,1.0
biomed,sg,2019,SMITH & NEPHEW PTE LTD,1.0
biomed,sg,2019,SMITH & NEPHEW ASIA PACIFIC PTE LTD,0.5
biomed,sg,2019,SMITH & NEPHEW PTE LTD,0.5
biomed,sg,2019,KALTIMEX MOBIOL SINGAPORE PTE LTD,1.0
biomed,sg,2019,TRISAIL MEDICAL PTE LTD,1.0
biomed,sg,2019,A MENARINI BIOMARKERS SINGAPORE PTE LTD,1.0
biomed,sg,2019,ALEXANDRA HEALTH PTE LTD,0.5
biomed,sg,2019,MEDULLA PRO TECH PTE LTD,0.5
biomed,sg,2019,BETA MEDTECH PTE LTD,1.0
biomed,sg,2019,KO SHWE VENTURES,1.0
biomed,sg,2019,IMUNAMI LABORATORIES PTE LTD,1.0
biomed,sg,2019,PIVIPI LABS PTE LTD,0.5
biomed,sg,2019,PVP LABS PTE LTD,0.5
biomed,sg,2019,STAR ARRAY PTE LTD,1.0
biomed,sg,2019,NEC ASIA PACIFIC PTE LTD,1.0
biomed,sg,2019,AASTAR PTE LTD,1.0
biomed,sg,2019,MILLENNIUM ENTPR PTE LTD,1.0
biomed,sg,2019,LENOVO SINGAPORE PTE LTD,1.0
biomed,sg,2019,JERRY TAN EYE SURGERY PTE LTD,1.0
biomed,sg,2019,BIOBOT SURGICAL PTE LTD,1.0
biomed,sg,2019,MOLEAC PTE LTD,1.0
biomed,sg,2019,HUMMINGBIRD BIOSCIENCE HOLDINGS PTE LTD,0.5
biomed,sg,2019,HUMMINGBIRD BIOSCIENCE PTE LTD,0.5
biomed,sg,2019,HUMMINGBIRD BIOSCIENCE HOLDINGS LTD,0.5
biomed,sg,2019,HUMMINGBIRD BIOSCIENCE HOLDINGS PTE LTD,0.5
biomed,sg,2019,HI BEAU GROUP PTE LTD,1.0
biomed,sg,2019,LEICA INSTR SINGAPORE PTE LTD,1.0
biomed,sg,2019,SMITH & NEPHEW ASIA PACIFIC LTD,0.3333333333333333
biomed,sg,2019,SMITH & NEPHEW ASIA PACIFIC PTE LTD,0.3333333333333333
biomed,sg,2019,SMITH & NEPHEW PTE LTD,0.3333333333333333
biomed,sg,2019,ASLAN PHARMACEUTICALS PTE LTD,1.0
biomed,sg,2019,LEICA INSTR SINGAPORE PTE LTD,1.0
biomed,sg,2019,LEICA INSTR SINGAPORE PTE LTD,1.0
biomed,sg,2019,POINT ROBOTICS SINGAPORE PTE LTD,1.0
biomed,sg,2019,POINT ROBOTICS SINGAPORE PTE LTD,1.0
biomed,sg,2019,SMITH & NEPHEW PTE LTD,1.0
biomed,sg,2019,LEICA INSTR SINGAPORE PTE LTD,1.0
biomed,sg,2019,EPIC MEDICAL PTE LTD,1.0
biomed,sg,2019,LEICA INSTR SINGAPORE PTE LTD,1.0
biomed,sg,2019,EUCHLOE BIO PTE LTD,1.0
biomed,sg,2019,EUCHLOE BIO PTE LTD,1.0
biomed,sg,2019,ILLUMINA SINGAPORE PTE LTD,1.0
biomed,sg,2019,SIVANTOS PTE LTD,1.0
biomed,sg,2019,EXCELITAS TECH SINGAPORE PTE LTD,1.0
biomed,sg,2019,ILLUMINA SINGAPORE PTE LTD,1.0
biomed,sg,2019,SMITH & NEPHEW ASIA PACIFIC PTE LTD,0.5
biomed,sg,2019,SMITH & NEPHEW PTE LTD,0.5
biomed,sg,2019,SMITH & NEPHEW ASIA PACIFIC PTE LTD,0.5
biomed,sg,2019,SMITH & NEPHEW PTE LTD,0.5
biomed,sg,2019,SMITH & NEPHEW ASIA PACIFIC PTE LTD,0.5
biomed,sg,2019,SMITH & NEPHEW PTE LTD,0.5
biomed,sg,2019,SMITH & NEPHEW ASIA PACIFIC PTE LTD,1.0
biomed,sg,2019,SMITH & NEPHEW ASIA PACIFIC PTE LTD,0.5
biomed,sg,2019,SMITH & NEPHEW PTE LTD,0.5
biomed,sg,2019,FMC AGRO SINGAPORE PTE LTD,1.0
biomed,sg,2019,GERO PTE LTD,1.0
biomed,sg,2019,NICE SURGICAL SOLUTIONS PTE LTD,1.0
biomed,sg,2019,ORBUSNEICH MEDICAL PTE LTD,1.0
biomed,sg,2019,CHAMPS INNOVATIONS PTE LTD,1.0
biomed,sg,2019,NITTO DENKO CORP,1.0
biomed,sg,2019,SUMITOMO SEIKA SINGAPORE PTE LTD,1.0
biomed,sg,2019,MediSix Therapeutics Pte Ltd,1.0
biomed,sg,2019,ADVANCED CELL THERAPEUTICS PTE LTD,1.0
biomed,sg,2019,WAFE LIFE SCIENCES LTD,0.5
biomed,sg,2019,WAVE LIFE SCIENCES LTD,0.5
biomed,sg,2019,MIRXES LAB PTE LTD,1.0
biomed,sg,2019,FLEX LTD,1.0
biomed,sg,2019,SHIRAISHI CALCIUM SINGAPORE PTE LTD,1.0
biomed,sg,2019,E2S2 SYSTEMS PTE LTD,1.0
biomed,sg,2019,Hoya Medical Singapore Pte Ltd,1.0
biomed,sg,2019,ESCO ASTER PTE LTD,1.0
biomed,sg,2019,SIVANTOS PTE LTD,1.0
biomed,sg,2019,DENKA LIFE INNOVATION RES PTE LTD,1.0
biomed,sg,2019,SMITH & NEPHEW ASIA PACIFIC PTE LTD,0.5
biomed,sg,2019,SMITH & NEPHEW PTE LTD,0.5
biomed,sg,2019,YSQ INT PTE LTD,1.0
biomed,sg,2019,ADVANCED ANALYZER TECH PTE LTD,1.0
biomed,sg,2019,LENOVO SINGAPORE PTE LTD,1.0
biomed,sg,2019,NAT SKIN CENTRE SINGAPORE PTE LTD,1.0
biomed,sg,2019,SMITH & NEPHEW PTE LTD,1.0
biomed,sg,2019,ResMed Asia Pte Ltd,1.0
biomed,sg,2019,HOOW FOODS PTE LTD,1.0
biomed,sg,2019,WILMAR INTERNATIONAL LTD,1.0
biomed,sg,2019,RIVIA RES PTE LTD,1.0
biomed,sg,2019,VIITAR PTE LTD,1.0
biomed,sg,2020,SMITH & NEPHEW ASIA PACIFIC PTE LTD,1.0
biomed,sg,2020,SMITH & NEPHEW ASIA PACIFIC PTE LTD,1.0
biomed,sg,2020,SHIOK MEATS PTE LTD,1.0
biomed,sg,2020,LEICA INSTR SINGAPORE PTE LTD,1.0
biomed,sg,2020,SMITH & NEPHEW ASIA PACIFIC PTE LTD,0.5
biomed,sg,2020,SMITH & NEPHEW PTE LTD,0.5
biomed,sg,2020,LION TCR PTE LTD,1.0
biomed,sg,2020,LEICA INSTR SINGAPORE PTE LTD,1.0
biomed,sg,2020,TRAVECTA THERAPEUTICS INC,0.5
biomed,sg,2020,TRAVECTA THERAPEUTICS PTE LTD,0.5
biomed,sg,2020,EPIC MEDICAL PTE LTD,1.0
biomed,sg,2020,TOKU E BIOTECH LABORATORY PTE LTD,1.0
biomed,sg,2020,SMITH & NEPHEW ASIA PACIFIC PTE LTD,0.3333333333333333
biomed,sg,2020,SMITH & NEPHEW PTE LTD,0.3333333333333333
biomed,sg,2020,SMITH & NEPHEW PTE LTD SMITH,0.3333333333333333
biomed,sg,2020,SMITH & NEPHEW ASIA PACIFIC PTE LTD,0.3333333333333333
biomed,sg,2020,SMITH & NEPHEW ASIAN PACIFIC PTE LTD,0.3333333333333333
biomed,sg,2020,SMITH & NEPHEW PTE LTD,0.3333333333333333
biomed,sg,2020,CREDO DIAGNOSTICS BIOMEDICAL PTE LTD,1.0
biomed,sg,2020,SMITH & NEPHEW ASIA PACIFIC PTE LTD,1.0
biomed,sg,2020,SMITH & NEPHEW ASIA PACIFIC PTE LTD,1.0
biomed,sg,2020,SMITH & NEPHEW ASIA PACIFIC PTE LTD,1.0
biomed,sg,2020,HERAEUS MATERIALS SINGAPORE PTE LTD,1.0
biomed,sg,2020,JMEDTECH COATING TECH PTE LTD,0.5
biomed,sg,2020,MEDTECH COATING TECH PTE LTD,0.5
biomed,sg,2020,SMITH & NEPHEW ASIA PACIFIC PTE LTD,1.0
biomed,sg,2020,SMITH & NEPHEW ASIA PACIFIC PTE LTD,1.0
biomed,sg,2020,EPITRONIC HOLDINGS PTE LTD,0.5
biomed,sg,2020,RAM THZ SOLUTIONS PTE LTD,0.5
biomed,sg,2020,ASLAN PHARMACEUTICALS PTE LTD,1.0
biomed,sg,2020,SMITH & NEPHEW ASIA PACIFIC PTE LTD,1.0
biomed,sg,2020,SMITH & NEPHEW ASIA PACIFIC PTE LTD,1.0
biomed,sg,2020,SMITH & NEPHEW ASIA PACIFIC PTE LTD,0.5
biomed,sg,2020,SMITH & NEPHEW PTE LTD,0.5
biomed,sg,2020,SMITH & NEPHEW ASIA PACIFIC PTE LTD,1.0
biomed,sg,2020,EPITRONIC HOLDINGS PTE LTD,1.0
biomed,sg,2020,EKO AI PTE LTD,1.0
biomed,sg,2020,WAVE LIFE SCIENCES LTD,1.0
biomed,sg,2020,WUXI XDC SINGAPORE PRIVATE LTD,1.0
biomed,sg,2020,KBP BIOSCIENCES PTE LTD,1.0
biomed,sg,2020,SMITH & NEPHEW ASIA PACIFIC PTE LTD,1.0
biomed,sg,2020,PEDRA TECH PTE LTD,1.0
biomed,sg,2020,SCINOPHARM SINGAPORE PTE LTD,1.0
biomed,sg,2020,TRICOG HEALTH PTE LTD,1.0
biomed,sg,2020,AVIR MEDICAL PTE LTD,1.0
biomed,sg,2020,WAVE LIFE SCIENCES LTD,1.0
biomed,sg,2020,LENOVO SINGAPORE PTE LTD,1.0
biomed,sg,2020,Delsson Singapore Pte Ltd,0.3333333333333333
biomed,sg,2020,ONLINE MERCHANT DISTRIB AND DELIVERY OMDDY,0.3333333333333333
biomed,sg,2020,ONLINE MERCHANT DISTRIB AND DELIVERY “OMDDY”,0.3333333333333333
biomed,sg,2020,SIVANTOS PTE LTD,1.0
biomed,sg,2020,KAHA PTE LTD,1.0
biomed,sg,2020,PERFECT NATURE PTE LTD,1.0
biomed,sg,2020,CXA GROUP PTE LTD,1.0
biomed,sg,2020,ANX IP HOLDING PTE LTD,1.0
biomed,sg,2020,RACER TECH PTE LTD,1.0
biomed,sg,2020,THE SQIX COMPANY PTE LTD,1.0
biomed,sg,2020,SOLUBOTS PTE LTD,1.0
biomed,sg,2020,SMITH & NEPHEW ASIA PACIFIC PTE LTD,1.0
biomed,sg,2020,ResMed Asia Pte Ltd,1.0
biomed,sg,2020,SMITH & NEPHEW ASIA PACIFIC PTE LTD,1.0
biomed,sg,2020,SMITH & NEPHEW ASIA PACIFIC PTE LTD,1.0
biomed,sg,2020,RAPSODO PTE LTD,1.0
biomed,sg,2020,GLOOBE PTE LTD,1.0
biomed,sg,2020,MIRXES LAB PTE LTD,1.0
biomed,sg,2020,SMITH & NEPHEW ASIA PACIFIC PTE LTD,1.0
biomed,sg,2020,WISTA LAB LTD,1.0
biomed,sg,2020,WISTA LAB LTD,1.0
biomed,sg,2020,WISTA LAB LTD,1.0
biomed,sg,2020,MARVELL ASIA PTE LTD,1.0
biomed,sg,2020,NEPHEW ASIA PACIFIC PTE LTD,0.5
biomed,sg,2020,SMITH & NEPHEW ASIA PACIFIC PTE LTD,0.5
biomed,sg,2020,NEPHEW ASIA PACIFIC PTE LTD,0.5
biomed,sg,2020,SMITH & NEPHEW ASIA PACIFIC PTE LTD,0.5
biomed,sg,2020,SMITH & NEPHEW ASIA PACIFIC PTE LTD,1.0
biomed,sg,2020,PVP LABS PTE LTD,1.0
biomed,sg,2020,SMITH & NEPHEW ASIA PACIFIC PTE LTD,1.0
biomed,sg,2020,SMITH & NEPHEW ASIA PACIFIC PTE LTD,1.0
biomed,sg,2020,SMITH & NEPHEW ASIA PACIFIC PTE LTD,1.0
biomed,sg,2020,LOTUS INT PTE LTD,1.0
biomed,sg,2020,SMITH & NEPHEW ASIA PACIFIC PTE LTD,1.0
biomed,sg,2020,LOTUS INT PTE LTD,1.0
biomed,sg,2020,ORBUSNEICH MEDICAL PTE LTD,1.0
biomed,sg,2020,ORBUSNEICH MEDICAL PTE LTD,1.0
biomed,sg,2020,SCINOPHARM SINGAPORE PTE LTD,1.0
biomed,sg,2020,IMUNAMI LABORATORIES PTE LTD,1.0
biomed,sg,2020,SMITH & NEPHEW ASIA PACIFIC PTE LTD,1.0
biomed,sg,2020,SMITH & NEPHEW ASIA PACIFIC PTE LTD,1.0
biomed,sg,2020,ULTRASOUND ASSISTED MEDTECH PTE LTD,1.0
biomed,sg,2020,ALMENDRA PTE LTD,1.0
biomed,sg,2020,SMITH & NEPHEW ASIA PACIFIC PTE LTD,1.0
biomed,sg,2020,SMITH & NEPHEW ASIA PACIFIC PTE LTD,1.0
biomed,sg,2020,SMITH & NEPHEW ASIA PACIFIC PTE LTD,1.0
biomed,sg,2020,SMITH & NEPHEW ASIA PACIFIC PTE LTD,1.0
biomed,sg,2020,ResMed Asia Pte Ltd,1.0
biomed,sg,2020,Matralix Pte Ltd,1.0
biomed,sg,2020,ELLAMED IP & SERVICES PTE LTD,1.0
biomed,sg,2020,TRICOG HEALTH PTE LTD,1.0
biomed,sg,2020,TRICOG HEALTH PTE LTD,1.0
biomed,sg,2020,TRICOG HEALTH PTE LTD,1.0
biomed,sg,2020,WAVE LIFE SCIENCES LTD,1.0
biomed,sg,2020,WAVE LIFE SCIENCES LTD,1.0
biomed,sg,2020,THE CLINICIAN PTE LTD,1.0
biomed,sg,2020,GAMOT GLOBAL PTE LTD,1.0
biomed,sg,2020,IOLERA HOLDINGS PTE LTD,1.0
biomed,sg,2020,NU LIFE CONSULTING PTE LTD,1.0
biomed,sg,2020,WAVE LIFE SCIENCES LTD,1.0
biomed,sg,2020,IMMUNOSCAPE PTE LTD,1.0
biomed,sg,2020,SCINOPHARM SINGAPORE PTE LTD,1.0
biomed,sg,2020,ASPEX OF BIODYNAMICS PTE LTD,0.5
biomed,sg,2020,ASPEX OF DESIGN PTE LTD,0.5
biomed,sg,2020,KIKKOMAN SINGAPORE R&D LABORATORY PTE LTD,1.0
biomed,sg,2020,CURIOX BIOSYSTEMS PTE LTD,1.0
biomed,sg,2020,CHAMPS INNOVATIONS PTE LTD,1.0
biomed,sg,2020,Horizon IP Pte Ltd,1.0
biomed,sg,2020,NUGRAN BIOTECH PTE LTD,1.0
biomed,sg,2020,HAISCO PHARMACEUTICALS PTE LTD,1.0
biomed,sg,2020,ADAGENE PTE LTD,1.0
biomed,sg,2020,SMITH & NEPHEW ASIA PACIFIC PTE LTD,1.0
biomed,sg,2020,PRESTIGE BIOPHARMA LTD,0.5
biomed,sg,2020,PRESTIGE BIOPHARMA PTE LTD,0.5
biomed,sg,2020,DELTA ELECTRONICS INTL SINGAPORE PTE LTD,1.0
biomed,sg,2020,MSD INT GMBH SINGAPORE BRANCH,1.0
biomed,sg,2020,ResMed Asia Pte Ltd,1.0
biomed,sg,2020,SOFT SENSE LIFE TECH PTE LTD,1.0
biomed,sg,2020,ResMed Asia Pte Ltd,1.0
biomed,sg,2020,ResMed Asia Pte Ltd,1.0
biomed,sg,2020,ALTELLE PTE LTD,1.0
biomed,sg,2020,WESTCOM SOLUTIONS PTE LTD,1.0
biomed,sg,2020,SOPHIES BIONUTRIENTS PTE LTD,1.0
biomed,sg,2020,SOPHIES BIONUTRIENTS PTE LTD,1.0
biomed,sg,2020,SOPHIES BIONUTRIENTS PTE LTD,1.0
biomed,sg,2020,KAHA PTE LTD,1.0
biomed,sg,2020,NAT SKIN CENTRE SINGAPORE PTE LTD,1.0
biomed,sg,2020,PEREGRINE OPHTHALMIC PTE LTD,1.0
biomed,sg,2020,KAHA PTE LTD,1.0
biomed,sg,2020,BIOVASCULAR THERAPEUTICS PTE LTD,1.0
biomed,sg,2020,LONGTERM CONCEPT INT PTE LTD,1.0
biomed,sg,2020,IMUNAMI LABORATORIES PTE LTD,1.0
biomed,sg,2020,TECHNOLITE SINGAPORE PTE LTD,1.0
biomed,sg,2020,ResMed Asia Pte Ltd,1.0
biomed,sg,2020,MSM HOLDINGS PTE,0.5
biomed,sg,2020,MSM Holdings Pte Ltd,0.5
biomed,sg,2020,SMITH & NEPHEW ASIA PACIFIC PTE LTD,1.0
biomed,sg,2020,SMITH & NEPHEW ASIA PACIFIC PTE LTD,1.0
biomed,sg,2020,SMITH & NEPHEW ASIA PACIFIC PTE LTD,1.0
biomed,sg,2020,ResMed Asia Pte Ltd,1.0
biomed,sg,2020,TELEFLEX LIFE SCIENCES PTE LTD,1.0
biomed,sg,2020,ORBUSNEICH MEDICAL PTE LTD,1.0
biomed,sg,2020,BECTON DICKINSON HOLDINGS PTE LTD,1.0
biomed,sg,2020,HUMMINGBIRD BIOSCIENCE HOLDINGS LTD,0.25
biomed,sg,2020,HUMMINGBIRD BIOSCIENCE HOLDINGS PTE LTD,0.25
biomed,sg,2020,HUMMINGBIRD BIOSCIENCE PTE LTD,0.25
biomed,sg,2020,HUMMINGBIRD BIOSCIENCES HOLDINGS LTD,0.25
biomed,sg,2020,SMITH & NEPHEW ASIA PACIFIC PTE LIMTTED,0.5
biomed,sg,2020,SMITH & NEPHEW ASIA PACIFIC PTE LTD,0.5
biomed,sg,2020,ILLUMINA SINGAPORE PTE LTD,1.0
biomed,sg,2020,HCP HEALTHCARE ASIA PTE LTD,1.0
biomed,sg,2020,FMC AGRO SINGAPORE PTE LTD,1.0
biomed,sg,2020,HERBA INVEST PTE LTD,1.0
biomed,sg,2020,SMITH & NEPHEW ASIA PACIFIC PTE LTD,1.0
biomed,sg,2020,A MENARINI BIOMARKERS SINGAPORE PTE LTD,0.5
biomed,sg,2020,MENARINI BIOMARKERS SINGAPORE PTE LTD,0.5
biomed,sg,2020,SMITH & NEPHEW ASIA PACIFIC PTE LTD,1.0
biomed,sg,2020,AVAGO TECH INT SALES PTE LID,1.0
biomed,sg,2020,SMITH & NEPHEW ASIA PACIFIC PTE LTD,1.0
biomed,sg,2020,SMITH & NEPHEW ASIA PACIFIC PTE LTD,1.0
biomed,sg,2020,BIOKEY PTE LTD,1.0
biomed,sg,2020,BECTON DICKINSON HOLDINGS PTE LTD,1.0
biomed,sg,2020,SMITH & NEPHEW ASIA PACIFIC PTE LTD,1.0
biomed,sg,2020,HILL ROM SERVICES PTE LTD,1.0
biomed,sg,2020,SMITH & NEPHEW ASIA PACIFIC PTE LTD,1.0
biomed,sg,2020,ACM BIOLABS PTE LTD,1.0
biomed,sg,2020,SMITH & NEPHEW ASIA PACIFIC PTE LTD,1.0
biomed,sg,2020,ANX IIP HOLDING PTE LTD,1.0
biomed,sg,2020,SMITH & NEPHEW ASIA PACIFIC PTE LTD,1.0
biomed,sg,2020,ADVANCED MEDTECH CORP PTE LTD,1.0
biomed,sg,2020,FMC AGRO SINGAPORE PTE LTD,1.0
biomed,sg,2020,DH TECHNOLOGIES DEV PTE LTD,1.0
biomed,sg,2020,HANNAH LIFE TECH PTE LTD,1.0
biomed,sg,2020,Wearne Digital Pte Ltd,1.0
biomed,sg,2020,SMITH & NEPHEW ASIA PACIFIC PTE LTD,1.0
biomed,sg,2020,SMITH & NEPHEW ASIA PACIFIC PTE LTD,1.0
biomed,sg,2020,NDR MEDICAL TECH PTE LTD,1.0
biomed,sg,2020,PARAMEVIA PTE LTD,0.5
biomed,sg,2020,RADWISP PTE LTD,0.5
biomed,sg,2020,ALEXANDRA HEALTH PTE LTD,0.5
biomed,sg,2020,NASOTRAK MEDICAL PTE LTD,0.5
biomed,sg,2020,MAP PLASTICS PTE LTD,1.0
biomed,sg,2020,WUXI XDC SINGAPORE PRIVATE LTD,1.0
biomed,sg,2020,SMITH & NEPHEW ASIA PACIFIC PTE LTD,1.0
biomed,sg,2020,ResMed Asia Pte Ltd,1.0
biomed,sg,2020,AVIR MEDICAL PTE LTD,1.0
biomed,sg,2020,ILLUMINA SINGAPORE PTE LTD,1.0
biomed,sg,2020,NAT SKIN CENTRE SINGAPORE PTE LTD,1.0
biomed,sg,2020,TRICOG HEALTH PTE LTD,1.0
biomed,sg,2020,ALEXANDRA HEALTH PTE LTD,0.5
biomed,sg,2020,MEDULLA PRO TECH PTE LTD,0.5
biomed,sg,2020,ResMed Asia Pte Ltd,1.0
biomed,sg,2020,ResMed Asia Pte Ltd,1.0
biomed,sg,2020,SMITH & NEPHEW ASIA PACIFIC PTE LTD,1.0
biomed,sg,2020,SCINOPHARM SINGAPORE PTE LTD,1.0
biomed,sg,2020,NITTO DENKO CORP,1.0
biomed,sg,2020,ResMed Asia Pte Ltd,1.0
biomed,sg,2020,7 TRINITY BIOTECH PTE LTD,1.0
biomed,sg,2020,7 TRINITY BIOTECH PTE LTD,1.0
biomed,sg,2020,MANN HUMMEL LIFE SCIENCES & ENV HOLDING SINGAPORE PTE LTD,1.0
biomed,sg,2020,VOXP PTE LTD,1.0
biomed,sg,2020,THE BIOFACTORY PTE LTD,1.0
biomed,sg,2020,FLEX LTD,1.0
biomed,sg,2020,ADVANCED OPHTHALMIC INNOVATIONS PTE LTD,1.0
biomed,sg,2020,I SUPPORT PTE LTD,1.0
biomed,sg,2020,CONEX HEALTHCARE PTE LTD,1.0
biomed,sg,2020,HOPE TECHNIK PTE LTD,1.0
biomed,sg,2020,AWAK TECH PTE LTD,1.0
biomed,sg,2020,SINGAPORE GREEN CHEMICAL ENG PTE LTD,1.0
biomed,sg,2020,SMITH & NEPHEW ASIA PACIFIC PTE LTD,1.0
biomed,sg,2020,IX BIOPHARMA LTD,1.0
biomed,sg,2020,ResMed Asia Pte Ltd,1.0
biomed,sg,2020,INVIVO MEDICAL PTE LTD,1.0
biomed,sg,2020,ANX IP HOLDING PTE LTD,1.0
biomed,sg,2020,ANX IP HOLDING PTE LTD,1.0
biomed,sg,2020,ANX IP HOLDING PTE LTD,1.0
biomed,sg,2020,EPIC MEDICAL PTE LTD,1.0
biomed,sg,2020,IGIN SMART HYGIENE PTE LTD,1.0
biomed,sg,2020,ILLUMINA SINGAPORE PTE LTD,1.0
biomed,sg,2020,LEICA INSTR SINGAPORE PTE LTD,1.0
biomed,sg,2020,SMITH & NEPHEW ASIA PACIFIC PTE LTD,1.0
biomed,sg,2020,SMITH & NEPHEW ASIA PACIFIC PTE LTD,1.0
biomed,sg,2020,SMITH & NEPHEW ASIA PACIFIC PTE LTD,1.0
biomed,sg,2020,LEICA INSTR SINGAPORE PTE LTD,1.0
biomed,sg,2020,LEICA INSTR SINGAPORE PTE LTD,1.0
biomed,sg,2020,HILL ROM SERVICES PTE LTD,1.0
biomed,sg,2020,ORBUSNEICH MEDICAL PTE LTD,1.0
biomed,sg,2020,FMC AGRO SINGAPORE PTE LTD,1.0
biomed,sg,2020,FMC AGRO SINGAPORE PTE LTD,1.0
biomed,sg,2020,FMC AGRO SINGAPORE PTE LTD,1.0
biomed,sg,2020,FMC AGRO SINGAPORE PTE LTD,1.0
biomed,sg,2020,SMITH & NEPEW ASIA PACIFIC PTE LTD,0.5
biomed,sg,2020,SMITH & NEPHEW ASIA PACIFIC PTE LTD,0.5
biomed,sg,2020,LIFE TECH HOLDINGS PTE LTD,1.0
biomed,sg,2020,SMITH & NEPHEW ASIA PACIFIC PTE LTD,1.0
biomed,sg,2020,LEICA INSTR SINGAPORE PTE LTD,1.0
biomed,sg,2020,TRAVECTA THERAPEUTICS PTE LTD,1.0
biomed,sg,2020,FMC AGRO SINGAPORE PTE LTD,0.5
biomed,sg,2020,FMC ARGO SINGAPORE PTE LTD,0.5
biomed,sg,2020,RHEA GENETICS PTE LTD,1.0
biomed,sg,2020,AMS SENSORS SINGAPORE PTE LTD,1.0
biomed,sg,2020,SMITH & NEPHEW ASIA PACIFIC PTE LTD,1.0
biomed,sg,2020,SMITH & NEPHEW ASIA PACIFIC PTE LTD,1.0
biomed,sg,2020,ResMed Asia Pte Ltd,1.0
biomed,sg,2020,SMITH & NEPHEW ASIA PACIFIC PTE LTD,1.0
biomed,sg,2020,LEICA INSTR SINGAPORE PTE LTD,1.0
biomed,sg,2020,SMITH & NEPHEW ASIA PACIFIC PTE LTD,1.0
biomed,sg,2020,FMC AGRO SINGAPORE PTE LTD,1.0
biomed,sg,2020,HILL ROM SERVICE PTE LTD,0.5
biomed,sg,2020,HILL ROM SERVICES PTE LTD,0.5
biomed,sg,2020,SIVANTOS PTE LTD,1.0
biomed,sg,2020,SMITH & NEPHEW ASIA PACIFIC PTE LTD,1.0
biomed,sg,2020,SIVANTOS PTE LTD,1.0
biomed,sg,2020,EPITRONIC HOLDINGS PTE LTD,1.0
biomed,sg,2020,LEICA INSTR SINGAPORE PTE LTD,1.0
biomed,sg,2020,ILLUMINA SINGAPORE PTE LTD,1.0
biomed,sg,2020,SMITH & NEPHEW ASIA PACIFIC PTE LTD,1.0
biomed,sg,2020,SMITH & NEPHEW ASIA PACIFIC PTE LTD,1.0
biomed,sg,2020,EKO AI PTE LTD,1.0
biomed,sg,2020,FMC AGRO SINGAPORE PTE LTD,1.0
biomed,sg,2020,FMC AGRO SINGAPORE PTE LTD,1.0
biomed,sg,2020,SMITH & NEPHEW ASIA PACIFIC PLE LTD,0.5
biomed,sg,2020,SMITH & NEPHEW ASIA PACIFIC PTE LTD,0.5
biomed,sg,2020,CELLRESEARCH CORP PTE LTD,1.0
biomed,sg,2020,TURTLETREE LAB PTE LTD,0.5
biomed,sg,2020,TURTLETREE LABS PTE LTD,0.5
biomed,sg,2020,ASLAN PHARMACEUTICALS PTE LTD,1.0
biomed,sg,2020,INVIVO MEDICAL PTE LTD,1.0
biomed,sg,2020,CELLRESEARCH CORP PTE LTD,1.0
biomed,sg,2020,WAVE LIFE SCIENCES LTD,1.0
biomed,sg,2020,WAVE LIFE SCIENCES LTD,1.0
biomed,sg,2020,AFFLE INT PTE LTD,1.0
biomed,sg,2020,INCANDO THERAPEUTICS PTE LTD,1.0
biomed,sg,2020,JCS BIOTECH PTE LTD,1.0
biomed,sg,2020,BACTOCLEAR HOLDINGS PTE LTD,1.0
biomed,sg,2020,HILL ROM SERVICES PTE LTD,1.0
biomed,sg,2020,ResMed Asia Pte Ltd,1.0
biomed,sg,2020,BLOOMMED TECH PTE LTD,0.5
biomed,sg,2020,BLOOMMED TECH PTE LTD SG,0.5
biomed,sg,2020,ResMed Asia Pte Ltd,1.0
biomed,sg,2020,ANX IP HOLDING PTE LTD,1.0
biomed,sg,2020,KLASS ENG & SOLUTIONS PTE LTD,1.0
biomed,sg,2020,ResMed Asia Pte Ltd,1.0
biomed,sg,2020,SOL X PTE LTD,1.0
biomed,sg,2020,HOYA MEDICAL SINAPORE PTE LTD,0.5
biomed,sg,2020,Hoya Medical Singapore Pte Ltd,0.5
biomed,sg,2020,ENGINE BIOSCIENCES PTE LTD,1.0
biomed,sg,2020,MSD INT GMBH SINGAPORE BRANCH,1.0
biomed,sg,2020,UHOO PTE LTD,1.0
biomed,sg,2020,MEDO DX PTE LTD,1.0
biomed,sg,2020,MEDO DX PTE LTD,1.0
biomed,sg,2020,ResMed Asia Pte Ltd,1.0
biomed,sg,2020,ResMed Asia Pte Ltd,1.0
biomed,sg,2020,ResMed Asia Pte Ltd,1.0
biomed,sg,2020,Hoya Medical Singapore Pte Ltd,1.0
biomed,sg,2020,MANN HUMMEL LIFE SCIENCE & ENV HOLDING SINGAPORE PTE LTD,0.5
biomed,sg,2020,MANN HUMMEL LIFE SCIENCES & ENV HOLDING SINGAPORE PTE LTD,0.5
biomed,sg,2020,TRITECH WATER TECH PTE LTD,1.0
biomed,sg,2020,Radic8 PTE LTD,1.0
biomed,sg,2020,MEDKLINN TECH PTE LTD,1.0
biomed,sg,2020,HYTTO PTE LTD,1.0
biomed,sg,2020,OCCUTRACK MEDICAL SOLUTIONS PTE LTD,1.0
biomed,sg,2020,MEDIPURPOSE PTE LTD,1.0
biomed,sg,2020,LEICA INSTR SINGAPORE PTE LTD,1.0
biomed,sg,2020,LEICA INSTR SINGAPORE PTE LTD,1.0
biomed,sg,2020,YCH GROUP PTE LTD,1.0
biomed,sg,2020,YCH GROUP PTE LTD,1.0
biomed,sg,2020,POINT ROBOTICS SINGAPORE PTE LTD,1.0
biomed,sg,2020,POINT ROBOTICS SINGAPORE PTE LTD,1.0
biomed,sg,2020,POLYWIN PTE LTD,1.0
biomed,sg,2020,SMITH & NEPHEW ASIA PACIFIC PTE LTD,1.0
biomed,sg,2020,SMITH & NEPHEW ASIA PACIFIC PTE LTD,1.0
biomed,sg,2020,SMITH & NEPHEW ASIA PACIFIC PTE LTD,1.0
biomed,sg,2020,SMITH & NEPHEW ASIA PACIFIC PTE LTD,1.0
biomed,sg,2021,WISTA LAB LTD,1.0
biomed,sg,2021,MENICON SINGAPORE PTE LTD,1.0
biomed,sg,2021,ANX IP HOLDING PTE LTD,1.0
biomed,sg,2021,ANX IP HOLDING PTE LTD,1.0
biomed,sg,2021,ANX IP HOLDING PTE LTD,1.0
biomed,sg,2021,MDESIGN SOLUTIONS PTE LTD,1.0
biomed,sg,2021,PRESTIGE BIOPHARMA PTE LTD,1.0
biomed,sg,2021,PRESTIGE BIOPHARMA PTE LTD,1.0
biomed,sg,2021,BECTON DICKINSON HOLDINGS PTE LTD,1.0
biomed,sg,2021,SMITH & NEPHEW ASIA PACIFIC PTE LTD,1.0
biomed,sg,2021,SMITH & NEPHEW ASIA PACIFIC PTE LTD,1.0
biomed,sg,2021,SMITH & NEPHEW ASIA PACIFIC PTE LTD,1.0
biomed,sg,2021,SMITH & NEPHEW ASIA PACIFIC PTE LTD,1.0
biomed,sg,2021,SMITH & NEPHEW ASIA PACIFIC PTE LTD,1.0
biomed,sg,2021,SMITH & NEPHEW ASIA PACIFIC PTE LTD,1.0
biomed,sg,2021,BECTON DICKINSON HOLDINGS PTE LTD,1.0
biomed,sg,2021,SMITH & NEPHEW ASIA PACIFIC PTE LTD,0.5
biomed,sg,2021,SMITH NEPHEW ASIA PACIFIC PTE LTD,0.5
biomed,sg,2021,SMITH & NEPHEW ASIA PACIFIC PTE LTD,1.0
biomed,sg,2021,SMITH & NEPHEW ASIA PACIFIC PTE LTD,1.0
biomed,sg,2021,CRAFT HEALTH PTE LTD,1.0
biomed,sg,2021,SMITH & NEPHEW ASIA PACIFIC PTE LTD,1.0
biomed,sg,2021,SMITH & NEPHEW ASIA PACIFIC PTE LTD,1.0
biomed,sg,2021,TYCHAN PTE LTD,1.0
biomed,sg,2021,JAGUAHR THERAPEUTICS PTE LTD,1.0
biomed,sg,2021,SMITH & NEPHEW ASIA PACIFIC PTE LTD,1.0
biomed,sg,2021,LEICA INSTR SINGAPORE PTE LTD,1.0
biomed,sg,2021,SMITH & NEPHEW ASIA PACIFIC PTE LTD,1.0
biomed,sg,2021,SMITH & NEPHEW ASIA PACIFIC PTE LTD,1.0
biomed,sg,2021,SMITH & NEPHEW ASIA PACIFIC PTE LTD,1.0
biomed,sg,2021,SMITH & NEPHEW ASIA PACIFIC PTE LTD,1.0
biomed,sg,2021,STEP SURGICAL PTE LTD,1.0
biomed,sg,2021,LEICA INSTR SINGAPORE PTE LTD,1.0
biomed,sg,2021,SMITH & NEPHEW ASIA PACIFIC PTE LTD,1.0
biomed,sg,2021,MINDBCI PTE LTD,1.0
biomed,sg,2021,LEICA INSTR SINGAPORE PTE LTD,1.0
biomed,sg,2021,SMITH & NEPHEW ASIA PACIFIC PTE LTD,1.0
biomed,sg,2021,SMITH & NEPHEW ASIA PACIFIC PTE LTD,1.0
biomed,sg,2021,SMITH & NEPHEW ASIA PACIFIC PTE LTD,1.0
biomed,sg,2021,SMITH & NEPHEW ASIA PACIFIC PTE LTD,1.0
biomed,sg,2021,TRAVECTA THERAPEUTICS PTE LTD,1.0
biomed,sg,2021,TRAVECTA THERAPEUTICS PTE LTD,1.0
biomed,sg,2021,PVP LABS PTE LTD,1.0
biomed,sg,2021,LUCENCE LIFE SCIENCES PTE LTD,1.0
biomed,sg,2021,CARMINE THERAPEUTICS PTE LTD,1.0
biomed,sg,2021,ANX IP HOLDING PTE LTD,1.0
biomed,sg,2021,HISTOINDEX PTE LTD,1.0
biomed,sg,2021,AUSTRIANOVA SINGAPORE PTE LTD,1.0
biomed,sg,2021,CLEARLAB SG PTE LTD,1.0
biomed,sg,2021,SEE MODE TECH PTE LTD,1.0
biomed,sg,2021,SMITH & NEPHEW ASIA PACIFIC PTE LTD,1.0
biomed,sg,2021,SINGAPORE ZE&Z INT PTE LTD,1.0
biomed,sg,2021,ST ENGINEERING ADVANCED MAT ENGINEERING PTE LTD,1.0
biomed,sg,2021,EKO AI PTE LTD,1.0
biomed,sg,2021,EKO AI PTE LTD,1.0
biomed,sg,2021,ONE BIOMED PTE LTD,1.0
biomed,sg,2021,ResMed Asia Pte Ltd,1.0
biomed,sg,2021,WAVE LIFE SCIENCES LTD,1.0
biomed,sg,2021,SPOROGENICS PTE LTD,1.0
biomed,sg,2021,SMITH & NEPHEW ASIA PACIFIC PTE LTD,1.0
biomed,sg,2021,FORTVITA BIOLOGICS SINGAPORE PTE LTD,0.3333333333333333
biomed,sg,2021,INNOVENT BIOLOGICS SINGAPORE CO LTD,0.3333333333333333
biomed,sg,2021,INNOVENT BIOLOGICS SINGAPORE PTE LTD,0.3333333333333333
biomed,sg,2021,FORTVITA BIOLOGICS SINGAPORE PTE LTD,0.5
biomed,sg,2021,INNOVENT BIOLOGICS SINGAPORE PTE LTD,0.5
biomed,sg,2021,JCS BIOTECH PTE LTD,1.0
biomed,sg,2021,DELTA ELECTRONICS INTL SINGAPORE PTE LTD,1.0
biomed,sg,2021,ResMed Asia Pte Ltd,1.0
biomed,sg,2021,ResMed Asia Pte Ltd,1.0
biomed,sg,2021,GERO PTE LTD,1.0
biomed,sg,2021,ResMed Asia Pte Ltd,1.0
biomed,sg,2021,CHAMPS INNOVATIONS PTE LTD,1.0
biomed,sg,2021,ENGINE BIOSCIENCES PTE LTD,1.0
biomed,sg,2021,ResMed Asia Pte Ltd,1.0
biomed,sg,2021,SIVANTOS PTE LTD,1.0
biomed,sg,2021,SCINOPHARM SINGAPORE PTE LTD,1.0
biomed,sg,2021,JLWH PTE LTD,1.0
biomed,sg,2021,PTS TECH PTE LIMITED,0.5
biomed,sg,2021,PTS TECH PTE LTD,0.5
biomed,sg,2021,ADAGENE PTE LTD,1.0
biomed,sg,2021,INVIVO MEDICAL PTE LTD,1.0
biomed,sg,2021,POLYWIN PTE LTD,1.0
biomed,sg,2021,LENOVO SINGAPORE PTE LTD,1.0
biomed,sg,2021,WILMAR INTERNATIONAL LTD,1.0
biomed,sg,2021,LENOVO SINGAPORE PTE LTD,1.0
biomed,sg,2021,POINT ROBOTICS SINGAPORE PTE LTD,1.0
biomed,sg,2021,ARRIVE PTE LTD,1.0
biomed,sg,2021,SMITH & NEPHEW ASIA PACIFIC PTE LTD,1.0
biomed,sg,2021,MERLIN MD PTE LTD,1.0
biomed,sg,2021,BIOCOZ GLOBAL PTE LTD,1.0
biomed,sg,2021,ANX IP HOLDING PTE LTD,1.0
biomed,sg,2021,WISTA LAB LTD,1.0
biomed,sg,2021,RHEA GENETICS PTE LTD,1.0
biomed,sg,2021,ANX IP HOLDING PTE LTD,1.0
biomed,sg,2021,ANKON TECHNOLOGIES CO LTD,0.5
biomed,sg,2021,ANX IP HOLDING PTE LTD,0.5
biomed,sg,2021,ANX IP HOLDING PTE LTD,1.0
biomed,sg,2021,ANX IP HOLDING PTE LTD,1.0
biomed,sg,2021,ANX IP HOLDING PTE LTD,1.0
biomed,sg,2021,ANX IP HOLDING PTE LTD,1.0
biomed,sg,2021,ANX IP HOLDING PTE LTD,1.0
biomed,sg,2021,ANX IP HOLDING PTE LTD,1.0
biomed,sg,2021,ANX IP HOLDING PTE LTD,1.0
biomed,sg,2021,ANX IP HOLDING PTE LTD,1.0
biomed,sg,2021,ANX IP HOLDING PTE LTD,1.0
biomed,sg,2021,ANX IP HOLDING PTE LTD,1.0
biomed,sg,2021,LEICA INSTR SINGAPORE PTE LTD,1.0
biomed,sg,2021,DH TECHNOLOGIES DEV PTE LTD,1.0
biomed,sg,2021,SMITH & NEPHEW ASIA PACIFIC PTE LTD,1.0
biomed,sg,2021,LEICA INSTR SINGAPORE PTE LTD,1.0
biomed,sg,2021,SMITH & NEPHEW ASIA PACIFIC PTE LTD,1.0
biomed,sg,2021,EXPLOR INVEST PTE LTD,1.0
biomed,sg,2021,SMITH & NEPHEW ASIA PACIFIC PTE LIIMITED,0.5
biomed,sg,2021,SMITH & NEPHEW ASIA PACIFIC PTE LTD,0.5
biomed,sg,2021,SMITH & NEPHEW ASIA PACIFIC PTE LTD,1.0
biomed,sg,2021,SMITH & NEPHEW ASIA PACIFIC PTE LTD,1.0
biomed,sg,2021,WISTA LAB LTD,1.0
biomed,sg,2021,ResMed Asia Pte Ltd,1.0
biomed,sg,2021,SMITH & NEPHEW ASIA PACIFIC PTE LTD,1.0
biomed,sg,2021,SMITH & NEPHEW ASIA PACIFIC PTE LTD,1.0
biomed,sg,2021,TRAVECTA THERAPEUTICS PTE LTD,1.0
biomed,sg,2021,SMITH & NEPHEW ASIA PACIFIC PTE LTD,1.0
biomed,sg,2021,WISTA LAB LTD,1.0
biomed,sg,2021,LEICA INSTR SINGAPORE PTE LTD,1.0
biomed,sg,2021,SMITH & NEPHEW ASIA PACIFIC PTE LTD,1.0
biomed,sg,2021,ACM BIOLABS PTE LTD,1.0
biomed,sg,2021,SMITH & NEPHEW ASIA PACIFIC PTE LTD,1.0
biomed,sg,2021,SMITH & NEPHEW ASIA PACIFIC PTE LTD,1.0
biomed,sg,2021,23 IKIGAI PTE LTD,0.5
biomed,sg,2021,23IKIGAI PTE LTD,0.5
biomed,sg,2021,SMITH & NEPHEW ASIA PACIFIC PTE LTD,1.0
biomed,sg,2021,SMITH & NEPHEW ASIA PACIFIC PTE LTD,1.0
biomed,sg,2021,ILLUMINA SINGAPORE PTE LTD,1.0
biomed,sg,2021,TESSA THERAPEUTICS LTD,1.0
biomed,sg,2021,SMITH & NEPHEW ASIA PACIFIC PTE LTD,1.0
biomed,sg,2021,ILLUMINA SINGAPORE PTE LTD,1.0
biomed,sg,2021,SMITH & NEPHEW ASIA PACIFIC PTE LTD,1.0
biomed,sg,2021,HILL ROM SERVICES PTE LTD,1.0
biomed,sg,2021,SMITH & NEPHEW ASIA PACIFIC PTE LTD,1.0
biomed,sg,2021,SMITH & NEPHEW ASIA PACIFIC PTE LTD,1.0
biomed,sg,2021,SMITH & NEPHEW ASIA PACIFIC PTE LTD,1.0
biomed,sg,2021,ILLUMINA SINGAPORE PTE LTD,1.0
biomed,sg,2021,AWAK TECH PTE LTD,1.0
biomed,sg,2021,SMITH & NEPHEW ASIA PACIFIC PTE LTD,1.0
biomed,sg,2021,WAVE LIFE SCIENCES LTD,1.0
biomed,sg,2021,SMITH & NEPHEW ASIA PACIFIC PTE LTD,1.0
biomed,sg,2021,AWAK TECH PTE LTD,1.0
biomed,sg,2021,SMITH & NEPHEW ASIA PACIFIC PTE LTD,1.0
biomed,sg,2021,SMITH & NEPHEW ASIA PACIFIC PTE LTD,1.0
biomed,sg,2021,SMITH & NEPHEW ASIA PACIFIC PTE LIMTED,0.5
biomed,sg,2021,SMITH & NEPHEW ASIA PACIFIC PTE LTD,0.5
biomed,sg,2021,TSG THERAPEUTICS PTE LTD,1.0
biomed,sg,2021,SMITH & NEPHEW ASIA PACIFIC PTE LIMTED,0.5
biomed,sg,2021,SMITH & NEPHEW ASIA PACIFIC PTE LTD,0.5
biomed,sg,2021,NANOCLEAN S PTE LTD,1.0
biomed,sg,2021,ASIA GENOMICS PTE LTD,1.0
biomed,sg,2021,CREDO DIAGNOSTICS BIOMEDICAL PTE LTD,1.0
biomed,sg,2021,ACUMEN RES LABORATORIES PTE LTD,1.0
biomed,sg,2021,SELF IE ENTERPRISE PRIVATE LTD,1.0
biomed,sg,2021,ResMed Asia Pte Ltd,1.0
biomed,sg,2021,ENGINE BIOSCIENCES PTE LTD,1.0
biomed,sg,2021,N&E INNOVATIONS PTE LTD,1.0
biomed,sg,2021,INTRA IMMUSG PRIVATE LTD,0.5
biomed,sg,2021,INTRA IMMUSG PRIVATE LTD SG,0.5
biomed,sg,2021,SMITH & NEPHEW ASIA PACIFIC PTE LTD,1.0
biomed,sg,2021,SMITH & NEPHEW ASIA PACIFIC PTE LTD,1.0
biomed,sg,2021,SMITH & NEPHEW ASIA PACIFIC PTE LTD,1.0
biomed,sg,2021,ResMed Asia Pte Ltd,1.0
biomed,sg,2021,BIOBOT SURGICAL PTE LTD,1.0
biomed,sg,2021,SOFT SENSE LIFE TECH PTE LTD,1.0
biomed,sg,2021,SMITH & NEPHEW ASIA PACIFIC PTE LTD,1.0
biomed,sg,2021,SMITH & NEPHEW ASIA PACIFIC PTE LTD,1.0
biomed,sg,2021,SMITH & NEPHEW ASIA PACIFIC PTE LTD,1.0
biomed,sg,2021,SMITH & NEPHEW ASIA PACIFIC PTE LTD,1.0
biomed,sg,2021,ORBUSNEICH MEDICAL PTE LTD,1.0
biomed,sg,2021,WAVE LIFE SCIENCES LTD,1.0
biomed,sg,2021,AEVICE HEALTH PTE LTD,1.0
biomed,sg,2021,OTSAW DIGITAL PTE LTD,1.0
biomed,sg,2021,JELLICE PIONEER PRIVATE LTD TAIWAN BRANCH SINGAPORE,1.0
biomed,sg,2021,SMITH & NEPHEW ASIA PACIFIC PTE LTD,1.0
biomed,sg,2021,SMITH & NEPHEW ASIA PACIFIC PTE LTD,1.0
biomed,sg,2021,IX BIOPHARMA LTD,1.0
biomed,sg,2021,SMITH & NEPHEW ASIA PACIFIC PTE LTD,1.0
biomed,sg,2021,ARRIVE PTE LTD,1.0
biomed,sg,2021,23IKIGAI PTE LTD,1.0
biomed,sg,2021,FORTVITA BIOLOGICS SINGAPORE PTE LTD,0.5
biomed,sg,2021,INNOVENT BIOLOGICS SINGAPORE PTE LTD,0.5
biomed,sg,2021,ADAGENE PTE LTD,1.0
biomed,sg,2021,ResMed Asia Pte Ltd,1.0
biomed,sg,2021,NERVOTEC PTE LTD,1.0
biomed,sg,2021,ResMed Asia Pte Ltd,1.0
biomed,sg,2021,ResMed Asia Pte Ltd,1.0
biomed,sg,2021,GASHUBUNITED UTILITY PTE LTD,1.0
biomed,sg,2021,LONGRUNN MEDICAL FOOD PTE LTD,1.0
biomed,sg,2021,SPACE PTE LTD,1.0
biomed,sg,2021,TECHNOLITE SINGAPORE PTE LTD,1.0
biomed,sg,2021,BIOSIGNS PTE LTD,1.0
biomed,sg,2021,POINT ROBOTICS SINGAPORE PTE LTD,1.0
biomed,sg,2021,MPICS INNOVATIONS PTE LTD,1.0
biomed,sg,2021,HYTTO PTE LTD,1.0
biomed,sg,2021,NDR MEDICAL TECH PRIVATE LIMITED,1.0
biomed,sg,2021,SMITH & NEPHEW ASIA PACIFIC PTE LTD,1.0
biomed,sg,2021,HYTTO PTE LTD,1.0
biomed,sg,2021,BACTOCLEAR HOLDINGS PTE LTD,1.0
biomed,sg,2021,AUSTRIANOVA SINGAPORE PTE LTD,1.0
biomed,sg,2021,FMC AGRO SINGAPORE PTE LTD,1.0
biomed,sg,2021,Hoya Medical Singapore Pte Ltd,1.0
biomed,sg,2021,WISTA LAB LTD,1.0
biomed,sg,2021,Hoya Medical Singapore Pte Ltd,1.0
biomed,sg,2021,ANX IP HOLDING PTE LTD,1.0
biomed,sg,2021,ANX IP HOLDING PTE LTD,1.0
biomed,sg,2021,ANX IP HOLDING PTE LTD,1.0
biomed,sg,2021,ANX IP HOLDING PTE LTD,1.0
biomed,sg,2021,ANX IP HOLDING PTE LTD,1.0
biomed,sg,2021,ANX IP HOLDING PTE LTD,1.0
biomed,sg,2021,ANX IP HOLDING PTE LTD,1.0
biomed,sg,2021,CHUGAI PHARMABODY RES PTE LTD,1.0
biomed,sg,2021,WISORIG TECH PTE LIMITED,1.0
biomed,sg,2021,VIATRIS ASIA PACIFIC PTE LTD,1.0
biomed,sg,2021,LEICA INSTR SINGAPORE PTE LTD,1.0
biomed,sg,2021,ORBUSNEICH MEDICAL PTE LTD,1.0
biomed,sg,2021,HELAXY INC,1.0
biomed,sg,2021,CJ TECH HOLDINGS PTE LTD,1.0
biomed,sg,2021,SMITH & NEPHEW ASIA PACIFIC PTE LIMTED,0.5
biomed,sg,2021,SMITH & NEPHEW ASIA PACIFIC PTE LTD,0.5
biomed,sg,2021,SMITH & NEPHEW ASIA PACIFIC PTE LTD,1.0
biomed,sg,2021,SMITH & NEPHEW ASIA PACIFIC PTE LTD,1.0
biomed,sg,2021,FMC AGRO SINGAPORE PTE LTD,1.0
biomed,sg,2021,ILLUMINA SINGAPORE PTE LTD,1.0
biomed,sg,2021,FMC AGRO SINGAPORE PTE LTD,1.0
biomed,sg,2021,SMITH & NEPHEW ASIA PACIFIC PTE LTD,1.0
biomed,sg,2021,SMITH & NEPHEW ASIA PACIFIC PTE LTD,1.0
biomed,sg,2021,HILL ROM SERVICES PTE LTD,1.0
biomed,sg,2021,SMITH & NEPHEW ASIA PACIFIC PTE LTD,1.0
biomed,sg,2021,ASLAN PHARMACEUTICALS PTE LTD,1.0
biomed,sg,2021,SMITH & NEPHEW ASIA PACIFIC PTE LTD,1.0
biomed,sg,2021,SMITH & NEPHEW ASIA PACIFIC PTE LTD,1.0
biomed,sg,2021,ILLUMINA SINGAPORE PTE LTD,1.0
biomed,sg,2021,SMITH & NEPHEW ASIA PACIFIC PTE LTD,1.0
biomed,sg,2021,SPORTSCIENTIA PTE LTD,1.0
biomed,sg,2021,SMITH & NEPHEW ASIA PACIFIC PTE LTD,1.0
biomed,sg,2021,SMITH & NEPHEW ASIA PACIFIC PTE LTD,1.0
biomed,sg,2021,SMITH & NEPHEW ASIA PACIFIC PTE LTD,1.0
biomed,sg,2021,SMITH & NEPHEW ASIA PACIFIC PTE LTD,1.0
biomed,sg,2021,INNOVATION STREET PTE LTD,1.0
biomed,sg,2021,INNOVATION STREET PTE LTD,1.0
biomed,sg,2021,INNOVATION STREET PTE LTD,1.0
biomed,sg,2021,WUXI XDC SINGAPORE PRIVATE LTD,1.0
biomed,sg,2021,CHISCAN HOLDING PTE LTD,0.5
biomed,sg,2021,CHISCAN HOLDINGS PTE LTD,0.5
biomed,sg,2021,RIWAY SINGAPORE PTE LTD,1.0
biomed,sg,2021,CELLRESEARCH CORP PTE LTD,1.0
biomed,sg,2021,PYROBETT PTE LTD,1.0
biomed,sg,2021,ResMed Asia Pte Ltd,1.0
biomed,sg,2021,ResMed Asia Pte Ltd,1.0
biomed,sg,2021,LUCENCE LIFE SCIENCES PTE LTD,1.0
biomed,sg,2021,LUCENCE LIFE SCIENCES PTE LTD,1.0
biomed,sg,2021,LUCENCE LIFE SCIENCES PTE LTD,1.0
biomed,sg,2021,LUCENCE LIFE SCIENCES PTE LTD,1.0
biomed,sg,2021,RELIEVE THERAPEUTICS PTE LTD,1.0
biomed,sg,2021,LIGERA RES PTE LTD,1.0
biomed,sg,2021,SMITH & NEPHEW ASIA PACIFIC PTE LTD,1.0
biomed,sg,2021,YIJIAHE SINGAPORE PTE LTD,1.0
biomed,sg,2021,WAVE LIFE SCIENCES LTD,1.0
biomed,sg,2021,HAISCO PHARMACEUTICALS PTE LTD,1.0
biomed,sg,2021,MOJIA BIOTECH PTE LTD,1.0
biomed,sg,2021,SURECLEAN PTE LTD,1.0
biomed,sg,2021,SMITH & NEPHEW ASIA PACIFIC PTE LTD,1.0
biomed,sg,2021,HAISCO PHARMACEUTICALS PTE LTD,1.0
biomed,sg,2021,ResMed Asia Pte Ltd,1.0
biomed,sg,2021,TRISAIL MEDICAL PTE LTD,1.0
biomed,sg,2021,FORTVITA BIOLOGICS SINGAPORE PTE LTD,1.0
biomed,sg,2021,FORTVITA BIOLOGICS SINGAPORE PTE LTD,0.5
biomed,sg,2021,INNOVENT BIOLOGICS SINGAPORE PTE LTD,0.5
biomed,sg,2021,MEDLYVES PTE LTD,1.0
biomed,sg,2021,ResMed Asia Pte Ltd,1.0
biomed,sg,2021,HOOW FOODS PTE LTD,1.0
biomed,sg,2021,ResMed Asia Pte Ltd,1.0
biomed,sg,2021,RELIEVE THERAPEUTICS PTE LTD,1.0
biomed,sg,2021,ECOSPEC NOVELTECH PTE LTD,1.0
biomed,sg,2021,SIVANTOS PTE LTD,1.0
biomed,sg,2021,SIVANTOS PTE LTD,1.0
biomed,sg,2021,HUIKE SINGAPORE HOLDING PTE LTD,1.0
biomed,sg,2021,PLENAMED PTE LTD,1.0
biomed,sg,2021,HYTTO PTE LTD,1.0
biomed,sg,2021,NAVAD LIFE SCIENCES PTE LTD,0.5
biomed,sg,2021,Navad Life Sciences Pte,0.5
biomed,sg,2021,HYTTO PTE LTD,1.0
biomed,sg,2021,RAPSODO PTE LTD,1.0
biomed,sg,2021,Neerkoli Pte Ltd,1.0
biomed,sg,2021,SOTER BIOPHARMA PTE LTD,1.0
biomed,sg,2021,MEDKLINN TECH PTE LTD,1.0
biomed,sg,2021,HALESIGHT PTE LTD,1.0
biomed,sg,2021,RELIEVE THERAPEUTICS PTE LTD,1.0
biomed,sg,2021,SMITH & NEPHEW ASIA PACIFIC PTE LTD,1.0
biomed,sg,2021,SMITH & NEPHEW ASIA PACIFIC PTE LTD,1.0
biomed,sg,2021,Poly Gain Pte Ltd,1.0
biomed,sg,2021,MOJIA BIOTECH PTE LTD,1.0
biomed,sg,2021,SMITH & NEPHEW ASIA PACIFIC PTE LTD,1.0
biomed,sg,2021,ANX IP HOLDING PTE LTD,1.0
biomed,sg,2021,MOJIA BIOTECH PTE LTD,1.0
biomed,sg,2021,PLANEAT FOODS PTE LTD,1.0
biomed,sg,2021,ACM BIOLABS PTE LTD,1.0
biomed,sg,2021,ANX ANX IP HOLDING PTE LTD,0.5
biomed,sg,2021,ANX IP HOLDING PTE LTD,0.5
biomed,sg,2021,IOLERA HOLDINGS PTE LTD,1.0
biomed,sg,2021,ADVANCED MEDTECH CORP PTE LTD,1.0
biomed,sg,2021,HILL ROM SERVICES PTE LTD,1.0
biomed,sg,2021,LEICA INSTR SINGAPORE PTE LTD,1.0
biomed,sg,2021,LEICA INSTR SINGAPORE PTE LTD,1.0
biomed,sg,2021,SMITH & NEPHEW ASIA PACIFIC PTE LTD,1.0
biomed,sg,2021,IMMUNOA PTE LTD,1.0
biomed,sg,2021,SMITH & NEPHEW ASIA PACIFIC PTE LTD,1.0
biomed,sg,2021,ASLAN PHARMACEUTICALS PTE LTD,1.0
biomed,sg,2021,AMS SENSORS SINGAPORE PTE LTD,1.0
biomed,sg,2021,HUMMINGBIRD BIOSCIENCE PTE LTD,1.0
biomed,sg,2021,SMITH & NEPHEW ASIA PACIFIC PTE LTD,1.0
biomed,sg,2021,SMITH & NEPHEW ASIA PACIFIC PTE LTD,1.0
biomed,sg,2021,JUNION LABS PTE LTD,0.3333333333333333
biomed,sg,2021,THE CHLOROPLAST PTE LTD,0.3333333333333333
biomed,sg,2021,THE CHLOROPLASTPTE LTD,0.3333333333333333
biomed,sg,2021,SMITH & NEPHEW ASIA PACIFIC PTE LTD,1.0
biomed,sg,2021,SMITH & NEPHEW ASIA PACIFIC PTE LTD,1.0
biomed,sg,2021,LIFE TECH HOLDINGS PTE LIMITED,1.0
biomed,sg,2021,HISTOINDEX PTE LTD,1.0
biomed,sg,2021,SMITH & NEPHEW ASIA PACIFIC PTE LTD,1.0
biomed,sg,2021,ANTS INNOVATE PTE LTD,1.0
biomed,sg,2021,ResMed Asia Pte Ltd,1.0
biomed,sg,2021,SMITH & NEPHEW ASIA PACIFIC PTE LTD,1.0
biomed,sg,2021,EVYD RES PRIVATE LIMITED,1.0
biomed,sg,2021,SMITH & NEPHEW ASIA PACIFIC PTE LTD,1.0
biomed,sg,2021,SMITH & NEPHEW ASIA PACIFIC PTE LTD,1.0
biomed,sg,2021,SMITH & NEPHEW ASIA PACIFIC PTE LTD,1.0
biomed,sg,2021,SPORTSCIENTIA PTE LTD,1.0
biomed,sg,2021,MEIBAN GROUP PTE LTD,1.0
biomed,sg,2021,SMITH & NEPHEW ASIA PACIFIC PTE LTD,1.0
biomed,sg,2021,HILL ROM SERVICES PTE LTD,1.0
biomed,sg,2021,FMC AGRO SINGAPORE PTE LTD,1.0
biomed,sg,2021,FMC AGRO SINGAPORE PTE LTD,1.0
biomed,sg,2021,SMITH & NEPHEW ASIA PACIFIC PTE LTD,1.0
biomed,sg,2021,HUMMINGBIRD BIOSCIENCE HOLDINGS LTD,1.0
biomed,sg,2021,SMITH & NEPHEW ASIA PACIFIC PTE LTD,1.0
biomed,sg,2021,DELTA ELECTRONICS INTL SINGAPORE PTE LTD,1.0
biomed,sg,2021,SMITH & NEPHEW ASIA PACIFIC PTE LTD,1.0
biomed,sg,2021,QUANTUMTX PTE LTD,1.0
biomed,sg,2021,PROHIBITION X PTE LTD,1.0
biomed,sg,2021,ResMed Asia Pte Ltd,1.0
biomed,sg,2021,NEUROGLEE SCIENCE PTE LTD,0.5
biomed,sg,2021,NEUROGLEE THERAPEUTICS PTE LTD,0.5
biomed,sg,2021,MAGNEXT LIFE SCIENCE PTE LTD,1.0
biomed,sg,2021,NEUOME PEPTIDES PTE LTD,1.0
biomed,sg,2021,DELTA ELECTRONICS INTL SINGAPORE PTE LTD,1.0
biomed,sg,2021,WAVE LIFE SCIENCES LTD,1.0
biomed,sg,2021,BECTON DICKINSON HOLDINGS PTE LTD,1.0
biomed,sg,2021,THE BIOFACTORY PTE LTD,1.0
biomed,sg,2021,ZERO2 5 BIOTECH PTE LTD,1.0
biomed,sg,2021,KAHA PTE LTD,1.0
biomed,sg,2021,Poly Gain Pte Ltd,1.0
biomed,sg,2021,DEFUGO TECH PTE LTD,1.0
biomed,sg,2021,ResMed Asia Pte Ltd,1.0
biomed,sg,2021,HAISCO PHARMACEUTICALS PTE LTD,1.0
biomed,sg,2021,TURTLETREE LABS PTE LTD,1.0
biomed,sg,2021,ResMed Asia Pte Ltd,1.0
biomed,sg,2021,SMITH & NEPHEW ASIA PACIFIC PTE LTD,1.0
biomed,sg,2021,SCINOPHARM SINGAPORE PTE LTD,1.0
biomed,sg,2021,SMITH & NEPHEW ASIA PACIFIC PTE LTD,1.0
biomed,sg,2021,IRNOVATE PTE LTD,0.5
biomed,sg,2021,THE BIOFACTORY PTE LTD,0.5
biomed,sg,2021,IRNOVATE PTE LTD,0.5
biomed,sg,2021,THE BIOFACTORY PTE LTD,0.5
biomed,sg,2021,SMITH & NEPHEW ASIA PACIFIC PTE LTD,1.0
biomed,sg,2021,SOPHIE?S BIONUTRIENTS PTE LTD,0.5
biomed,sg,2021,SOPHIE’S BIONUTRIENTS PTE LTD,0.5
biomed,sg,2021,SOPHIES BIONUTRIENTS PTE LTD,0.5
biomed,sg,2021,SOPHIE’S BIONUTRIENTS PTE LTD,0.5
biomed,sg,2021,SMITH & NEPHEW ASIA PACIFIC PTE LTD,1.0
biomed,sg,2021,FORTVITA BIOLOGICS SINGAPORE PTE LTD,0.5
biomed,sg,2021,INNOVENT BIOLOGICS SINGAPORE PTE LTD,0.5
biomed,sg,2021,SOPHIES BIONUTRIENTS PTE LTD,1.0
biomed,sg,2021,AMWISE DIAGNOSTICS PTE LTD,1.0
biomed,sg,2021,SIVANTOS PTE LTD,1.0
biomed,sg,2021,LIGATURE THERAPEUTICS PTE LTD,1.0
biomed,sg,2021,SIVANTOS PTE LTD,1.0
biomed,sg,2021,SES HOLDINGS PTE LTD,1.0
biomed,sg,2021,LIGATURE THERAPEUTICS PTE LTD,1.0
biomed,sg,2021,WILMAR INTERNATIONAL LTD,1.0
biomed,sg,2021,WILMAR INTERNATIONAL LTD,1.0
biomed,sg,2021,HYTTO PTE LTD,1.0
biomed,sg,2021,NISSHINBO SINGAPORE PTE LTD,1.0
biomed,sg,2021,WAVE LIFE SCIENCES LTD,1.0
biomed,sg,2021,PANEXO BIOTECH SG PTE LTD,1.0
biomed,sg,2021,AKUNAH REFLECT PRIVATE LTD,1.0
biomed,sg,2021,ADAGENE PTE LTD,1.0
biomed,sg,2021,LENOVO SINGAPORE PTE LTD,1.0
biomed,sg,2021,HYTTO PTE LTD,1.0
biomed,sg,2021,SMITH & NEPHEW ASIA PACIFIC PTE LTD,1.0
biomed,sg,2021,EMM DIAGNOSTICS PTE LTD,1.0
biomed,sg,2021,EVYD RES PRIVATE LIMITED,1.0
biomed,sg,2021,EVYD RES PRIVATE LIMITED,1.0
biomed,sg,2021,SOPHIES BIONUTRIENTS PTE LTD,1.0
biomed,sg,2022,ACM BIOLABS PTE LTD,1.0
biomed,sg,2022,HUIDAGENE THERAPEUTICS SINGAPORE PTE LTD,1.0
biomed,sg,2022,DIALYSS PTE LTD,0.5
biomed,sg,2022,NEXTKIDNEY SG PTE LTD,0.5
biomed,sg,2022,HUIDAGENE THERAPEUTICS PTE LTD,0.5
biomed,sg,2022,HUIDAGENE THERAPEUTICS SINGAPORE PTE LTD,0.5
biomed,sg,2022,ANX IP HOLDING PTE LTD,1.0
biomed,sg,2022,ANX IP HOLDING PTE LTD,1.0
biomed,sg,2022,WISORIG TECH PTE LIMITED,1.0
biomed,sg,2022,TENDONPLUS MEDICAL PTE LTD,1.0
biomed,sg,2022,SMITH & NEPHEW ASIA PACIFIC PTE LTD,1.0
biomed,sg,2022,SMITH & NEPHEW ASIA PACIFIC PTE LTD,1.0
biomed,sg,2022,SMITH & NEPHEW ASIA PACIFIC PTE LTD,1.0
biomed,sg,2022,BECTON DICKINSON HOLDINGS PTE LTD,1.0
biomed,sg,2022,BECTON DICKINSON HOLDINGS PTE LTD,1.0
biomed,sg,2022,SMITH & NEPHEW ASIA PACIFIC PTE LTD,1.0
biomed,sg,2022,SMITH & NEPHEW ASIA PACIFIC PTE LTD,1.0
biomed,sg,2022,HICC PTE LTD,1.0
biomed,sg,2022,SMITH & NEPHEW ASIA PACIFIC PTE LTD,1.0
biomed,sg,2022,LEICA INSTR SINGAPORE PTE LTD,1.0
biomed,sg,2022,LEICA INSTR SINGAPORE PTE LTD,1.0
biomed,sg,2022,LEICA INSTR SINGAPORE PTE LTD,1.0
biomed,sg,2022,DOTBIO PTE LTD,1.0
biomed,sg,2022,LEICA INSTR SINGAPORE PTE LTD,1.0
biomed,sg,2022,HUIDAGENE THERAPEUTICS SINGAPORE PTE LTD,1.0
biomed,sg,2022,ASLAN PHARMACEUTICALS PTE LTD,1.0
biomed,sg,2022,ASLAN PHARMACEUTICALS PTE LTD,1.0
biomed,sg,2022,TELEFLEX LIFE SCIENCES PTE LTD,1.0
biomed,sg,2022,METABRAIN TECH PTE LTD,1.0
biomed,sg,2022,SMITH & NEPHEW ASIA PACIFIC PTE LTD,1.0
biomed,sg,2022,WAVE LIFE SCIENCES LTD,1.0
biomed,sg,2022,POINT ROBOTICS SINGAPORE PTE LTD,1.0
biomed,sg,2022,XYLONIX PTE LTD,1.0
biomed,sg,2022,LEICA INSTR SINGAPORE PTE LTD,1.0
biomed,sg,2022,HYPHENS PHARMA PTE LTD,1.0
biomed,sg,2022,LEICA INSTR SINGAPORE PTE LTD,1.0
biomed,sg,2022,CARMINE THERAPEUTICS PTE LTD,1.0
biomed,sg,2022,SMITH & NEPHEW ASIA PACIFIC PTE LTD,1.0
biomed,sg,2022,ALMENDRA PTE LTD,1.0
biomed,sg,2022,DH TECHNOLOGIES DEV PTE LTD,1.0
biomed,sg,2022,DH TECHNOLOGIES DEV PTE LTD,1.0
biomed,sg,2022,SMITH & NEPHEW ASIA PACIFIC PTE LTD,1.0
biomed,sg,2022,NAT SKIN CENTRE SINGAPORE PTE LTD,1.0
biomed,sg,2022,GERO PTE LTD,1.0
biomed,sg,2022,GERO PTE LTD,1.0
biomed,sg,2022,NAT SKIN CENTRE SINGAPORE PTE LTD,1.0
biomed,sg,2022,CMS RES & DEVELOPMENT PTE LTD,0.5
biomed,sg,2022,SOTER BIOPHARMA PTE LTD,0.5
biomed,sg,2022,CMS RES & DEVELOPMENT PTE LTD,0.5
biomed,sg,2022,SOTER BIOPHARMA PTE LTD,0.5
biomed,sg,2022,LIFESTYLES HEALTHCARE PTE LTD,1.0
biomed,sg,2022,N&E INNOVATIONS PTE LTD,1.0
biomed,sg,2022,RACER TECH PTE LTD,1.0
biomed,sg,2022,HISTOINDEX PTE LTD,1.0
biomed,sg,2022,Nalagenetics Pte Ltd,1.0
biomed,sg,2022,ETERNAL GRACE PTE LTD,1.0
biomed,sg,2022,OPULENT ELECTRONICS INT PTE LTD,1.0
biomed,sg,2022,JUNION LABS PTE LTD,0.5
biomed,sg,2022,THE CHLOROPLAST PTE LTD,0.5
biomed,sg,2022,ADAGENE PTE LTD,1.0
biomed,sg,2022,ALEXANDRA HEALTH PTE LTD,1.0
biomed,sg,2022,WILMAR INTERNATIONAL LTD,1.0
biomed,sg,2022,SMITH & NEPHEW ASIA PACIFIC PTE LTD,1.0
biomed,sg,2022,SMITH & NEPHEW ASIA PACIFIC PTE LTD,1.0
biomed,sg,2022,HILL ROM SERVICES PTE LTD,1.0
biomed,sg,2022,HYTTO PTE LTD,1.0
biomed,sg,2022,HYTTO PTE LTD,1.0
biomed,sg,2022,SIVANTOS PTE LTD,1.0
biomed,sg,2022,SIVANTOS PTE LTD,1.0
biomed,sg,2022,SIVANTOS PTE LTD,1.0
biomed,sg,2022,SIVANTOS PTE LTD,1.0
biomed,sg,2022,ASLAN PHARMACEUTICALS PTE LTD,1.0
biomed,sg,2022,ASLAN PHARMACEUTICALS PTE LTD,1.0
biomed,sg,2022,AFFINIDI PTE LTD,1.0
biomed,sg,2022,ADAGENE PTE LTD,1.0
biomed,sg,2022,ETERNAL GRACE PTE LTD,1.0
biomed,sg,2022,HYTTO PTE LTD,1.0
biomed,sg,2022,ACM BIOLABS PTE LTD,1.0
biomed,sg,2022,ANX IP HOLDING PTE LTD,0.5
biomed,sg,2022,ANXIP HOLDING PTE LTD,0.5
biomed,sg,2022,HUMMINGBIRD BIOSCIENCE PTE LTD,1.0
biomed,sg,2022,HUMMINGBIRD BIOSCIENCE PTE LTD,1.0
biomed,sg,2022,ANX IP HOLDING PTE LTD,1.0
biomed,sg,2022,DIFFERENCE BIOTECH PTE LTD,1.0
biomed,sg,2022,HILL ROM SERVICES PTE LTD,1.0
biomed,sg,2022,ILLUMINA SINGAPORE PTE LTD,1.0
biomed,sg,2022,AWAK TECH PTE LTD,1.0
biomed,sg,2022,ASLAN PHARMACEUTICALS PTE LTD,1.0
biomed,sg,2022,LEICA INSTR SINGAPORE PTE LTD,1.0
biomed,sg,2022,SMITH & NEPHEW ASIA PACIFIC PTE LTD,1.0
biomed,sg,2022,SMITH & NEPHEW ASIA PACIFIC PTE LTD,1.0
biomed,sg,2022,LEICA INSTR SINGAPORE PTE LTD,1.0
biomed,sg,2022,LEICA INSTR SINGAPORE PTE LTD,1.0
biomed,sg,2022,LEICA INSTR SINGAPORE PTE LTD,1.0
biomed,sg,2022,SMITH & NEPHEW ASIA PACIFIC PTE LTD,1.0
biomed,sg,2022,SMITH & NEPHEW ASIA PACIFIC PTE LTD,1.0
biomed,sg,2022,CRAFT HEALTH PTE LTD,1.0
biomed,sg,2022,ROLLING PASTURES PTE LTD,1.0
biomed,sg,2022,SIVANTOS PTE LTD,1.0
biomed,sg,2022,LEICA INSTR SINGAPORE PTE LTD,1.0
biomed,sg,2022,LEICA INSTR SINGAPORE PTE LTD,1.0
biomed,sg,2022,CIRCULAR IND HOLDING PTE LTD,1.0
biomed,sg,2022,SMITH & NEPHEW ASIA PACIFIC PTE LTD,1.0
biomed,sg,2022,DYSON OPERATIONS PTE LTD,1.0
biomed,sg,2022,SGPTH Life Science AB,1.0
biomed,sg,2022,LEICA INSTR SINGAPORE PTE LTD,1.0
biomed,sg,2022,ILLUMINA SINGAPORE PTE LTD,1.0
biomed,sg,2022,PHOSKA BIOPHARMA PTE LTD,1.0
biomed,sg,2022,OXTI PTE LTD,1.0
biomed,sg,2022,BORRIES PTE LTD,1.0
biomed,sg,2022,HYTTO PTE LTD,1.0
biomed,sg,2022,HYTTO PTE LTD,1.0
biomed,sg,2022,ILLUMINA SINGAPORE PTE LTD,1.0
biomed,sg,2022,23IKIGAI PTE LTD,1.0
biomed,sg,2022,MESH BIO PTE LTD,1.0
biomed,sg,2022,SMITH & NEPHEW ASIA PACIFIC PTE LTD,1.0
biomed,sg,2022,UNITED CREST HEALTHCARE PTE LTD COMPANY,1.0
biomed,sg,2022,KKT TECH PTE LTD,1.0
biomed,sg,2022,NANYANG BIOLOGICS PTE LTD,0.5
biomed,sg,2022,NANYANG HERBS PTE LTD,0.5
biomed,sg,2022,GRAND ADVANCE TECH PTE LTD,1.0
biomed,sg,2022,LYNX ANALYTICS PTE LTD,1.0
biomed,sg,2022,MPICS INNOVATIONS PTE LTD,1.0
biomed,sg,2022,REXADVANCE TECH PTE LTD,1.0
biomed,sg,2022,SMITH & NEPHEW ASIA PACIFIC PTE LTD,1.0
biomed,sg,2022,LUCENCE LIFE SCIENCES PTE LTD,1.0
biomed,sg,2022,AI KAIGO PTE LTD,1.0
biomed,sg,2022,ALEXANDRA HEALTH PTE LTD,0.5
biomed,sg,2022,NICE SURGICAL SOLUTIONS PTE LTD,0.5
biomed,sg,2022,GENEJUNCTION PTE LTD,1.0
biomed,sg,2022,SMITH & NEPHEW ASIA PACIFIC PTE LTD,1.0
biomed,sg,2022,ALBIUS SCIENCES ALPHA PRIVATE LTD,1.0
biomed,sg,2022,ResMed Asia Pte Ltd,1.0
biomed,sg,2022,DELTA ELECTRONICS INTL SINGAPORE PTE LTD,1.0
biomed,sg,2022,SMITH & NEPHEW ASIA PACIFIC PTE LTD,1.0
biomed,sg,2022,HYTTO PTE LTD,1.0
biomed,sg,2022,HYTTO PTE LTD,1.0
biomed,sg,2022,HANNAH LIFE TECH PTE LTD,1.0
biomed,sg,2022,ILLUMINA SINGAPORE PTE LTD,1.0
biomed,sg,2022,LUCENCE LIFE SCIENCES PTE LTD,1.0
biomed,sg,2022,SIVANTOS PTE LTD,1.0
biomed,sg,2022,SIVANTOS PTE LTD,1.0
biomed,sg,2022,SIVANTOS PTE LTD,1.0
biomed,sg,2022,MIRXES LAB PTE LTD,1.0
biomed,sg,2022,GODEVA PTE LTD,1.0
biomed,sg,2022,BREATHONIX PTE LTD,1.0
biomed,sg,2022,LENOVO SINGAPORE PTE LTD,1.0
biomed,sg,2022,OXTI PTE LTD,1.0
biomed,sg,2022,HYTTO PTE LTD,1.0
biomed,sg,2022,ETERNAL GRACE PTE LTD,1.0
biomed,sg,2022,OXTI PTE LTD,1.0
biomed,sg,2022,OXTI PTE LTD,1.0
biomed,sg,2022,TRIA PTE LTD,1.0
biomed,sg,2022,LENOVO SINGAPORE PTE LTD,1.0
biomed,sg,2022,JYSK SKIN SOLUTIONS PTE LTD,1.0
biomed,sg,2022,HUIDAGENE THERAPEUTICS SINGAPORE PTE LTD,1.0
biomed,sg,2022,LIECHO ADVANCED MAT PTE LTD,1.0
biomed,sg,2022,WISORIG TECH PTE LIMITED,1.0
biomed,sg,2022,LEICA INSTR SINGAPORE PTE LTD,1.0
biomed,sg,2022,SMITH & NEPHEW ASIA PACIFIC PTE LTD,1.0
biomed,sg,2022,SMITH & NEPHEW ASIA PACIFIC PTE LTD,1.0
biomed,sg,2022,LEICA INSTR SINGAPORE PTE LTD,1.0
biomed,sg,2022,METABRAIN TECH PTE LTD,1.0
biomed,sg,2022,SMITH & NEPHEW ASIA PACIFIC PTE LTD,1.0
biomed,sg,2022,CARGENE THERAPEUTICS PTE LTD,1.0
biomed,sg,2022,CARGENE THERAPEUTICS PTE LTD,0.5
biomed,sg,2022,LERNA BIOPHARMA PTE LTD,0.5
biomed,sg,2022,HUMMINGBIRD BIOSCIENCE PTE LTD,1.0
biomed,sg,2022,LEICA INSTR SINGAPORE PTE LTD,1.0
biomed,sg,2022,SMITH & NEPHEW ASIA PACIFIC PTE LTD,1.0
biomed,sg,2022,SMITH & NEPHEW ASIA PACIFIC PTE LTD,1.0
biomed,sg,2022,SMITH & NEPHEW ASIA PACIFIC PTE LTD,1.0
biomed,sg,2022,LEICA INSTR SINGAPORE PTE LTD,1.0
biomed,sg,2022,ResMed Asia Pte Ltd,1.0
biomed,sg,2022,LEICA INSTR SINGAPORE PTE LTD,1.0
biomed,sg,2022,HUMMINGBIRD BIOSCIENCE PTE LTD,1.0
biomed,sg,2022,WAVE LIFE SCIENCES LTD,1.0
biomed,sg,2022,SMITH & NEPHEW ASIA PACIFIC PTE LTD,1.0
biomed,sg,2022,WAVE LIFE SCIENCES LTD,1.0
biomed,sg,2022,SMITH & NEPHEW ASIA PACIFIC PTE LTD,1.0
biomed,sg,2022,HYTTO PTE LTD,1.0
biomed,sg,2022,ILLUMINA SINGAPORE PTE LTD,1.0
biomed,sg,2022,MEIBAN INT PTE LTD,1.0
biomed,sg,2022,HUMMINGBIRD BIOSCIENCE PTE LTD,1.0
biomed,sg,2022,SMITH & NEPHEW ASIA PACIFIC PTE LTD,1.0
biomed,sg,2022,SMITH & NEPHEW ASIA PACIFIC PTE LTD,1.0
biomed,sg,2022,HUMMINGBIRD BIOSCIENCE PTE LTD,1.0
biomed,sg,2022,LEICA INSTR SINGAPORE PTE LTD,1.0
biomed,sg,2022,LEICA INSTR SINGAPORE PTE LTD,1.0
biomed,sg,2022,OXTI PTE LTD,1.0
biomed,sg,2022,OXTI PTE LTD,1.0
biomed,sg,2022,LEICA INSTR SINGAPORE PTE LTD,1.0
biomed,sg,2022,SMITH & NEPHEW ASIA PACIFIC PTE LTD,1.0
biomed,sg,2022,IMMUNOSCAPE PTE LTD,1.0
biomed,sg,2022,EXPLOR INVEST PTE LTD,1.0
biomed,sg,2022,AWAK TECH PTE LTD,1.0
biomed,sg,2022,ASLAN PHARMACEUTICALS PTE LTD,1.0
biomed,sg,2022,JAGUAHR THERAPEUTICS PTE LTD,1.0
biomed,sg,2022,JAGUAHR THERAPEUTICS PTE LTD,1.0
biomed,sg,2022,JAGUAHR THERAPEUTICS PTE LTD,1.0
biomed,sg,2022,ENGINE BIOSCIENCES PTE LTD,1.0
biomed,sg,2022,LEICA INSTR SINGAPORE PTE LTD,1.0
biomed,sg,2022,MEIBAN INT PTE LTD,1.0
biomed,sg,2022,WILMAR INTERNATIONAL LTD,1.0
biomed,sg,2022,ResMed Asia Pte Ltd,1.0
biomed,sg,2022,MOJIA BIOTECH PTE LTD,1.0
biomed,sg,2022,BACTOCLEAR HOLDINGS PTE LTD,1.0
biomed,sg,2022,VERTICAL OCEANS PTE LTD,1.0
biomed,sg,2022,LIFESTYLES HEALTHCARE PTE LTD,1.0
biomed,sg,2022,NUSMETICS PTE LTD,1.0
biomed,sg,2022,MIRXES LAB PTE LTD,1.0
biomed,sg,2022,SMITH & NEPHEW ASIA PACIFIC PTE LTD,1.0
biomed,sg,2022,MOJIA BIOTECH PTE LTD,1.0
biomed,sg,2022,WILMAR INTERNATIONAL LTD,1.0
biomed,sg,2022,METABRAIN TECH PTE LTD,1.0
biomed,sg,2022,ResMed Asia Pte Ltd,1.0
biomed,sg,2022,FIBROSOFT PTE LTD,1.0
biomed,sg,2022,NAT SKIN CENTRE SINGAPORE PTE LTD,1.0
biomed,sg,2022,BIOBOT SURGICAL PTE LTD,1.0
biomed,sg,2022,ENGINE BIOSCIENCES PTE LTD,1.0
biomed,sg,2022,HYTTO PTE LTD,1.0
biomed,sg,2022,SOPHIES BIONUTRIENTS PTE LTD,1.0
biomed,sg,2022,OPULENT ELECTRONICS INT PTE LTD,1.0
biomed,sg,2022,ENGINE BIOSCIENCES PTE LTD,1.0
biomed,sg,2022,JUNION LABS PTE LTD,1.0
biomed,sg,2022,RACER TECH PTE LTD,1.0
biomed,sg,2022,HYTTO PTE LTD,1.0
biomed,sg,2022,ResMed Asia Pte Ltd,1.0
biomed,sg,2022,ILLUMINA SINGAPORE PTE LTD,1.0
biomed,sg,2022,ResMed Asia Pte Ltd,1.0
biomed,sg,2022,FORTVITA BIOLOGICS SINGAPORE PTE LTD,1.0
biomed,sg,2022,ResMed Asia Pte Ltd,1.0
biomed,sg,2022,WAVE LIFE SCIENCES LTD,1.0
biomed,sg,2022,WAVE LIFE SCIENCES LTD,1.0
biomed,sg,2022,ASLAN PHARMACEUTICALS PTE LTD,1.0
biomed,sg,2022,HILL ROM SERVICES PTE LTD,1.0
biomed,sg,2022,HUIDAGENE THERAPEUTICS SINGAPORE PTE LTD,1.0
biomed,sg,2022,Hoya Medical Singapore Pte Ltd,1.0
biomed,sg,2022,HILL ROM SERVICES PTE LTD,1.0
biomed,sg,2022,NISSHINBO SINGAPORE PTE LTD,1.0
biomed,sg,2022,OSIM INT PTE LTD,1.0
biomed,sg,2022,HYTTO PTE LTD,1.0
biomed,sg,2022,WAVE LIFE SCIENCES LTD,1.0
biomed,sg,2022,HYTTO PTE LTD,1.0
biomed,sg,2022,HYTTO PTE LTD,1.0
biomed,sg,2022,POINT ROBOTICS SINGAPORE PTE LTD,1.0
biomed,sg,2022,AI SEER PTE LTD,0.5
biomed,sg,2022,AL SEER PTE LTD,0.5
biomed,sg,2022,BACTOCLEAR HOLDINGS PTE LTD,1.0
biomed,sg,2022,OXTI PTE LTD,1.0
biomed,sg,2022,EVYD TECH LIMITED,1.0
biomed,sg,2022,EVYD TECH LIMITED,1.0
biomed,sg,2022,OXTI PTE LTD,1.0
biomed,sg,2022,HYTTO PTE LTD,1.0
biomed,sg,2022,OXTI PTE LTD,1.0
biomed,sg,2022,OREMI AI PRIVATE LTD,1.0
biomed,sg,2022,DELTA ELECTRONICS INTL SINGAPORE PTE LTD,0.5
biomed,sg,2022,DELTA ELECTRONICS INT’L SINGAPORE PTE LTD,0.5
biomed,sg,2022,OXTI PTE LTD,1.0
biomed,sg,2022,OXTI PTE LTD,1.0
biomed,sg,2022,EVYD TECH LIMITED,1.0
biomed,sg,2022,EVYD TECH LIMITED,1.0
biomed,sg,2022,HYTTO PTE LTD,1.0
biomed,sg,2022,HYTTO PTE LTD,1.0
biomed,sg,2022,EVYD TECH LIMITED,1.0
biomed,sg,2022,EVYD TECH LIMITED,1.0
biomed,sg,2022,EVYD TECH LIMITED,1.0
biomed,sg,2022,PANEXO BIOTECH SG PTE LTD,1.0
biomed,sg,2022,PANEXO BIOTECH SG PTE LTD,1.0
biomed,sg,2022,ASLAN PHARMACEUTICALS PTE LTD,1.0
biomed,sg,2022,ASLAN PHARMACEUTICALS PTE LTD,1.0
biomed,sg,2022,ASLAN PHARMACEUTICALS PTE LTD,1.0
biomed,sg,2022,MIRXES LAB PTE LTD,1.0
biomed,sg,2022,MIRXES LAB PTE LTD,1.0
biomed,sg,2022,MIRXES LAB PTE LTD,1.0
biomed,sg,2022,ANX IP HOLDING PTE LTD,1.0
biomed,sg,2022,ANX IP HOLDING PTE LTD,1.0
biomed,sg,2022,ANX IP HOLDING PTE LTD,1.0
biomed,sg,2022,ANX IP HOLDING PTE LTD,1.0
biomed,sg,2022,ANX IP HOLDING PTE LTD,1.0
biomed,sg,2022,ANX IP HOLDING PTE LTD,1.0
biomed,sg,2022,ANX IP HOLDING PTE LTD,1.0
biomed,sg,2022,ANX IP HOLDING PTE LTD,1.0
biomed,sg,2022,SMITH & NEPHEW ASIA PACIFIC PTE LTD,1.0
biomed,sg,2022,EXPLOR INVEST PTE LTD,1.0
biomed,sg,2022,SMITH & NEPHEW ASIA PACIFIC PTE LTD,1.0
biomed,sg,2022,SMITH & NEPHEW ASIA PACIFIC PTE LTD,1.0
biomed,sg,2022,SMITH & NEPHEW ASIA PACIFIC PTE LTD,1.0
biomed,sg,2022,STAR ARRAY PTE LTD,1.0
biomed,sg,2022,SMITH & NEPHEW ASIA PACIFIC PTE LTD,1.0
biomed,sg,2022,LEICA INSTR SINGAPORE PTE LTD,1.0
biomed,sg,2022,SMITH & NEPHEW ASIA PACIFIC PTE LTD,1.0
biomed,sg,2022,SMITH & NEPHEW ASIA PACIFIC PTE LTD,1.0
biomed,sg,2022,LIFE TECH HOLDINGS PTE LIMITED,0.5
biomed,sg,2022,LIFE TECH HOLDINGS PTE LTD,0.5
biomed,sg,2022,SMITH & NEPHEW ASIA PACIFIC PTE LTD,1.0
biomed,sg,2022,SMITH & NEPHEW ASIA PACIFIC PTE LTD,1.0
biomed,sg,2022,IPLENA PTE LTD,1.0
biomed,sg,2022,SMITH & NEPHEW ASIA PACIFIC PTE LTD,1.0
biomed,sg,2022,LIFE TECH HOLDINGS PTE LTD,1.0
biomed,sg,2022,TESSA THERAPEUTICS LTD,1.0
biomed,sg,2022,MEDIOS TECH PTE LTD,1.0
biomed,sg,2022,ASLAN PHARMACEUTICALS PTE LTD,1.0
biomed,sg,2022,SMITH & NEPHEW ASIA PACIFIC PTE LTD,1.0
biomed,sg,2022,SMITH & NEPHEW ASIA PACIFIC PTE LTD,1.0
biomed,sg,2022,SPECTRUMEDICS INT PTE LTD,1.0
biomed,sg,2022,SMITH & NEPHEW ASIA PACIFIC PTE LTD,1.0
biomed,sg,2022,SMITH & NEPHEW ASIA PACIFIC PTE LTD,1.0
biomed,sg,2022,TELEFLEX LIFE SCIENCES PTE LTD,1.0
biomed,sg,2022,HANNAH LIFE TECH PTE LTD,1.0
biomed,sg,2022,MIRXES LAB PTE LTD,1.0
biomed,sg,2022,ASLAN PHARMACEUTICALS PTE LTD,1.0
biomed,sg,2022,LEICA INSTR SINGAPORE PTE LTD,1.0
biomed,sg,2022,SMITH & NEPHEW ASIA PACIFIC PTE LTD,1.0
biomed,sg,2022,LEICA INSTR SINGAPORE PTE LTD,1.0
biomed,sg,2022,SMITH & NEPHEW ASIA PACIFIC PTE LTD,1.0
biomed,sg,2022,DH TECHNOLOGIES DEV PTE LTD,1.0
biomed,sg,2022,SMITH & NEPHEW ASIA PACIFIC PTE LTD,1.0
biomed,sg,2022,TESSA THERAPEUTICS LTD,1.0
biomed,sg,2022,SMITH & NEPHEW ASIA PACIFIC PTE LTD,1.0
biomed,sg,2022,DH TECHNOLOGIES DEV PTE LTD,1.0
biomed,sg,2022,WISTA LAB LTD,1.0
biomed,sg,2022,Biotix PTE LTD,1.0
biomed,sg,2022,SMITH & NEPHEW ASIA PACIFIC PTE LTD,1.0
biomed,sg,2022,DH TECHNOLOGIES DEV PTE LTD,1.0
biomed,sg,2022,DYSON OPERATIONS PTE LTD,1.0
biomed,sg,2022,SMITH & NEPHEW ASIA PACIFIC PTE LTD,1.0
biomed,sg,2022,SMITH & NEPHEW ASIA PACIFIC PTE LTD,1.0
biomed,sg,2022,SMITH & NEPHEW ASIA PACIFIC PTE LTD,1.0
biomed,sg,2022,SMITH & NEPHEW ASIA PACIFIC PTE LTD,1.0
biomed,sg,2022,SMITH & NEPHEW ASIA PACIFIC PTE LTD,1.0
biomed,sg,2022,SMITH & NEPHEW ASIA PACIFIC PTE LTD,1.0
biomed,sg,2022,ILLUMINA SINGAPORE PTE LTD,1.0
biomed,sg,2022,AWAK TECH PTE LTD,1.0
biomed,sg,2022,ASLAN PHARMACEUTICALS PTE LTD,1.0
biomed,sg,2022,CELLIGENICS PTE LTD,1.0
biomed,sg,2022,EPIC MEDICAL PTE LTD,1.0
biomed,sg,2022,HILL ROM SERVICES PTE LTD,1.0
biomed,sg,2022,POINT ROBOTICS SINGAPORE PTE LTD,1.0
biomed,sg,2022,INMAGENE PTE LTD,1.0
biomed,sg,2022,RADWISP PTE LTD,1.0
biomed,sg,2022,SMITH & NEPHEW ASIA PACIFIC PTE LTD,1.0
biomed,sg,2022,WAVE LIFE SCIENCES LTD,1.0
biomed,sg,2022,INMAGENE PTE LTD,1.0
biomed,sg,2022,VIVO SURGICAL PRIVATE LTD,1.0
biomed,sg,2022,ResMed Asia Pte Ltd,1.0
biomed,sg,2022,GENESIS MEDTECH INTERNATIONAL PRIVATE LTD,1.0
biomed,sg,2022,HUIDAGENE THERAPEUTICS SINGAPORE PTE LTD,1.0
biomed,sg,2022,SMITH & NEPHEW ASIA PACIFIC PTE LTD,1.0
biomed,sg,2022,OPULENT ELECTRONICS INT PTE LTD,1.0
biomed,sg,2022,NITTO DENKO CORP,1.0
biomed,sg,2022,CMS RES & DEVELOPMENT PTE LTD,0.5
biomed,sg,2022,SOTER BIOPHARMA PTE LTD,0.5
biomed,sg,2022,HISTOINDEX PTE LTD,1.0
biomed,sg,2022,SOTER BIOPHARMA PTE LTD,1.0
biomed,sg,2022,LIGATURE THERAPEUTICS PTE LTD,1.0
biomed,sg,2022,WAVE LIFE SCIENCES LTD,1.0
biomed,sg,2022,CASBIO S PTE LTD,1.0
biomed,sg,2022,SES HOLDINGS PTE LTD,1.0
biomed,sg,2022,GRABTAXI HOLDINGS PTE LTD,1.0
biomed,sg,2022,NUEVOCOR PTE LTD,1.0
biomed,sg,2022,GENESIS MEDTECH INTERNATIONAL PRIVATE LTD,1.0
biomed,sg,2022,IMMUNOSCAPE PTE LTD,1.0
biomed,sg,2022,EM2AI Pte Ltd,0.5
biomed,sg,2022,Q & M DENTAL GROUP SINGAPORE LTD,0.5
biomed,sg,2022,FORTVITA BIOLOGICS SINGAPORE PTE LTD,1.0
biomed,sg,2022,INMAGENE PTE LTD,1.0
biomed,sg,2022,LIVIUS PTE LTD,1.0
biomed,sg,2022,ResMed Asia Pte Ltd,1.0
biomed,sg,2022,HEHEALTH PTE LTD,1.0
biomed,sg,2022,HYTTO PTE LTD,1.0
biomed,sg,2022,SCG CELL THERAPY PTE LTD,1.0
biomed,sg,2022,LEICA INSTR SINGAPORE PTE LTD,1.0
biomed,sg,2022,SCG CELL THERAPY PTE LTD,1.0
biomed,sg,2022,HYTTO PTE LTD,1.0
biomed,sg,2022,MITSUI CHEMICALS INC,1.0
biomed,sg,2022,PANEXO BIOTECH SG PTE LTD,1.0
biomed,sg,2022,SMITH & NEPHEW ASIA PACIFIC PTE LTD,1.0
biomed,sg,2022,ADVANCED INSTR PTE LTD,1.0
biomed,sg,2022,PENG CHENG ADVERSORY & CONSULTANCY SINGAPORE PTE LTD,1.0
biomed,sg,2022,CELLRESEARCH CORP PTE LTD,1.0
biomed,sg,2022,PLENAMED PTE LTD,1.0
biomed,sg,2022,LUCENCE LIFE SCIENCES PTE LTD,1.0
biomed,sg,2022,CARMINE THERAPEUTICS PTE LTD,1.0
biomed,sg,2022,CELLRESEARCH CORP PTE LTD,1.0
biomed,sg,2022,STARSHOT PTE LTD,1.0
biomed,sg,2023,ACM BIOLABS PTE LTD,1.0
biomed,sg,2023,WIS TA LABORATORIES LTD,0.5
biomed,sg,2023,WISTA LAB LTD,0.5
biomed,sg,2023,ANX IP HOLDING PTE LTD,1.0
biomed,sg,2023,ANX IP HOLDING PTE LTD,1.0
biomed,sg,2023,ANX IP HOLDING PTE LTD,1.0
biomed,sg,2023,LEICA INSTR SINGAPORE 84 PTE LTD,0.5
biomed,sg,2023,LEICA INSTR SINGAPORE PTE LTD,0.5
biomed,sg,2023,ResMed Asia Pte Ltd,1.0
biomed,sg,2023,LEICA INSTR SINGAPORE PTE LTD,1.0
biomed,sg,2023,SMITH & NEPHEW ASIA PACIFIC PTE LTD,1.0
biomed,sg,2023,LEICA INSTR SINGAPORE PTE LTD,1.0
biomed,sg,2023,SMITH & NEPHEW ASIA PACIFIC PTE LTD,1.0
biomed,sg,2023,SMITH & NEPHEW ASIA PACIFIC PTE LTD,1.0
biomed,sg,2023,SMITH & NEPHEW ASIA PACIFIC PTE LTD,1.0
biomed,sg,2023,LEICA INSTR SINGAPORE PTE LTD,1.0
biomed,sg,2023,FMC AGRO SINGAPORE PTE LTD,1.0
biomed,sg,2023,VIATRIS ASIA PACIFIC PTE LTD,1.0
biomed,sg,2023,LEICA INSTR SINGAPORE PTE LTD,1.0
biomed,sg,2023,HILL ROM SERVICES PTE LTD,1.0
biomed,sg,2023,ORBUSNEICH MEDICAL PTE LTD,1.0
biomed,sg,2023,ILLUMINA SINGAPORE PTE LTD,1.0
biomed,sg,2023,SMITH & NEPHEW ASIA PACIFIC PTE LTD,1.0
biomed,sg,2023,DH TECH DEVEKIONENT PTE LTD,0.5
biomed,sg,2023,DH TECHNOLOGIES DEV PTE LTD,0.5
biomed,sg,2023,ILLUMINA SINGAPORE PTE LTD,1.0
biomed,sg,2023,SMITH & NEPHEW ASIA PACIFIC PTE LTD,1.0
biomed,sg,2023,ILLUMINA SINGAPORE PTE LTD,1.0
biomed,sg,2023,ASLAN PHARMACEUTICALS PTE LTD,1.0
biomed,sg,2023,AXCYNSIS THERAPEUTICS PTE LTD,1.0
biomed,sg,2023,ASLAN PHARMACEUTICALS PTE LTD,1.0
biomed,sg,2023,METABRAIN TECH PTE LTD,1.0
biomed,sg,2023,RENEW GROUP PRIVATE LTD,1.0
biomed,sg,2023,Avida Health Pte Ltd,1.0
biomed,sg,2023,EPIGENIC THERAPEUTICS PTE LTD,1.0
biomed,sg,2023,HILL ROM SERVICES PTE LTD,1.0
biomed,sg,2023,DELTA ELECTRONICS INTL SINGAPORE PTE LTD,1.0
biomed,sg,2023,HUIDAGENE THERAPEUTICS SINGAPORE PTE LTD,1.0
biomed,sg,2023,WONDER TECH PTE LTD,1.0
biomed,sg,2023,SMITH & NEPHEW ASIA PACIFIC PTE LTD,1.0
biomed,sg,2023,CMS RES & DEVELOPMENT PTE LTD,0.5
biomed,sg,2023,SOTER BIOPHARMA PTE LTD,0.5
biomed,sg,2023,NATURAL TRACE PTE LTD,1.0
biomed,sg,2023,CELLRESEARCH CORP PTE LTD,1.0
biomed,sg,2023,INTERVAAL PTE LTD,1.0
biomed,sg,2023,ResMed Asia Pte Ltd,1.0
biomed,sg,2023,WAVE LIFE SCIENCES LTD,1.0
biomed,sg,2023,NANYANG HERBS PTE LTD,1.0
biomed,sg,2023,PANEXO BIOTECH SG PTE LTD,1.0
biomed,sg,2023,WILMAR INTERNATIONAL LTD,1.0
biomed,sg,2023,HILL ROM SERVICES PTE LTD,1.0
biomed,sg,2023,HAISCO PHARMACEUTICALS PTE LTD,1.0
biomed,sg,2023,HAISCO PHARMACEUTICALS PTE LTD,1.0
biomed,sg,2023,HAISCO PHARMACEUTICALS PTE LTD,1.0
biomed,sg,2023,EPIGENIC THERAPEUTICS PTE LTD,1.0
biomed,sg,2023,FERMATICS PTE LTD,1.0
biomed,sg,2023,WAVE LIFE SCIENCES LTD,1.0
biomed,sg,2023,ResMed Asia Pte Ltd,1.0
biomed,sg,2023,PHYX44 PTE LTD,1.0
biomed,sg,2023,RED HORSE HOLDINGS PTE LTD,1.0
biomed,sg,2023,CARMINE THERAPEUTICS PTE LTD,1.0
biomed,sg,2023,INMAGENE PTE LTD,1.0
biomed,sg,2023,ENGINE BIOSCIENCES PTE LTD,1.0
biomed,sg,2023,PERFORMANCE LABS PTE LTD,1.0
biomed,sg,2023,HUIDAGENE THERAPEUTICS SINGAPORE PTE LTD,1.0
biomed,sg,2023,HUIDAGENE THERAPEUTICS SINGAPORE PTE LTD,1.0
biomed,sg,2023,HUIDAGENE THERAPEUTICS SINGAPORE PTE LTD,1.0
biomed,sg,2023,FORTVITA BIOLOGICS SINGAPORE PTE LTD,0.5
biomed,sg,2023,INNOVENT BIOLOGICS SINGAPORE PTE LTD,0.5
biomed,sg,2023,CARMINE THERAPEUTICS PTE LTD,1.0
biomed,sg,2023,PANTHERA LABS PTE LTD,1.0
biomed,sg,2023,DR CLEAR PTE LTD,1.0
biomed,sg,2023,PLANO PTE LTD,1.0
biomed,sg,2023,HYTTO PTE LTD,1.0
biomed,sg,2023,SIVANTOS PTE LTD,1.0
biomed,sg,2023,INVIVO MEDICAL PTE LTD,1.0
biomed,sg,2023,BARK TECH PTE LTD,1.0
biomed,sg,2023,ASMPT SINGAPORE PTE LTD,1.0
biomed,sg,2023,HYTTO PTE LTD,1.0
biomed,sg,2023,ESCO ASTER PTE LTD,1.0
biomed,sg,2023,CMT HEALTH PTE LTD,1.0
biomed,sg,2023,LENOVO SINGAPORE PTE LTD,1.0
biomed,sg,2023,LENOVO SINGAPORE PTE LTD,1.0
biomed,sg,2023,OXTI PTE LTD,1.0
biomed,sg,2023,WILMAR INTERNATIONAL LTD,1.0
biomed,sg,2023,OXTI PTE LTD,1.0
biomed,sg,2023,ResMed Asia Pte Ltd,1.0
biomed,sg,2023,HYTTO PTE LTD,1.0
biomed,sg,2023,CHISCAN HOLDINGS PTE LTD,1.0
biomed,sg,2023,CHISCAN HOLDINGS PTE LTD,1.0
biomed,sg,2023,SINGAPORE MEDSENSE TECH PTE LTD,1.0
biomed,sg,2023,LEICA INSTR SINGAPORE PTE LTD,1.0
biomed,sg,2023,TESSA THERAPEUTICS LTD,0.5
biomed,sg,2023,TIKVA ALLOCELL PTE LTD,0.5
biomed,sg,2023,SMITH & NEPHEW ASIA PACIFIC PTE LTD,1.0
biomed,sg,2023,MANN HUMMEL LIFE SCIENCES & ENV HOLDING SINGAPORE PTE LTD,1.0
biomed,sg,2023,ADAGENE PTE LTD,1.0
biomed,sg,2023,LEICA INSTR SINGAPORE PTE LTD,1.0
biomed,sg,2023,ILLUMINA SINGAPORE PTE LTD,1.0
biomed,sg,2023,HILL ROM SERVICES PTE LTD,1.0
biomed,sg,2023,SMITH & NEPHEW ASIA PACIFIC PTE LTD,1.0
biomed,sg,2023,SAFEJECT INT PTE LTD,1.0
biomed,sg,2023,SMITH & NEPHEW ASIA PACIFIC PTE LTD,1.0
biomed,sg,2023,LEICA INSTR SINGAPORE PTE LTD,1.0
biomed,sg,2023,PHARWAR BIOTECHNOLOGY INC PTE LTD,0.5
biomed,sg,2023,PHARWARD BIOTECHNOLOGY INC PTE LTD,0.5
biomed,sg,2023,SIVANTOS PTE LTD,1.0
biomed,sg,2023,ILLUMINA SINGAPORE PTE LTD,1.0
biomed,sg,2023,SMITH & NEPHEW ASIA PACIFIC PTE LTD,1.0
biomed,sg,2023,LEICA INSTR SINGAPORE PTE LTD,1.0
biomed,sg,2023,ILLUMINA SINGAPORE PTE LTD,1.0
biomed,sg,2023,SMITH & NEPHEW ASIA PACIFIC PTE LTD,1.0
biomed,sg,2023,WISTA LAB LTD,1.0
biomed,sg,2023,ILLUMINA SINGAPORE PTE LTD,1.0
biomed,sg,2023,ENGINE BIOSCIENCES PTE LTD,1.0
biomed,sg,2023,AIMITARI RES PTE LTD,1.0
biomed,sg,2023,AWAK TECH PTE LTD,1.0
biomed,sg,2023,SMITH & NEPHEW ASIA PACIFIC PTE LTD,1.0
biomed,sg,2023,LEICA INSTR SINGAPORE PTE LTD,1.0
biomed,sg,2023,PVP LABS PTE LTD,1.0
biomed,sg,2023,DH TECHNOLOGIES DEV PTE LTD,1.0
biomed,sg,2023,SMITH & NEPHEW ASIA PACIFIC PTE LTD,1.0
biomed,sg,2023,LERNA BIOPHARMA PTE LTD,1.0
biomed,sg,2023,SMITH & NEPHEW ASIA PACIFIC PTE LTD,1.0
biomed,sg,2023,PERFORMANCE LABS PTE LTD,0.5
biomed,sg,2023,UNICITY PROPERTIES INC,0.5
biomed,sg,2023,OXTI PTE LTD,1.0
biomed,sg,2023,BIOSIGNS PTE LTD,1.0
biomed,sg,2023,SMITH & NEPHEW ASIA PACIFIC PTE LTD,1.0
biomed,sg,2023,MEDEZE TREASURY PTE LTD,1.0
biomed,sg,2023,MEDEZE TREASURY PTE LTD,1.0
biomed,sg,2023,EKO AI PTE LTD,1.0
biomed,sg,2023,WAVE LIFE SCIENCES LTD,1.0
biomed,sg,2023,LUCENCE LIFE SCIENCES PTE LTD,1.0
biomed,sg,2023,BIOBOT SURGICAL PTE LTD,1.0
biomed,sg,2023,HISTOINDEX PTE LTD,1.0
biomed,sg,2023,EKO AI PTE LTD,1.0
biomed,sg,2023,ResMed Asia Pte Ltd,1.0
biomed,sg,2023,HUIDAGENE THERAPEUTICS SINGAPORE PTE LTD,1.0
biomed,sg,2023,HUIDAGENE THERAPEUTICS SINGAPORE PTE LTD,1.0
biomed,sg,2023,FLEXOSENSE PTE LTD,1.0
biomed,sg,2023,CRAFT HEALTH PTE LTD,1.0
biomed,sg,2023,SCINOPHARM SINGAPORE PTE LTD,1.0
biomed,sg,2023,HUIDAGENE THERAPEUTICS SINGAPORE PTE LTD,1.0
biomed,sg,2023,WAVE LIFE SCIENCES LTD,1.0
biomed,sg,2023,WAVE LIFE SCIENCES LTD,1.0
biomed,sg,2023,PANEXO BIOTECH SG PTE LTD,1.0
biomed,sg,2023,ResMed Asia Pte Ltd,1.0
biomed,sg,2023,ResMed Asia Pte Ltd,1.0
biomed,sg,2023,LUCENCE LIFE SCIENCES PTE LTD,1.0
biomed,sg,2023,SCINOPHARM SINGAPORE PTE LTD,1.0
biomed,sg,2023,JUNION LABS PTE LTD,0.5
biomed,sg,2023,THE CHLOROPLAST PTE LTD,0.5
biomed,sg,2023,SMITH & NEPHEW ASIA PACIFIC PTE LTD,1.0
biomed,sg,2023,NITTO DENKO CORP,1.0
biomed,sg,2023,NITTO DENKO CORP,1.0
biomed,sg,2023,LAMBDAGEN PTE LTD,1.0
biomed,sg,2023,HUIDAGENE THERAPEUTICS SINGAPORE PTE LTD,1.0
biomed,sg,2023,CUEZEN INC,1.0
biomed,sg,2023,IMMUNOSCAPE PTE LTD,1.0
biomed,sg,2023,FORTVITA BIOLOGICS SINGAPORE PTE LTD,0.5
biomed,sg,2023,INNOVENT BIOLOGICS SINGAPORE PTE LTD,0.5
biomed,sg,2023,ENGINE BIOSCIENCES PTE LTD,1.0
biomed,sg,2023,MOLEAC PTE LTD,1.0
biomed,sg,2023,SMITH & NEPHEW ASIA PACIFIC PTE LTD,1.0
biomed,sg,2023,NAT SKIN CENTRE SINGAPORE PTE LTD,1.0
biomed,sg,2023,HISTOINDEX PTE LTD,1.0
biomed,sg,2023,SCG CELL THERAPY PTE LTD,1.0
biomed,sg,2023,TRISAIL MEDICAL PTE LTD,1.0
biomed,sg,2023,TRISAIL MEDICAL PTE LTD,1.0
biomed,sg,2023,ILLUMINA SINGAPORE PTE LTD,1.0
biomed,sg,2023,ALEXANDRA HEALTH PTE LTD,0.5
biomed,sg,2023,TENDONPLUS MEDICAL PTE LTD,0.5
biomed,sg,2023,HILL ROM SERVICES PTE LTD,1.0
biomed,sg,2023,SMITH & NEPHEW ASIA PACIFIC PTE LTD,1.0
biomed,sg,2023,SIVANTOS PTE LTD,1.0
biomed,sg,2023,ADAGENE PTE LTD,1.0
biomed,sg,2023,ADAGENE PTE LTD,1.0
biomed,sg,2023,ETERNAL GRACE PTE LTD,1.0
biomed,sg,2023,HYTTO PTE LTD,1.0
biomed,sg,2023,BIOMAP INTELLIGENCE TECH SG PTE LTD,1.0
biomed,sg,2023,DELTA ELECTRONICS INTL SINGAPORE PTE LTD,0.5
biomed,sg,2023,DELTA ELECTRONICS INT’L SINGAPORE PTE LTD,0.5
biomed,sg,2023,EKO AI PTE LTD,1.0
biomed,sg,2023,ESCO ASTER PTE LTD,1.0
biomed,sg,2023,METABRAIN TECH PTE LTD,1.0
biomed,sg,2023,LEICA INSTR SINGAPORE PTE LTD,1.0
biomed,sg,2023,HYTTO PTE LTD,1.0
biomed,sg,2023,NEPHEW ASIA PACIFIC PTE LTD,0.5
biomed,sg,2023,SMITH & NEPHEW ASIA PACIFIC PTE LTD,0.5
biomed,sg,2023,KBP BIOSCIENCES PTE LTD,1.0
biomed,sg,2023,TECHMED HEALTH PTE LTD,1.0
biomed,sg,2023,SERV MEDICAL PTE LTD,1.0
biomed,sg,2023,SERV MEDICAL PTE LTD,1.0
biomed,sg,2023,ANX IP HOLDING PTE LTD,1.0
biomed,sg,2023,WISTA LAB LTD,1.0
biomed,sg,2023,LEICA INSTR SINGAPORE PTE LTD,1.0
biomed,sg,2023,ALBATROZ THERAPEUTICS PTE LTD,1.0
biomed,sg,2023,DH TECHNOLOGIES DEV PTE LTD,1.0
biomed,sg,2023,LEICA INSTR SINGAPORE PTE LTD,1.0
biomed,sg,2023,HILL ROM SERVICES PTE LTD,1.0
biomed,sg,2023,LEICA INSTR SINGAPORE PTE LTD,1.0
biomed,sg,2023,LEICA INSTR SINGAPORE PTE LTD,1.0
biomed,sg,2023,BIOCELL INNOVATIONS PTE LTD,1.0
biomed,sg,2023,ResMed Asia Pte Ltd,1.0
biomed,sg,2023,SMITH & NEPHEW ASIA PACIFIC PTE LTD,1.0
biomed,sg,2023,LEICA INSTR SINGAPORE PTE LTD,1.0
biomed,sg,2023,ABBVIE OPERATIONS SINGAPORE PTE LTD,1.0
biomed,sg,2023,SMITH & NEPHEW ASIA PACIFIC PTD LTD,0.5
biomed,sg,2023,SMITH & NEPHEW ASIA PACIFIC PTE LTD,0.5
biomed,sg,2023,ABBVIE OPERATIONS SINGAPORE PTE LTD,1.0
biomed,sg,2023,SMITH & NEPHEW ASIA PACIFIC PTE LTD,1.0
biomed,sg,2023,SMITH & NEPHEW ASIA PACIFIC PTD LTD,1.0
biomed,sg,2023,SIVANTOS PTE LTD,1.0
biomed,sg,2023,FMC AGRO SINGAPORE PTE LTD,1.0
biomed,sg,2023,SMITH & NEPHEW ASIA PACIFIC PTD LTD,1.0
biomed,sg,2023,ASLAN PHARMACEUTICALS PTE LTD,1.0
biomed,sg,2023,SMITH & NEPHEW ASIA PACIFIC PTE LTD,1.0
biomed,sg,2023,WUXI XDC SINGAPORE PRIVATE LTD,1.0
biomed,sg,2023,VIATRIS ASIA PACIFIC PTE LTD,1.0
biomed,sg,2023,SMITH & NEPHEW ASIA PACIFIC PTD LTD,1.0
biomed,sg,2023,ASLAN PHARMACEUTICALS PTE LTD,1.0
biomed,sg,2023,LEICA INSTR SINGAPORE PTE LTD,1.0
biomed,sg,2023,MOLEAC PTE LTD,1.0
biomed,sg,2023,SMITH & NEPHEW ASIA PACIFIC PTD LTD,0.5
biomed,sg,2023,SMITH & NEPHEW ASIA PACIFIC PTE LTD,0.5
biomed,sg,2023,HUMMINGBIRD BIOSCIENCE PTE LTD,1.0
biomed,sg,2023,FMC AGRO SINGAPORE PTE LTD,1.0
biomed,sg,2023,SMITH & NEPHEW ASIA PACIFIC PTD LTD,0.5
biomed,sg,2023,SMITH & NEPHEW ASIA PACIFIC PTE LTD,0.5
biomed,sg,2023,SMITH & NEPHEW ASIA PACIFIC PTE LTD,1.0
biomed,sg,2023,PERFORMANCE LABS PTE LTD,1.0
biomed,sg,2023,LIFE TECH HOLDINGS PTE LIMITED,0.5
biomed,sg,2023,LIFE TECH HOLDINGS PTE LTD,0.5
biomed,sg,2023,ILLUMINA SINGAPORE PTE LTD,1.0
biomed,sg,2023,SMITH & NEPHEW ASIA PACIFIC PTE LTD,1.0
biomed,sg,2023,MEIBAN INT PTE LTD,1.0
biomed,sg,2023,CREDO DIAGNOSTICS BIOMEDICAL PTE LTD,1.0
biomed,sg,2023,HYTTO PTE LTD,1.0
biomed,sg,2023,OSTEOPORE INT PTE LTD,1.0
biomed,sg,2023,HILL ROM SERVICES PTE LTD,1.0
biomed,sg,2023,SMITH & NEPHEW ASIA PACIFIC PTE LTD,1.0
biomed,sg,2023,CARMINE THERAPEUTICS PTE LTD,1.0
biomed,sg,2023,WILMAR INTERNATIONAL LTD,1.0
biomed,sg,2023,SMITH & NEPHEW ASIA PACIFIC PTE LTD,1.0
biomed,sg,2023,HICURA MEDICAL PTE LTD,1.0
biomed,sg,2023,EVERTRON HOLDINGS PTE LTD,1.0
biomed,sg,2023,TESSA THERAPEUTICS LTD,0.5
biomed,sg,2023,TIKVA ALLOCELL PTE LTD,0.5
biomed,sg,2023,TESSA THERAPEUTICS LTD,0.5
biomed,sg,2023,TIKVA ALLOCELL PTE LTD,0.5
biomed,sg,2023,TESSA THERAPEUTICS LTD,1.0
biomed,sg,2023,WAVE LIFE SCIENCES LTD,1.0
biomed,sg,2023,MEDISIX THERAPEUTICS INC,1.0
biomed,sg,2023,CMS RES & DEVELOPMENT PTE LTD,1.0
biomed,sg,2023,MEDLYVES PTE LTD,1.0
biomed,sg,2023,BIOMAX HOLDINGS PTE LTD,1.0
biomed,sg,2023,NAT SKIN CENTRE SINGAPORE PTE LTD,1.0
biomed,sg,2023,DENKA LIFE INNOVATION RES PTE LTD,1.0
biomed,sg,2023,SMITH & NEPHEW ASIA PACIFIC PTE LTD,1.0
biomed,sg,2023,ADAGENE PTE LTD,1.0
biomed,sg,2023,CMS RES & DEVELOPMENT PTE LTD,1.0
biomed,sg,2023,SMITH & NEPHEW ASIA PACIFIC PTE LTD,1.0
biomed,sg,2023,ADAGENE PTE LTD,1.0
biomed,sg,2023,HYTTO PTE LTD,1.0
biomed,sg,2023,MOTIGENIX SINGAPORE PTE LTD,1.0
biomed,sg,2023,MICROTUBE TECH PTE LTD,1.0
biomed,sg,2023,WILMAR INTERNATIONAL LTD,1.0
biomed,sg,2023,INCANDO THERAPEUTICS PTE LTD,1.0
biomed,sg,2023,DELTA ELECTRONICS INTL SINGAPORE PTE LTD,1.0
biomed,sg,2023,BRIGHTGENE PTE LTD,1.0
biomed,sg,2023,EVEREST MEDICINES SINGAPORE PTE LTD,1.0
biomed,sg,2023,INMAGENE PTE LTD,1.0
biomed,sg,2023,WISTA LAB LTD,0.5
biomed,sg,2023,WISTA LABORATORIES LTD,0.5
biomed,sg,2023,SMITH & NEPHEW ASIA PACIFIC PTE LTD,1.0
biomed,sg,2023,BLUE PLANET ENV SOLUTION PTE LTD,0.5
biomed,sg,2023,BLUE PLANET ENV SOLUTIONS PTE LTD,0.5
biomed,sg,2023,SMITH & NEPHEW ASIA PACIFIC PTE LTD,1.0
biomed,sg,2023,INCANDO THERAPEUTICS PTE LTD,1.0
biomed,sg,2023,SMITH & NEPHEW ASIA PACIFIC PTE LTD,1.0
biomed,sg,2023,BREATHONIX PTE LTD,1.0
biomed,sg,2023,MAMAME WHOLE FOODS PTE LTD,1.0
biomed,sg,2023,SIVANTOS PTE LTD,1.0
biomed,sg,2023,SIVANTOS PTE LTD,1.0
biomed,sg,2023,SINGAPORE INNOVATE PTE LTD,1.0
biomed,sg,2023,LEICA INSTR SINGAPORE PTE LTD,1.0
biomed,sg,2023,SIVANTOS PTE LTD,1.0
biomed,sg,2023,METABRAIN TECH PTE LTD,1.0
biomed,sg,2023,BIOSENSE DIAGNOSTICS PTE LTD,1.0
biomed,sg,2023,PANEXO BIOTECH SG PTE LTD,1.0
biomed,sg,2023,SIVANTOS PTE LTD,1.0
biomed,sg,2023,HYTTO PTE LTD,1.0
biomed,sg,2023,PANEXO BIOTECH SG PTE LTD,1.0
biomed,sg,2023,LENOVO SINGAPORE PTE LTD,1.0
biomed,sg,2023,UST GLOBAL SINGAPORE PTE LTD,1.0
biomed,sg,2023,CORTI THERAPEUTICS PTE LTD,1.0
biomed,sg,2023,LENOVO SINGAPORE PTE LTD,1.0
biomed,sg,2023,PANEXO BIOTECH SG PTE LTD,1.0
biomed,sg,2023,FLOATING KNIGHT BIOTECH PTE LTD,1.0
biomed,sg,2023,FLOATING KNIGHT BIOTECH PTE LTD,1.0
biomed,sg,2023,VVB BIO PTE LTD,1.0
biomed,sg,2023,ROCK & HERB PTE LTD,1.0
biomed,sg,2023,PANEXO BIOTECH SG PTE LTD,1.0
biomed,sg,2023,JAGUAHR THERAPEUTICS PTE LTD,1.0
biomed,sg,2023,MIRXES LAB PTE LTD,1.0
biomed,sg,2023,ILLUMINA SINGAPORE PTE LTD,1.0
biomed,sg,2023,Float Foods Pte Ltd,1.0
biomed,sg,2023,FMC AGRO SINGAPORE PTE LTD,1.0
biomed,sg,2023,SMITH & NEPHEW ASIA PACIFIC PTE LTD,1.0
biomed,sg,2023,SMITH & NEPHEW ASIA PACIFIC PTE LTD,1.0
biomed,sg,2023,SMITH & NEPHEW ASIA PACIFIC PTE LTD,1.0
biomed,sg,2023,DYSON OPERATIONS PTE LTD,1.0
biomed,sg,2023,DYSON OPERATIONS PTE LTD,1.0
biomed,sg,2023,SIVANTOS PTE LTD,1.0
biomed,sg,2023,HUMMINGBIRD BIOSCIENCE PTE LTD,1.0
biomed,sg,2023,SMITH & NEPHEW ASIA PACIFIC PTE LTD,1.0
biomed,sg,2023,SMITH & NEPHEW ASIA PACIFIC PTE LTD,1.0
biomed,sg,2023,LEICA INSTR SINGAPORE PTE LTD,1.0
biomed,sg,2023,LEICA INSTR SINGAPORE PTE LTD,1.0
biomed,sg,2023,SMITH & NEPHEW ASIA PACIFIC PTE LTD,1.0
biomed,sg,2023,MEDEZE TREASURY PTD LTD,0.5
biomed,sg,2023,MEDEZE TREASURY PTE LTD,0.5
biomed,sg,2023,DH TECHNOLOGIES DEV PTE LTD,1.0
biomed,sg,2023,LEICA INSTR SINGAPORE PTE LTD,1.0
biomed,sg,2023,PANEXO BIOTECH SG PTE LTD,1.0
biomed,sg,2023,LEICA INSTR SINGAPORE PTE LTD,1.0
biomed,sg,2023,SMARTRX PTE LTD,1.0
biomed,sg,2023,MIRXES LAB PTE LTD,1.0
biomed,sg,2023,HYTTO PTE LTD,1.0
biomed,sg,2023,SMITH & NEPHEW ASIA PACIFIC PTE LTD,1.0
biomed,sg,2023,HYTTO PTE LTD,1.0
biomed,sg,2023,HUIDAGENE THERAPEUTICS SINGAPORE PTE LTD,1.0
biomed,sg,2023,DIPTECH PTE LTD,1.0
biomed,sg,2023,MEDIOS TECH PTE LTD,1.0
biomed,sg,2023,MEDISIX THERAPEUTICS INC,1.0
biomed,sg,2023,MEDISIX THERAPEUTICS INC,1.0
biomed,sg,2023,ADAGENE PTE LTD,1.0
biomed,sg,2023,DELIGHTEX PTE LTD,1.0
biomed,sg,2023,MOTIGENIX SINGAPORE PTE LTD,1.0
biomed,sg,2023,ZENO THERAPEUTICS PTE LTD,1.0
biomed,sg,2023,Xenolis Pte Ltd,1.0
biomed,sg,2023,SMITH & NEPHEW ASIA PACIFIC PTE LTD,1.0
biomed,sg,2023,SMITH & NEPHEW ASIA PACIFIC PTE LTD,1.0
biomed,sg,2023,HEMO BIOENGINEERING PTE LTD,1.0
biomed,sg,2023,HUIDAGENE THERAPEUTICS SINGAPORE PTE LTD,1.0
biomed,sg,2023,HUMMINGBIRD BIOSCIENCE PTE LTD,1.0
biomed,sg,2023,GENESIS MEDTECH INTERNATIONAL PRIVATE LTD,1.0
biomed,sg,2023,SMITH & NEPHEW ASIA PACIFIC PTE LTD,1.0
biomed,sg,2023,EVEREST MEDICINES SINGAPORE PTE LTD,1.0
biomed,sg,2023,SIIX AGT MEDTECH PTE LTD,1.0
biomed,sg,2023,EPIGENIC THERAPEUTICS PTE LTD,1.0
biomed,sg,2023,EPIGENIC THERAPEUTICS PTE LTD,1.0
biomed,sg,2023,GENESIS MEDTECH INTERNATIONAL PRIVATE LTD,1.0
biomed,sg,2023,FSC TECH PTE LTD,1.0
biomed,sg,2023,ROBOGENIX MEDICAL SINGAPORE PTE LTD,1.0
biomed,sg,2023,HUIDAGENE THERAPEUTICS SINGAPORE PTE LTD,1.0
biomed,sg,2023,MOTIGENIX SINGAPORE PTE LTD,1.0
biomed,sg,2023,SMITH & NEPHEW ASIA PACIFIC PTE LTD,1.0
biomed,sg,2023,SMITH & NEPHEW ASIA PACIFIC PTE LTD,1.0
biomed,sg,2023,HYTTO PTE LTD,1.0
biomed,sg,2023,HYTTO PTE LTD,1.0
biomed,sg,2023,SMITH & NEPHEW ASIA PACIFIC PTE LTD,1.0
biomed,sg,2023,HYTTO PTE LTD,1.0
biomed,sg,2023,LUCENCE LIFE SCIENCES PTE LTD,1.0
biomed,sg,2023,HYTTO PTE LTD,1.0
biomed,sg,2023,SIVANTOS PTE LTD,1.0
biomed,sg,2023,HYTTO PTE LTD,1.0
biomed,sg,2023,HYTTO PTE LTD,1.0
biomed,sg,2023,SIVANTOS PTE LTD,1.0
biomed,sg,2023,SIVANTOS PTE LTD,1.0
biomed,sg,2023,FMC AGRO SINGAPORE PTE LTD,1.0
biomed,sg,2023,BIOSIGNS PTE LTD,1.0
biomed,sg,2023,WILMAR INT LTD,1.0
biomed,sg,2023,HYTTO PTE LTD,1.0
biomed,sg,2023,HYTTO PTE LTD,1.0
biomed,sg,2023,HYTTO PTE LTD,1.0
biomed,sg,2023,MEDEZE TREASURY PTD LTD,0.5
biomed,sg,2023,MEDEZE TREASURY PTE LTD,0.5
biomed,sg,2023,SIVANTOS PTE LTD,1.0
biomed,sg,2023,LEICA INSTR SINGAPORE PTE LTD,1.0
biomed,sg,2023,MEIBAN INT PTE LTD,1.0
biomed,sg,2023,DELTA ELECTRONICS INT’L SINGAPORE PTE LTD,1.0
biomed,sg,2023,ESCO ASTER PTE LTD,1.0
biomed,sg,2023,SABIC SK NEXLENE COMPANY PTE LTD,1.0
biomed,sg,2023,BOXTHREE PTE LTD,1.0
biomed,sg,2023,LENOVO SINGAPORE PTE LTD,1.0
biomed,sg,2023,ECOSPEC NOVELTECH PTE LTD,1.0
fintech,hk,2015,HCT GROUP HOLDINGS LTD,1.0
fintech,hk,2015,POWA TECHNOLOGIES HONG KONG LTD,1.0
fintech,hk,2015,ASIA BASE TECH LIMITED,0.25
fintech,hk,2015,ASIABASE TECH LIMITED,0.25
fintech,hk,2015,ASIABASE TECH LTD,0.25
fintech,hk,2015,ASIABASE TECHNOLOGIES LTD,0.25
fintech,hk,2015,365 TECH HOLDING LIMITED,0.3333333333333333
fintech,hk,2015,365 TECH HOLDING LTD,0.3333333333333333
fintech,hk,2015,365 TECHNOLOGIES HOLDING LTD,0.3333333333333333
fintech,hk,2015,MAST IND (FAR EAST) LTD,1.0
fintech,hk,2015,KISSCO MARKETING SERVICES LTD,1.0
fintech,hk,2015,IPROPHET TECHNOLOGY LTD,1.0
fintech,hk,2015,WIFIRE OPEN NETWORK GROUP LTD,1.0
fintech,hk,2015,WIFIRE OPEN NETWORK GROUP LTD,1.0
fintech,hk,2015,WIFIRE OPEN NETWORK GROUP LTD,1.0
fintech,hk,2016,BOSANY ENV LTD,0.5
fintech,hk,2016,KINGWELCH LTD,0.5
fintech,hk,2016,FRESH IDEA GLOBAL LTD,1.0
fintech,hk,2016,GOLDBOX TECH LTD,1.0
fintech,hk,2016,INFO WISE LTD,1.0
fintech,hk,2016,PAPERFLY LTD,1.0
fintech,hk,2016,TOP VICTORY INVEST LTD,1.0
fintech,hk,2016,CAFE X TECH LTD,1.0
fintech,hk,2016,FUND ROOTS SOFTWARE CREATIVE LTD,1.0
fintech,hk,2016,CHI X ASIA PACIFIC HOLDINGS LTD,1.0
fintech,hk,2016,THUNDER POWER HONG KONG LTD,0.5
fintech,hk,2016,THUNDER POWER NEW ENERGY VEHICLE DEVELOPMENT CO LTD,0.5
fintech,hk,2016,UNIWAY TECH LTD,1.0
fintech,hk,2016,SIMSEC HONG KONG LTD,1.0
fintech,hk,2016,RSP INFORMATION SERVICE COMPANY LTD,1.0
fintech,hk,2016,BBPOS LTD,1.0
fintech,hk,2017,CLEVER MOTION TECH LIMITED,0.5
fintech,hk,2017,CLEVER MOTION TECH LTD,0.5
fintech,hk,2017,N K S F STAR LTD,0.3333333333333333
fintech,hk,2017,N K S F STAR LTD NKSF,0.3333333333333333
fintech,hk,2017,NKSF STAR LTD,0.3333333333333333
fintech,hk,2017,MARCH PROJECTION LTD,1.0
fintech,hk,2017,ISUNCLOUD LTD,1.0
fintech,hk,2017,BBPOS LTD,1.0
fintech,hk,2017,TIDETIME SUN LTD,1.0
fintech,hk,2017,NERDIO LTD,1.0
fintech,hk,2017,BRASS RING INTERNATIONAL DENSITY ENTERPRISE LTD,1.0
fintech,hk,2017,EPISODE SIX LTD,1.0
fintech,hk,2017,EPISODE SIX LTD,1.0
fintech,hk,2017,EPISODE SIX LTD,1.0
fintech,hk,2017,PRIVE SERVICES LTD,1.0
fintech,hk,2017,BLOCKPASS IDN LTD,1.0
fintech,hk,2017,TRANWALL HOLDINGS LTD C/O CHANG LEUNG HUI & LI CPA LTD,1.0
fintech,hk,2017,HAMPEN TECH CORPORATION LIMITED,1.0
fintech,hk,2018,SILVERLEAP TECH LIMITED,1.0
fintech,hk,2018,ESCAPEX LTD,1.0
fintech,hk,2018,MAIN CONTINENTAL TECH LIMITED,1.0
fintech,hk,2018,SWAP HOLDINGS LTD,1.0
fintech,hk,2018,TIDETIME SUN LTD,1.0
fintech,hk,2018,NIO NEXTEV LTD,1.0
fintech,hk,2018,RFID INNOVATION RES LIMITED,1.0
fintech,hk,2018,BBPOS LTD,1.0
fintech,hk,2018,SU CC CORPORATION LTD,1.0
fintech,hk,2018,ANTPOOL TECH LIMITED,1.0
fintech,hk,2019,ONEQR LTD,1.0
fintech,hk,2019,GALILEO PLATFORMS LTD,1.0
fintech,hk,2019,GRACE UNION TECH LIMITED,1.0
fintech,hk,2019,BLUE UMBRELLA LTD,1.0
fintech,hk,2019,VVOW COMPANY LTD,1.0
fintech,hk,2019,AENEAS TECH LIMITED,1.0
fintech,hk,2019,YUJET INTERNATIONAL LTD,1.0
fintech,hk,2019,BBPOS LTD,1.0
fintech,hk,2019,AENCO TECH LIMITED,1.0
fintech,hk,2019,MAKE GREAT SALES LTD,1.0
fintech,hk,2019,EVERSUS INTERNATIONAL LTD,1.0
fintech,hk,2019,WORLDMONEY BLOCKCHAIN FINANCIAL CO LTD,1.0
fintech,hk,2019,LEAPXPERT LTD,1.0
fintech,hk,2019,LONGVIEW FINANCIAL LTD,1.0
fintech,hk,2019,PENGELLY CO LTD,1.0
fintech,hk,2019,WORLD CONCEPT DEVELOPMENT LTD,1.0
fintech,hk,2019,SKALA FINTECH COMPANY LTD,1.0
fintech,hk,2019,BBPOS LTD,1.0
fintech,hk,2019,SMART BRAND LTD,1.0
fintech,hk,2019,VITRO TV HK LTD,1.0
fintech,hk,2019,MU GLOBAL HOLDING LTD,1.0
fintech,hk,2019,OPENST LTD,1.0
fintech,hk,2019,CPMASTERPIECE CO LTD,1.0
fintech,hk,2019,RING X CORPORATION LTD,1.0
fintech,hk,2020,MATCHINGPRO LTD,1.0
fintech,hk,2020,UP BLOCKCHAIN TECH LIMITED,1.0
fintech,hk,2020,DIGITAL TRANSACTION LTD,1.0
fintech,hk,2020,DAXCHAIN LTD,1.0
fintech,hk,2020,ANTPOOL TECH LIMITED,1.0
fintech,hk,2020,BLACK JACK TECH CO LIMITED,1.0
fintech,hk,2020,CHOW TAI FOOK JEWELLERY CO LTD,0.5
fintech,hk,2020,MEGASOFT LTD,0.5
fintech,hk,2020,AT&T Global Network Services Hong Kong LTD,1.0
fintech,hk,2020,SOLUTIO LTD,1.0
fintech,hk,2020,LUCAS GC LTD,1.0
fintech,hk,2020,LUCAS GC LTD,1.0
fintech,hk,2020,CONTRENDIAN LTD,1.0
fintech,hk,2021,QALQON LTD,1.0
fintech,hk,2021,ICALC HOLDINGS LTD,1.0
fintech,hk,2021,EBATTE HOLDINGS LTD,1.0
fintech,hk,2021,TFI DIGITAL MEDIA LTD,1.0
fintech,hk,2021,ROEKETBC LTD,1.0
fintech,hk,2021,TECTONIC TECH INNOVATION COMPANY LIMITED,1.0
fintech,hk,2021,ORCHESTRALL HEALTHCARE LTD,1.0
fintech,hk,2021,BBPOS LTD,1.0
fintech,hk,2021,AI BIOMATERIAL HEALTHTECH LTD,1.0
fintech,hk,2021,BBPOS LTD,1.0
fintech,hk,2021,GLOBAL TAX REFUND HOLDINGS COMPANY LTD,1.0
fintech,hk,2021,LUCAS GC LTD,1.0
fintech,hk,2021,MEDICONCEN LTD,1.0
fintech,hk,2021,IX ASIA LTD,1.0
fintech,hk,2021,ONANOFF LTD COMPANY,0.5
fintech,hk,2021,ONANOFF LTD COMPANY LTD,0.5
fintech,hk,2022,MAICAPITAL LTD,1.0
fintech,hk,2022,IFREE GROUP HK LTD,1.0
fintech,hk,2022,COVERGO LTD,1.0
fintech,hk,2022,HONG KONG INTELLECTUAL PROPERTY EXCHANGE LTD,1.0
fintech,hk,2022,BANDBERRY LTD,1.0
fintech,hk,2022,DOLA TECH LIMITED,1.0
fintech,hk,2022,FIFTH FORCE TECH LIMITED,1.0
fintech,hk,2022,ALPHA AI TECH LIMITED,1.0
fintech,hk,2022,FIFTH FORCE TECH LIMITED,1.0
fintech,hk,2022,HILLMING COMPANY LTD,1.0
fintech,hk,2023,SHOALTER AUTOMATION LTD,1.0
fintech,hk,2023,ONANOFF LIMITE COMPANY LTD,0.5
fintech,hk,2023,ONANOFF LTD COMPANY LTD,0.5
fintech,hk,2023,DEEP TRANSLATE LTD,1.0
fintech,hk,2023,DIGITAL TOOLS COMPANY LTD,1.0
fintech,sg,2015,ONEEMPOWER PTE LTD,1.0
fintech,sg,2015,PRIVITI PTE LTD,1.0
fintech,sg,2015,MASTERCARD ASIA PACIFIC PTE LTD,1.0
fintech,sg,2015,MASTERCARD ASIA PACIFIC PTE LTD,1.0
fintech,sg,2015,EINNOVATIONS HOLDINGS PTE LTD,1.0
fintech,sg,2015,EINNOVATIONS HOLDINGS PTE LTD,1.0
fintech,sg,2015,EINNOVATIONS HOLDINGS PTE LTD,1.0
fintech,sg,2015,EINNOVATIONS HOLDINGS PTE LTD,1.0
fintech,sg,2015,AON GLOBAL OPERATIONS LTD SINGAPORE BRANCH,0.5
fintech,sg,2015,AON GLOBAL OPERATIONS SE SINGAPORE BRANCH,0.5
fintech,sg,2015,CHIKKA PTE LTD,1.0
fintech,sg,2015,DRAGONFLY FINTECH PTE LTD,1.0
fintech,sg,2015,LENOVO SINGAPORE PTE LTD,1.0
fintech,sg,2015,MASTERCARD ASIA PACIFIC PTE LTD,1.0
fintech,sg,2015,TACTILIS PTE LTD,1.0
fintech,sg,2015,TACTILIS PTE LTD,1.0
fintech,sg,2015,MEDIUM ACCESS SYSTEMS PRIVATE LTD,1.0
fintech,sg,2015,MASTERCARD ASIA PACIFIC PTE LTD,1.0
fintech,sg,2015,MASTERCARD ASIA PACIFIC PTE LTD,1.0
fintech,sg,2015,MASTERCARD ASIA PACIFIC PTE LTD,1.0
fintech,sg,2015,VOXP PTE LTD,1.0
fintech,sg,2015,EINNOVATIONS HOLDINGS PTE LTD,1.0
fintech,sg,2015,TELECOM EQUIPMENT PTE LTD,1.0
fintech,sg,2015,AVAGO TECH INT SALES PTE LID,1.0
fintech,sg,2015,EINNOVATIONS HOLDINGS PTE LTD,1.0
fintech,sg,2015,NUMONI PTE LTD,1.0
fintech,sg,2015,MASTERCARD ASIA PACIFIC PTE LTD,1.0
fintech,sg,2015,MASTERCARD ASIA PACIFIC PTE LTD,1.0
fintech,sg,2015,MASTERCARD ASIA PACIFIC PTE LTD,1.0
fintech,sg,2015,SUN ELECTRIC PTE LTD,1.0
fintech,sg,2015,VERTICAL SOFTWARE ASIA PTE LTD,1.0
fintech,sg,2015,LINE BIZPLUS PTE LTD,1.0
fintech,sg,2015,MASTERCARD ASIA PACIFIC PTE LTD,1.0
fintech,sg,2015,MASTERCARD ASIA,0.5
fintech,sg,2015,MASTERCARD ASIA PACIFIC PTE LTD,0.5
fintech,sg,2015,MASTERCARD ASIA PACIFIC PTE LTD,1.0
fintech,sg,2015,MASTERCARD AISA/PACIFIC PTE LTD,0.5
fintech,sg,2015,MASTERCARD ASIA PACIFIC PTE LTD,0.5
fintech,sg,2015,MASTERCARD ASIA PACIFIC PTE LTD,1.0
fintech,sg,2015,AVAGO TECH INT SALES PTE LID,0.5
fintech,sg,2015,AVAGO TECHNOLOGIES GENERAL IP,0.5
fintech,sg,2015,MASTERCARD ASIA PACIFIC PTE LTD,1.0
fintech,sg,2015,MSC CONSULTING (S) PTE LTD,0.5
fintech,sg,2015,MSC CONSULTING S PTE LTD,0.5
fintech,sg,2015,AVENNETZ TECHNOLOGIES PTE LTD,1.0
fintech,sg,2015,MASTERCARD ASIA PACIFIC PTE LTD,1.0
fintech,sg,2015,EINNOVATIONS HOLDINGS PTE LTD,0.5
fintech,sg,2015,VOYAGER INNOVATIONS HOLDINGS PTE LTD,0.5
fintech,sg,2015,HANERA PTE LTD,1.0
fintech,sg,2015,VERTICAL SOFTWARE ASIA PTE LTD,1.0
fintech,sg,2015,LINE BIZPLUS PTE LTD,1.0
fintech,sg,2015,MASTERCARD ASIA PACIFIC PTE LTD,1.0
fintech,sg,2015,MASTERCARD ASIA PACIFIC PTE LTD,1.0
fintech,sg,2015,MASTERCARD ASIA PACIFIC PTE LTD,1.0
fintech,sg,2015,comGateway (S) Pte Ltd,1.0
fintech,sg,2015,MB TECH PARTNERS LTD,1.0
fintech,sg,2015,RAZER (ASIA-PACIFIC) PTE LTD,0.5
fintech,sg,2015,RAZER ASIA PACIFIC PTE LTD,0.5
fintech,sg,2015,MASTERCARD INTERNATIONAL INC,1.0
fintech,sg,2015,RAZER (ASIA-PACIFIC) PTE LTD,0.5
fintech,sg,2015,RAZER ASIA PACIFIC PTE LTD,0.5
fintech,sg,2015,VIGILANTECH PTE LTD,1.0
fintech,sg,2015,MASTERCARD ASIA PACIFIC PTE LTD,1.0
fintech,sg,2015,MASTERCARD ASIA PACIFIC PTE LTD,1.0
fintech,sg,2015,MASTERCARD ASIA PACIFIC PTE LTD,1.0
fintech,sg,2015,MASTERCARD ASIA PACIFIC PTE LTD,1.0
fintech,sg,2015,MASTERCARD ASIA PACIFIC PTE LTD,1.0
fintech,sg,2015,RED DOT PAYMENT PTE LTD,1.0
fintech,sg,2015,MASTERCARD ASIA PACIFIC PTE LTD,1.0
fintech,sg,2015,MASTERCARD ASIA PACIFIC PTE LTD,1.0
fintech,sg,2015,MASTERCARD ASIA PACIFIC PTE LTD,1.0
fintech,sg,2015,AVAGO TECH INT SALES PTE LID,0.5
fintech,sg,2015,AVAGO TECH INTERNATIONAL SALES PTE LIMITE,0.5
fintech,sg,2015,JING KING TECH HOLDINGS PTE LTD,1.0
fintech,sg,2015,EINNOVATIONS HOLDINGS PTE LTD,1.0
fintech,sg,2015,SIX CAPITAL PTE LTD,1.0
fintech,sg,2015,MASTERCARD ASIA PACIFIC PTE LTD,1.0
fintech,sg,2015,MASTERCARD ASIA PACIFIC PTE LTD,1.0
fintech,sg,2015,CALL LEVELS PTE LTD,1.0
fintech,sg,2015,MASTERCARD ASIA PACIFIC PTE LTD,1.0
fintech,sg,2015,MASTERCARD ASIA PACIFIC PTE LTD,1.0
fintech,sg,2015,EINNOVATIONS HOLDINGS PTE LTD,0.5
fintech,sg,2015,VOYAGER INNOVATIONS HOLDINGS PTE LTD,0.5
fintech,sg,2015,VOUCHER ACTIVATION IP SERVICES PTE LTD,1.0
fintech,sg,2015,MASTERCARD ASIA PACIFIC PTE LTD,1.0
fintech,sg,2015,LENOVO ENTPR SOLUTIONS SINGAPORE PTE LTD,1.0
fintech,sg,2015,MASTERCARD ASIA PACIFIC PTE LTD,1.0
fintech,sg,2015,MASTERCARD ASIA PACIFIC PTE LTD,1.0
fintech,sg,2015,MASTERCARD ASIA PACIFIC PTE LTD,1.0
fintech,sg,2015,SUN SINGAPORE SYSTEMS PTE LTD,1.0
fintech,sg,2015,MASTERCARD ASIA PACIFIC PTE LTD,1.0
fintech,sg,2015,MASTERCARD ASIA PACIFIC PTE LTD,1.0
fintech,sg,2015,MASTERCARD ASIA PACIFIC PTE LTD,1.0
fintech,sg,2015,MASTERCARD ASIA PACIFIC PTE LTD,1.0
fintech,sg,2015,MASTERCARD INTERNATIONAL INC,1.0
fintech,sg,2016,CREDIT SUISSE AG SINGAPORE BRANCH,1.0
fintech,sg,2016,AMPLE SUSTAINABLE BRANDS PTE LTD,1.0
fintech,sg,2016,JING KING TECH HOLDINGS PTE LTD,1.0
fintech,sg,2016,ALTERNATIVE CAPITAL SOLUTIONS PTE LTD,1.0
fintech,sg,2016,EINNOVATIONS HOLDINGS PTE LTD,1.0
fintech,sg,2016,MASTERCARD ASIA PACIFIC PTE LTD,1.0
fintech,sg,2016,MASTERCARD ASIA PACIFIC PTE LTD,1.0
fintech,sg,2016,UTIBA PTE LTD,1.0
fintech,sg,2016,EINNOVATIONS HOLDINGS PTE LTD,1.0
fintech,sg,2016,ZECO SYSTEMS PTD LTD,0.5
fintech,sg,2016,ZECO SYSTEMS PTE LTD,0.5
fintech,sg,2016,JING KING TECH HOLDINGS PTE LTD,1.0
fintech,sg,2016,MASTERCARD ASIA PACIFIC PTE LTD,1.0
fintech,sg,2016,TOUREGO GLOBAL PTE LTD,1.0
fintech,sg,2016,MB TECH PARTNERS LTD,1.0
fintech,sg,2016,LINE BIZPLUS PTE LTD,1.0
fintech,sg,2016,SINGAPORE TELECOMM LTD,0.5
fintech,sg,2016,SINGAPORE TELECOMMUNICATIONS LTD,0.5
fintech,sg,2016,MASTERCARD ASIA PACIFIC PTE LTD,1.0
fintech,sg,2016,MASTERCARD ASIA PACIFIC PTE LTD,1.0
fintech,sg,2016,MASTERCARD ASIA PACIFIC PTE LTD,1.0
fintech,sg,2016,MASTERCARD ASIA PACIFIC PTE LTD,1.0
fintech,sg,2016,MASTERCARD ASIA PACIFIC PTE LTD,1.0
fintech,sg,2016,MASTERCARD ASIA PACIFIC PTE LTD,1.0
fintech,sg,2016,MASTERCARD ASIA PACIFIC PTE LTD,1.0
fintech,sg,2016,MASTERCARD ASIA PACIFIC PTE LTD,1.0
fintech,sg,2016,MASTERCARD ASIA PACIFIC PTE LTD,1.0
fintech,sg,2016,JING KING TECH HOLDINGS PTE LTD,1.0
fintech,sg,2016,JING KING TECH HOLDINGS PTE LTD,1.0
fintech,sg,2016,VERENCY HOLDINGS LTD,0.5
fintech,sg,2016,VERRENCY HOLDINGS LTD,0.5
fintech,sg,2016,AON GLOBAL OPERATIONS LTD (SINGAPORE BRANCH) (REG T12FC0122F),1.0
fintech,sg,2016,VERENCY HOLDINGS LTD,0.5
fintech,sg,2016,VERRENCY HOLDINGS LTD,0.5
fintech,sg,2016,MASTERCARD ASIA PACIFIC PTE LTD,1.0
fintech,sg,2016,TSLC PTE LTD,1.0
fintech,sg,2016,MASTERCARD ASIA PACIFIC PTE LTD,1.0
fintech,sg,2016,MASTERCARD ASIA PACIFIC PTE LTD,1.0
fintech,sg,2016,ADVANCED NOVA TECH SINGAPORE HOLDING PTE LTD,0.5
fintech,sg,2016,APTUS BUSINESS LOGIC PTE LTD,0.5
fintech,sg,2016,MASTERCARD ASIA PACIFIC PTE LTD,1.0
fintech,sg,2016,MASTERCARD ASIA PACIFIC PTE LTD,1.0
fintech,sg,2016,MASTERCARD ASIA PACIFIC PTE LTD,1.0
fintech,sg,2016,MASTERCARD ASIA PACIFIC PTE LTD,1.0
fintech,sg,2016,MASTERCARD ASIA PACIFIC PTE LTD,1.0
fintech,sg,2016,MASTERCARD ASIA PACIFIC PTE LTD,1.0
fintech,sg,2016,MASTERCARD ASIA PACIFIC PTE LTD,1.0
fintech,sg,2016,MASTERCARD ASIA PACIFIC PTE LTD,1.0
fintech,sg,2016,LENOVO SINGAPORE PTE LTD,1.0
fintech,sg,2016,MASTERCARD ASIA PACIFIC PTE LTD,1.0
fintech,sg,2016,MASTERCARD ASIA PACIFIC PTE LTD,1.0
fintech,sg,2016,MASTERCARD ASIA PACIFIC PTE LTD,1.0
fintech,sg,2016,VERRENCY HOLDINGS LTD,1.0
fintech,sg,2016,VERRENCY HOLDINGS LTD,1.0
fintech,sg,2016,M-DAQ PTE LTD,1.0
fintech,sg,2016,RYNAN TECH PTE LTD,1.0
fintech,sg,2016,FOX GLACIER ASSET MAN LLC,1.0
fintech,sg,2016,FOX GLACIER ASSET MAN INC,1.0
fintech,sg,2016,EINNOVATIONS HOLDING PTE LTD,0.5
fintech,sg,2016,EINNOVATIONS HOLDINGS PTE LTD,0.5
fintech,sg,2016,AON GLOBAL OPERATIONS LTD SINGAPORE BRANCH,0.5
fintech,sg,2016,AON GLOBAL OPERATIONS SE SINGAPORE BRANCH,0.5
fintech,sg,2016,LINXENS SINGAPORE PTE LTD,1.0
fintech,sg,2016,LIQUID GROUP PTE LTD,1.0
fintech,sg,2016,UIB HOLDINGS PTE LTD,0.5
fintech,sg,2016,UIB HOLDINGS PTE LTE,0.5
fintech,sg,2016,MASTERCARD ASIA PACIFIC PTE LTD,1.0
fintech,sg,2016,MASTERCARD ASIA PACIFIC PTE LTD,1.0
fintech,sg,2016,MASTERCARD ASIA PACIFIC PTE LTD,1.0
fintech,sg,2016,MASTERCARD ASIA PACIFIC PTE LTD,1.0
fintech,sg,2016,MASTERCARD ASIA PACIFIC PTE LTD,1.0
fintech,sg,2016,MASTERCARD ASIA PACIFIC PTE LTD,1.0
fintech,sg,2016,MASTERCARD ASIA PACIFIC PTE LTD,1.0
fintech,sg,2016,MASTERCARD ASIA PACIFIC PTE LTD,1.0
fintech,sg,2017,VOXP PTE LTD,1.0
fintech,sg,2017,OSLABB PTE LTD,0.5
fintech,sg,2017,OSLABS PTE LTD,0.5
fintech,sg,2017,MASTERCARD ASIA PACIFIC PTE LTD,1.0
fintech,sg,2017,MASTERCARD ASIA PACIFIC PTE LTD,1.0
fintech,sg,2017,SINGAPORE TECH ELECTRONICS LIMITED,0.3333333333333333
fintech,sg,2017,ST ENG ELECTRONICS LTD,0.3333333333333333
fintech,sg,2017,ST ENG URBAN SOLUTIONS LTD,0.3333333333333333
fintech,sg,2017,AIMAZING PTE LTD,1.0
fintech,sg,2017,MASTERCARD ASIA PACIFIC PTE LTD,1.0
fintech,sg,2017,MASTERCARD ASIA PACIFIC PTE LTD,1.0
fintech,sg,2017,MASTERCARD ASIA PACIFIC PTE LTD,1.0
fintech,sg,2017,MASTERCARD ASIA PACIFIC PTE LTD,1.0
fintech,sg,2017,MASTERCARD ASIA PACIFIC PTE LTD,1.0
fintech,sg,2017,JEWEL PAYMENTECH PTE LTD,1.0
fintech,sg,2017,LOYALTY ADVANTAGE PTE LTD,1.0
fintech,sg,2017,MASTERCARD ASIA PACIFIC PTE LTD,1.0
fintech,sg,2017,Cyber Armor Pte Ltd,1.0
fintech,sg,2017,MANJALINK PTE LTD,1.0
fintech,sg,2017,MASTERCARD ASIA PACIFIC PTE LTD,1.0
fintech,sg,2017,MASTERCARD ASIA PACIFIC PTE LTD,1.0
fintech,sg,2017,MASTERCARD ASIA PACIFIC PTE LTD,1.0
fintech,sg,2017,MASTERCARD ASIA PACIFIC PTE LTD,1.0
fintech,sg,2017,MASTERCARD ASIA PACIFIC PTE LTD,1.0
fintech,sg,2017,MASTERCARD ASIA PACIFIC PTE LTD,1.0
fintech,sg,2017,MASTERCARD ASIA PACIFIC PTE LTD,1.0
fintech,sg,2017,VERRENCY HOLDINGS LTD,0.5
fintech,sg,2017,VERRENCY HOLDINGS PTE LTD,0.5
fintech,sg,2017,MASTERCARD ASIA PACIFIC PTE LTD,1.0
fintech,sg,2017,MASTERCARD ASIA PACIFIC PTE LTD,1.0
fintech,sg,2017,MASTERCARD ASIA PACIFIC PTE LTD,1.0
fintech,sg,2017,MASTERCARD ASIA PACIFIC PTE LTD,1.0
fintech,sg,2017,MASTERCARD ASIA PACIFIC PTE LTD,1.0
fintech,sg,2017,ZENSUNG PTE LTD,1.0
fintech,sg,2017,FASTACASH PTE LTD,1.0
fintech,sg,2017,AON GLOBAL OPERATIONS LTD (SINGAPORE BRANCH) (REG T12FC0122F),0.3333333333333333
fintech,sg,2017,AON GLOBAL OPERATIONS LTD SINGAPORE BRANCH,0.3333333333333333
fintech,sg,2017,AON GLOBAL OPERATIONS LTD SINGAPORE BRANCH REG T12FC0122F,0.3333333333333333
fintech,sg,2017,MASTERCARD ASIA PACIFIC PTE LTD,1.0
fintech,sg,2017,ONECONNECT FINANCIAL TECH SINGAPORE CO PTE LTD,1.0
fintech,sg,2017,MASTERCARD ASIA PACIFIC PTE LTD,1.0
fintech,sg,2017,MASTERCARD ASIA PACIFIC PTE LTD,1.0
fintech,sg,2017,MASTERCARD ASIA PACIFIC PTE LTD,1.0
fintech,sg,2017,MASTERCARD ASIA PACIFIC PTE LTD,1.0
fintech,sg,2017,MASTERCARD ASIA PACIFIC PTE LTD,1.0
fintech,sg,2017,MASTERCARD ASIA PACIFIC PTE LTD,1.0
fintech,sg,2017,MASTERCARD ASIA PACIFIC PTE LTD,1.0
fintech,sg,2017,CALL LEVELS PTE LTD,1.0
fintech,sg,2017,JOYME PTE LTD,1.0
fintech,sg,2017,LENOVO SINGAPORE PTE LTD,1.0
fintech,sg,2017,LENOVO SINGAPORE PTE LTD,1.0
fintech,sg,2017,AON GLOBAL OPERATIONS LTD SINGAPORE BRANCH,0.5
fintech,sg,2017,AON GLOBAL OPERATIONS PLC SINGAPORE BRANCH,0.5
fintech,sg,2017,FUNDNICE PTE LTD,1.0
fintech,sg,2017,MASTERCARD ASIA PACIFIC PTE LTD,1.0
fintech,sg,2017,SMARTCOMM ELECTRONICS PTE LTD,1.0
fintech,sg,2017,LENDDO PTE LTD,1.0
fintech,sg,2017,AON GLOBAL OPERATIONS LTD SINGAPORE BRANCH,1.0
fintech,sg,2017,VESL PTE LTD,1.0
fintech,sg,2017,AON GLOBAL OPERATIONS LTD SINGAPORE BRANCH,1.0
fintech,sg,2017,MASTERCARD ASIA PACIFIC PTE LTD,1.0
fintech,sg,2017,LENOVO SINGAPORE PTE LTD,1.0
fintech,sg,2017,MASTERCARD ASIA PACIFIC PTE LTD,1.0
fintech,sg,2017,DIGITAL ALPHA GROUP PTE LTD,1.0
fintech,sg,2017,1EXCHANGE PTE LTD,0.5
fintech,sg,2017,CAPBRIDGE CORNERSTONE PTE LTD,0.5
fintech,sg,2017,MASTERCARD ASIA PACIFIC PTE LTD,1.0
fintech,sg,2017,1CITADEL PTE LTD,0.5
fintech,sg,2017,ASCENT SOLUTIONS PTE LTD,0.5
fintech,sg,2017,BELLION CLOFE TECH PTE LTD,1.0
fintech,sg,2017,HUAWEI INT PTE LTD,1.0
fintech,sg,2018,TACTILIS PTE LTD,1.0
fintech,sg,2018,LENOVO SINGAPORE PTE LTD,1.0
fintech,sg,2018,ONECONNECT FINANCIAL TECH SINGAPORE CO PTE LTD,1.0
fintech,sg,2018,MEDIATEK SINGAPORE PTE LTD,1.0
fintech,sg,2018,JEWEL PAYMENTECH PTE LTD,1.0
fintech,sg,2018,MEDIATEK SINGAPORE PTE LTD,1.0
fintech,sg,2018,AON GLOBAL OPERATIONS LTD SINGAPORE BRANCH,1.0
fintech,sg,2018,MASTERCARD ASIA PACIFIC PTE LTD,1.0
fintech,sg,2018,FLEX LTD,1.0
fintech,sg,2018,FLEX LTD,1.0
fintech,sg,2018,FLEX LTD,1.0
fintech,sg,2018,FLEX LTD,1.0
fintech,sg,2018,MASTERCARD ASIA PACIFIC PTE LTD,1.0
fintech,sg,2018,ARECO INT PTE LTD,1.0
fintech,sg,2018,SMALL BATCH LEARNING PTE LTD,1.0
fintech,sg,2018,TOUREGO GLOBAL PTE LTD,1.0
fintech,sg,2018,QUANTUMCIEL PTE LTD,1.0
fintech,sg,2018,TRIDENT CORPORATE SERVICES SINGAPORE PTE LTD AS TRUSTEE FOR THE ONEPLACE UNIT TRUST,1.0
fintech,sg,2018,STANDARD CHARTERED BANK,1.0
fintech,sg,2018,SIXSCAPE COMMUNICATIONS PTE LTD,1.0
fintech,sg,2018,Enjin PTE LTD,1.0
fintech,sg,2018,SAFEWALLET PTE LTD,1.0
fintech,sg,2018,MARVELL ASIA PTE LTD,1.0
fintech,sg,2018,JOYME PTE LTD,1.0
fintech,sg,2018,ONECONNECT FINANCIAL TECH SINGAPORE CO PTE LTD,1.0
fintech,sg,2018,MASTERCARD ASIA PACIFIC PTE LTD,1.0
fintech,sg,2018,ONECONNECT FINANCIAL TECH SINGAPORE CO PTE LTD,1.0
fintech,sg,2018,GP NETWORK ASIA PTE LTD,1.0
fintech,sg,2018,GP NETWORK ASIA PTE LTD,1.0
fintech,sg,2018,AON GLOBAL OPERATIONS LTD SINGAPORE BRANCH,0.3333333333333333
fintech,sg,2018,AON GLOBAL OPERATIONS PLC SINGAPORE BRANCH,0.3333333333333333
fintech,sg,2018,AON GLOBAL OPERATIONS SE SINGAPORE BRANCH,0.3333333333333333
fintech,sg,2018,MASTERCARD LABS KENYA HOLDINGS PTE LTD,1.0
fintech,sg,2018,MASTERCARD ASIA PACIFIC PTE LTD,1.0
fintech,sg,2018,CLOUD NETWORK TECH SINGAPORE PTE LTD,1.0
fintech,sg,2018,CIRCL PTE LTD,1.0
fintech,sg,2018,NEC CORP,1.0
fintech,sg,2018,COOLPAY PTE LTD,1.0
fintech,sg,2018,LENOVO SINGAPORE PTE LTD,1.0
fintech,sg,2018,BITMAINTECH PTE LTD,1.0
fintech,sg,2018,BITMAINTECH PTE LTD,1.0
fintech,sg,2018,MACROGEN ASIA PACIFIC PTE LTD,1.0
fintech,sg,2018,MATRIX TECH PTE LTD,1.0
fintech,sg,2018,MATRIX TECH PTE LTD,1.0
fintech,sg,2018,MATRIX TECH PTE LTD,1.0
fintech,sg,2018,MATRIX TECH PTE LTD,1.0
fintech,sg,2018,MASTERCARD ASIA PACIFIC PTE LTD,1.0
fintech,sg,2018,MASTERCARD ASIA PACIFIC PTE LTD,1.0
fintech,sg,2018,MASTERCARD ASIA PACIFIC PTE LTD,1.0
fintech,sg,2018,CYBAVO PTE LTD,1.0
fintech,sg,2018,AIOZ PTE LTD,1.0
fintech,sg,2018,MASTERCARD ASIA PACIFIC PTE LTD,1.0
fintech,sg,2018,UTU PTE LTD,1.0
fintech,sg,2018,AXINAN PTE LTD,1.0
fintech,sg,2018,MASTERCARD ASIA PACIFIC PTE LTD,1.0
fintech,sg,2018,MATRIX TECH PTE LTD,1.0
fintech,sg,2018,GRABTAXI HOLDINGS PTE LTD,1.0
fintech,sg,2019,AON GLOBAL OPERATIONS LTD SINGAPORE BRANCH,1.0
fintech,sg,2019,CACHE PRIVATE LTD,0.5
fintech,sg,2019,LITTLE BIT PTE LTD,0.5
fintech,sg,2019,ONECONNECT FINANCIAL TECH SINGAPORE CO PTE LTD,1.0
fintech,sg,2019,ZingMobile Pte Ltd,1.0
fintech,sg,2019,TRAX TECHNOLOGY SOLUTIONS PTE LTD,0.5
fintech,sg,2019,TRAX TECHNOLOLGY SOLUTIONS PTE LTD,0.5
fintech,sg,2019,TRAX TECHNOLOGY SOLUTIONS PTE LTD,1.0
fintech,sg,2019,NCODE CONSULTANT PTE LTD,1.0
fintech,sg,2019,MASTERCARD ASIA PACIFIC PTE LTD,1.0
fintech,sg,2019,ZingMobile Pte Ltd,1.0
fintech,sg,2019,V3 SMART TECH PTE LTD,1.0
fintech,sg,2019,PAYWATCH GLOBAL PTE LTD,1.0
fintech,sg,2019,HUAWEI INT PTE LTD,1.0
fintech,sg,2019,MASTERCARD ASIA PACIFIC PTE LTD,1.0
fintech,sg,2019,MASTERCARD ASIA PACIFIC PTE LTD,1.0
fintech,sg,2019,RUBLIX DEV PTE LTD,1.0
fintech,sg,2019,ALPHACON NETWORK FOUND LTD,1.0
fintech,sg,2019,GENEJUNCTION PTE LTD,1.0
fintech,sg,2019,VECHAIN FOUNDATION LTD,1.0
fintech,sg,2019,AON GLOBAL OPERATIONS LTD SINGAPORE BRANCH,0.3333333333333333
fintech,sg,2019,AON GLOBAL OPERATIONS PLC SINGAPORE BRANCH,0.3333333333333333
fintech,sg,2019,AON GLOBAL OPERATIONS SE SINGAPORE BRANCH,0.3333333333333333
fintech,sg,2019,ADVANIDE HOLDINGS PTE LTD,1.0
fintech,sg,2019,TSLC PTE LTD,1.0
fintech,sg,2019,INZSURE PTE LTD,1.0
fintech,sg,2019,AON GLOBAL OPERATIONS LTD SINGAPORE BRANCH,0.3333333333333333
fintech,sg,2019,AON GLOBAL OPERATIONS PLC SINGAPORE BRANCH,0.3333333333333333
fintech,sg,2019,AON GLOBAL OPERATIONS SE SINGAPORE BRANCH,0.3333333333333333
fintech,sg,2019,ROSS DIGITAL PTD LTD,0.5
fintech,sg,2019,ROSS DIGITAL PTE LTD,0.5
fintech,sg,2019,MASTERCARD ASIA PACIFIC PTE LTD,1.0
fintech,sg,2019,OPTIONNALYTICS PTE LTD,1.0
fintech,sg,2019,EUREKA ANALYTICS PTE LTD,1.0
fintech,sg,2019,SINGAPORE AIRLINES LTD,1.0
fintech,sg,2019,ICO PLATFORM PTE LTD,1.0
fintech,sg,2019,WEALTHTREESG PRIVATE LTD,1.0
fintech,sg,2019,BITMAINTECH PTE LTD,1.0
fintech,sg,2019,MARVELL ASIA PTE LTD,1.0
fintech,sg,2019,GMO GLOBALSIGN PTE LTD,1.0
fintech,sg,2019,GENESISPRO PTE LTD,1.0
fintech,sg,2019,AON GLOBAL OPERATIONS LTD SINGAPORE BRANCH,0.5
fintech,sg,2019,AON GLOBAL OPERATIONS SE SINGAPORE BRANCH,0.5
fintech,sg,2019,CYBAVO PTE LTD,1.0
fintech,sg,2019,UMITRON PTE LTD,1.0
fintech,sg,2019,BITCLAVE PTE LTD,1.0
fintech,sg,2019,BITCLAVE PTE LTD,1.0
fintech,sg,2019,UST GLOBAL SINGAPORE PTE LTD,1.0
fintech,sg,2019,MBP INSIGHTS INC,1.0
fintech,sg,2019,MASTERCARD ASIA PACIFIC PTE LTD,1.0
fintech,sg,2019,WEALTHTREESG PRIVATE LTD,1.0
fintech,sg,2019,SYNOPTION PTE LTD,1.0
fintech,sg,2019,MASTERCARD LABS KENYA HOLDINGS PTE LTD,1.0
fintech,sg,2019,MASTERCARD ASIA PACIFIC PTE LTD,1.0
fintech,sg,2019,SLEDGER FOUND PTE LTD,1.0
fintech,sg,2019,MARVELL ASIA PTE LTD,1.0
fintech,sg,2019,ETHERSECURITY PACIFIC HOLDINGS PTE LTD,1.0
fintech,sg,2019,MAD TECH FOUNDATION LTD,1.0
fintech,sg,2019,FRESHTOHOME PTE LTD,1.0
fintech,sg,2019,MASTERCARD ASIA PACIFIC PTE LTD,1.0
fintech,sg,2019,LENOVO ENTPR SOLUTIONS SINGAPORE PTE LTD,1.0
fintech,sg,2019,AMARIS AI PTE LTD,1.0
fintech,sg,2019,BIGO TECH PTE LTD,1.0
fintech,sg,2019,UPPSALA PTE LTD,1.0
fintech,sg,2019,STANDARD CHARTERED BANK SINGAPORE LTD,1.0
fintech,sg,2019,MASTERCARD ASIA PACIFIC PTE LTD,1.0
fintech,sg,2019,VOXP PTE LTD,1.0
fintech,sg,2019,MASTERCARD ASIA PACIFIC PTE LTD,1.0
fintech,sg,2019,MASTERCARD ASIA PACIFIC PTE LTD,1.0
fintech,sg,2019,AMC FUTURE TECH PTE LTD,0.5
fintech,sg,2019,AXP Solutions Pte Ltd,0.5
fintech,sg,2019,DINO TECH PTE LTD,1.0
fintech,sg,2020,LONDOBELL LABS PTE LTD,1.0
fintech,sg,2020,AON GLOBAL OPERATIONS LTD SINGAPORE BRANCH,0.25
fintech,sg,2020,AON GLOBAL OPERATIONS PLC SINGAPORE BRANCH,0.25
fintech,sg,2020,AON GLOBAL OPERATIONS SE SINGAPORE BRANCH,0.25
fintech,sg,2020,Aon Global Operations Ltd (Singapore Branch),0.25
fintech,sg,2020,TRAX TECH SOLUTIONS PIE LTD,0.3333333333333333
fintech,sg,2020,TRAX TECHNOLIGY SOLUTION PTE LTD,0.3333333333333333
fintech,sg,2020,TRAX TECHNOLOGY SOLUTIONS PTE LTD,0.3333333333333333
fintech,sg,2020,AMARISAI PTE LTD,1.0
fintech,sg,2020,GO PLUS HOLDINGS PTE LTD,1.0
fintech,sg,2020,BILLI TECH PTE LTD,1.0
fintech,sg,2020,GROUP IB GLOBAL PRIVATE LTD,0.5
fintech,sg,2020,GRUPP AJ BI GLOBAL PRAJVET LTD,0.5
fintech,sg,2020,CXA GROUP PTE LTD,1.0
fintech,sg,2020,STANDARD CHARTERED BANK SINGAPORE LTD,1.0
fintech,sg,2020,SYNOPTION PTE LTD,1.0
fintech,sg,2020,MASTERCARD ASIA PACIFIC PTE LTD,1.0
fintech,sg,2020,DOXA HOLDINGS INT PTE LTD,1.0
fintech,sg,2020,GRABTAXI HOLDINGS PTE LTD,1.0
fintech,sg,2020,STANDARD CHARTERED BANK SINGAPORE LTD,1.0
fintech,sg,2020,GRABTAXI HOLDINGS PTE LTD,1.0
fintech,sg,2020,MIGHTY JAXX INT PTE LTD,1.0
fintech,sg,2020,MBP INSIGHTS INC,1.0
fintech,sg,2020,ALPHA DIRECT INSURTECH PTE LTD,1.0
fintech,sg,2020,SOCASH PTE LTD,1.0
fintech,sg,2020,SOCASH PTE LTD,1.0
fintech,sg,2020,MASTERCARD ASIA,0.5
fintech,sg,2020,MASTERCARD ASIA PACIFIC PTE LTD,0.5
fintech,sg,2020,LENOVO SINGAPORE PTE LTD,1.0
fintech,sg,2020,SLIP PAY TECH PTE LTD,1.0
fintech,sg,2020,GRABTAXI HOLDINGS PTE LTD,1.0
fintech,sg,2020,MASTERCARD ASIA PACIFIC PTE LTD,1.0
fintech,sg,2020,MASTERCARD ASIA,0.5
fintech,sg,2020,MASTERCARD ASIA PACIFIC PTE LTD,0.5
fintech,sg,2020,MASTERCARD ASIA,0.5
fintech,sg,2020,MASTERCARD ASIA PACIFIC PTE LTD,0.5
fintech,sg,2020,YONG HAI TECH PTE LTD,1.0
fintech,sg,2020,HALF EPSILON PTE LTD,1.0
fintech,sg,2020,AON GLOBAL OPERATIONS PLC SINGAPORE BRANCH,1.0
fintech,sg,2020,AON GLOBAL OPERATIONS SE SINGAPORE BRANCH,1.0
fintech,sg,2020,MBP INSIGHTS INC,1.0
fintech,sg,2020,MBP INSIGHTS INC,1.0
fintech,sg,2020,HDR SG PTE LTD,1.0
fintech,sg,2020,AFFLE INT PTE LTD,1.0
fintech,sg,2020,WHALESAVE PTE LTD,1.0
fintech,sg,2020,BITMAINTECH PTE LTD,0.5
fintech,sg,2020,STRAITDEER PTE LTD,0.5
fintech,sg,2020,AMC FUTURE TECH PTE LTD,1.0
fintech,sg,2020,DIGITAL ENTERTAINMENT ASSET PTE LTD,1.0
fintech,sg,2021,GATE INFORMATION PTE LTD,1.0
fintech,sg,2021,PARALLELCHAIN LAB PRIVATE LTD,1.0
fintech,sg,2021,ORAICHAIN PTE LTD,1.0
fintech,sg,2021,THE HONGKONG AND SHANGHAI BANKING CORPORATION LTD,1.0
fintech,sg,2021,SINGAPORE TELECOMMUNICATIONS LTD,1.0
fintech,sg,2021,SOCASH PTE LTD,1.0
fintech,sg,2021,LENOVO SINGAPORE PTE LTD,1.0
fintech,sg,2021,LENOVO ENTPR SOLUTIONS SINGAPORE PTE LTD,1.0
fintech,sg,2021,ISKY RES PTE LTD,1.0
fintech,sg,2021,FORIS TECH PTE LTD,1.0
fintech,sg,2021,SENSETIME INT PTE LTD,1.0
fintech,sg,2021,HDR SG PTE LTD,1.0
fintech,sg,2021,MASTERCARD ASIA PACIFIC PTE LTD,1.0
fintech,sg,2021,MASTERCARD ASIA PACIFIC PTE LTD,1.0
fintech,sg,2021,ECOMMERCE ENABLERS PTE LTD,1.0
fintech,sg,2021,PROVIDEND LTD,1.0
fintech,sg,2021,CONFIRMU PTE LTD,1.0
fintech,sg,2021,MASTERCARD ASIA,0.5
fintech,sg,2021,MASTERCARD ASIA PACIFIC PTE LTD,0.5
fintech,sg,2021,GivePlease Pte Ltd,1.0
fintech,sg,2021,AMC FUTURE TECH PTE LTD,1.0
fintech,sg,2021,LENOVO SINGAPORE PTE LTD,1.0
fintech,sg,2021,JAVIS Holdings Pte Ltd,1.0
fintech,sg,2021,MBP INSIGHTS INC,1.0
fintech,sg,2021,LYVES HATCHER PTE LTD,1.0
fintech,sg,2021,LYTE VENTURES PTE LTD,1.0
fintech,sg,2021,MEDLYVES PTE LTD,1.0
fintech,sg,2021,METAVERSE GREEN EXCHANGE PTE LTD,0.5
fintech,sg,2021,MVGX TECH PTE LTD,0.5
fintech,sg,2021,OPEN4SALE INT PTE LTD,1.0
fintech,sg,2021,MASTERCARD ASIA PACIFIC PTE LTD,1.0
fintech,sg,2021,EDDE PTE LTD,1.0
fintech,sg,2021,LENOVO SINGAPORE PTE LTD,1.0
fintech,sg,2021,TRAX TECHNOLOGY SOLUTIONS PTE LTD,1.0
fintech,sg,2021,BLACKPANDA PTE LTD,1.0
fintech,sg,2021,PARTIOR PTE LTD,1.0
fintech,sg,2021,HYTTO PTE LTD,1.0
fintech,sg,2022,LENOVO SINGAPORE LTD,0.5
fintech,sg,2022,LENOVO SINGAPORE PTE LTD,0.5
fintech,sg,2022,BIT TRAP PTE LTD,1.0
fintech,sg,2022,GRABTAXI HOLDINGS PTE LTD,1.0
fintech,sg,2022,LENOVO SINGAPORE PTE LTD,1.0
fintech,sg,2022,RIDY PTE LTD,1.0
fintech,sg,2022,TRAX TECHNOLOGY SOLUTIONS PTE LTD,1.0
fintech,sg,2022,LENOVO SINGAPORE PTE LTD,1.0
fintech,sg,2022,UNITED CREST HEALTHCARE PTE LTD COMPANY,1.0
fintech,sg,2022,MASTERCARD ASIA PACIFIC PTE LTD,1.0
fintech,sg,2022,MASTERCARD ASIA PACIFIC PTE LTD,1.0
fintech,sg,2022,DYNASTY ESPORTS PTE LTD,1.0
fintech,sg,2022,GP NETWORK ASIA PTE LTD,1.0
fintech,sg,2022,GP NETWORK ASIA PTE LTD,1.0
fintech,sg,2022,GP NETWORK ASIA PTE LTD,1.0
fintech,sg,2022,GP NETWORK ASIA PTE LTD,1.0
fintech,sg,2022,GP NETWORK ASIA PTE LTD,1.0
fintech,sg,2022,KANZBITAQA PTE LTD,1.0
fintech,sg,2022,M LEAGUE LTD,0.5
fintech,sg,2022,M LEAGUE PTE LTD,0.5
fintech,sg,2022,RAKUTEN SYMPHONY SINGAPORE PTE LTD,1.0
fintech,sg,2022,RAKUTEN SYMPHONY SINGAPORE PTE LTD,1.0
fintech,sg,2022,RAKUTEN SYMPHONY SINGAPORE PTE LTD,1.0
fintech,sg,2022,RAKUTEN SYMPHONY SINGAPORE PTE LTD,1.0
fintech,sg,2022,RAKUTEN SYMPHONY SINGAPORE PTE LTD,1.0
fintech,sg,2022,HYTTO PTE LTD,1.0
fintech,sg,2022,VALDIMIR PTE LTD,1.0
fintech,sg,2022,DBS BANK LTD,1.0
fintech,sg,2022,RAKUTEN SYMPHONY SINGAPORE PTE LTD,1.0
fintech,sg,2022,AIO TECH RESERVE PTE LTD,1.0
fintech,sg,2022,RAKUTEN SYMPHONY SINGAPORE PTE LTD,1.0
fintech,sg,2022,RAKUTEN SYMPHONY SINGAPORE PTE LTD,1.0
fintech,sg,2022,ENVISION DIGITAL INT PTE LTD,1.0
fintech,sg,2022,ENVISION DIGITAL INT PTE LTD,1.0
fintech,sg,2022,ENVISION DIGITAL INT PTE LTD,1.0
fintech,sg,2022,KAEO TECH PTE LTD,1.0
fintech,sg,2022,GP NETWORK ASIA PTE LTD,1.0
fintech,sg,2022,MASTERCARD ASIA PACIFIC PTE LTD,1.0
fintech,sg,2022,GRABTAXI HOLDINGS PTE LTD,1.0
fintech,sg,2022,PI XCELS PTE LTD,1.0
fintech,sg,2022,HYTTO PTE LTD,1.0
fintech,sg,2022,MASTERCARD ASIA PACIFIC PTE LTD,1.0
fintech,sg,2022,LENOVO SINGAPORE PTE LTD,1.0
fintech,sg,2022,MVGX TECH PTE LTD,1.0
fintech,sg,2022,RAKUTEN SYMPHONY SINGAPORE PTE LTD,1.0
fintech,sg,2022,RAKUTEN SYMPHONY SINGAPORE PTE LTD,1.0
fintech,sg,2022,BIGO TECH PTE LTD,1.0
fintech,sg,2022,DBS BANK LTD,1.0
fintech,sg,2022,PARTIOR PTE LTD,1.0
fintech,sg,2022,MASTERCARD ASIA PACIFIC PTE LTD,1.0
fintech,sg,2022,GRABTAXI HOLDINGS PTE LTD,1.0
fintech,sg,2022,GRABTAXI HOLDINGS PTE LTD,1.0
fintech,sg,2022,MASTERCARD ASIA PACIFIC PTE LTD,1.0
fintech,sg,2022,VISAK FINANCIAL TECH PTE LTD,1.0
fintech,sg,2022,GP NETWORK ASIA PTE LTD,1.0
fintech,sg,2022,GP NETWORK ASIA PTE LTD,0.5
fintech,sg,2022,GSHIELD ASIA PTE LTD,0.5
fintech,sg,2022,GP NETWORK ASIA PTE LTD,1.0
fintech,sg,2022,GSHIELD ASIA PTE LTD,1.0
fintech,sg,2022,WINDY HILL PTE LTD,1.0
fintech,sg,2022,SUPERSYMMETRY PTE LTD,1.0
fintech,sg,2022,RAKUTEN SYMPHONY SINGAPORE PTE LTD,1.0
fintech,sg,2022,RAKUTEN SYMPHONY SINGAPORE PTE LTD,1.0
fintech,sg,2022,TENPAY GLOBAL PTE LTD,1.0
fintech,sg,2023,STF LABS PTE LTD,1.0
fintech,sg,2023,PI XCELS PTE LTD,1.0
fintech,sg,2023,GreenArc Capital,1.0
fintech,sg,2023,ORIENT G PTE LTD,1.0
fintech,sg,2023,SPACEBRAINZ PRIVATE LTD,1.0
fintech,sg,2023,TENPAY GLOBAL PTE LTD,1.0
fintech,sg,2023,ALPACA RES PTE LTD,1.0
fintech,sg,2023,MASTERCARD ASIA PACIFIC PTE LTD,1.0
fintech,sg,2023,CLIMATE RESOURCES EXCHANGE INT PTE LTD,1.0
fintech,sg,2023,SUN MOBILITY PTE LTD,1.0
fintech,sg,2023,LEMON INC,1.0
fintech,sg,2023,GRABTAXI HOLDINGS PTE LTD,1.0
fintech,sg,2023,MASTERCARD ASIA PACIFIC PTE LTD,1.0
fintech,sg,2023,GP NETWORK ASIA PTE LTD,1.0
fintech,sg,2023,GP NETWORK ASIA PTE LTD,1.0
fintech,sg,2023,DBS BANK LTD,1.0
fintech,sg,2023,MASTERCARD ASIA PACIFIC PTE LTD,1.0
fintech,sg,2023,DOOOGA TEC PTE LTD,1.0
fintech,sg,2023,RAKUTEN ASIA PTE LTD,1.0
fintech,sg,2023,ISKY RES PTE LTD,1.0
fintech,sg,2023,HYTTO PTE LTD,1.0
fintech,sg,2023,MASTERCARD ASIA,0.5
fintech,sg,2023,MASTERCARD ASIA PACIFIC PTE LTD,0.5
fintech,sg,2023,M LEAGUE PTE LTD,1.0
fintech,sg,2023,GRABTAXI HOLDINGS PTE LTD,1.0
fintech,sg,2023,MARVELL ASIA PTE LTD,1.0
fintech,sg,2023,MASTERCARD ASIA PACIFIC PTE LTD,1.0
fintech,sg,2023,DESIWE TECH PTE LTD,1.0
fintech,sg,2023,LENOVO SINGAPORE PTE LTD,1.0
fintech,sg,2023,MASTERCARD ASIA PACIFIC PTE LTD,1.0
fintech,sg,2023,MARVELL ASIA PTE LTD,1.0
fintech,sg,2023,LENOVO ENTPR SOLUTIONS SINGAPORE PTE LTD,1.0
fintech,sg,2023,GMO GLOBALSIGN PTE LTD,1.0
fintech,sg,2023,SMARTRX PTE LTD,1.0
fintech,sg,2023,HYTTO PTE LTD,1.0
fintech,sg,2023,MARVELL ASIA PTE LTD,1.0
fintech,sg,2023,TENPAY GLOBAL PTE LTD,1.0
fintech,sg,2023,INCOME INSURANCE LTD,1.0
